timestamp,hour_of_day,ambient_temp_c,module_temp_c,solar_irradiance_w_m2,cloud_cover_pct,energy_yield_kwh
2023-01-01 00:00:00,0,10.2,10.2,0.0,0.0,0.0
2023-01-01 01:00:00,1,9.7,9.7,0.0,0.0,0.0
2023-01-01 02:00:00,2,8.9,8.9,0.0,0.0,0.0
2023-01-01 03:00:00,3,8.5,8.5,0.0,0.0,0.0
2023-01-01 04:00:00,4,8.1,8.1,0.0,0.0,0.0
2023-01-01 05:00:00,5,8.0,8.0,0.0,0.0,0.0
2023-01-01 06:00:00,6,7.9,7.9,0.0,0.0,0.0
2023-01-01 07:00:00,7,7.6,7.63125,1.0,0.0,0.0027625
2023-01-01 08:00:00,8,10.1,12.725,84.0,0.0,0.23205000000000003
2023-01-01 09:00:00,9,13.4,21.61875,263.0,0.0,0.7265375000000001
2023-01-01 10:00:00,10,15.6,29.225,436.0,0.0,1.184094795
2023-01-01 11:00:00,11,17.2,34.85625,565.0,0.0,1.4992774671874995
2023-01-01 12:00:00,12,18.4,38.2125,634.0,0.0,1.65886218875
2023-01-01 13:00:00,13,19.2,39.04375,635.0,0.0,1.6556460171875003
2023-01-01 14:00:00,14,19.6,37.2875,566.0,0.0,1.4867252887499998
2023-01-01 15:00:00,15,19.6,33.225,436.0,0.0,1.1648235949999999
2023-01-01 16:00:00,16,19.1,27.31875,263.0,0.0,0.7197988646875001
2023-01-01 17:00:00,17,17.3,19.925,84.0,0.0,0.23205000000000003
2023-01-01 18:00:00,18,14.8,14.83125,1.0,0.0,0.0027625
2023-01-01 19:00:00,19,12.9,12.9,0.0,0.0,0.0
2023-01-01 20:00:00,20,13.4,13.4,0.0,0.0,0.0
2023-01-01 21:00:00,21,11.8,11.8,0.0,0.0,0.0
2023-01-01 22:00:00,22,10.1,10.1,0.0,0.0,0.0
2023-01-01 23:00:00,23,9.0,9.0,0.0,0.0,0.0
2023-01-02 00:00:00,0,8.8,8.8,0.0,0.0,0.0
2023-01-02 01:00:00,1,8.1,8.1,0.0,0.0,0.0
2023-01-02 02:00:00,2,8.1,8.1,0.0,0.0,0.0
2023-01-02 03:00:00,3,7.7,7.7,0.0,0.0,0.0
2023-01-02 04:00:00,4,7.5,7.5,0.0,0.0,0.0
2023-01-02 05:00:00,5,7.2,7.2,0.0,0.0,0.0
2023-01-02 06:00:00,6,7.3,7.3,0.0,15.0,0.0
2023-01-02 07:00:00,7,7.2,7.23125,1.0,7.0,0.004190500000000001
2023-01-02 08:00:00,8,9.8,12.3625,82.0,0.0,0.34850000000000003
2023-01-02 09:00:00,9,12.8,20.83125,257.0,0.0,1.0922500000000002
2023-01-02 10:00:00,10,15.0,28.375,428.0,0.0,1.7944435
2023-01-02 11:00:00,11,16.6,33.975,556.0,0.0,2.2781683
2023-01-02 12:00:00,12,17.8,37.3,624.0,0.0,2.5215216000000003
2023-01-02 13:00:00,13,18.6,38.1,624.0,0.0,2.5130352
2023-01-02 14:00:00,14,18.9,36.275,556.0,0.0,2.2564287
2023-01-02 15:00:00,15,18.8,32.20625,429.0,0.0,1.77069481875
2023-01-02 16:00:00,16,18.2,26.29375,259.0,0.0,1.09505361875
2023-01-02 17:00:00,17,15.7,18.325,84.0,0.0,0.35700000000000004
2023-01-02 18:00:00,18,13.9,13.93125,1.0,0.0,0.00425
2023-01-02 19:00:00,19,12.9,12.9,0.0,0.0,0.0
2023-01-02 20:00:00,20,11.7,11.7,0.0,0.0,0.0
2023-01-02 21:00:00,21,10.9,10.9,0.0,0.0,0.0
2023-01-02 22:00:00,22,10.0,10.0,0.0,0.0,0.0
2023-01-02 23:00:00,23,9.2,9.2,0.0,24.0,0.0
2023-01-03 00:00:00,0,8.7,8.7,0.0,3.0,0.0
2023-01-03 01:00:00,1,8.4,8.4,0.0,17.0,0.0
2023-01-03 02:00:00,2,8.1,8.1,0.0,0.0,0.0
2023-01-03 03:00:00,3,8.0,8.0,0.0,0.0,0.0
2023-01-03 04:00:00,4,7.7,7.7,0.0,0.0,0.0
2023-01-03 05:00:00,5,7.2,7.2,0.0,0.0,0.0
2023-01-03 06:00:00,6,7.2,7.2,0.0,0.0,0.0
2023-01-03 07:00:00,7,7.0,7.03125,1.0,16.0,0.0041140000000000005
2023-01-03 08:00:00,8,9.5,12.03125,81.0,81.0,0.2884815
2023-01-03 09:00:00,9,12.2,19.95,248.0,0.0,1.054
2023-01-03 10:00:00,10,14.6,27.9125,426.0,0.0,1.7894076749999996
2023-01-03 11:00:00,11,16.4,33.775,556.0,0.0,2.2800587
2023-01-03 12:00:00,12,17.6,37.19375,627.0,0.0,2.5347768187499997
2023-01-03 13:00:00,13,18.6,38.25625,629.0,0.0,2.53150091875
2023-01-03 14:00:00,14,19.1,36.69375,563.0,0.0,2.2808291187499994
2023-01-03 15:00:00,15,19.2,32.825,436.0,0.0,1.7950011
2023-01-03 16:00:00,16,18.7,26.98125,265.0,0.0,1.1173244687500001
2023-01-03 17:00:00,17,14.4,17.11875,87.0,0.0,0.36974999999999997
2023-01-03 18:00:00,18,12.4,12.4625,2.0,0.0,0.0085
2023-01-03 19:00:00,19,11.9,11.9,0.0,0.0,0.0
2023-01-03 20:00:00,20,11.0,11.0,0.0,0.0,0.0
2023-01-03 21:00:00,21,10.1,10.1,0.0,0.0,0.0
2023-01-03 22:00:00,22,9.3,9.3,0.0,0.0,0.0
2023-01-03 23:00:00,23,8.8,8.8,0.0,0.0,0.0
2023-01-04 00:00:00,0,8.1,8.1,0.0,0.0,0.0
2023-01-04 01:00:00,1,7.2,7.2,0.0,0.0,0.0
2023-01-04 02:00:00,2,6.7,6.7,0.0,0.0,0.0
2023-01-04 03:00:00,3,6.5,6.5,0.0,0.0,0.0
2023-01-04 04:00:00,4,6.3,6.3,0.0,0.0,0.0
2023-01-04 05:00:00,5,5.3,5.3,0.0,0.0,0.0
2023-01-04 06:00:00,6,5.2,5.2,0.0,0.0,0.0
2023-01-04 07:00:00,7,5.3,5.33125,1.0,0.0,0.00425
2023-01-04 08:00:00,8,7.7,10.3875,86.0,0.0,0.36549999999999994
2023-01-04 09:00:00,9,10.9,19.30625,269.0,0.0,1.14325
2023-01-04 10:00:00,10,13.6,27.6,448.0,0.0,1.8841984000000003
2023-01-04 11:00:00,11,15.6,33.7875,582.0,0.0,2.3865564749999995
2023-01-04 12:00:00,12,16.9,37.30625,653.0,0.0,2.6386383187500004
2023-01-04 13:00:00,13,17.7,38.1375,654.0,0.0,2.633437275
2023-01-04 14:00:00,14,18.0,36.28125,585.0,0.0,2.37405796875
2023-01-04 15:00:00,15,17.8,31.9875,454.0,0.0,1.875570475
2023-01-04 16:00:00,16,17.0,25.6875,278.0,0.0,1.178250875
2023-01-04 17:00:00,17,13.4,16.30625,93.0,0.0,0.39525
2023-01-04 18:00:00,18,11.9,11.9625,2.0,0.0,0.0085
2023-01-04 19:00:00,19,10.8,10.8,0.0,0.0,0.0
2023-01-04 20:00:00,20,9.6,9.6,0.0,0.0,0.0
2023-01-04 21:00:00,21,8.3,8.3,0.0,0.0,0.0
2023-01-04 22:00:00,22,7.6,7.6,0.0,0.0,0.0
2023-01-04 23:00:00,23,7.0,7.0,0.0,0.0,0.0
2023-01-05 00:00:00,0,6.5,6.5,0.0,0.0,0.0
2023-01-05 01:00:00,1,6.2,6.2,0.0,0.0,0.0
2023-01-05 02:00:00,2,5.9,5.9,0.0,0.0,0.0
2023-01-05 03:00:00,3,5.6,5.6,0.0,0.0,0.0
2023-01-05 04:00:00,4,5.3,5.3,0.0,0.0,0.0
2023-01-05 05:00:00,5,4.2,4.2,0.0,0.0,0.0
2023-01-05 06:00:00,6,3.6,3.6,0.0,0.0,0.0
2023-01-05 07:00:00,7,3.4,3.43125,1.0,2.0,0.004233000000000001
2023-01-05 08:00:00,8,5.9,8.49375,83.0,43.0,0.3224135
2023-01-05 09:00:00,9,8.5,16.4375,254.0,51.0,0.9693909999999999
2023-01-05 10:00:00,10,11.3,24.925000000000004,436.0,1.0,1.849294
2023-01-05 11:00:00,11,13.9,32.18125,585.0,0.0,2.41483246875
2023-01-05 12:00:00,12,15.9,36.4,656.0,0.0,2.6608672
2023-01-05 13:00:00,13,17.5,38.09375,659.0,0.0,2.65406071875
2023-01-05 14:00:00,14,18.4,36.9,592.0,0.0,2.3962384
2023-01-05 15:00:00,15,18.5,32.90625,461.0,0.0,1.89728871875
2023-01-05 16:00:00,16,18.0,26.84375,283.0,0.0,1.1938797187499997
2023-01-05 17:00:00,17,12.6,15.6,96.0,0.0,0.408
2023-01-05 18:00:00,18,10.4,10.4625,2.0,0.0,0.0085
2023-01-05 19:00:00,19,9.1,9.1,0.0,0.0,0.0
2023-01-05 20:00:00,20,8.4,8.4,0.0,0.0,0.0
2023-01-05 21:00:00,21,8.0,8.0,0.0,0.0,0.0
2023-01-05 22:00:00,22,7.5,7.5,0.0,0.0,0.0
2023-01-05 23:00:00,23,6.8,6.8,0.0,0.0,0.0
2023-01-06 00:00:00,0,6.0,6.0,0.0,0.0,0.0
2023-01-06 01:00:00,1,5.7,5.7,0.0,0.0,0.0
2023-01-06 02:00:00,2,5.6,5.6,0.0,0.0,0.0
2023-01-06 03:00:00,3,4.8,4.8,0.0,0.0,0.0
2023-01-06 04:00:00,4,3.9,3.9,0.0,0.0,0.0
2023-01-06 05:00:00,5,4.7,4.7,0.0,0.0,0.0
2023-01-06 06:00:00,6,5.0,5.0,0.0,100.0,0.0
2023-01-06 07:00:00,7,5.6,5.63125,1.0,100.0,0.0034000000000000002
2023-01-06 08:00:00,8,6.0,7.5,48.0,100.0,0.1632
2023-01-06 09:00:00,9,6.8,11.3625,146.0,100.0,0.49639999999999995
2023-01-06 10:00:00,10,10.3,21.6125,362.0,67.0,1.332341
2023-01-06 11:00:00,11,13.7,31.41875,567.0,21.0,2.2492687226624994
2023-01-06 12:00:00,12,16.3,36.8,656.0,0.0,2.6564064000000003
2023-01-06 13:00:00,13,17.8,38.45625,661.0,41.0,2.4400826650125
2023-01-06 14:00:00,14,18.4,36.86875,591.0,0.0,2.39250466875
2023-01-06 15:00:00,15,18.3,32.7375,462.0,0.0,1.902729675
2023-01-06 16:00:00,16,17.5,26.40625,285.0,0.0,1.2044367187499998
2023-01-06 17:00:00,17,13.2,16.2625,98.0,0.0,0.4165
2023-01-06 18:00:00,18,10.7,10.7625,2.0,37.0,0.007871000000000001
2023-01-06 19:00:00,19,9.5,9.5,0.0,11.0,0.0
2023-01-06 20:00:00,20,8.9,8.9,0.0,0.0,0.0
2023-01-06 21:00:00,21,8.3,8.3,0.0,0.0,0.0
2023-01-06 22:00:00,22,7.4,7.4,0.0,0.0,0.0
2023-01-06 23:00:00,23,6.8,6.8,0.0,0.0,0.0
2023-01-07 00:00:00,0,6.2,6.2,0.0,0.0,0.0
2023-01-07 01:00:00,1,5.5,5.5,0.0,0.0,0.0
2023-01-07 02:00:00,2,4.9,4.9,0.0,0.0,0.0
2023-01-07 03:00:00,3,4.4,4.4,0.0,0.0,0.0
2023-01-07 04:00:00,4,4.3,4.3,0.0,100.0,0.0
2023-01-07 05:00:00,5,5.2,5.2,0.0,100.0,0.0
2023-01-07 06:00:00,6,5.5,5.5,0.0,100.0,0.0
2023-01-07 07:00:00,7,5.3,5.33125,1.0,100.0,0.0034000000000000002
2023-01-07 08:00:00,8,6.8,8.675,60.0,100.0,0.20400000000000001
2023-01-07 09:00:00,9,10.0,16.03125,193.0,91.0,0.6709645
2023-01-07 10:00:00,10,13.6,25.85,392.0,0.0,1.6603356
2023-01-07 11:00:00,11,17.0,35.5,592.0,0.0,2.410328
2023-01-07 12:00:00,12,18.9,39.3375,654.0,0.0,2.620095675
2023-01-07 13:00:00,13,20.0,40.46875,655.0,0.0,2.6115054687500003
2023-01-07 14:00:00,14,20.6,38.9125,586.0,0.0,2.3519036749999995
2023-01-07 15:00:00,15,20.7,34.949999999999996,456.0,0.0,1.8608676000000002
2023-01-07 16:00:00,16,20.1,28.88125,281.0,0.0,1.1757092687500001
2023-01-07 17:00:00,17,15.9,18.9625,98.0,0.0,0.4165
2023-01-07 18:00:00,18,12.9,12.99375,3.0,100.0,0.0102
2023-01-07 19:00:00,19,12.5,12.5,0.0,99.0,0.0
2023-01-07 20:00:00,20,13.8,13.8,0.0,99.0,0.0
2023-01-07 21:00:00,21,10.3,10.3,0.0,36.0,0.0
2023-01-07 22:00:00,22,9.1,9.1,0.0,4.0,0.0
2023-01-07 23:00:00,23,8.4,8.4,0.0,13.0,0.0
2023-01-08 00:00:00,0,7.8,7.8,0.0,0.0,0.0
2023-01-08 01:00:00,1,7.2,7.2,0.0,0.0,0.0
2023-01-08 02:00:00,2,7.3,7.3,0.0,0.0,0.0
2023-01-08 03:00:00,3,9.4,9.4,0.0,0.0,0.0
2023-01-08 04:00:00,4,9.1,9.1,0.0,0.0,0.0
2023-01-08 05:00:00,5,7.1,7.1,0.0,0.0,0.0
2023-01-08 06:00:00,6,7.4,7.4,0.0,0.0,0.0
2023-01-08 07:00:00,7,6.9,6.93125,1.0,0.0,0.00425
2023-01-08 08:00:00,8,9.8,12.3625,82.0,64.0,0.30389200000000005
2023-01-08 09:00:00,9,13.7,21.85625,261.0,0.0,1.10925
2023-01-08 10:00:00,10,16.9,30.68125,441.0,0.0,1.83165766875
2023-01-08 11:00:00,11,19.5,37.4375,574.0,0.0,2.3181348749999997
2023-01-08 12:00:00,12,21.4,41.61875,647.0,0.0,2.56696036875
2023-01-08 13:00:00,13,22.6,42.94375,651.0,0.0,2.56816651875
2023-01-08 14:00:00,14,23.2,41.48125,585.0,0.0,2.32234396875
2023-01-08 15:00:00,15,23.2,37.48125,457.0,0.0,1.84528316875
2023-01-08 16:00:00,16,22.3,31.14375,283.0,0.0,1.1731924187499998
2023-01-08 17:00:00,17,21.0,24.09375,99.0,0.0,0.42075
2023-01-08 18:00:00,18,19.9,19.99375,3.0,0.0,0.01275
2023-01-08 19:00:00,19,18.6,18.6,0.0,0.0,0.0
2023-01-08 20:00:00,20,13.4,13.4,0.0,0.0,0.0
2023-01-08 21:00:00,21,12.4,12.4,0.0,0.0,0.0
2023-01-08 22:00:00,22,11.6,11.6,0.0,0.0,0.0
2023-01-08 23:00:00,23,11.3,11.3,0.0,0.0,0.0
2023-01-09 00:00:00,0,10.6,10.6,0.0,0.0,0.0
2023-01-09 01:00:00,1,9.9,9.9,0.0,4.0,0.0
2023-01-09 02:00:00,2,9.4,9.4,0.0,5.0,0.0
2023-01-09 03:00:00,3,8.9,8.9,0.0,73.0,0.0
2023-01-09 04:00:00,4,9.2,9.2,0.0,17.0,0.0
2023-01-09 05:00:00,5,11.2,11.2,0.0,18.0,0.0
2023-01-09 06:00:00,6,12.1,12.1,0.0,27.0,0.0
2023-01-09 07:00:00,7,12.2,12.23125,1.0,90.0,0.0034850000000000003
2023-01-09 08:00:00,8,12.9,15.30625,77.0,28.0,0.308924
2023-01-09 09:00:00,9,16.0,23.84375,251.0,2.0,1.0624829999999998
2023-01-09 10:00:00,10,18.8,32.05,424.0,27.0,1.6566196856
2023-01-09 11:00:00,11,21.0,38.3125,554.0,27.0,2.10875023975
2023-01-09 12:00:00,12,22.4,41.9,624.0,48.0,2.2353432192000002
2023-01-09 13:00:00,13,23.3,42.8,624.0,68.0,2.1281854464000003
2023-01-09 14:00:00,14,23.7,41.2625,562.0,80.0,1.8758275830000002
2023-01-09 15:00:00,15,23.5,36.96875,431.0,99.0,1.3987320849374998
2023-01-09 16:00:00,16,22.8,30.925,260.0,95.0,0.873837315
2023-01-09 17:00:00,17,19.4,22.18125,89.0,99.0,0.3033565
2023-01-09 18:00:00,18,17.1,17.19375,3.0,100.0,0.0102
2023-01-09 19:00:00,19,16.2,16.2,0.0,99.0,0.0
2023-01-09 20:00:00,20,15.2,15.2,0.0,100.0,0.0
2023-01-09 21:00:00,21,14.4,14.4,0.0,86.0,0.0
2023-01-09 22:00:00,22,13.9,13.9,0.0,85.0,0.0
2023-01-09 23:00:00,23,13.5,13.5,0.0,59.0,0.0
2023-01-10 00:00:00,0,12.2,12.2,0.0,47.0,0.0
2023-01-10 01:00:00,1,11.2,11.2,0.0,0.0,0.0
2023-01-10 02:00:00,2,10.5,10.5,0.0,0.0,0.0
2023-01-10 03:00:00,3,10.4,10.4,0.0,0.0,0.0
2023-01-10 04:00:00,4,10.0,10.0,0.0,0.0,0.0
2023-01-10 05:00:00,5,9.7,9.7,0.0,0.0,0.0
2023-01-10 06:00:00,6,8.8,8.8,0.0,23.0,0.0
2023-01-10 07:00:00,7,9.0,9.03125,1.0,44.0,0.0038760000000000005
2023-01-10 08:00:00,8,11.4,13.61875,71.0,50.0,0.27157499999999996
2023-01-10 09:00:00,9,15.5,22.75,232.0,0.0,0.9860000000000001
2023-01-10 10:00:00,10,18.4,31.275,412.0,0.0,1.7070499
2023-01-10 11:00:00,11,20.5,37.875,556.0,0.0,2.2413055
2023-01-10 12:00:00,12,22.0,41.78125,633.0,0.0,2.50966696875
2023-01-10 13:00:00,13,23.1,43.00625,637.0,0.0,2.51226031875
2023-01-10 14:00:00,14,23.6,41.5375,574.0,0.0,2.2781270749999996
2023-01-10 15:00:00,15,23.7,37.79375,451.0,0.0,1.8186603187500001
2023-01-10 16:00:00,16,23.1,31.88125,281.0,0.0,1.1613782687500003
2023-01-10 17:00:00,17,19.0,22.15625,101.0,0.0,0.42924999999999996
2023-01-10 18:00:00,18,16.9,16.99375,3.0,0.0,0.01275
2023-01-10 19:00:00,19,15.4,15.4,0.0,0.0,0.0
2023-01-10 20:00:00,20,15.0,15.0,0.0,0.0,0.0
2023-01-10 21:00:00,21,14.1,14.1,0.0,0.0,0.0
2023-01-10 22:00:00,22,13.2,13.2,0.0,0.0,0.0
2023-01-10 23:00:00,23,12.3,12.3,0.0,0.0,0.0
2023-01-11 00:00:00,0,11.7,11.7,0.0,0.0,0.0
2023-01-11 01:00:00,1,10.9,10.9,0.0,0.0,0.0
2023-01-11 02:00:00,2,10.1,10.1,0.0,5.0,0.0
2023-01-11 03:00:00,3,9.5,9.5,0.0,23.0,0.0
2023-01-11 04:00:00,4,9.7,9.7,0.0,34.0,0.0
2023-01-11 05:00:00,5,9.2,9.2,0.0,6.0,0.0
2023-01-11 06:00:00,6,10.4,10.4,0.0,33.0,0.0
2023-01-11 07:00:00,7,10.7,10.73125,1.0,47.0,0.0038505
2023-01-11 08:00:00,8,12.6,15.06875,79.0,0.0,0.33575
2023-01-11 09:00:00,9,15.7,23.6375,254.0,31.0,1.0125709999999999
2023-01-11 10:00:00,10,17.9,31.18125,425.0,0.0,1.76159046875
2023-01-11 11:00:00,11,20.0,37.375,556.0,0.0,2.2460315
2023-01-11 12:00:00,12,21.3,40.95625,629.0,0.0,2.50262981875
2023-01-11 13:00:00,13,22.4,42.24375,635.0,0.0,2.51260371875
2023-01-11 14:00:00,14,23.1,41.0375,574.0,0.0,2.283006075
2023-01-11 15:00:00,15,23.0,37.125,452.0,0.0,1.8278315
2023-01-11 16:00:00,16,22.3,31.08125,281.0,0.0,1.1651998687500003
2023-01-11 17:00:00,17,20.2,23.35625,101.0,0.0,0.42924999999999996
2023-01-11 18:00:00,18,17.9,18.025,4.0,0.0,0.017
2023-01-11 19:00:00,19,16.6,16.6,0.0,0.0,0.0
2023-01-11 20:00:00,20,15.8,15.8,0.0,0.0,0.0
2023-01-11 21:00:00,21,14.9,14.9,0.0,0.0,0.0
2023-01-11 22:00:00,22,14.2,14.2,0.0,4.0,0.0
2023-01-11 23:00:00,23,14.0,14.0,0.0,3.0,0.0
2023-01-12 00:00:00,0,15.6,15.6,0.0,20.0,0.0
2023-01-12 01:00:00,1,16.2,16.2,0.0,42.0,0.0
2023-01-12 02:00:00,2,13.3,13.3,0.0,54.0,0.0
2023-01-12 03:00:00,3,13.2,13.2,0.0,57.0,0.0
2023-01-12 04:00:00,4,12.8,12.8,0.0,81.0,0.0
2023-01-12 05:00:00,5,13.7,13.7,0.0,100.0,0.0
2023-01-12 06:00:00,6,13.8,13.8,0.0,100.0,0.0
2023-01-12 07:00:00,7,14.6,14.6,0.0,62.0,0.0
2023-01-12 08:00:00,8,15.1,16.94375,59.0,6.0,0.24774099999999996
2023-01-12 09:00:00,9,17.4,25.30625,253.0,1.0,1.0717849531124999
2023-01-12 10:00:00,10,19.6,32.81875,423.0,14.0,1.6927626584249995
2023-01-12 11:00:00,11,21.1,37.63125,529.0,21.0,2.0450015676624997
2023-01-12 12:00:00,12,22.4,41.55625,613.0,17.0,2.3500049299125
2023-01-12 13:00:00,13,23.1,41.85,600.0,25.0,2.2592234999999996
2023-01-12 14:00:00,14,23.4,38.43125,481.0,23.0,1.8454392259874999
2023-01-12 15:00:00,15,23.3,36.08125,409.0,68.0,1.4352785874
2023-01-12 16:00:00,16,22.7,28.6375,190.0,48.0,0.7193587910000001
2023-01-12 17:00:00,17,20.4,22.99375,83.0,13.0,0.3435785
2023-01-12 18:00:00,18,18.3,18.425,4.0,7.0,0.016762000000000003
2023-01-12 19:00:00,19,17.3,17.3,0.0,4.0,0.0
2023-01-12 20:00:00,20,15.4,15.4,0.0,6.0,0.0
2023-01-12 21:00:00,21,14.1,14.1,0.0,9.0,0.0
2023-01-12 22:00:00,22,13.8,13.8,0.0,65.0,0.0
2023-01-12 23:00:00,23,14.5,14.5,0.0,100.0,0.0
2023-01-13 00:00:00,0,15.1,15.1,0.0,100.0,0.0
2023-01-13 01:00:00,1,14.5,14.5,0.0,41.0,0.0
2023-01-13 02:00:00,2,13.0,13.0,0.0,59.0,0.0
2023-01-13 03:00:00,3,12.9,12.9,0.0,67.0,0.0
2023-01-13 04:00:00,4,14.1,14.1,0.0,21.0,0.0
2023-01-13 05:00:00,5,13.1,13.1,0.0,32.0,0.0
2023-01-13 06:00:00,6,14.2,14.2,0.0,25.0,0.0
2023-01-13 07:00:00,7,13.4,13.43125,1.0,12.0,0.004148
2023-01-13 08:00:00,8,14.6,17.0375,78.0,2.0,0.330174
2023-01-13 09:00:00,9,17.0,24.65625,245.0,0.0,1.04125
2023-01-13 10:00:00,10,19.3,32.7375,430.0,2.0,1.7638551194999998
2023-01-13 11:00:00,11,21.2,38.7,560.0,27.0,2.128098896
2023-01-13 12:00:00,12,22.4,41.4,608.0,17.0,2.3323969536
2023-01-13 13:00:00,13,23.1,42.6,624.0,11.0,2.4110626176
2023-01-13 14:00:00,14,23.3,41.20625,573.0,10.0,2.2318372203749997
2023-01-13 15:00:00,15,23.0,37.34375,459.0,2.0,1.8470139918750001
2023-01-13 16:00:00,16,22.1,31.2875,294.0,3.0,1.21076662455
2023-01-13 17:00:00,17,20.2,23.66875,111.0,1.0,0.4708065
2023-01-13 18:00:00,18,18.1,18.225,4.0,2.0,0.016932000000000003
2023-01-13 19:00:00,19,17.0,17.0,0.0,3.0,0.0
2023-01-13 20:00:00,20,16.3,16.3,0.0,0.0,0.0
2023-01-13 21:00:00,21,15.3,15.3,0.0,0.0,0.0
2023-01-13 22:00:00,22,14.3,14.3,0.0,1.0,0.0
2023-01-13 23:00:00,23,13.5,13.5,0.0,0.0,0.0
2023-01-14 00:00:00,0,12.7,12.7,0.0,9.0,0.0
2023-01-14 01:00:00,1,11.9,11.9,0.0,0.0,0.0
2023-01-14 02:00:00,2,11.3,11.3,0.0,0.0,0.0
2023-01-14 03:00:00,3,10.7,10.7,0.0,0.0,0.0
2023-01-14 04:00:00,4,10.3,10.3,0.0,0.0,0.0
2023-01-14 05:00:00,5,9.7,9.7,0.0,0.0,0.0
2023-01-14 06:00:00,6,9.1,9.1,0.0,0.0,0.0
2023-01-14 07:00:00,7,8.4,8.43125,1.0,0.0,0.00425
2023-01-14 08:00:00,8,9.8,12.45625,85.0,0.0,0.36125
2023-01-14 09:00:00,9,12.1,20.5375,270.0,0.0,1.1475
2023-01-14 10:00:00,10,14.3,28.45625,453.0,0.0,1.8986334187500002
2023-01-14 11:00:00,11,15.6,34.1625,594.0,0.0,2.431977075
2023-01-14 12:00:00,12,16.7,37.7625,674.0,0.0,2.718267275
2023-01-14 13:00:00,13,17.4,38.74375,683.0,0.0,2.74317131875
2023-01-14 14:00:00,14,17.8,37.20625,621.0,0.0,2.51038861875
2023-01-14 15:00:00,15,17.8,33.20625,493.0,0.0,2.0264734187499998
2023-01-14 16:00:00,16,17.2,27.075,316.0,0.0,1.3318531
2023-01-14 17:00:00,17,14.2,17.98125,121.0,0.0,0.51425
2023-01-14 18:00:00,18,12.0,12.15625,5.0,0.0,0.02125
2023-01-14 19:00:00,19,10.8,10.8,0.0,0.0,0.0
2023-01-14 20:00:00,20,9.9,9.9,0.0,0.0,0.0
2023-01-14 21:00:00,21,9.3,9.3,0.0,0.0,0.0
2023-01-14 22:00:00,22,8.6,8.6,0.0,0.0,0.0
2023-01-14 23:00:00,23,7.8,7.8,0.0,0.0,0.0
2023-01-15 00:00:00,0,7.2,7.2,0.0,0.0,0.0
2023-01-15 01:00:00,1,6.7,6.7,0.0,0.0,0.0
2023-01-15 02:00:00,2,6.4,6.4,0.0,0.0,0.0
2023-01-15 03:00:00,3,6.1,6.1,0.0,0.0,0.0
2023-01-15 04:00:00,4,5.6,5.6,0.0,0.0,0.0
2023-01-15 05:00:00,5,4.9,4.9,0.0,0.0,0.0
2023-01-15 06:00:00,6,4.4,4.4,0.0,0.0,0.0
2023-01-15 07:00:00,7,3.9,3.93125,1.0,0.0,0.00425
2023-01-15 08:00:00,8,6.1,8.88125,89.0,0.0,0.37825
2023-01-15 09:00:00,9,9.4,18.24375,283.0,0.0,1.2027499999999998
2023-01-15 10:00:00,10,11.7,26.41875,471.0,0.0,1.99039006875
2023-01-15 11:00:00,11,13.3,32.425,612.0,0.0,2.5237503
2023-01-15 12:00:00,12,14.7,36.2625,690.0,0.0,2.8003908749999997
2023-01-15 13:00:00,13,15.8,37.55,696.0,0.0,2.8095084
2023-01-15 14:00:00,14,16.5,36.15625,629.0,0.0,2.55395621875
2023-01-15 15:00:00,15,16.7,32.23125,497.0,0.0,2.05115316875
2023-01-15 16:00:00,16,16.3,26.2375,318.0,46.0,1.2210875480999999
2023-01-15 17:00:00,17,14.1,17.88125,121.0,0.0,0.51425
2023-01-15 18:00:00,18,12.0,12.1875,6.0,0.0,0.0255
2023-01-15 19:00:00,19,10.6,10.6,0.0,0.0,0.0
2023-01-15 20:00:00,20,9.2,9.2,0.0,0.0,0.0
2023-01-15 21:00:00,21,8.6,8.6,0.0,0.0,0.0
2023-01-15 22:00:00,22,8.0,8.0,0.0,0.0,0.0
2023-01-15 23:00:00,23,7.3,7.3,0.0,0.0,0.0
2023-01-16 00:00:00,0,6.9,6.9,0.0,0.0,0.0
2023-01-16 01:00:00,1,6.2,6.2,0.0,0.0,0.0
2023-01-16 02:00:00,2,5.5,5.5,0.0,0.0,0.0
2023-01-16 03:00:00,3,5.0,5.0,0.0,0.0,0.0
2023-01-16 04:00:00,4,4.5,4.5,0.0,0.0,0.0
2023-01-16 05:00:00,5,4.3,4.3,0.0,0.0,0.0
2023-01-16 06:00:00,6,4.0,4.0,0.0,0.0,0.0
2023-01-16 07:00:00,7,3.5,3.53125,1.0,0.0,0.0027625
2023-01-16 08:00:00,8,6.8,9.51875,87.0,0.0,0.24033749999999998
2023-01-16 09:00:00,9,11.1,19.75625,277.0,0.0,0.7652125000000001
2023-01-16 10:00:00,10,13.5,27.9375,462.0,0.0,1.26127876875
2023-01-16 11:00:00,11,14.9,33.7125,602.0,0.0,1.6050685787499996
2023-01-16 12:00:00,12,16.0,37.25,680.0,0.0,1.7864535000000001
2023-01-16 13:00:00,13,16.9,38.4,688.0,0.0,1.79872784
2023-01-16 14:00:00,14,17.5,37.0,624.0,0.0,1.6410576
2023-01-16 15:00:00,15,17.8,33.3,496.0,0.0,1.3247093600000002
2023-01-16 16:00:00,16,17.5,27.46875,319.0,0.0,0.8725352796875001
2023-01-16 17:00:00,17,16.7,20.575,124.0,0.0,0.34255
2023-01-16 18:00:00,18,15.2,15.3875,6.0,0.0,0.016575
2023-01-16 19:00:00,19,10.1,10.1,0.0,0.0,0.0
2023-01-16 20:00:00,20,10.2,10.2,0.0,0.0,0.0
2023-01-16 21:00:00,21,9.4,9.4,0.0,0.0,0.0
2023-01-16 22:00:00,22,8.5,8.5,0.0,0.0,0.0
2023-01-16 23:00:00,23,7.4,7.4,0.0,0.0,0.0
2023-01-17 00:00:00,0,6.5,6.5,0.0,0.0,0.0
2023-01-17 01:00:00,1,5.9,5.9,0.0,0.0,0.0
2023-01-17 02:00:00,2,5.3,5.3,0.0,0.0,0.0
2023-01-17 03:00:00,3,5.0,5.0,0.0,0.0,0.0
2023-01-17 04:00:00,4,4.6,4.6,0.0,0.0,0.0
2023-01-17 05:00:00,5,4.3,4.3,0.0,0.0,0.0
2023-01-17 06:00:00,6,4.0,4.0,0.0,0.0,0.0
2023-01-17 07:00:00,7,3.9,3.93125,1.0,0.0,0.00425
2023-01-17 08:00:00,8,7.1,9.85,88.0,0.0,0.37399999999999994
2023-01-17 09:00:00,9,11.5,20.25,280.0,0.0,1.1900000000000002
2023-01-17 10:00:00,10,13.7,28.2625,466.0,0.0,1.954654475
2023-01-17 11:00:00,11,15.2,34.16875,607.0,0.0,2.48513766875
2023-01-17 12:00:00,12,16.5,37.90625,685.0,0.0,2.76095671875
2023-01-17 13:00:00,13,17.4,38.99375,691.0,0.0,2.7723654187499998
2023-01-17 14:00:00,14,18.0,37.59375,627.0,0.0,2.5305132187499995
2023-01-17 15:00:00,15,18.2,33.7625,498.0,6.0,2.0178088749000005
2023-01-17 16:00:00,16,17.9,27.9,320.0,0.0,1.344224
2023-01-17 17:00:00,17,16.8,20.70625,125.0,0.0,0.53125
2023-01-17 18:00:00,18,15.3,15.51875,7.0,0.0,0.029750000000000002
2023-01-17 19:00:00,19,13.9,13.9,0.0,0.0,0.0
2023-01-17 20:00:00,20,11.3,11.3,0.0,0.0,0.0
2023-01-17 21:00:00,21,9.6,9.6,0.0,0.0,0.0
2023-01-17 22:00:00,22,7.4,7.4,0.0,0.0,0.0
2023-01-17 23:00:00,23,7.6,7.6,0.0,0.0,0.0
2023-01-18 00:00:00,0,7.1,7.1,0.0,0.0,0.0
2023-01-18 01:00:00,1,7.0,7.0,0.0,0.0,0.0
2023-01-18 02:00:00,2,6.2,6.2,0.0,0.0,0.0
2023-01-18 03:00:00,3,5.9,5.9,0.0,0.0,0.0
2023-01-18 04:00:00,4,5.5,5.5,0.0,0.0,0.0
2023-01-18 05:00:00,5,5.2,5.2,0.0,0.0,0.0
2023-01-18 06:00:00,6,4.9,4.9,0.0,0.0,0.0
2023-01-18 07:00:00,7,4.8,4.83125,1.0,0.0,0.00425
2023-01-18 08:00:00,8,8.3,10.9875,86.0,0.0,0.36549999999999994
2023-01-18 09:00:00,9,12.0,20.53125,273.0,0.0,1.1602500000000002
2023-01-18 10:00:00,10,14.4,28.65,456.0,0.0,1.9097052000000003
2023-01-18 11:00:00,11,15.9,34.49375,595.0,0.0,2.4327207187499997
2023-01-18 12:00:00,12,17.0,37.96875,671.0,0.0,2.7038154687500002
2023-01-18 13:00:00,13,17.8,38.9875,678.0,0.0,2.7202800750000002
2023-01-18 14:00:00,14,18.3,37.58125,617.0,0.0,2.4902852687499997
2023-01-18 15:00:00,15,18.5,33.875,492.0,0.0,2.0167694999999997
2023-01-18 16:00:00,16,18.1,28.00625,317.0,0.0,1.3310493187499999
2023-01-18 17:00:00,17,15.3,19.20625,125.0,0.0,0.53125
2023-01-18 18:00:00,18,13.0,13.21875,7.0,0.0,0.029750000000000002
2023-01-18 19:00:00,19,11.4,11.4,0.0,0.0,0.0
2023-01-18 20:00:00,20,9.9,9.9,0.0,0.0,0.0
2023-01-18 21:00:00,21,9.8,9.8,0.0,0.0,0.0
2023-01-18 22:00:00,22,9.4,9.4,0.0,0.0,0.0
2023-01-18 23:00:00,23,10.0,10.0,0.0,0.0,0.0
2023-01-19 00:00:00,0,10.7,10.7,0.0,0.0,0.0
2023-01-19 01:00:00,1,10.6,10.6,0.0,0.0,0.0
2023-01-19 02:00:00,2,8.1,8.1,0.0,0.0,0.0
2023-01-19 03:00:00,3,7.5,7.5,0.0,0.0,0.0
2023-01-19 04:00:00,4,6.8,6.8,0.0,0.0,0.0
2023-01-19 05:00:00,5,7.2,7.2,0.0,0.0,0.0
2023-01-19 06:00:00,6,7.2,7.2,0.0,0.0,0.0
2023-01-19 07:00:00,7,6.6,6.63125,1.0,0.0,0.00425
2023-01-19 08:00:00,8,9.0,11.59375,83.0,0.0,0.35275
2023-01-19 09:00:00,9,12.3,20.6125,266.0,7.0,1.114673
2023-01-19 10:00:00,10,15.0,28.9375,446.0,17.0,1.8022139152499996
2023-01-19 11:00:00,11,17.1,35.31875,583.0,48.0,2.1474347053500003
2023-01-19 12:00:00,12,18.5,39.09375,659.0,71.0,2.2675719226875
2023-01-19 13:00:00,13,19.4,40.18125,665.0,97.0,2.1396285308125003
2023-01-19 14:00:00,14,19.9,38.74375,603.0,76.0,2.0537396702999997
2023-01-19 15:00:00,15,19.7,34.606249999999996,477.0,90.0,1.5984693933749996
2023-01-19 16:00:00,16,18.9,28.525,308.0,95.0,1.045339911
2023-01-19 17:00:00,17,16.8,20.64375,123.0,99.0,0.4192455
2023-01-19 18:00:00,18,14.6,14.81875,7.0,85.0,0.0246925
2023-01-19 19:00:00,19,13.6,13.6,0.0,71.0,0.0
2023-01-19 20:00:00,20,12.5,12.5,0.0,89.0,0.0
2023-01-19 21:00:00,21,11.8,11.8,0.0,85.0,0.0
2023-01-19 22:00:00,22,10.8,10.8,0.0,91.0,0.0
2023-01-19 23:00:00,23,10.3,10.3,0.0,96.0,0.0
2023-01-20 00:00:00,0,9.9,9.9,0.0,73.0,0.0
2023-01-20 01:00:00,1,9.4,9.4,0.0,98.0,0.0
2023-01-20 02:00:00,2,9.1,9.1,0.0,94.0,0.0
2023-01-20 03:00:00,3,9.0,9.0,0.0,99.0,0.0
2023-01-20 04:00:00,4,8.6,8.6,0.0,97.0,0.0
2023-01-20 05:00:00,5,8.5,8.5,0.0,89.0,0.0
2023-01-20 06:00:00,6,8.9,8.9,0.0,14.0,0.0
2023-01-20 07:00:00,7,8.8,8.83125,1.0,4.0,0.004216
2023-01-20 08:00:00,8,10.5,13.125,84.0,0.0,0.35700000000000004
2023-01-20 09:00:00,9,13.3,21.6125,266.0,0.0,1.1305
2023-01-20 10:00:00,10,15.6,29.50625,445.0,0.0,1.8571602187500003
2023-01-20 11:00:00,11,17.4,35.5875,582.0,2.0,2.3592722858999995
2023-01-20 12:00:00,12,18.7,39.2625,658.0,0.0,2.636959675
2023-01-20 13:00:00,13,19.6,40.44375,667.0,0.0,2.65963331875
2023-01-20 14:00:00,14,20.0,38.96875,607.0,0.0,2.43560646875
2023-01-20 15:00:00,15,20.1,35.225,484.0,0.0,1.9728686999999998
2023-01-20 16:00:00,16,19.6,29.38125,313.0,0.0,1.3069373687499999
2023-01-20 17:00:00,17,17.3,21.2375,126.0,0.0,0.5355
2023-01-20 18:00:00,18,14.7,14.95,8.0,0.0,0.034
2023-01-20 19:00:00,19,13.9,13.9,0.0,0.0,0.0
2023-01-20 20:00:00,20,13.1,13.1,0.0,0.0,0.0
2023-01-20 21:00:00,21,12.4,12.4,0.0,0.0,0.0
2023-01-20 22:00:00,22,11.8,11.8,0.0,0.0,0.0
2023-01-20 23:00:00,23,11.1,11.1,0.0,0.0,0.0
2023-01-21 00:00:00,0,10.8,10.8,0.0,0.0,0.0
2023-01-21 01:00:00,1,10.7,10.7,0.0,0.0,0.0
2023-01-21 02:00:00,2,10.4,10.4,0.0,0.0,0.0
2023-01-21 03:00:00,3,10.0,10.0,0.0,4.0,0.0
2023-01-21 04:00:00,4,9.7,9.7,0.0,4.0,0.0
2023-01-21 05:00:00,5,9.0,9.0,0.0,2.0,0.0
2023-01-21 06:00:00,6,8.9,8.9,0.0,0.0,0.0
2023-01-21 07:00:00,7,8.6,8.63125,1.0,0.0,0.00425
2023-01-21 08:00:00,8,10.8,13.45625,85.0,0.0,0.36125
2023-01-21 09:00:00,9,14.1,22.50625,269.0,0.0,1.14325
2023-01-21 10:00:00,10,16.9,30.9625,450.0,0.0,1.8668868749999998
2023-01-21 11:00:00,11,18.6,36.9125,586.0,1.0,2.3670840196499996
2023-01-21 12:00:00,12,19.7,40.41875,663.0,6.0,2.6122376855250002
2023-01-21 13:00:00,13,20.5,41.375,668.0,4.0,2.631821136
2023-01-21 14:00:00,14,21.0,40.03125,609.0,0.0,2.43263146875
2023-01-21 15:00:00,15,21.2,36.41875,487.0,6.0,1.951511598725
2023-01-21 16:00:00,16,20.7,30.575,316.0,3.0,1.3051727934
2023-01-21 17:00:00,17,18.7,22.7,128.0,2.0,0.5418240000000001
2023-01-21 18:00:00,18,15.8,16.05,8.0,34.0,0.031688
2023-01-21 19:00:00,19,15.7,15.7,0.0,76.0,0.0
2023-01-21 20:00:00,20,16.0,16.0,0.0,20.0,0.0
2023-01-21 21:00:00,21,14.3,14.3,0.0,13.0,0.0
2023-01-21 22:00:00,22,13.4,13.4,0.0,0.0,0.0
2023-01-21 23:00:00,23,12.8,12.8,0.0,3.0,0.0
2023-01-22 00:00:00,0,12.6,12.6,0.0,44.0,0.0
2023-01-22 01:00:00,1,13.0,13.0,0.0,98.0,0.0
2023-01-22 02:00:00,2,13.1,13.1,0.0,77.0,0.0
2023-01-22 03:00:00,3,13.2,13.2,0.0,26.0,0.0
2023-01-22 04:00:00,4,11.7,11.7,0.0,32.0,0.0
2023-01-22 05:00:00,5,11.7,11.7,0.0,32.0,0.0
2023-01-22 06:00:00,6,11.4,11.4,0.0,0.0,0.0
2023-01-22 07:00:00,7,11.0,11.03125,1.0,6.0,0.0041990000000000005
2023-01-22 08:00:00,8,12.8,15.39375,83.0,20.0,0.33864
2023-01-22 09:00:00,9,15.5,23.46875,255.0,30.0,1.0187249999999999
2023-01-22 10:00:00,10,17.7,30.637499999999996,414.0,41.0,1.5787977664500001
2023-01-22 11:00:00,11,19.2,35.2625,514.0,31.0,1.9649470459500002
2023-01-22 12:00:00,12,20.1,36.88125,537.0,46.0,1.9737977504249997
2023-01-22 13:00:00,13,20.7,38.1375,558.0,39.0,2.07162121635
2023-01-22 14:00:00,14,20.3,34.050000000000004,440.0,72.0,1.5427739360000001
2023-01-22 15:00:00,15,19.8,30.4875,342.0,60.0,1.251004194
2023-01-22 16:00:00,16,20.0,27.90625,253.0,44.0,0.9692281995
2023-01-22 17:00:00,17,18.2,21.66875,111.0,35.0,0.43872750000000005
2023-01-22 18:00:00,18,15.9,16.18125,9.0,4.0,0.037944
2023-01-22 19:00:00,19,15.0,15.0,0.0,2.0,0.0
2023-01-22 20:00:00,20,14.4,14.4,0.0,15.0,0.0
2023-01-22 21:00:00,21,14.0,14.0,0.0,2.0,0.0
2023-01-22 22:00:00,22,13.4,13.4,0.0,2.0,0.0
2023-01-22 23:00:00,23,12.8,12.8,0.0,2.0,0.0
2023-01-23 00:00:00,0,12.2,12.2,0.0,3.0,0.0
2023-01-23 01:00:00,1,11.8,11.8,0.0,0.0,0.0
2023-01-23 02:00:00,2,11.4,11.4,0.0,0.0,0.0
2023-01-23 03:00:00,3,11.1,11.1,0.0,0.0,0.0
2023-01-23 04:00:00,4,10.7,10.7,0.0,0.0,0.0
2023-01-23 05:00:00,5,10.2,10.2,0.0,0.0,0.0
2023-01-23 06:00:00,6,10.4,10.4,0.0,0.0,0.0
2023-01-23 07:00:00,7,10.1,10.13125,1.0,0.0,0.00425
2023-01-23 08:00:00,8,12.5,15.21875,87.0,0.0,0.36974999999999997
2023-01-23 09:00:00,9,15.7,24.16875,271.0,0.0,1.15175
2023-01-23 10:00:00,10,18.2,32.23125,449.0,0.0,1.85305386875
2023-01-23 11:00:00,11,19.7,37.95,584.0,0.0,2.3534323999999995
2023-01-23 12:00:00,12,21.0,41.5625,658.0,24.0,2.485892745
2023-01-23 13:00:00,13,21.8,42.33125,657.0,47.0,2.3544016054875003
2023-01-23 14:00:00,14,21.7,39.1375,558.0,82.0,1.8704594402999999
2023-01-23 15:00:00,15,21.4,33.74375,395.0,73.0,1.3835105038125
2023-01-23 16:00:00,16,20.8,27.33125,209.0,45.0,0.8007700325624999
2023-01-23 17:00:00,17,19.5,21.84375,75.0,64.0,0.27795
2023-01-23 18:00:00,18,17.4,17.5875,6.0,60.0,0.022439999999999998
2023-01-23 19:00:00,19,16.5,16.5,0.0,37.0,0.0
2023-01-23 20:00:00,20,17.1,17.1,0.0,55.0,0.0
2023-01-23 21:00:00,21,16.9,16.9,0.0,25.0,0.0
2023-01-23 22:00:00,22,14.6,14.6,0.0,20.0,0.0
2023-01-23 23:00:00,23,14.1,14.1,0.0,14.0,0.0
2023-01-24 00:00:00,0,13.3,13.3,0.0,25.0,0.0
2023-01-24 01:00:00,1,12.8,12.8,0.0,64.0,0.0
2023-01-24 02:00:00,2,13.0,13.0,0.0,84.0,0.0
2023-01-24 03:00:00,3,13.7,13.7,0.0,38.0,0.0
2023-01-24 04:00:00,4,13.4,13.4,0.0,39.0,0.0
2023-01-24 05:00:00,5,12.3,12.3,0.0,12.0,0.0
2023-01-24 06:00:00,6,12.0,12.0,0.0,8.0,0.0
2023-01-24 07:00:00,7,11.9,11.93125,1.0,10.0,0.004165
2023-01-24 08:00:00,8,14.2,16.7625,82.0,7.0,0.343621
2023-01-24 09:00:00,9,17.0,25.0625,258.0,19.0,1.05456929175
2023-01-24 10:00:00,10,18.9,31.2125,394.0,56.0,1.4500051434
2023-01-24 11:00:00,11,20.1,35.31875,487.0,38.0,1.833512667525
2023-01-24 12:00:00,12,21.3,39.51875,583.0,35.0,2.1704848419375002
2023-01-24 13:00:00,13,21.8,39.95625,581.0,33.0,2.1683063289124997
2023-01-24 14:00:00,14,21.0,37.71875,535.0,40.0,1.9854271312499998
2023-01-24 15:00:00,15,21.2,34.137499999999996,414.0,31.0,1.5900884779499997
2023-01-24 16:00:00,16,21.3,30.6125,298.0,14.0,1.2034011969
2023-01-24 17:00:00,17,17.3,21.175,124.0,19.0,0.506974
2023-01-24 18:00:00,18,17.0,17.28125,9.0,21.0,0.036643499999999996
2023-01-24 19:00:00,19,16.7,16.7,0.0,1.0,0.0
2023-01-24 20:00:00,20,16.2,16.2,0.0,1.0,0.0
2023-01-24 21:00:00,21,15.5,15.5,0.0,0.0,0.0
2023-01-24 22:00:00,22,15.0,15.0,0.0,0.0,0.0
2023-01-24 23:00:00,23,12.4,12.4,0.0,0.0,0.0
2023-01-25 00:00:00,0,12.3,12.3,0.0,0.0,0.0
2023-01-25 01:00:00,1,11.8,11.8,0.0,0.0,0.0
2023-01-25 02:00:00,2,11.3,11.3,0.0,0.0,0.0
2023-01-25 03:00:00,3,11.0,11.0,0.0,0.0,0.0
2023-01-25 04:00:00,4,10.8,10.8,0.0,0.0,0.0
2023-01-25 05:00:00,5,11.4,11.4,0.0,0.0,0.0
2023-01-25 06:00:00,6,11.3,11.3,0.0,100.0,0.0
2023-01-25 07:00:00,7,11.0,11.03125,1.0,100.0,0.0034000000000000002
2023-01-25 08:00:00,8,11.6,13.81875,71.0,100.0,0.24139999999999998
2023-01-25 09:00:00,9,13.8,21.45625,245.0,0.0,1.04125
2023-01-25 10:00:00,10,17.0,31.125,452.0,0.0,1.8739355000000002
2023-01-25 11:00:00,11,18.9,37.525,596.0,0.0,2.4060967
2023-01-25 12:00:00,12,19.9,41.05625,677.0,0.0,2.6924586187500004
2023-01-25 13:00:00,13,20.5,42.03125,689.0,0.0,2.72876296875
2023-01-25 14:00:00,14,20.8,40.51875,631.0,0.0,2.51528036875
2023-01-25 15:00:00,15,20.8,36.675,508.0,0.0,2.0581747
2023-01-25 16:00:00,16,20.4,30.86875,335.0,0.0,1.39032746875
2023-01-25 17:00:00,17,18.0,22.4375,142.0,0.0,0.6034999999999999
2023-01-25 18:00:00,18,15.2,15.54375,11.0,0.0,0.04674999999999999
2023-01-25 19:00:00,19,14.1,14.1,0.0,0.0,0.0
2023-01-25 20:00:00,20,13.3,13.3,0.0,0.0,0.0
2023-01-25 21:00:00,21,12.9,12.9,0.0,0.0,0.0
2023-01-25 22:00:00,22,12.3,12.3,0.0,0.0,0.0
2023-01-25 23:00:00,23,11.7,11.7,0.0,4.0,0.0
2023-01-26 00:00:00,0,11.5,11.5,0.0,14.0,0.0
2023-01-26 01:00:00,1,11.1,11.1,0.0,13.0,0.0
2023-01-26 02:00:00,2,10.7,10.7,0.0,5.0,0.0
2023-01-26 03:00:00,3,10.4,10.4,0.0,10.0,0.0
2023-01-26 04:00:00,4,10.1,10.1,0.0,7.0,0.0
2023-01-26 05:00:00,5,10.0,10.0,0.0,0.0,0.0
2023-01-26 06:00:00,6,10.2,10.2,0.0,0.0,0.0
2023-01-26 07:00:00,7,9.7,9.73125,1.0,0.0,0.00425
2023-01-26 08:00:00,8,11.2,14.10625,93.0,0.0,0.39525
2023-01-26 09:00:00,9,14.0,22.96875,287.0,0.0,1.21975
2023-01-26 10:00:00,10,16.3,31.206249999999997,477.0,0.0,1.9769235187499996
2023-01-26 11:00:00,11,17.7,37.1375,622.0,0.0,2.515158075
2023-01-26 12:00:00,12,18.6,40.6,704.0,0.0,2.8052991999999994
2023-01-26 13:00:00,13,19.4,41.775,716.0,0.0,2.8388147000000004
2023-01-26 14:00:00,14,19.9,40.3375,654.0,0.0,2.608977675
2023-01-26 15:00:00,15,20.1,36.56875,527.0,0.0,2.1361055687500006
2023-01-26 16:00:00,16,19.7,30.60625,349.0,0.0,1.4499881187499999
2023-01-26 17:00:00,17,17.0,21.65625,149.0,0.0,0.63325
2023-01-26 18:00:00,18,14.3,14.70625,13.0,0.0,0.05525
2023-01-26 19:00:00,19,13.1,13.1,0.0,0.0,0.0
2023-01-26 20:00:00,20,12.2,12.2,0.0,0.0,0.0
2023-01-26 21:00:00,21,11.5,11.5,0.0,0.0,0.0
2023-01-26 22:00:00,22,10.6,10.6,0.0,0.0,0.0
2023-01-26 23:00:00,23,9.7,9.7,0.0,0.0,0.0
2023-01-27 00:00:00,0,8.7,8.7,0.0,0.0,0.0
2023-01-27 01:00:00,1,7.8,7.8,0.0,0.0,0.0
2023-01-27 02:00:00,2,7.2,7.2,0.0,0.0,0.0
2023-01-27 03:00:00,3,6.8,6.8,0.0,0.0,0.0
2023-01-27 04:00:00,4,6.4,6.4,0.0,0.0,0.0
2023-01-27 05:00:00,5,6.4,6.4,0.0,0.0,0.0
2023-01-27 06:00:00,6,6.1,6.1,0.0,0.0,0.0
2023-01-27 07:00:00,7,6.2,6.2625,2.0,0.0,0.0085
2023-01-27 08:00:00,8,9.1,12.13125,97.0,0.0,0.41225
2023-01-27 09:00:00,9,12.5,21.75,296.0,0.0,1.258
2023-01-27 10:00:00,10,14.8,30.05,488.0,0.0,2.0321051999999997
2023-01-27 11:00:00,11,16.6,36.4125,634.0,0.0,2.5714960749999998
2023-01-27 12:00:00,12,18.3,40.675,716.0,0.0,2.8522039
2023-01-27 13:00:00,13,19.6,42.35,728.0,0.0,2.8792763999999997
2023-01-27 14:00:00,14,20.4,41.24375,667.0,0.0,2.65056211875
2023-01-27 15:00:00,15,20.7,37.5125,538.0,0.0,2.172060675
2023-01-27 16:00:00,16,20.2,31.3875,358.0,0.0,1.4826256750000002
2023-01-27 17:00:00,17,16.4,21.24375,155.0,0.0,0.65875
2023-01-27 18:00:00,18,13.2,13.6375,14.0,0.0,0.059500000000000004
2023-01-27 19:00:00,19,12.3,12.3,0.0,0.0,0.0
2023-01-27 20:00:00,20,11.6,11.6,0.0,0.0,0.0
2023-01-27 21:00:00,21,10.6,10.6,0.0,0.0,0.0
2023-01-27 22:00:00,22,9.7,9.7,0.0,0.0,0.0
2023-01-27 23:00:00,23,9.2,9.2,0.0,0.0,0.0
2023-01-28 00:00:00,0,8.8,8.8,0.0,0.0,0.0
2023-01-28 01:00:00,1,8.6,8.6,0.0,0.0,0.0
2023-01-28 02:00:00,2,8.6,8.6,0.0,0.0,0.0
2023-01-28 03:00:00,3,8.2,8.2,0.0,0.0,0.0
2023-01-28 04:00:00,4,7.8,7.8,0.0,0.0,0.0
2023-01-28 05:00:00,5,7.9,7.9,0.0,0.0,0.0
2023-01-28 06:00:00,6,6.8,6.8,0.0,0.0,0.0
2023-01-28 07:00:00,7,6.9,6.9625,2.0,0.0,0.0085
2023-01-28 08:00:00,8,8.6,11.6625,98.0,0.0,0.4165
2023-01-28 09:00:00,9,12.5,21.78125,297.0,0.0,1.2622499999999999
2023-01-28 10:00:00,10,16.4,31.7125,490.0,0.0,2.0265848749999997
2023-01-28 11:00:00,11,18.8,38.76875,639.0,0.0,2.5661800687500005
2023-01-28 12:00:00,12,20.3,42.925,724.0,0.0,2.8563791
2023-01-28 13:00:00,13,21.5,44.5,736.0,0.0,2.884016
2023-01-28 14:00:00,14,22.1,43.13125,673.0,0.0,2.6528103687500004
2023-01-28 15:00:00,15,22.1,39.06875,543.0,0.0,2.1778813687500005
2023-01-28 16:00:00,16,21.4,32.65,360.0,0.0,1.4831819999999998
2023-01-28 17:00:00,17,18.0,22.84375,155.0,0.0,0.65875
2023-01-28 18:00:00,18,15.1,15.5375,14.0,0.0,0.059500000000000004
2023-01-28 19:00:00,19,13.3,13.3,0.0,2.0,0.0
2023-01-28 20:00:00,20,12.5,12.5,0.0,12.0,0.0
2023-01-28 21:00:00,21,12.5,12.5,0.0,3.0,0.0
2023-01-28 22:00:00,22,14.9,14.9,0.0,22.0,0.0
2023-01-28 23:00:00,23,15.1,15.1,0.0,0.0,0.0
2023-01-29 00:00:00,0,15.2,15.2,0.0,96.0,0.0
2023-01-29 01:00:00,1,12.8,12.8,0.0,100.0,0.0
2023-01-29 02:00:00,2,12.4,12.4,0.0,100.0,0.0
2023-01-29 03:00:00,3,13.1,13.1,0.0,100.0,0.0
2023-01-29 04:00:00,4,12.9,12.9,0.0,100.0,0.0
2023-01-29 05:00:00,5,12.4,12.4,0.0,100.0,0.0
2023-01-29 06:00:00,6,12.6,12.6,0.0,100.0,0.0
2023-01-29 07:00:00,7,12.3,12.33125,1.0,100.0,0.0034000000000000002
2023-01-29 08:00:00,8,12.6,13.4125,26.0,98.0,0.088842
2023-01-29 09:00:00,9,13.8,18.55,152.0,100.0,0.5168
2023-01-29 10:00:00,10,14.7,20.54375,187.0,100.0,0.6358000000000001
2023-01-29 11:00:00,11,14.2,16.29375,67.0,100.0,0.2278
2023-01-29 12:00:00,12,15.4,21.68125,201.0,79.0,0.7192785
2023-01-29 13:00:00,13,18.3,34.20625,509.0,99.0,1.6710378316374996
2023-01-29 14:00:00,14,18.1,25.85,248.0,99.0,0.8424339528000001
2023-01-29 15:00:00,15,18.2,26.5125,266.0,100.0,0.8989283800000001
2023-01-29 16:00:00,16,17.9,22.11875,135.0,57.0,0.5083425
2023-01-29 17:00:00,17,16.8,20.39375,115.0,99.0,0.39197750000000003
2023-01-29 18:00:00,18,15.0,15.3125,10.0,100.0,0.034
2023-01-29 19:00:00,19,14.8,14.8,0.0,100.0,0.0
2023-01-29 20:00:00,20,14.1,14.1,0.0,100.0,0.0
2023-01-29 21:00:00,21,13.8,13.8,0.0,100.0,0.0
2023-01-29 22:00:00,22,13.5,13.5,0.0,100.0,0.0
2023-01-29 23:00:00,23,13.4,13.4,0.0,100.0,0.0
2023-01-30 00:00:00,0,13.3,13.3,0.0,79.0,0.0
2023-01-30 01:00:00,1,12.9,12.9,0.0,99.0,0.0
2023-01-30 02:00:00,2,13.0,13.0,0.0,49.0,0.0
2023-01-30 03:00:00,3,12.3,12.3,0.0,32.0,0.0
2023-01-30 04:00:00,4,12.0,12.0,0.0,100.0,0.0
2023-01-30 05:00:00,5,11.3,11.3,0.0,99.0,0.0
2023-01-30 06:00:00,6,11.8,11.8,0.0,97.0,0.0
2023-01-30 07:00:00,7,11.6,11.63125,1.0,43.0,0.0038845000000000004
2023-01-30 08:00:00,8,12.4,15.0875,86.0,8.0,0.3596519999999999
2023-01-30 09:00:00,9,14.2,22.41875,263.0,24.0,1.064098
2023-01-30 10:00:00,10,16.0,30.03125,449.0,94.0,1.518315332625
2023-01-30 11:00:00,11,17.0,32.34375,491.0,35.0,1.8836700984374999
2023-01-30 12:00:00,12,18.8,39.4875,662.0,100.0,2.1203661400000002
2023-01-30 13:00:00,13,19.4,35.80625,525.0,100.0,1.707843375
2023-01-30 14:00:00,14,19.1,27.69375,275.0,38.0,1.068288808125
2023-01-30 15:00:00,15,19.3,30.05,344.0,40.0,1.3178701919999998
2023-01-30 16:00:00,16,19.1,28.13125,289.0,46.0,1.1012824812249997
2023-01-30 17:00:00,17,18.8,22.83125,129.0,29.0,0.5164515
2023-01-30 18:00:00,18,15.6,16.0375,14.0,35.0,0.05533500000000001
2023-01-30 19:00:00,19,14.8,14.8,0.0,16.0,0.0
2023-01-30 20:00:00,20,14.4,14.4,0.0,33.0,0.0
2023-01-30 21:00:00,21,13.9,13.9,0.0,28.0,0.0
2023-01-30 22:00:00,22,13.3,13.3,0.0,10.0,0.0
2023-01-30 23:00:00,23,11.9,11.9,0.0,3.0,0.0
2023-01-31 00:00:00,0,11.1,11.1,0.0,0.0,0.0
2023-01-31 01:00:00,1,11.1,11.1,0.0,0.0,0.0
2023-01-31 02:00:00,2,10.8,10.8,0.0,14.0,0.0
2023-01-31 03:00:00,3,10.6,10.6,0.0,100.0,0.0
2023-01-31 04:00:00,4,10.9,10.9,0.0,100.0,0.0
2023-01-31 05:00:00,5,11.6,11.6,0.0,100.0,0.0
2023-01-31 06:00:00,6,12.0,12.0,0.0,0.0,0.0
2023-01-31 07:00:00,7,11.8,11.8625,2.0,0.0,0.0085
2023-01-31 08:00:00,8,12.9,15.80625,93.0,0.0,0.39525
2023-01-31 09:00:00,9,14.6,23.2875,278.0,2.0,1.176774
2023-01-31 10:00:00,10,16.6,31.2875,470.0,3.0,1.9355792977499997
2023-01-31 11:00:00,11,18.3,37.76875,623.0,0.0,2.5125161687500004
2023-01-31 12:00:00,12,19.5,41.625,708.0,0.0,2.8089014999999997
2023-01-31 13:00:00,13,20.2,42.79375,723.0,0.0,2.8540470187499998
2023-01-31 14:00:00,14,20.5,41.28125,665.0,0.0,2.64219046875
2023-01-31 15:00:00,15,20.5,37.375,540.0,0.0,2.1813975
2023-01-31 16:00:00,16,19.9,31.24375,363.0,0.0,1.50421981875
2023-01-31 17:00:00,17,17.5,22.5625,162.0,0.0,0.6885
2023-01-31 18:00:00,18,14.8,15.33125,17.0,0.0,0.07225000000000001
2023-01-31 19:00:00,19,13.7,13.7,0.0,0.0,0.0
2023-01-31 20:00:00,20,12.7,12.7,0.0,0.0,0.0
2023-01-31 21:00:00,21,11.6,11.6,0.0,0.0,0.0
2023-01-31 22:00:00,22,10.9,10.9,0.0,0.0,0.0
2023-01-31 23:00:00,23,10.1,10.1,0.0,0.0,0.0
2023-02-01 00:00:00,0,9.7,9.7,0.0,0.0,0.0
2023-02-01 01:00:00,1,9.3,9.3,0.0,0.0,0.0
2023-02-01 02:00:00,2,9.2,9.2,0.0,0.0,0.0
2023-02-01 03:00:00,3,9.2,9.2,0.0,0.0,0.0
2023-02-01 04:00:00,4,9.1,9.1,0.0,0.0,0.0
2023-02-01 05:00:00,5,8.7,8.7,0.0,0.0,0.0
2023-02-01 06:00:00,6,8.6,8.6,0.0,0.0,0.0
2023-02-01 07:00:00,7,8.4,8.4625,2.0,0.0,0.0085
2023-02-01 08:00:00,8,10.2,13.45,104.0,0.0,0.442
2023-02-01 09:00:00,9,13.0,22.5625,306.0,0.0,1.3005
2023-02-01 10:00:00,10,15.9,31.525,500.0,0.0,2.0695375
2023-02-01 11:00:00,11,18.2,38.45,648.0,0.0,2.6058348
2023-02-01 12:00:00,12,19.8,42.64375,731.0,0.0,2.88749111875
2023-02-01 13:00:00,13,20.9,44.0875,742.0,0.0,2.9127302749999995
2023-02-01 14:00:00,14,21.4,42.65,680.0,0.0,2.685966
2023-02-01 15:00:00,15,21.4,38.61875,551.0,0.0,2.21418316875
2023-02-01 16:00:00,16,20.9,32.49375,371.0,0.0,1.52948691875
2023-02-01 17:00:00,17,17.7,22.91875,167.0,0.0,0.70975
2023-02-01 18:00:00,18,14.5,15.0625,18.0,0.0,0.0765
2023-02-01 19:00:00,19,13.3,13.3,0.0,0.0,0.0
2023-02-01 20:00:00,20,12.7,12.7,0.0,0.0,0.0
2023-02-01 21:00:00,21,12.7,12.7,0.0,0.0,0.0
2023-02-01 22:00:00,22,12.0,12.0,0.0,0.0,0.0
2023-02-01 23:00:00,23,11.2,11.2,0.0,0.0,0.0
2023-02-02 00:00:00,0,10.7,10.7,0.0,0.0,0.0
2023-02-02 01:00:00,1,10.5,10.5,0.0,0.0,0.0
2023-02-02 02:00:00,2,10.4,10.4,0.0,0.0,0.0
2023-02-02 03:00:00,3,10.1,10.1,0.0,0.0,0.0
2023-02-02 04:00:00,4,10.0,10.0,0.0,0.0,0.0
2023-02-02 05:00:00,5,9.1,9.1,0.0,0.0,0.0
2023-02-02 06:00:00,6,8.5,8.5,0.0,0.0,0.0
2023-02-02 07:00:00,7,8.2,8.29375,3.0,0.0,0.01275
2023-02-02 08:00:00,8,11.1,14.35,104.0,0.0,0.442
2023-02-02 09:00:00,9,14.6,24.1,304.0,0.0,1.292
2023-02-02 10:00:00,10,17.6,33.13125,497.0,0.0,2.04354906875
2023-02-02 11:00:00,11,19.7,39.79375,643.0,0.0,2.5710395187499997
2023-02-02 12:00:00,12,21.2,43.91875,727.0,0.0,2.8559331687499996
2023-02-02 13:00:00,13,22.2,45.29375,739.0,0.0,2.8857996187499997
2023-02-02 14:00:00,14,23.0,44.1875,678.0,0.0,2.660344875
2023-02-02 15:00:00,15,23.3,40.4875,550.0,0.0,2.192691875
2023-02-02 16:00:00,16,23.0,34.5625,370.0,0.0,1.512351875
2023-02-02 17:00:00,17,20.9,26.15,168.0,0.0,0.7107156
2023-02-02 18:00:00,18,19.4,19.99375,19.0,0.0,0.08075
2023-02-02 19:00:00,19,14.7,14.7,0.0,0.0,0.0
2023-02-02 20:00:00,20,14.4,14.4,0.0,0.0,0.0
2023-02-02 21:00:00,21,14.3,14.3,0.0,0.0,0.0
2023-02-02 22:00:00,22,13.3,13.3,0.0,0.0,0.0
2023-02-02 23:00:00,23,12.2,12.2,0.0,0.0,0.0
2023-02-03 00:00:00,0,11.3,11.3,0.0,0.0,0.0
2023-02-03 01:00:00,1,10.5,10.5,0.0,0.0,0.0
2023-02-03 02:00:00,2,10.2,10.2,0.0,0.0,0.0
2023-02-03 03:00:00,3,10.0,10.0,0.0,0.0,0.0
2023-02-03 04:00:00,4,9.7,9.7,0.0,0.0,0.0
2023-02-03 05:00:00,5,9.5,9.5,0.0,0.0,0.0
2023-02-03 06:00:00,6,9.5,9.5,0.0,0.0,0.0
2023-02-03 07:00:00,7,9.8,9.89375,3.0,0.0,0.0082875
2023-02-03 08:00:00,8,13.1,16.35,104.0,0.0,0.2873
2023-02-03 09:00:00,9,17.7,27.16875,303.0,0.0,0.8297761996874999
2023-02-03 10:00:00,10,20.4,35.8375,494.0,0.0,1.30551633875
2023-02-03 11:00:00,11,21.9,41.93125,641.0,0.0,1.6508376096875
2023-02-03 12:00:00,12,23.1,45.75625,725.0,0.0,1.8365289921874999
2023-02-03 13:00:00,13,23.8,46.8625,738.0,0.0,1.8604384987499998
2023-02-03 14:00:00,14,24.1,45.2875,678.0,0.0,1.7209830787499998
2023-02-03 15:00:00,15,24.1,41.35,552.0,0.0,1.42517154
2023-02-03 16:00:00,16,23.4,35.0875,374.0,0.0,0.9914863887500002
2023-02-03 17:00:00,17,20.3,25.64375,171.0,0.0,0.4711711021875
2023-02-03 18:00:00,18,17.3,17.925,20.0,0.0,0.05525000000000001
2023-02-03 19:00:00,19,15.6,15.6,0.0,0.0,0.0
2023-02-03 20:00:00,20,14.5,14.5,0.0,0.0,0.0
2023-02-03 21:00:00,21,13.8,13.8,0.0,0.0,0.0
2023-02-03 22:00:00,22,13.8,13.8,0.0,0.0,0.0
2023-02-03 23:00:00,23,13.2,13.2,0.0,0.0,0.0
2023-02-04 00:00:00,0,12.8,12.8,0.0,0.0,0.0
2023-02-04 01:00:00,1,11.9,11.9,0.0,0.0,0.0
2023-02-04 02:00:00,2,12.1,12.1,0.0,0.0,0.0
2023-02-04 03:00:00,3,12.4,12.4,0.0,0.0,0.0
2023-02-04 04:00:00,4,12.1,12.1,0.0,0.0,0.0
2023-02-04 05:00:00,5,11.4,11.4,0.0,0.0,0.0
2023-02-04 06:00:00,6,10.8,10.8,0.0,0.0,0.0
2023-02-04 07:00:00,7,11.0,11.09375,3.0,0.0,0.01275
2023-02-04 08:00:00,8,14.5,17.75,104.0,0.0,0.442
2023-02-04 09:00:00,9,18.7,28.075,300.0,0.0,1.2593174999999999
2023-02-04 10:00:00,10,20.9,36.15,488.0,0.0,1.9814995999999998
2023-02-04 11:00:00,11,22.5,42.25,632.0,0.0,2.5006660000000003
2023-02-04 12:00:00,12,23.7,46.0125,714.0,0.0,2.7794502750000003
2023-02-04 13:00:00,13,24.3,47.01875,727.0,0.0,2.8176202687499994
2023-02-04 14:00:00,14,24.6,45.475,668.0,0.0,2.6064859
2023-02-04 15:00:00,15,24.6,41.56875,543.0,0.0,2.1548038687500006
2023-02-04 16:00:00,16,24.2,35.7,368.0,0.0,1.4970607999999999
2023-02-04 17:00:00,17,22.0,27.28125,169.0,0.0,0.7116959687500001
2023-02-04 18:00:00,18,19.2,19.825,20.0,0.0,0.085
2023-02-04 19:00:00,19,17.3,17.3,0.0,0.0,0.0
2023-02-04 20:00:00,20,16.1,16.1,0.0,0.0,0.0
2023-02-04 21:00:00,21,15.9,15.9,0.0,0.0,0.0
2023-02-04 22:00:00,22,16.1,16.1,0.0,0.0,0.0
2023-02-04 23:00:00,23,15.0,15.0,0.0,0.0,0.0
2023-02-05 00:00:00,0,14.2,14.2,0.0,0.0,0.0
2023-02-05 01:00:00,1,14.3,14.3,0.0,0.0,0.0
2023-02-05 02:00:00,2,13.9,13.9,0.0,0.0,0.0
2023-02-05 03:00:00,3,13.3,13.3,0.0,0.0,0.0
2023-02-05 04:00:00,4,12.9,12.9,0.0,0.0,0.0
2023-02-05 05:00:00,5,12.2,12.2,0.0,0.0,0.0
2023-02-05 06:00:00,6,12.4,12.4,0.0,0.0,0.0
2023-02-05 07:00:00,7,12.7,12.79375,3.0,0.0,0.01275
2023-02-05 08:00:00,8,15.5,18.78125,105.0,0.0,0.44625
2023-02-05 09:00:00,9,20.1,29.5375,302.0,0.0,1.2602044749999999
2023-02-05 10:00:00,10,22.5,37.84375,491.0,0.0,1.97954321875
2023-02-05 11:00:00,11,23.9,43.775,636.0,0.0,2.5000047
2023-02-05 12:00:00,12,24.9,47.3375,718.0,0.0,2.7788484749999998
2023-02-05 13:00:00,13,25.4,48.2125,730.0,0.0,2.814432875
2023-02-05 14:00:00,14,25.6,46.56875,671.0,0.0,2.6057152687500005
2023-02-05 15:00:00,15,25.5,42.59375,547.0,0.0,2.1611457187500003
2023-02-05 16:00:00,16,25.0,36.59375,371.0,0.0,1.5036282187499999
2023-02-05 17:00:00,17,22.8,28.175,172.0,0.0,0.7217162999999999
2023-02-05 18:00:00,18,19.8,20.45625,21.0,0.0,0.08925000000000001
2023-02-05 19:00:00,19,18.5,18.5,0.0,0.0,0.0
2023-02-05 20:00:00,20,18.2,18.2,0.0,0.0,0.0
2023-02-05 21:00:00,21,16.5,16.5,0.0,0.0,0.0
2023-02-05 22:00:00,22,16.6,16.6,0.0,0.0,0.0
2023-02-05 23:00:00,23,15.2,15.2,0.0,0.0,0.0
2023-02-06 00:00:00,0,14.9,14.9,0.0,0.0,0.0
2023-02-06 01:00:00,1,13.8,13.8,0.0,0.0,0.0
2023-02-06 02:00:00,2,13.2,13.2,0.0,0.0,0.0
2023-02-06 03:00:00,3,13.2,13.2,0.0,0.0,0.0
2023-02-06 04:00:00,4,12.8,12.8,0.0,4.0,0.0
2023-02-06 05:00:00,5,13.2,13.2,0.0,0.0,0.0
2023-02-06 06:00:00,6,12.0,12.0,0.0,0.0,0.0
2023-02-06 07:00:00,7,12.3,12.39375,3.0,0.0,0.01275
2023-02-06 08:00:00,8,16.0,19.28125,105.0,0.0,0.44625
2023-02-06 09:00:00,9,19.1,28.44375,299.0,0.0,1.25324541875
2023-02-06 10:00:00,10,21.6,36.85,488.0,0.0,1.9756923999999998
2023-02-06 11:00:00,11,23.6,43.4125,634.0,0.0,2.496050075
2023-02-06 12:00:00,12,25.0,47.4375,718.0,0.0,2.777627875
2023-02-06 13:00:00,13,25.8,48.70625,733.0,0.0,2.81984641875
2023-02-06 14:00:00,14,26.2,47.325,676.0,0.0,2.6164411
2023-02-06 15:00:00,15,26.0,43.1875,550.0,10.0,2.1240979374999998
2023-02-06 16:00:00,16,26.0,37.46875,367.0,14.0,1.4404626596249999
2023-02-06 17:00:00,17,23.4,28.80625,173.0,26.0,0.6864049161749999
2023-02-06 18:00:00,18,20.4,21.05625,21.0,15.0,0.08657250000000001
2023-02-06 19:00:00,19,20.2,20.2,0.0,0.0,0.0
2023-02-06 20:00:00,20,19.2,19.2,0.0,0.0,0.0
2023-02-06 21:00:00,21,18.1,18.1,0.0,0.0,0.0
2023-02-06 22:00:00,22,16.8,16.8,0.0,0.0,0.0
2023-02-06 23:00:00,23,16.3,16.3,0.0,0.0,0.0
2023-02-07 00:00:00,0,16.5,16.5,0.0,0.0,0.0
2023-02-07 01:00:00,1,15.5,15.5,0.0,0.0,0.0
2023-02-07 02:00:00,2,15.1,15.1,0.0,0.0,0.0
2023-02-07 03:00:00,3,14.6,14.6,0.0,0.0,0.0
2023-02-07 04:00:00,4,13.8,13.8,0.0,0.0,0.0
2023-02-07 05:00:00,5,13.2,13.2,0.0,0.0,0.0
2023-02-07 06:00:00,6,12.7,12.7,0.0,0.0,0.0
2023-02-07 07:00:00,7,12.3,12.425,4.0,0.0,0.017
2023-02-07 08:00:00,8,14.1,17.662499999999998,114.0,0.0,0.48450000000000004
2023-02-07 09:00:00,9,16.8,26.7375,318.0,0.0,1.342107075
2023-02-07 10:00:00,10,19.4,35.4,512.0,0.0,2.0854784000000004
2023-02-07 11:00:00,11,21.8,42.33125,657.0,0.0,2.5986772687500004
2023-02-07 12:00:00,12,23.5,46.59375,739.0,0.0,2.8694677187499997
2023-02-07 13:00:00,13,24.6,48.1,752.0,0.0,2.9006895999999998
2023-02-07 14:00:00,14,25.1,46.7875,694.0,0.0,2.6924510749999992
2023-02-07 15:00:00,15,25.0,42.8125,570.0,0.0,2.2498968749999992
2023-02-07 16:00:00,16,24.1,36.25625,389.0,0.0,1.5788124187500001
2023-02-07 17:00:00,17,22.2,27.91875,183.0,0.0,0.76866976875
2023-02-07 18:00:00,18,18.8,19.55,24.0,0.0,0.102
2023-02-07 19:00:00,19,17.4,17.4,0.0,0.0,0.0
2023-02-07 20:00:00,20,16.8,16.8,0.0,0.0,0.0
2023-02-07 21:00:00,21,16.1,16.1,0.0,0.0,0.0
2023-02-07 22:00:00,22,15.3,15.3,0.0,0.0,0.0
2023-02-07 23:00:00,23,14.6,14.6,0.0,0.0,0.0
2023-02-08 00:00:00,0,14.1,14.1,0.0,0.0,0.0
2023-02-08 01:00:00,1,13.4,13.4,0.0,0.0,0.0
2023-02-08 02:00:00,2,12.8,12.8,0.0,0.0,0.0
2023-02-08 03:00:00,3,12.4,12.4,0.0,0.0,0.0
2023-02-08 04:00:00,4,12.0,12.0,0.0,0.0,0.0
2023-02-08 05:00:00,5,11.2,11.2,0.0,0.0,0.0
2023-02-08 06:00:00,6,11.1,11.1,0.0,0.0,0.0
2023-02-08 07:00:00,7,11.2,11.325,4.0,0.0,0.017
2023-02-08 08:00:00,8,14.4,17.900000000000002,112.0,0.0,0.47600000000000003
2023-02-08 09:00:00,9,18.7,28.48125,313.0,0.0,1.31172626875
2023-02-08 10:00:00,10,21.3,37.05,504.0,0.0,2.0387556
2023-02-08 11:00:00,11,22.9,43.24375,651.0,0.0,2.56484641875
2023-02-08 12:00:00,12,24.0,47.0,736.0,0.0,2.8527359999999997
2023-02-08 13:00:00,13,24.8,48.26875,751.0,0.0,2.8946778687499997
2023-02-08 14:00:00,14,25.3,46.925,692.0,0.0,2.6830743
2023-02-08 15:00:00,15,25.3,42.9875,566.0,0.0,2.2324242749999996
2023-02-08 16:00:00,16,24.7,36.825,388.0,0.0,1.5710023
2023-02-08 17:00:00,17,21.9,27.61875,183.0,0.0,0.7696030687500001
2023-02-08 18:00:00,18,18.8,19.58125,25.0,0.0,0.10625
2023-02-08 19:00:00,19,17.1,17.1,0.0,0.0,0.0
2023-02-08 20:00:00,20,15.4,15.4,0.0,1.0,0.0
2023-02-08 21:00:00,21,17.1,17.1,0.0,1.0,0.0
2023-02-08 22:00:00,22,15.9,15.9,0.0,1.0,0.0
2023-02-08 23:00:00,23,13.7,13.7,0.0,1.0,0.0
2023-02-09 00:00:00,0,13.9,13.9,0.0,0.0,0.0
2023-02-09 01:00:00,1,13.8,13.8,0.0,0.0,0.0
2023-02-09 02:00:00,2,13.7,13.7,0.0,0.0,0.0
2023-02-09 03:00:00,3,14.9,14.9,0.0,0.0,0.0
2023-02-09 04:00:00,4,14.9,14.9,0.0,0.0,0.0
2023-02-09 05:00:00,5,12.0,12.0,0.0,0.0,0.0
2023-02-09 06:00:00,6,12.8,12.8,0.0,0.0,0.0
2023-02-09 07:00:00,7,13.5,13.625,4.0,0.0,0.01105
2023-02-09 08:00:00,8,15.5,19.0625,114.0,0.0,0.31429515
2023-02-09 09:00:00,9,18.8,28.55,312.0,0.0,0.8496610200000001
2023-02-09 10:00:00,10,21.2,36.85625,501.0,0.0,1.3183757071875
2023-02-09 11:00:00,11,23.3,43.45625,645.0,0.0,1.6502701921874998
2023-02-09 12:00:00,12,24.7,47.48125,729.0,0.0,1.8327659146874997
2023-02-09 13:00:00,13,25.6,48.81875,743.0,0.0,1.8569819896874997
2023-02-09 14:00:00,14,26.1,47.50625,685.0,0.0,1.7219570671875002
2023-02-09 15:00:00,15,26.2,43.7625,562.0,0.0,1.4360079987500003
2023-02-09 16:00:00,16,25.4,37.4625,386.0,0.0,1.0131686987500002
2023-02-09 17:00:00,17,23.9,29.61875,183.0,0.0,0.4961976946875
2023-02-09 18:00:00,18,21.2,21.98125,25.0,0.0,0.0690625
2023-02-09 19:00:00,19,20.1,20.1,0.0,0.0,0.0
2023-02-09 20:00:00,20,19.0,19.0,0.0,0.0,0.0
2023-02-09 21:00:00,21,17.9,17.9,0.0,0.0,0.0
2023-02-09 22:00:00,22,17.4,17.4,0.0,0.0,0.0
2023-02-09 23:00:00,23,17.1,17.1,0.0,0.0,0.0
2023-02-10 00:00:00,0,16.3,16.3,0.0,2.0,0.0
2023-02-10 01:00:00,1,15.8,15.8,0.0,0.0,0.0
2023-02-10 02:00:00,2,15.6,15.6,0.0,0.0,0.0
2023-02-10 03:00:00,3,15.7,15.7,0.0,1.0,0.0
2023-02-10 04:00:00,4,15.7,15.7,0.0,0.0,0.0
2023-02-10 05:00:00,5,14.9,14.9,0.0,0.0,0.0
2023-02-10 06:00:00,6,14.7,14.7,0.0,0.0,0.0
2023-02-10 07:00:00,7,14.7,14.85625,5.0,0.0,0.02125
2023-02-10 08:00:00,8,17.2,20.85625,117.0,9.0,0.4882995
2023-02-10 09:00:00,9,20.5,30.4375,318.0,0.0,1.322104875
2023-02-10 10:00:00,10,22.9,38.8375,510.0,1.0,2.04343381725
2023-02-10 11:00:00,11,24.7,45.23125,657.0,4.0,2.5457568714
2023-02-10 12:00:00,12,26.1,49.2875,742.0,29.0,2.682003501449999
2023-02-10 13:00:00,13,26.9,50.525,756.0,0.0,2.8849527000000004
2023-02-10 14:00:00,14,28.0,49.78125,697.0,0.0,2.6686169687499994
2023-02-10 15:00:00,15,28.2,46.04375,571.0,0.0,2.22247831875
2023-02-10 16:00:00,16,27.5,39.78125,393.0,0.0,1.57149646875
2023-02-10 17:00:00,17,25.4,31.275,188.0,0.0,0.7789451
2023-02-10 18:00:00,18,21.6,22.44375,27.0,0.0,0.11475
2023-02-10 19:00:00,19,20.7,20.7,0.0,0.0,0.0
2023-02-10 20:00:00,20,20.0,20.0,0.0,1.0,0.0
2023-02-10 21:00:00,21,19.4,19.4,0.0,0.0,0.0
2023-02-10 22:00:00,22,19.2,19.2,0.0,0.0,0.0
2023-02-10 23:00:00,23,19.2,19.2,0.0,0.0,0.0
2023-02-11 00:00:00,0,18.8,18.8,0.0,1.0,0.0
2023-02-11 01:00:00,1,18.1,18.1,0.0,1.0,0.0
2023-02-11 02:00:00,2,17.5,17.5,0.0,0.0,0.0
2023-02-11 03:00:00,3,17.0,17.0,0.0,0.0,0.0
2023-02-11 04:00:00,4,16.0,16.0,0.0,0.0,0.0
2023-02-11 05:00:00,5,16.4,16.4,0.0,0.0,0.0
2023-02-11 06:00:00,6,16.3,16.3,0.0,0.0,0.0
2023-02-11 07:00:00,7,15.8,15.95625,5.0,0.0,0.02125
2023-02-11 08:00:00,8,17.7,21.45,120.0,0.0,0.51
2023-02-11 09:00:00,9,20.9,31.05625,325.0,0.0,1.34778921875
2023-02-11 10:00:00,10,23.7,39.98125,521.0,0.0,2.0815610687499997
2023-02-11 11:00:00,11,25.2,46.1375,670.0,0.0,2.6067438750000003
2023-02-11 12:00:00,12,26.5,50.1875,758.0,0.0,2.8969338749999998
2023-02-11 13:00:00,13,27.2,51.35625,773.0,0.0,2.93890251875
2023-02-11 14:00:00,14,27.5,49.78125,713.0,0.0,2.7298764687499997
2023-02-11 15:00:00,15,27.4,45.68125,585.0,0.0,2.28057496875
2023-02-11 16:00:00,16,26.7,39.29375,403.0,0.0,1.61482351875
2023-02-11 17:00:00,17,24.7,30.79375,195.0,0.0,0.8095437187500001
2023-02-11 18:00:00,18,21.2,22.075,28.0,0.0,0.11900000000000001
2023-02-11 19:00:00,19,19.5,19.5,0.0,0.0,0.0
2023-02-11 20:00:00,20,18.3,18.3,0.0,0.0,0.0
2023-02-11 21:00:00,21,17.1,17.1,0.0,0.0,0.0
2023-02-11 22:00:00,22,16.5,16.5,0.0,0.0,0.0
2023-02-11 23:00:00,23,16.1,16.1,0.0,0.0,0.0
2023-02-12 00:00:00,0,15.5,15.5,0.0,0.0,0.0
2023-02-12 01:00:00,1,15.3,15.3,0.0,0.0,0.0
2023-02-12 02:00:00,2,14.7,14.7,0.0,0.0,0.0
2023-02-12 03:00:00,3,14.0,14.0,0.0,0.0,0.0
2023-02-12 04:00:00,4,13.3,13.3,0.0,0.0,0.0
2023-02-12 05:00:00,5,12.2,12.2,0.0,0.0,0.0
2023-02-12 06:00:00,6,11.7,11.7,0.0,0.0,0.0
2023-02-12 07:00:00,7,11.5,11.6875,6.0,0.0,0.0255
2023-02-12 08:00:00,8,14.4,18.275,124.0,0.0,0.527
2023-02-12 09:00:00,9,18.2,28.575,332.0,0.0,1.3908227
2023-02-12 10:00:00,10,21.0,37.5,528.0,0.0,2.1318
2023-02-12 11:00:00,11,22.7,43.91875,679.0,0.0,2.66737086875
2023-02-12 12:00:00,12,23.7,47.66875,767.0,0.0,2.96417216875
2023-02-12 13:00:00,13,24.2,48.66875,783.0,0.0,3.01269526875
2023-02-12 14:00:00,14,24.7,47.325,724.0,0.0,2.8022239
2023-02-12 15:00:00,15,24.3,42.95625,597.0,0.0,2.3550120187499997
2023-02-12 16:00:00,16,23.5,36.5,416.0,0.0,1.686672
2023-02-12 17:00:00,17,21.9,28.2125,202.0,0.0,0.8474682749999999
2023-02-12 18:00:00,18,18.8,19.7375,30.0,0.0,0.1275
2023-02-12 19:00:00,19,17.5,17.5,0.0,0.0,0.0
2023-02-12 20:00:00,20,16.3,16.3,0.0,0.0,0.0
2023-02-12 21:00:00,21,15.1,15.1,0.0,0.0,0.0
2023-02-12 22:00:00,22,14.1,14.1,0.0,0.0,0.0
2023-02-12 23:00:00,23,13.3,13.3,0.0,0.0,0.0
2023-02-13 00:00:00,0,12.6,12.6,0.0,0.0,0.0
2023-02-13 01:00:00,1,11.9,11.9,0.0,0.0,0.0
2023-02-13 02:00:00,2,11.5,11.5,0.0,0.0,0.0
2023-02-13 03:00:00,3,10.9,10.9,0.0,0.0,0.0
2023-02-13 04:00:00,4,10.5,10.5,0.0,0.0,0.0
2023-02-13 05:00:00,5,10.0,10.0,0.0,0.0,0.0
2023-02-13 06:00:00,6,9.7,9.7,0.0,0.0,0.0
2023-02-13 07:00:00,7,9.6,9.7875,6.0,0.0,0.0255
2023-02-13 08:00:00,8,11.7,15.7625,130.0,0.0,0.5525
2023-02-13 09:00:00,9,14.9,25.61875,343.0,0.0,1.4541420687500002
2023-02-13 10:00:00,10,17.7,34.60625,541.0,0.0,2.2109013187499995
2023-02-13 11:00:00,11,20.1,41.725,692.0,0.0,2.7442471
2023-02-13 12:00:00,12,21.9,46.15,776.0,0.0,3.0189892
2023-02-13 13:00:00,13,23.2,47.79375,787.0,0.0,3.03979241875
2023-02-13 14:00:00,14,24.0,46.6875,726.0,0.0,2.8178328749999997
2023-02-13 15:00:00,15,24.1,42.75625,597.0,0.0,2.35704181875
2023-02-13 16:00:00,16,23.6,36.50625,413.0,0.0,1.67446461875
2023-02-13 17:00:00,17,21.8,28.1125,202.0,10.0,0.8308554415
2023-02-13 18:00:00,18,18.4,19.36875,31.0,1.0,0.1314865
2023-02-13 19:00:00,19,16.8,16.8,0.0,3.0,0.0
2023-02-13 20:00:00,20,15.6,15.6,0.0,0.0,0.0
2023-02-13 21:00:00,21,14.8,14.8,0.0,0.0,0.0
2023-02-13 22:00:00,22,14.3,14.3,0.0,0.0,0.0
2023-02-13 23:00:00,23,13.8,13.8,0.0,0.0,0.0
2023-02-14 00:00:00,0,13.6,13.6,0.0,0.0,0.0
2023-02-14 01:00:00,1,13.1,13.1,0.0,0.0,0.0
2023-02-14 02:00:00,2,13.0,13.0,0.0,0.0,0.0
2023-02-14 03:00:00,3,12.7,12.7,0.0,0.0,0.0
2023-02-14 04:00:00,4,12.5,12.5,0.0,6.0,0.0
2023-02-14 05:00:00,5,12.2,12.2,0.0,8.0,0.0
2023-02-14 06:00:00,6,12.0,12.0,0.0,6.0,0.0
2023-02-14 07:00:00,7,12.4,12.5875,6.0,0.0,0.0255
2023-02-14 08:00:00,8,15.6,19.56875,127.0,0.0,0.53975
2023-02-14 09:00:00,9,19.2,29.60625,333.0,3.0,1.3808389746374998
2023-02-14 10:00:00,10,22.2,38.7,528.0,5.0,2.099818512
2023-02-14 11:00:00,11,24.1,45.225,676.0,1.0,2.6352931514000004
2023-02-14 12:00:00,12,25.4,49.2125,762.0,0.0,2.924851275
2023-02-14 13:00:00,13,26.4,50.61875,775.0,1.0,2.9503105228124995
2023-02-14 14:00:00,14,27.0,49.34375,715.0,0.0,2.74285171875
2023-02-14 15:00:00,15,27.0,45.375,588.0,0.0,2.2953315
2023-02-14 16:00:00,16,26.7,39.45,408.0,0.0,1.6337748
2023-02-14 17:00:00,17,24.6,30.85,200.0,0.0,0.83011
2023-02-14 18:00:00,18,20.5,21.46875,31.0,0.0,0.13175
2023-02-14 19:00:00,19,19.1,19.1,0.0,0.0,0.0
2023-02-14 20:00:00,20,18.2,18.2,0.0,0.0,0.0
2023-02-14 21:00:00,21,17.3,17.3,0.0,0.0,0.0
2023-02-14 22:00:00,22,17.1,17.1,0.0,0.0,0.0
2023-02-14 23:00:00,23,17.1,17.1,0.0,0.0,0.0
2023-02-15 00:00:00,0,16.1,16.1,0.0,0.0,0.0
2023-02-15 01:00:00,1,15.4,15.4,0.0,0.0,0.0
2023-02-15 02:00:00,2,15.2,15.2,0.0,0.0,0.0
2023-02-15 03:00:00,3,15.3,15.3,0.0,0.0,0.0
2023-02-15 04:00:00,4,15.4,15.4,0.0,0.0,0.0
2023-02-15 05:00:00,5,15.1,15.1,0.0,0.0,0.0
2023-02-15 06:00:00,6,14.8,14.8,0.0,1.0,0.0
2023-02-15 07:00:00,7,15.0,15.21875,7.0,0.0,0.029750000000000002
2023-02-15 08:00:00,8,18.0,22.09375,131.0,0.0,0.55675
2023-02-15 09:00:00,9,21.5,32.09375,339.0,0.0,1.3998687187499999
2023-02-15 10:00:00,10,24.5,41.25,536.0,0.0,2.1299300000000003
2023-02-15 11:00:00,11,26.5,47.9375,686.0,0.0,2.648002875
2023-02-15 12:00:00,12,28.0,52.125,772.0,0.0,2.9250115
2023-02-15 13:00:00,13,29.0,53.53125,785.0,0.0,2.95550046875
2023-02-15 14:00:00,14,29.8,52.45625,725.0,0.0,2.74285171875
2023-02-15 15:00:00,15,29.9,48.5875,598.0,0.0,2.301709475
2023-02-15 16:00:00,16,29.3,42.3,416.0,0.0,1.6456544000000002
2023-02-15 17:00:00,17,27.2,33.6375,206.0,0.0,0.845251475
2023-02-15 18:00:00,18,23.2,24.23125,33.0,0.0,0.14025
2023-02-15 19:00:00,19,21.5,21.5,0.0,0.0,0.0
2023-02-15 20:00:00,20,20.1,20.1,0.0,0.0,0.0
2023-02-15 21:00:00,21,19.1,19.1,0.0,0.0,0.0
2023-02-15 22:00:00,22,18.3,18.3,0.0,0.0,0.0
2023-02-15 23:00:00,23,17.8,17.8,0.0,0.0,0.0
2023-02-16 00:00:00,0,17.6,17.6,0.0,0.0,0.0
2023-02-16 01:00:00,1,17.0,17.0,0.0,0.0,0.0
2023-02-16 02:00:00,2,16.5,16.5,0.0,0.0,0.0
2023-02-16 03:00:00,3,16.2,16.2,0.0,0.0,0.0
2023-02-16 04:00:00,4,16.0,16.0,0.0,5.0,0.0
2023-02-16 05:00:00,5,15.8,15.8,0.0,46.0,0.0
2023-02-16 06:00:00,6,15.4,15.4,0.0,14.0,0.0
2023-02-16 07:00:00,7,14.9,15.15,8.0,10.0,0.03332
2023-02-16 08:00:00,8,18.2,22.41875,135.0,0.0,0.57375
2023-02-16 09:00:00,9,22.0,32.8125,346.0,2.0,1.4188486875
2023-02-16 10:00:00,10,25.0,42.0,544.0,4.0,2.137545728
2023-02-16 11:00:00,11,27.1,48.7875,694.0,1.0,2.6635173648499992
2023-02-16 12:00:00,12,28.7,53.04375,779.0,0.0,2.93936661875
2023-02-16 13:00:00,13,29.9,54.65,792.0,0.0,2.9667924
2023-02-16 14:00:00,14,30.7,53.54375,731.0,0.0,2.7520368187499997
2023-02-16 15:00:00,15,31.0,49.8125,602.0,0.0,2.3045688749999993
2023-02-16 16:00:00,16,30.6,43.69375,419.0,0.0,1.6475944187499998
2023-02-16 17:00:00,17,28.0,34.5,208.0,0.0,0.8504079999999999
2023-02-16 18:00:00,18,22.8,23.8625,34.0,0.0,0.14450000000000002
2023-02-16 19:00:00,19,21.2,21.2,0.0,0.0,0.0
2023-02-16 20:00:00,20,20.3,20.3,0.0,35.0,0.0
2023-02-16 21:00:00,21,19.6,19.6,0.0,16.0,0.0
2023-02-16 22:00:00,22,18.5,18.5,0.0,78.0,0.0
2023-02-16 23:00:00,23,17.6,17.6,0.0,78.0,0.0
2023-02-17 00:00:00,0,16.6,16.6,0.0,73.0,0.0
2023-02-17 01:00:00,1,15.9,15.9,0.0,51.0,0.0
2023-02-17 02:00:00,2,15.7,15.7,0.0,22.0,0.0
2023-02-17 03:00:00,3,15.6,15.6,0.0,4.0,0.0
2023-02-17 04:00:00,4,15.4,15.4,0.0,9.0,0.0
2023-02-17 05:00:00,5,14.7,14.7,0.0,48.0,0.0
2023-02-17 06:00:00,6,14.6,14.6,0.0,20.0,0.0
2023-02-17 07:00:00,7,15.0,15.25,8.0,25.0,0.0323
2023-02-17 08:00:00,8,18.5,22.78125,137.0,14.0,0.565947
2023-02-17 09:00:00,9,22.2,33.075,348.0,3.0,1.4226409301999998
2023-02-17 10:00:00,10,24.8,41.89375,547.0,0.0,2.1676550187500006
2023-02-17 11:00:00,11,26.6,48.38125,697.0,0.0,2.68520556875
2023-02-17 12:00:00,12,27.9,52.36875,783.0,0.0,2.96344456875
2023-02-17 13:00:00,13,29.0,53.84375,795.0,0.0,2.98892671875
2023-02-17 14:00:00,14,29.7,52.6375,734.0,0.0,2.7746392749999997
2023-02-17 15:00:00,15,30.1,48.975,604.0,0.0,2.3208246999999997
2023-02-17 16:00:00,16,29.8,42.9875,422.0,0.0,1.664457675
2023-02-17 17:00:00,17,28.6,35.19375,211.0,0.0,0.86018501875
2023-02-17 18:00:00,18,26.8,27.89375,35.0,0.0,0.14702821875000002
2023-02-17 19:00:00,19,24.7,24.7,0.0,0.0,0.0
2023-02-17 20:00:00,20,20.1,20.1,0.0,0.0,0.0
2023-02-17 21:00:00,21,20.0,20.0,0.0,0.0,0.0
2023-02-17 22:00:00,22,18.7,18.7,0.0,0.0,0.0
2023-02-17 23:00:00,23,17.6,17.6,0.0,0.0,0.0
2023-02-18 00:00:00,0,16.8,16.8,0.0,0.0,0.0
2023-02-18 01:00:00,1,16.1,16.1,0.0,0.0,0.0
2023-02-18 02:00:00,2,15.6,15.6,0.0,0.0,0.0
2023-02-18 03:00:00,3,15.2,15.2,0.0,0.0,0.0
2023-02-18 04:00:00,4,14.8,14.8,0.0,0.0,0.0
2023-02-18 05:00:00,5,14.8,14.8,0.0,0.0,0.0
2023-02-18 06:00:00,6,14.5,14.5,0.0,0.0,0.0
2023-02-18 07:00:00,7,14.8,15.08125,9.0,0.0,0.03825
2023-02-18 08:00:00,8,18.5,22.875,140.0,0.0,0.5950000000000001
2023-02-18 09:00:00,9,22.2,33.2,352.0,0.0,1.4469311999999996
2023-02-18 10:00:00,10,24.9,42.0875,550.0,0.0,2.1777318749999997
2023-02-18 11:00:00,11,26.8,48.70625,701.0,0.0,2.69674261875
2023-02-18 12:00:00,12,28.2,52.7625,786.0,0.0,2.969537475
2023-02-18 13:00:00,13,29.2,54.10625,797.0,0.0,2.9928894187500004
2023-02-18 14:00:00,14,30.0,52.96875,735.0,0.0,2.77428046875
2023-02-18 15:00:00,15,30.2,49.1375,606.0,0.0,2.3268354749999998
2023-02-18 16:00:00,16,30.0,43.25,424.0,0.0,1.670454
2023-02-18 17:00:00,17,28.4,35.05625,213.0,0.0,0.8688363187499999
2023-02-18 18:00:00,18,25.0,26.125,36.0,0.0,0.15231150000000002
2023-02-18 19:00:00,19,22.8,22.8,0.0,0.0,0.0
2023-02-18 20:00:00,20,20.6,20.6,0.0,0.0,0.0
2023-02-18 21:00:00,21,19.7,19.7,0.0,0.0,0.0
2023-02-18 22:00:00,22,18.7,18.7,0.0,0.0,0.0
2023-02-18 23:00:00,23,17.9,17.9,0.0,0.0,0.0
2023-02-19 00:00:00,0,17.5,17.5,0.0,0.0,0.0
2023-02-19 01:00:00,1,17.4,17.4,0.0,0.0,0.0
2023-02-19 02:00:00,2,16.5,16.5,0.0,0.0,0.0
2023-02-19 03:00:00,3,16.2,16.2,0.0,0.0,0.0
2023-02-19 04:00:00,4,15.6,15.6,0.0,0.0,0.0
2023-02-19 05:00:00,5,14.6,14.6,0.0,0.0,0.0
2023-02-19 06:00:00,6,14.3,14.3,0.0,0.0,0.0
2023-02-19 07:00:00,7,16.0,16.3125,10.0,0.0,0.0425
2023-02-19 08:00:00,8,19.7,24.2,144.0,0.0,0.612
2023-02-19 09:00:00,9,23.2,34.325,356.0,0.0,1.4565651
2023-02-19 10:00:00,10,25.8,43.1125,554.0,0.0,2.183916475
2023-02-19 11:00:00,11,27.5,49.53125,705.0,8.0,2.65900708125
2023-02-19 12:00:00,12,28.7,53.35625,789.0,63.0,2.5983212587874998
2023-02-19 13:00:00,13,29.5,54.46875,799.0,41.0,2.7498469393125
2023-02-19 14:00:00,14,29.9,52.9625,738.0,41.0,2.55725651205
2023-02-19 15:00:00,15,29.9,48.86875,607.0,12.0,2.2774456079
2023-02-19 16:00:00,16,29.4,42.68125,425.0,0.0,1.67850296875
2023-02-19 17:00:00,17,28.3,34.9875,214.0,2.0,0.8696728131
2023-02-19 18:00:00,18,24.7,25.8875,38.0,17.0,0.15545516805
2023-02-19 19:00:00,19,23.2,23.2,0.0,13.0,0.0
2023-02-19 20:00:00,20,22.0,22.0,0.0,80.0,0.0
2023-02-19 21:00:00,21,20.0,20.0,0.0,0.0,0.0
2023-02-19 22:00:00,22,19.5,19.5,0.0,40.0,0.0
2023-02-19 23:00:00,23,19.3,19.3,0.0,88.0,0.0
2023-02-20 00:00:00,0,18.7,18.7,0.0,86.0,0.0
2023-02-20 01:00:00,1,18.0,18.0,0.0,67.0,0.0
2023-02-20 02:00:00,2,17.8,17.8,0.0,55.0,0.0
2023-02-20 03:00:00,3,17.4,17.4,0.0,54.0,0.0
2023-02-20 04:00:00,4,17.6,17.6,0.0,62.0,0.0
2023-02-20 05:00:00,5,17.8,17.8,0.0,35.0,0.0
2023-02-20 06:00:00,6,17.5,17.5,0.0,0.0,0.0
2023-02-20 07:00:00,7,17.5,17.8125,10.0,0.0,0.0425
2023-02-20 08:00:00,8,20.4,24.9,144.0,0.0,0.612
2023-02-20 09:00:00,9,23.9,34.99375,355.0,0.0,1.44843771875
2023-02-20 10:00:00,10,27.3,44.58125,553.0,0.0,2.16616666875
2023-02-20 11:00:00,11,29.4,51.43125,705.0,62.0,2.347217006625
2023-02-20 12:00:00,12,30.8,55.51875,791.0,72.0,2.5263678996500003
2023-02-20 13:00:00,13,31.6,56.7875,806.0,76.0,2.5354756284
2023-02-20 14:00:00,14,31.8,55.175,748.0,73.0,2.3871816738000002
2023-02-20 15:00:00,15,31.6,50.88125,617.0,62.0,2.059284654225
2023-02-20 16:00:00,16,31.0,44.5,432.0,32.0,1.584453312
2023-02-20 17:00:00,17,29.5,36.34375,219.0,49.0,0.8014425313125
2023-02-20 18:00:00,18,25.9,27.11875,39.0,25.0,0.15612800531249998
2023-02-20 19:00:00,19,24.5,24.5,0.0,6.0,0.0
2023-02-20 20:00:00,20,22.5,22.5,0.0,36.0,0.0
2023-02-20 21:00:00,21,21.1,21.1,0.0,0.0,0.0
2023-02-20 22:00:00,22,20.6,20.6,0.0,0.0,0.0
2023-02-20 23:00:00,23,20.3,20.3,0.0,40.0,0.0
2023-02-21 00:00:00,0,19.5,19.5,0.0,61.0,0.0
2023-02-21 01:00:00,1,19.2,19.2,0.0,97.0,0.0
2023-02-21 02:00:00,2,19.5,19.5,0.0,70.0,0.0
2023-02-21 03:00:00,3,19.5,19.5,0.0,54.0,0.0
2023-02-21 04:00:00,4,19.7,19.7,0.0,94.0,0.0
2023-02-21 05:00:00,5,19.6,19.6,0.0,16.0,0.0
2023-02-21 06:00:00,6,18.9,18.9,0.0,0.0,0.0
2023-02-21 07:00:00,7,18.7,19.04375,11.0,0.0,0.04674999999999999
2023-02-21 08:00:00,8,20.8,25.33125,145.0,0.0,0.6154334687499999
2023-02-21 09:00:00,9,23.5,34.5625,354.0,0.0,1.446952875
2023-02-21 10:00:00,10,26.4,43.55625,549.0,0.0,2.16006451875
2023-02-21 11:00:00,11,28.7,50.5125,698.0,0.0,2.663768675
2023-02-21 12:00:00,12,30.2,54.7,784.0,0.0,2.9361583999999996
2023-02-21 13:00:00,13,31.1,56.00625,797.0,0.0,2.9671463187500002
2023-02-21 14:00:00,14,31.3,54.3625,738.0,0.0,2.768118075
2023-02-21 15:00:00,15,31.1,50.1625,610.0,0.0,2.3315648749999998
2023-02-21 16:00:00,16,30.5,43.875,428.0,0.0,1.6816655
2023-02-21 17:00:00,17,29.0,35.78125,217.0,0.0,0.88247796875
2023-02-21 18:00:00,18,25.9,27.15,40.0,0.0,0.16853800000000002
2023-02-21 19:00:00,19,24.8,24.8,0.0,0.0,0.0
2023-02-21 20:00:00,20,23.0,23.0,0.0,0.0,0.0
2023-02-21 21:00:00,21,22.2,22.2,0.0,0.0,0.0
2023-02-21 22:00:00,22,21.2,21.2,0.0,0.0,0.0
2023-02-21 23:00:00,23,19.7,19.7,0.0,0.0,0.0
2023-02-22 00:00:00,0,19.0,19.0,0.0,0.0,0.0
2023-02-22 01:00:00,1,19.6,19.6,0.0,0.0,0.0
2023-02-22 02:00:00,2,19.4,19.4,0.0,0.0,0.0
2023-02-22 03:00:00,3,18.5,18.5,0.0,0.0,0.0
2023-02-22 04:00:00,4,18.1,18.1,0.0,0.0,0.0
2023-02-22 05:00:00,5,17.3,17.3,0.0,0.0,0.0
2023-02-22 06:00:00,6,17.6,17.6,0.0,100.0,0.0
2023-02-22 07:00:00,7,18.0,18.34375,11.0,100.0,0.037399999999999996
2023-02-22 08:00:00,8,20.8,25.05,136.0,100.0,0.4623075200000001
2023-02-22 09:00:00,9,24.2,34.60625,333.0,99.0,1.0914169530375
2023-02-22 10:00:00,10,26.6,43.475,540.0,54.0,1.895856354
2023-02-22 11:00:00,11,28.3,50.1125,698.0,26.0,2.5297522910999994
2023-02-22 12:00:00,12,29.4,53.93125,785.0,60.0,2.5961429725000005
2023-02-22 13:00:00,13,30.0,54.6875,790.0,100.0,2.3670375
2023-02-22 14:00:00,14,30.2,52.23125,705.0,100.0,2.135906775
2023-02-22 15:00:00,15,30.1,47.94375,571.0,100.0,1.7632280149999997
2023-02-22 16:00:00,16,29.6,42.25625,405.0,100.0,1.281952575
2023-02-22 17:00:00,17,28.1,34.6625,210.0,77.0,0.72587212425
2023-02-22 18:00:00,18,24.8,26.05,40.0,36.0,0.15709740800000002
2023-02-22 19:00:00,19,22.6,22.6,0.0,37.0,0.0
2023-02-22 20:00:00,20,21.1,21.1,0.0,6.0,0.0
2023-02-22 21:00:00,21,21.0,21.0,0.0,17.0,0.0
2023-02-22 22:00:00,22,21.6,21.6,0.0,5.0,0.0
2023-02-22 23:00:00,23,19.7,19.7,0.0,8.0,0.0
2023-02-23 00:00:00,0,17.5,17.5,0.0,0.0,0.0
2023-02-23 01:00:00,1,17.3,17.3,0.0,6.0,0.0
2023-02-23 02:00:00,2,17.6,17.6,0.0,0.0,0.0
2023-02-23 03:00:00,3,17.3,17.3,0.0,0.0,0.0
2023-02-23 04:00:00,4,16.8,16.8,0.0,0.0,0.0
2023-02-23 05:00:00,5,16.6,16.6,0.0,0.0,0.0
2023-02-23 06:00:00,6,16.3,16.3,0.0,0.0,0.0
2023-02-23 07:00:00,7,16.5,16.875,12.0,0.0,0.051
2023-02-23 08:00:00,8,19.6,24.225,148.0,0.0,0.629
2023-02-23 09:00:00,9,23.3,34.45625,357.0,0.0,1.45986001875
2023-02-23 10:00:00,10,25.6,42.88125,553.0,0.0,2.1821483687499996
2023-02-23 11:00:00,11,27.1,49.00625,701.0,0.0,2.6931675187499997
2023-02-23 12:00:00,12,28.3,52.8,784.0,0.0,2.9614816
2023-02-23 13:00:00,13,29.1,54.00625,797.0,0.0,2.9942443187500003
2023-02-23 14:00:00,14,29.6,52.6,736.0,0.0,2.7826687999999997
2023-02-23 15:00:00,15,29.7,48.73125,609.0,2.0,2.333190127275
2023-02-23 16:00:00,16,29.4,42.7125,426.0,9.0,1.6519460056499997
2023-02-23 17:00:00,17,28.0,34.78125,217.0,5.0,0.8773052990624999
2023-02-23 18:00:00,18,24.9,26.18125,41.0,12.0,0.1692644287
2023-02-23 19:00:00,19,22.0,22.0,0.0,35.0,0.0
2023-02-23 20:00:00,20,21.6,21.6,0.0,77.0,0.0
2023-02-23 21:00:00,21,20.8,20.8,0.0,64.0,0.0
2023-02-23 22:00:00,22,20.4,20.4,0.0,71.0,0.0
2023-02-23 23:00:00,23,19.9,19.9,0.0,72.0,0.0
2023-02-24 00:00:00,0,19.0,19.0,0.0,95.0,0.0
2023-02-24 01:00:00,1,18.4,18.4,0.0,100.0,0.0
2023-02-24 02:00:00,2,18.0,18.0,0.0,100.0,0.0
2023-02-24 03:00:00,3,17.5,17.5,0.0,100.0,0.0
2023-02-24 04:00:00,4,17.3,17.3,0.0,100.0,0.0
2023-02-24 05:00:00,5,16.7,16.7,0.0,100.0,0.0
2023-02-24 06:00:00,6,17.0,17.0,0.0,100.0,0.0
2023-02-24 07:00:00,7,17.4,17.775,12.0,100.0,0.0408
2023-02-24 08:00:00,8,20.3,24.26875,127.0,100.0,0.43179999999999996
2023-02-24 09:00:00,9,23.2,32.79375,307.0,100.0,1.0112595349999998
2023-02-24 10:00:00,10,25.0,40.125,484.0,100.0,1.5460412000000001
2023-02-24 11:00:00,11,26.5,46.84375,651.0,100.0,2.020004175
2023-02-24 12:00:00,12,27.7,50.825,740.0,100.0,2.2560972
2023-02-24 13:00:00,13,28.2,49.825,692.0,100.0,2.11916696
2023-02-24 14:00:00,14,28.6,47.85,616.0,100.0,1.9029718400000002
2023-02-24 15:00:00,15,28.5,43.09375,467.0,95.0,1.4912940121875002
2023-02-24 16:00:00,16,28.3,40.20625,381.0,3.0,1.5116345640375
2023-02-24 17:00:00,17,26.8,33.925,228.0,21.0,0.8951616186000001
2023-02-24 18:00:00,18,23.3,24.64375,43.0,21.0,0.17507449999999997
2023-02-24 19:00:00,19,21.9,21.9,0.0,13.0,0.0
2023-02-24 20:00:00,20,20.2,20.2,0.0,15.0,0.0
2023-02-24 21:00:00,21,21.7,21.7,0.0,32.0,0.0
2023-02-24 22:00:00,22,23.3,23.3,0.0,84.0,0.0
2023-02-24 23:00:00,23,23.1,23.1,0.0,51.0,0.0
2023-02-25 00:00:00,0,21.1,21.1,0.0,0.0,0.0
2023-02-25 01:00:00,1,20.6,20.6,0.0,0.0,0.0
2023-02-25 02:00:00,2,17.6,17.6,0.0,0.0,0.0
2023-02-25 03:00:00,3,16.6,16.6,0.0,0.0,0.0
2023-02-25 04:00:00,4,16.1,16.1,0.0,0.0,0.0
2023-02-25 05:00:00,5,16.5,16.5,0.0,0.0,0.0
2023-02-25 06:00:00,6,18.1,18.1,0.0,0.0,0.0
2023-02-25 07:00:00,7,18.7,19.1375,14.0,0.0,0.038675
2023-02-25 08:00:00,8,21.6,26.50625,157.0,0.0,0.4310993821875
2023-02-25 09:00:00,9,24.5,36.03125,369.0,0.0,0.9743831296875001
2023-02-25 10:00:00,10,26.3,43.9875,566.0,0.0,1.44482147875
2023-02-25 11:00:00,11,27.9,50.2125,714.0,0.0,1.77350593875
2023-02-25 12:00:00,12,28.9,53.86875,799.0,0.0,1.9523567496875
2023-02-25 13:00:00,13,29.6,54.9125,810.0,0.0,1.9698931687500003
2023-02-25 14:00:00,14,29.9,53.30625,749.0,0.0,1.831167562713125
2023-02-25 15:00:00,15,29.9,49.24375,619.0,0.0,1.541073139263125
2023-02-25 16:00:00,16,29.4,42.9625,434.0,0.0,1.05936869129
2023-02-25 17:00:00,17,28.0,34.84375,219.0,0.0,0.53932215675
2023-02-25 18:00:00,18,25.3,26.6125,42.0,0.0,0.11435442564000002
2023-02-25 19:00:00,19,23.3,23.3,0.0,0.0,0.0
2023-02-25 20:00:00,20,21.2,21.2,0.0,0.0,0.0
2023-02-25 21:00:00,21,20.6,20.6,0.0,0.0,0.0
2023-02-25 22:00:00,22,20.2,20.2,0.0,0.0,0.0
2023-02-25 23:00:00,23,19.6,19.6,0.0,0.0,0.0
2023-02-26 00:00:00,0,17.8,17.8,0.0,0.0,0.0
2023-02-26 01:00:00,1,21.2,21.2,0.0,0.0,0.0
2023-02-26 02:00:00,2,17.0,17.0,0.0,0.0,0.0
2023-02-26 03:00:00,3,16.3,16.3,0.0,0.0,0.0
2023-02-26 04:00:00,4,14.9,14.9,0.0,0.0,0.0
2023-02-26 05:00:00,5,15.2,15.2,0.0,0.0,0.0
2023-02-26 06:00:00,6,15.7,15.7,0.0,2.0,0.0
2023-02-26 07:00:00,7,16.6,17.06875,15.0,3.0,0.06336750000000001
2023-02-26 08:00:00,8,20.4,25.30625,157.0,20.0,0.639775314
2023-02-26 09:00:00,9,23.6,35.1,368.0,7.0,1.4798029983999998
2023-02-26 10:00:00,10,26.2,43.825,564.0,1.0,2.2120728881999994
2023-02-26 11:00:00,11,28.0,50.25,712.0,9.0,2.671407268
2023-02-26 12:00:00,12,28.9,53.86875,799.0,16.0,2.90750974415
2023-02-26 13:00:00,13,29.5,53.625,772.0,27.0,2.748437923
2023-02-26 14:00:00,14,29.7,51.04375,683.0,17.0,2.5119439141125
2023-02-26 15:00:00,15,29.7,48.1375,590.0,44.0,2.0751929579999997
2023-02-26 16:00:00,16,29.3,42.268750000000004,415.0,75.0,1.3956311234374998
2023-02-26 17:00:00,17,28.3,34.675,204.0,91.0,0.6817597277999999
2023-02-26 18:00:00,18,25.6,26.88125,41.0,74.0,0.147343830975
2023-02-26 19:00:00,19,24.0,24.0,0.0,98.0,0.0
2023-02-26 20:00:00,20,22.8,22.8,0.0,67.0,0.0
2023-02-26 21:00:00,21,21.6,21.6,0.0,7.0,0.0
2023-02-26 22:00:00,22,20.0,20.0,0.0,1.0,0.0
2023-02-26 23:00:00,23,19.3,19.3,0.0,2.0,0.0
2023-02-27 00:00:00,0,18.8,18.8,0.0,0.0,0.0
2023-02-27 01:00:00,1,19.5,19.5,0.0,0.0,0.0
2023-02-27 02:00:00,2,18.1,18.1,0.0,0.0,0.0
2023-02-27 03:00:00,3,18.7,18.7,0.0,0.0,0.0
2023-02-27 04:00:00,4,18.2,18.2,0.0,0.0,0.0
2023-02-27 05:00:00,5,17.7,17.7,0.0,0.0,0.0
2023-02-27 06:00:00,6,16.3,16.3,0.0,0.0,0.0
2023-02-27 07:00:00,7,17.1,17.6,16.0,0.0,0.04358120000000001
2023-02-27 08:00:00,8,20.6,25.6,160.0,0.0,0.41977411840000006
2023-02-27 09:00:00,9,24.5,36.0625,370.0,0.0,0.97689596875
2023-02-27 10:00:00,10,27.0,44.65625,565.0,0.0,1.4380936171874998
2023-02-27 11:00:00,11,28.7,50.98125,713.0,0.0,1.7649653246874997
2023-02-27 12:00:00,12,29.7,54.60625,797.0,0.0,1.9370927477931252
2023-02-27 13:00:00,13,30.2,54.85625,789.0,0.0,1.9077964035243749
2023-02-27 14:00:00,14,30.6,53.975,748.0,0.0,1.8049377145800003
2023-02-27 15:00:00,15,30.4,49.68125,617.0,0.0,1.4501628310649999
2023-02-27 16:00:00,16,29.4,41.9,400.0,0.0,0.9581808600000001
2023-02-27 17:00:00,17,28.5,35.125,212.0,0.0,0.5473209644500001
2023-02-27 18:00:00,18,25.9,27.18125,41.0,0.0,0.11025334756312499
2023-02-27 19:00:00,19,23.8,23.8,0.0,0.0,0.0
2023-02-27 20:00:00,20,21.8,21.8,0.0,0.0,0.0
2023-02-27 21:00:00,21,21.1,21.1,0.0,0.0,0.0
2023-02-27 22:00:00,22,20.5,20.5,0.0,0.0,0.0
2023-02-27 23:00:00,23,19.5,19.5,0.0,0.0,0.0
2023-02-28 00:00:00,0,18.6,18.6,0.0,0.0,0.0
2023-02-28 01:00:00,1,18.9,18.9,0.0,0.0,0.0
2023-02-28 02:00:00,2,18.9,18.9,0.0,0.0,0.0
2023-02-28 03:00:00,3,17.8,17.8,0.0,0.0,0.0
2023-02-28 04:00:00,4,17.5,17.5,0.0,0.0,0.0
2023-02-28 05:00:00,5,16.6,16.6,0.0,0.0,0.0
2023-02-28 06:00:00,6,17.4,17.4,0.0,0.0,0.0
2023-02-28 07:00:00,7,17.9,18.43125,17.0,0.0,0.07225000000000001
2023-02-28 08:00:00,8,21.3,26.425,164.0,0.0,0.6930271
2023-02-28 09:00:00,9,24.3,36.01875,375.0,0.0,1.52350546875
2023-02-28 10:00:00,10,26.7,44.5125,570.0,0.0,2.2334238749999997
2023-02-28 11:00:00,11,28.3,50.76875,719.0,0.0,2.7407785687499997
2023-02-28 12:00:00,12,29.3,54.39375,803.0,7.0,2.9693349758875005
2023-02-28 13:00:00,13,29.9,54.49375,787.0,16.0,2.85574821895
2023-02-28 14:00:00,14,30.0,51.1875,678.0,18.0,2.4867950115
2023-02-28 15:00:00,15,29.9,48.525,596.0,12.0,2.2395732272
2023-02-28 16:00:00,16,29.5,43.0,432.0,13.0,1.659508992
2023-02-28 17:00:00,17,28.3,35.05,216.0,21.0,0.8440903512
2023-02-28 18:00:00,18,24.3,25.675,44.0,10.0,0.18276519799999996
2023-02-28 19:00:00,19,23.2,23.2,0.0,4.0,0.0
2023-02-28 20:00:00,20,21.8,21.8,0.0,3.0,0.0
2023-02-28 21:00:00,21,20.2,20.2,0.0,1.0,0.0
2023-02-28 22:00:00,22,20.4,20.4,0.0,0.0,0.0
2023-02-28 23:00:00,23,19.8,19.8,0.0,0.0,0.0
2023-03-01 00:00:00,0,18.6,18.6,0.0,0.0,0.0
2023-03-01 01:00:00,1,18.1,18.1,0.0,0.0,0.0
2023-03-01 02:00:00,2,17.7,17.7,0.0,0.0,0.0
2023-03-01 03:00:00,3,17.6,17.6,0.0,0.0,0.0
2023-03-01 04:00:00,4,17.6,17.6,0.0,0.0,0.0
2023-03-01 05:00:00,5,17.0,17.0,0.0,0.0,0.0
2023-03-01 06:00:00,6,17.5,17.5,0.0,0.0,0.0
2023-03-01 07:00:00,7,18.3,18.8625,18.0,0.0,0.0765
2023-03-01 08:00:00,8,21.4,26.5875,166.0,0.0,0.7010200750000001
2023-03-01 09:00:00,9,24.5,36.28125,377.0,0.0,1.52994846875
2023-03-01 10:00:00,10,27.0,44.84375,571.0,0.0,2.23412671875
2023-03-01 11:00:00,11,28.6,51.00625,717.0,0.0,2.73025981875
2023-03-01 12:00:00,12,28.9,53.9,800.0,40.0,2.7664031999999996
2023-03-01 13:00:00,13,28.5,51.375,732.0,60.0,2.44885476
2023-03-01 14:00:00,14,28.9,48.11875,615.0,76.0,2.0114928615000003
2023-03-01 15:00:00,15,28.4,44.61875,519.0,75.0,1.7277557034375002
2023-03-01 16:00:00,16,28.5,39.4375,350.0,46.0,1.2726499625
2023-03-01 17:00:00,17,28.3,35.33125,225.0,33.0,0.8562285928125
2023-03-01 18:00:00,18,25.6,26.94375,43.0,21.0,0.17371329576249997
2023-03-01 19:00:00,19,23.6,23.6,0.0,11.0,0.0
2023-03-01 20:00:00,20,20.9,20.9,0.0,2.0,0.0
2023-03-01 21:00:00,21,20.3,20.3,0.0,0.0,0.0
2023-03-01 22:00:00,22,20.3,20.3,0.0,0.0,0.0
2023-03-01 23:00:00,23,19.5,19.5,0.0,0.0,0.0
2023-03-02 00:00:00,0,18.9,18.9,0.0,0.0,0.0
2023-03-02 01:00:00,1,18.5,18.5,0.0,0.0,0.0
2023-03-02 02:00:00,2,18.4,18.4,0.0,0.0,0.0
2023-03-02 03:00:00,3,18.1,18.1,0.0,0.0,0.0
2023-03-02 04:00:00,4,17.6,17.6,0.0,0.0,0.0
2023-03-02 05:00:00,5,17.2,17.2,0.0,0.0,0.0
2023-03-02 06:00:00,6,17.8,17.8,0.0,0.0,0.0
2023-03-02 07:00:00,7,18.6,19.19375,19.0,0.0,0.08075
2023-03-02 08:00:00,8,21.8,27.08125,169.0,0.0,0.71227056875
2023-03-02 09:00:00,9,25.0,36.875,380.0,0.0,1.5382875
2023-03-02 10:00:00,10,27.3,45.3,576.0,0.0,2.2492224000000003
2023-03-02 11:00:00,11,28.9,51.49375,723.0,0.0,2.7471153187499997
2023-03-02 12:00:00,12,30.0,55.21875,807.0,1.0,3.0091486108125
2023-03-02 13:00:00,13,30.8,56.01875,807.0,29.0,2.8299599501625
2023-03-02 14:00:00,14,31.0,53.15625,709.0,16.0,2.5883184717499996
2023-03-02 15:00:00,15,31.0,50.09375,611.0,6.0,2.3080680041249995
2023-03-02 16:00:00,16,30.6,44.0375,430.0,9.0,1.6579458292499998
2023-03-02 17:00:00,17,29.5,36.5,224.0,1.0,0.906391584
2023-03-02 18:00:00,18,26.5,28.0,48.0,2.0,0.20074579199999998
2023-03-02 19:00:00,19,24.3,24.3,0.0,4.0,0.0
2023-03-02 20:00:00,20,23.6,23.6,0.0,4.0,0.0
2023-03-02 21:00:00,21,23.2,23.2,0.0,9.0,0.0
2023-03-02 22:00:00,22,21.4,21.4,0.0,60.0,0.0
2023-03-02 23:00:00,23,20.7,20.7,0.0,35.0,0.0
2023-03-03 00:00:00,0,20.3,20.3,0.0,46.0,0.0
2023-03-03 01:00:00,1,19.5,19.5,0.0,10.0,0.0
2023-03-03 02:00:00,2,19.0,19.0,0.0,0.0,0.0
2023-03-03 03:00:00,3,18.4,18.4,0.0,0.0,0.0
2023-03-03 04:00:00,4,17.8,17.8,0.0,0.0,0.0
2023-03-03 05:00:00,5,17.7,17.7,0.0,0.0,0.0
2023-03-03 06:00:00,6,17.6,17.6,0.0,0.0,0.0
2023-03-03 07:00:00,7,18.5,19.125,20.0,0.0,0.085
2023-03-03 08:00:00,8,21.9,27.2125,170.0,0.0,0.716105875
2023-03-03 09:00:00,9,25.0,36.90625,381.0,0.0,1.54213321875
2023-03-03 10:00:00,10,27.2,45.1375,574.0,0.0,2.2429982749999997
2023-03-03 11:00:00,11,28.9,51.4,720.0,0.0,2.7368639999999997
2023-03-03 12:00:00,12,30.1,55.224999999999994,804.0,0.0,3.0038847000000004
2023-03-03 13:00:00,13,30.9,56.24375,811.0,8.0,2.9677365400499998
2023-03-03 14:00:00,14,31.4,54.525,740.0,14.0,2.6959153860000002
2023-03-03 15:00:00,15,31.5,50.3125,602.0,15.0,2.2304683187499994
2023-03-03 16:00:00,16,31.3,44.7375,430.0,42.0,1.5418284895
2023-03-03 17:00:00,17,30.1,36.31875,199.0,38.0,0.7460918099250001
2023-03-03 18:00:00,18,27.3,28.675,44.0,38.0,0.17024801639999995
2023-03-03 19:00:00,19,24.9,24.9,0.0,5.0,0.0
2023-03-03 20:00:00,20,23.4,23.4,0.0,2.0,0.0
2023-03-03 21:00:00,21,22.2,22.2,0.0,0.0,0.0
2023-03-03 22:00:00,22,21.7,21.7,0.0,0.0,0.0
2023-03-03 23:00:00,23,20.8,20.8,0.0,0.0,0.0
2023-03-04 00:00:00,0,20.3,20.3,0.0,0.0,0.0
2023-03-04 01:00:00,1,20.0,20.0,0.0,11.0,0.0
2023-03-04 02:00:00,2,19.9,19.9,0.0,17.0,0.0
2023-03-04 03:00:00,3,19.5,19.5,0.0,18.0,0.0
2023-03-04 04:00:00,4,19.1,19.1,0.0,22.0,0.0
2023-03-04 05:00:00,5,19.6,19.6,0.0,12.0,0.0
2023-03-04 06:00:00,6,19.2,19.2,0.0,1.0,0.0
2023-03-04 07:00:00,7,19.2,19.85625,21.0,0.0,0.08925000000000001
2023-03-04 08:00:00,8,21.6,26.94375,171.0,78.0,0.608607993825
2023-03-04 09:00:00,9,24.0,32.40625,269.0,33.0,1.0361620583125
2023-03-04 10:00:00,10,26.9,43.93125,545.0,12.0,2.0894715214999997
2023-03-04 11:00:00,11,29.1,51.6,720.0,2.0,2.7234783359999994
2023-03-04 12:00:00,12,30.3,55.706250000000004,813.0,24.0,2.8853776906499995
2023-03-04 13:00:00,13,30.7,54.5125,762.0,10.0,2.7990711735
2023-03-04 14:00:00,14,31.2,54.2625,738.0,44.0,2.5256678796000003
2023-03-04 15:00:00,15,30.2,46.3875,518.0,97.0,1.6226083100499997
2023-03-04 16:00:00,16,29.0,38.34375,299.0,66.0,1.044137787875
2023-03-04 17:00:00,17,26.9,32.68125,185.0,80.0,0.64015767375
2023-03-04 18:00:00,18,24.8,25.70625,29.0,43.0,0.11233226233750002
2023-03-04 19:00:00,19,22.2,22.2,0.0,1.0,0.0
2023-03-04 20:00:00,20,21.9,21.9,0.0,0.0,0.0
2023-03-04 21:00:00,21,21.2,21.2,0.0,20.0,0.0
2023-03-04 22:00:00,22,19.8,19.8,0.0,54.0,0.0
2023-03-04 23:00:00,23,19.9,19.9,0.0,87.0,0.0
2023-03-05 00:00:00,0,20.8,20.8,0.0,94.0,0.0
2023-03-05 01:00:00,1,20.8,20.8,0.0,48.0,0.0
2023-03-05 02:00:00,2,19.0,19.0,0.0,20.0,0.0
2023-03-05 03:00:00,3,17.3,17.3,0.0,3.0,0.0
2023-03-05 04:00:00,4,17.1,17.1,0.0,1.0,0.0
2023-03-05 05:00:00,5,20.7,20.7,0.0,0.0,0.0
2023-03-05 06:00:00,6,18.4,18.4,0.0,3.0,0.0
2023-03-05 07:00:00,7,19.0,19.71875,23.0,55.0,0.08699749999999999
2023-03-05 08:00:00,8,22.1,27.6625,178.0,1.0,0.7469463884499999
2023-03-05 09:00:00,9,25.2,37.48125,393.0,0.0,1.58686276875
2023-03-05 10:00:00,10,27.3,45.64375,587.0,0.0,2.28874601875
2023-03-05 11:00:00,11,28.8,51.70625,733.0,1.0,2.7768984919125
2023-03-05 12:00:00,12,29.7,55.10625,813.0,23.0,2.899350548887499
2023-03-05 13:00:00,13,30.2,55.16875,799.0,16.0,2.8904168969499997
2023-03-05 14:00:00,14,30.4,52.8375,718.0,25.0,2.57612970125
2023-03-05 15:00:00,15,30.4,49.43125,609.0,7.0,2.3026188829875003
2023-03-05 16:00:00,16,29.7,43.418749999999996,439.0,9.0,1.6971816331125
2023-03-05 17:00:00,17,27.9,35.0875,230.0,16.0,0.908040023
2023-03-05 18:00:00,18,25.6,27.1625,50.0,13.0,0.20518466624999998
2023-03-05 19:00:00,19,22.7,22.7,0.0,9.0,0.0
2023-03-05 20:00:00,20,22.3,22.3,0.0,4.0,0.0
2023-03-05 21:00:00,21,21.6,21.6,0.0,0.0,0.0
2023-03-05 22:00:00,22,20.5,20.5,0.0,0.0,0.0
2023-03-05 23:00:00,23,19.8,19.8,0.0,0.0,0.0
2023-03-06 00:00:00,0,18.9,18.9,0.0,0.0,0.0
2023-03-06 01:00:00,1,18.4,18.4,0.0,0.0,0.0
2023-03-06 02:00:00,2,19.0,19.0,0.0,0.0,0.0
2023-03-06 03:00:00,3,17.4,17.4,0.0,0.0,0.0
2023-03-06 04:00:00,4,16.9,16.9,0.0,2.0,0.0
2023-03-06 05:00:00,5,16.8,16.8,0.0,0.0,0.0
2023-03-06 06:00:00,6,16.6,16.6,0.0,0.0,0.0
2023-03-06 07:00:00,7,17.9,18.68125,25.0,0.0,0.10625
2023-03-06 08:00:00,8,21.9,27.7125,186.0,0.0,0.7819230749999999
2023-03-06 09:00:00,9,25.2,37.79375,403.0,0.0,1.62510001875
2023-03-06 10:00:00,10,27.1,45.85,600.0,0.0,2.3373299999999997
2023-03-06 11:00:00,11,28.3,51.64375,747.0,2.0,2.825055414675
2023-03-06 12:00:00,12,29.3,54.7375,814.0,4.0,3.0236085351999997
2023-03-06 13:00:00,13,30.0,55.875,828.0,18.0,2.973364974
2023-03-06 14:00:00,14,30.2,54.73125,785.0,7.0,2.8983336581874997
2023-03-06 15:00:00,15,29.9,50.15,648.0,92.0,2.0211892415999997
2023-03-06 16:00:00,16,29.0,42.625,436.0,78.0,1.4536747939999999
2023-03-06 17:00:00,17,28.5,34.71875,199.0,100.0,0.6502971750000002
2023-03-06 18:00:00,18,26.0,27.375,44.0,100.0,0.1481788
2023-03-06 19:00:00,19,23.1,23.1,0.0,100.0,0.0
2023-03-06 20:00:00,20,21.9,21.9,0.0,100.0,0.0
2023-03-06 21:00:00,21,21.1,21.1,0.0,99.0,0.0
2023-03-06 22:00:00,22,20.4,20.4,0.0,96.0,0.0
2023-03-06 23:00:00,23,19.7,19.7,0.0,52.0,0.0
2023-03-07 00:00:00,0,18.4,18.4,0.0,95.0,0.0
2023-03-07 01:00:00,1,17.3,17.3,0.0,0.0,0.0
2023-03-07 02:00:00,2,17.3,17.3,0.0,98.0,0.0
2023-03-07 03:00:00,3,17.0,17.0,0.0,42.0,0.0
2023-03-07 04:00:00,4,16.6,16.6,0.0,87.0,0.0
2023-03-07 05:00:00,5,18.6,18.6,0.0,100.0,0.0
2023-03-07 06:00:00,6,17.3,17.3,0.0,100.0,0.0
2023-03-07 07:00:00,7,17.9,18.5875,22.0,100.0,0.07479999999999999
2023-03-07 08:00:00,8,20.3,25.425,164.0,100.0,0.55665208
2023-03-07 09:00:00,9,23.0,33.84375,347.0,100.0,1.1380645749999998
2023-03-07 10:00:00,10,25.7,43.41875,567.0,100.0,1.785769335
2023-03-07 11:00:00,11,27.7,50.3875,726.0,98.0,2.2288226499
2023-03-07 12:00:00,12,28.8,51.95625,741.0,43.0,2.5680494565375
2023-03-07 13:00:00,13,29.5,53.21875,759.0,40.0,2.6327119912499994
2023-03-07 14:00:00,14,29.7,51.60625,701.0,56.0,2.36401878705
2023-03-07 15:00:00,15,29.6,47.5375,574.0,66.0,1.9265946371
2023-03-07 16:00:00,16,28.8,40.83125,385.0,73.0,1.3088698363125
2023-03-07 17:00:00,17,27.7,33.45,184.0,96.0,0.6104992671999999
2023-03-07 18:00:00,18,24.8,26.20625,45.0,65.0,0.16558468031249998
2023-03-07 19:00:00,19,23.2,23.2,0.0,28.0,0.0
2023-03-07 20:00:00,20,22.5,22.5,0.0,60.0,0.0
2023-03-07 21:00:00,21,23.8,23.8,0.0,19.0,0.0
2023-03-07 22:00:00,22,19.8,19.8,0.0,10.0,0.0
2023-03-07 23:00:00,23,18.6,18.6,0.0,3.0,0.0
2023-03-08 00:00:00,0,18.3,18.3,0.0,10.0,0.0
2023-03-08 01:00:00,1,17.3,17.3,0.0,5.0,0.0
2023-03-08 02:00:00,2,17.6,17.6,0.0,57.0,0.0
2023-03-08 03:00:00,3,17.7,17.7,0.0,100.0,0.0
2023-03-08 04:00:00,4,18.1,18.1,0.0,18.0,0.0
2023-03-08 05:00:00,5,18.1,18.1,0.0,54.0,0.0
2023-03-08 06:00:00,6,17.7,17.7,0.0,64.0,0.0
2023-03-08 07:00:00,7,19.0,19.75,24.0,50.0,0.09179999999999999
2023-03-08 08:00:00,8,21.2,26.5125,170.0,37.0,0.66498733825
2023-03-08 09:00:00,9,23.4,34.49375,355.0,67.0,1.2569602194374998
2023-03-08 10:00:00,10,24.3,39.70625,493.0,65.0,1.7156373193124996
2023-03-08 11:00:00,11,25.5,44.9375,622.0,42.0,2.2283356815
2023-03-08 12:00:00,12,23.3,40.9875,566.0,72.0,1.9274280433999997
2023-03-08 13:00:00,13,24.4,44.3375,638.0,100.0,2.00141238
2023-03-08 14:00:00,14,25.1,42.475,556.0,75.0,1.8681523549999999
2023-03-08 15:00:00,15,25.2,42.41875,551.0,97.0,1.7559423864125001
2023-03-08 16:00:00,16,24.9,37.65,408.0,100.0,1.3170076800000001
2023-03-08 17:00:00,17,25.3,29.2375,126.0,67.0,0.45588255614999995
2023-03-08 18:00:00,18,22.8,24.51875,55.0,24.0,0.22253
2023-03-08 19:00:00,19,21.2,21.2,0.0,29.0,0.0
2023-03-08 20:00:00,20,20.6,20.6,0.0,50.0,0.0
2023-03-08 21:00:00,21,19.4,19.4,0.0,7.0,0.0
2023-03-08 22:00:00,22,19.8,19.8,0.0,15.0,0.0
2023-03-08 23:00:00,23,18.7,18.7,0.0,16.0,0.0
2023-03-09 00:00:00,0,19.1,19.1,0.0,4.0,0.0
2023-03-09 01:00:00,1,19.0,19.0,0.0,1.0,0.0
2023-03-09 02:00:00,2,18.1,18.1,0.0,0.0,0.0
2023-03-09 03:00:00,3,15.9,15.9,0.0,0.0,0.0
2023-03-09 04:00:00,4,15.6,15.6,0.0,0.0,0.0
2023-03-09 05:00:00,5,17.2,17.2,0.0,0.0,0.0
2023-03-09 06:00:00,6,16.0,16.0,0.0,2.0,0.0
2023-03-09 07:00:00,7,16.6,17.475,28.0,2.0,0.118524
2023-03-09 08:00:00,8,19.6,25.50625,189.0,3.0,0.7968136782374999
2023-03-09 09:00:00,9,22.9,35.43125,401.0,3.0,1.6233413277374997
2023-03-09 10:00:00,10,25.2,43.79375,595.0,4.0,2.3199420089999996
2023-03-09 11:00:00,11,26.5,49.375,732.0,12.0,2.74029324
2023-03-09 12:00:00,12,27.6,52.6,800.0,37.0,2.80081664
2023-03-09 13:00:00,13,28.4,53.05625,789.0,60.0,2.6196997365
2023-03-09 14:00:00,14,28.6,49.06875,655.0,100.0,2.012595575
2023-03-09 15:00:00,15,26.0,37.0,352.0,88.0,1.1735342079999997
2023-03-09 16:00:00,16,25.8,33.581250000000004,249.0,39.0,0.9422153743875001
2023-03-09 17:00:00,17,25.2,31.2625,194.0,9.0,0.7893770420499999
2023-03-09 18:00:00,18,21.9,23.61875,55.0,21.0,0.2239325
2023-03-09 19:00:00,19,21.4,21.4,0.0,3.0,0.0
2023-03-09 20:00:00,20,19.6,19.6,0.0,0.0,0.0
2023-03-09 21:00:00,21,18.2,18.2,0.0,0.0,0.0
2023-03-09 22:00:00,22,16.8,16.8,0.0,0.0,0.0
2023-03-09 23:00:00,23,17.3,17.3,0.0,0.0,0.0
2023-03-10 00:00:00,0,18.5,18.5,0.0,0.0,0.0
2023-03-10 01:00:00,1,18.2,18.2,0.0,0.0,0.0
2023-03-10 02:00:00,2,19.1,19.1,0.0,0.0,0.0
2023-03-10 03:00:00,3,19.1,19.1,0.0,0.0,0.0
2023-03-10 04:00:00,4,16.8,16.8,0.0,0.0,0.0
2023-03-10 05:00:00,5,15.9,15.9,0.0,0.0,0.0
2023-03-10 06:00:00,6,15.9,15.9,0.0,0.0,0.0
2023-03-10 07:00:00,7,17.3,18.26875,31.0,0.0,0.13175
2023-03-10 08:00:00,8,21.1,27.31875,199.0,0.0,0.83790566875
2023-03-10 09:00:00,9,24.3,37.3,416.0,0.0,1.6810144
2023-03-10 10:00:00,10,26.0,45.15625,613.0,0.0,2.39520171875
2023-03-10 11:00:00,11,27.3,51.08125,761.0,0.0,2.89683686875
2023-03-10 12:00:00,12,28.3,54.64375,843.0,0.0,3.15792541875
2023-03-10 13:00:00,13,29.1,55.725,852.0,0.0,3.1759790999999997
2023-03-10 14:00:00,14,29.6,54.19375,787.0,0.0,2.95416681875
2023-03-10 15:00:00,15,29.6,49.94375,651.0,1.0,2.4857161237125003
2023-03-10 16:00:00,16,29.2,43.85625,469.0,0.0,1.8429091187499995
2023-03-10 17:00:00,17,27.9,35.80625,253.0,0.0,1.0287723187500002
2023-03-10 18:00:00,18,24.4,26.275,60.0,0.0,0.2536995
2023-03-10 19:00:00,19,22.3,22.3,0.0,0.0,0.0
2023-03-10 20:00:00,20,21.1,21.1,0.0,0.0,0.0
2023-03-10 21:00:00,21,20.8,20.8,0.0,0.0,0.0
2023-03-10 22:00:00,22,18.9,18.9,0.0,0.0,0.0
2023-03-10 23:00:00,23,18.5,18.5,0.0,0.0,0.0
2023-03-11 00:00:00,0,17.7,17.7,0.0,0.0,0.0
2023-03-11 01:00:00,1,18.9,18.9,0.0,0.0,0.0
2023-03-11 02:00:00,2,17.4,17.4,0.0,0.0,0.0
2023-03-11 03:00:00,3,16.4,16.4,0.0,0.0,0.0
2023-03-11 04:00:00,4,15.8,15.8,0.0,0.0,0.0
2023-03-11 05:00:00,5,16.5,16.5,0.0,0.0,0.0
2023-03-11 06:00:00,6,16.3,16.3,0.0,0.0,0.0
2023-03-11 07:00:00,7,18.1,19.13125,33.0,0.0,0.14025
2023-03-11 08:00:00,8,21.6,28.00625,205.0,0.0,0.8607732187499999
2023-03-11 09:00:00,9,24.3,37.518750000000004,423.0,0.0,1.7077276687499998
2023-03-11 10:00:00,10,26.7,46.04375,619.0,0.0,2.40930661875
2023-03-11 11:00:00,11,28.2,52.10625,765.0,0.0,2.8987332187500003
2023-03-11 12:00:00,12,29.1,55.53750000000001,846.0,0.0,3.1563096749999997
2023-03-11 13:00:00,13,29.7,56.387499999999996,854.0,0.0,3.1738162749999996
2023-03-11 14:00:00,14,30.1,54.75625,789.0,0.0,2.95412941875
2023-03-11 15:00:00,15,30.2,50.7,656.0,15.0,2.426351792
2023-03-11 16:00:00,16,30.0,44.625,468.0,56.0,1.627582788
2023-03-11 17:00:00,17,28.8,36.581250000000004,249.0,33.0,0.9426176152125001
2023-03-11 18:00:00,18,26.1,28.00625,61.0,0.0,0.25613251875
2023-03-11 19:00:00,19,23.9,23.9,0.0,0.0,0.0
2023-03-11 20:00:00,20,22.5,22.5,0.0,0.0,0.0
2023-03-11 21:00:00,21,20.9,20.9,0.0,0.0,0.0
2023-03-11 22:00:00,22,21.4,21.4,0.0,0.0,0.0
2023-03-11 23:00:00,23,22.1,22.1,0.0,0.0,0.0
2023-03-12 00:00:00,0,21.9,21.9,0.0,0.0,0.0
2023-03-12 01:00:00,1,22.0,22.0,0.0,0.0,0.0
2023-03-12 02:00:00,2,19.3,19.3,0.0,0.0,0.0
2023-03-12 03:00:00,3,21.4,21.4,0.0,0.0,0.0
2023-03-12 04:00:00,4,21.3,21.3,0.0,0.0,0.0
2023-03-12 05:00:00,5,20.9,20.9,0.0,0.0,0.0
2023-03-12 06:00:00,6,20.6,20.6,0.0,0.0,0.0
2023-03-12 07:00:00,7,20.6,21.6625,34.0,0.0,0.14450000000000002
2023-03-12 08:00:00,8,22.6,29.0375,206.0,16.0,0.8337971333999998
2023-03-12 09:00:00,9,25.0,38.21875,423.0,0.0,1.7026939687499998
2023-03-12 10:00:00,10,27.3,46.64375,619.0,0.0,2.40299281875
2023-03-12 11:00:00,11,29.1,53.0375,766.0,25.0,2.74587589125
2023-03-12 12:00:00,12,30.3,56.8,848.0,29.0,2.9631280704
2023-03-12 13:00:00,13,31.1,57.85,856.0,68.0,2.7302113152
2023-03-12 14:00:00,14,31.5,56.125,788.0,100.0,2.3456396
2023-03-12 15:00:00,15,31.7,51.2,624.0,97.0,1.9135007424000001
2023-03-12 16:00:00,16,31.5,45.15625,437.0,91.0,1.3967425409375
2023-03-12 17:00:00,17,30.9,38.11875,231.0,100.0,0.7441861350000001
2023-03-12 18:00:00,18,26.6,28.31875,55.0,100.0,0.18451757500000002
2023-03-12 19:00:00,19,25.6,25.6,0.0,99.0,0.0
2023-03-12 20:00:00,20,23.7,23.7,0.0,100.0,0.0
2023-03-12 21:00:00,21,24.9,24.9,0.0,100.0,0.0
2023-03-12 22:00:00,22,24.3,24.3,0.0,100.0,0.0
2023-03-12 23:00:00,23,24.5,24.5,0.0,100.0,0.0
2023-03-13 00:00:00,0,21.6,21.6,0.0,100.0,0.0
2023-03-13 01:00:00,1,21.3,21.3,0.0,100.0,0.0
2023-03-13 02:00:00,2,20.3,20.3,0.0,100.0,0.0
2023-03-13 03:00:00,3,20.1,20.1,0.0,100.0,0.0
2023-03-13 04:00:00,4,19.7,19.7,0.0,100.0,0.0
2023-03-13 05:00:00,5,20.9,20.9,0.0,100.0,0.0
2023-03-13 06:00:00,6,21.6,21.6,0.0,100.0,0.0
2023-03-13 07:00:00,7,22.2,23.23125,33.0,9.0,0.1377255
2023-03-13 08:00:00,8,25.0,30.84375,187.0,57.0,0.6876890288125
2023-03-13 09:00:00,9,27.5,40.25,408.0,88.0,1.3416582240000001
2023-03-13 10:00:00,10,29.4,46.99375,563.0,95.0,1.7676207331874998
2023-03-13 11:00:00,11,30.9,53.3375,718.0,100.0,2.1644899800000004
2023-03-13 12:00:00,12,31.4,52.4625,674.0,99.0,2.0449674093500003
2023-03-13 13:00:00,13,32.3,54.8,720.0,58.0,2.382599232
2023-03-13 14:00:00,14,32.1,50.6625,594.0,40.0,2.084131269
2023-03-13 15:00:00,15,31.4,49.0875,566.0,75.0,1.84767056375
2023-03-13 16:00:00,16,30.9,39.80625,285.0,76.0,0.9663076334999997
2023-03-13 17:00:00,17,28.2,34.04375,187.0,99.0,0.6143319348375
2023-03-13 18:00:00,18,25.8,27.20625,45.0,80.0,0.15923226375
2023-03-13 19:00:00,19,23.2,23.2,0.0,77.0,0.0
2023-03-13 20:00:00,20,22.6,22.6,0.0,97.0,0.0
2023-03-13 21:00:00,21,23.5,23.5,0.0,1.0,0.0
2023-03-13 22:00:00,22,24.1,24.1,0.0,12.0,0.0
2023-03-13 23:00:00,23,20.6,20.6,0.0,59.0,0.0
2023-03-14 00:00:00,0,19.6,19.6,0.0,43.0,0.0
2023-03-14 01:00:00,1,19.2,19.2,0.0,39.0,0.0
2023-03-14 02:00:00,2,19.8,19.8,0.0,50.0,0.0
2023-03-14 03:00:00,3,19.0,19.0,0.0,0.0,0.0
2023-03-14 04:00:00,4,18.0,18.0,0.0,1.0,0.0
2023-03-14 05:00:00,5,18.8,18.8,0.0,0.0,0.0
2023-03-14 06:00:00,6,19.4,19.4,0.0,5.0,0.0
2023-03-14 07:00:00,7,20.6,21.6625,34.0,69.0,0.12455900000000002
2023-03-14 08:00:00,8,23.4,28.5875,166.0,44.0,0.6341829804
2023-03-14 09:00:00,9,26.0,38.3125,394.0,16.0,1.5346022229999998
2023-03-14 10:00:00,10,28.8,48.26875,623.0,11.0,2.3484818340375004
2023-03-14 11:00:00,11,30.9,54.9625,770.0,15.0,2.79388214875
2023-03-14 12:00:00,12,31.9,57.65,824.0,12.0,2.9715674687999996
2023-03-14 13:00:00,13,32.7,58.825,836.0,15.0,2.9801107269999996
2023-03-14 14:00:00,14,32.6,55.225,724.0,41.0,2.4831814625999997
2023-03-14 15:00:00,15,32.1,49.475,556.0,51.0,1.9142327453999999
2023-03-14 16:00:00,16,31.0,44.21875,423.0,51.0,1.4902740759374997
2023-03-14 17:00:00,17,28.3,34.6125,202.0,73.0,0.70496903645
2023-03-14 18:00:00,18,25.9,27.30625,45.0,42.0,0.173568918375
2023-03-14 19:00:00,19,24.5,24.5,0.0,26.0,0.0
2023-03-14 20:00:00,20,25.1,25.1,0.0,7.0,0.0
2023-03-14 21:00:00,21,23.3,23.3,0.0,0.0,0.0
2023-03-14 22:00:00,22,21.5,21.5,0.0,0.0,0.0
2023-03-14 23:00:00,23,21.3,21.3,0.0,0.0,0.0
2023-03-15 00:00:00,0,20.2,20.2,0.0,0.0,0.0
2023-03-15 01:00:00,1,19.0,19.0,0.0,0.0,0.0
2023-03-15 02:00:00,2,19.0,19.0,0.0,69.0,0.0
2023-03-15 03:00:00,3,19.2,19.2,0.0,88.0,0.0
2023-03-15 04:00:00,4,20.3,20.3,0.0,62.0,0.0
2023-03-15 05:00:00,5,19.3,19.3,0.0,100.0,0.0
2023-03-15 06:00:00,6,19.1,19.1,0.0,59.0,0.0
2023-03-15 07:00:00,7,20.3,21.51875,39.0,29.0,0.1561365
2023-03-15 08:00:00,8,23.7,30.075,204.0,81.0,0.7117971162
2023-03-15 09:00:00,9,26.9,39.18125,393.0,100.0,1.2604040550000002
2023-03-15 10:00:00,10,29.2,46.575,556.0,100.0,1.7272584800000002
2023-03-15 11:00:00,11,30.7,52.1375,686.0,100.0,2.07921798
2023-03-15 12:00:00,12,31.8,53.89375,707.0,100.0,2.1259808149999997
2023-03-15 13:00:00,13,31.3,48.01875,535.0,100.0,1.6515155750000003
2023-03-15 14:00:00,14,31.7,49.98125,585.0,100.0,1.7902491749999996
2023-03-15 15:00:00,15,31.9,49.55625,565.0,100.0,1.732309775
2023-03-15 16:00:00,16,30.7,41.575,348.0,100.0,1.1047538399999999
2023-03-15 17:00:00,17,30.3,36.89375,211.0,100.0,0.6832696949999999
2023-03-15 18:00:00,18,28.0,29.59375,51.0,100.0,0.170213775
2023-03-15 19:00:00,19,26.1,26.1,0.0,100.0,0.0
2023-03-15 20:00:00,20,24.4,24.4,0.0,98.0,0.0
2023-03-15 21:00:00,21,25.2,25.2,0.0,97.0,0.0
2023-03-15 22:00:00,22,25.5,25.5,0.0,100.0,0.0
2023-03-15 23:00:00,23,23.2,23.2,0.0,100.0,0.0
2023-03-16 00:00:00,0,21.3,21.3,0.0,100.0,0.0
2023-03-16 01:00:00,1,22.0,22.0,0.0,100.0,0.0
2023-03-16 02:00:00,2,21.0,21.0,0.0,100.0,0.0
2023-03-16 03:00:00,3,21.0,21.0,0.0,100.0,0.0
2023-03-16 04:00:00,4,20.8,20.8,0.0,100.0,0.0
2023-03-16 05:00:00,5,21.8,21.8,0.0,100.0,0.0
2023-03-16 06:00:00,6,22.2,22.2,0.0,98.0,0.0
2023-03-16 07:00:00,7,21.7,22.73125,33.0,100.0,0.11220000000000002
2023-03-16 08:00:00,8,23.7,28.7,160.0,75.0,0.5694456
2023-03-16 09:00:00,9,26.3,37.7375,366.0,95.0,1.1957602927500002
2023-03-16 10:00:00,10,27.9,43.24375,491.0,100.0,1.547575535
2023-03-16 11:00:00,11,28.8,43.925,484.0,38.0,1.7567874324
2023-03-16 12:00:00,12,30.6,56.28750000000001,822.0,14.0,2.970712397699999
2023-03-16 13:00:00,13,27.1,52.1625,802.0,100.0,2.43053318
2023-03-16 14:00:00,14,27.5,42.25,472.0,78.0,1.5762425839999998
2023-03-16 15:00:00,15,28.1,43.88125,505.0,85.0,1.6468482090624996
2023-03-16 16:00:00,16,27.0,37.59375,339.0,69.0,1.1793644525624998
2023-03-16 17:00:00,17,27.6,32.725,164.0,35.0,0.6281803110000002
2023-03-16 18:00:00,18,24.7,26.5125,58.0,35.0,0.22785806775000006
2023-03-16 19:00:00,19,23.3,23.3,0.0,62.0,0.0
2023-03-16 20:00:00,20,22.2,22.2,0.0,30.0,0.0
2023-03-16 21:00:00,21,23.7,23.7,0.0,23.0,0.0
2023-03-16 22:00:00,22,22.8,22.8,0.0,94.0,0.0
2023-03-16 23:00:00,23,23.2,23.2,0.0,57.0,0.0
2023-03-17 00:00:00,0,22.7,22.7,0.0,87.0,0.0
2023-03-17 01:00:00,1,22.3,22.3,0.0,95.0,0.0
2023-03-17 02:00:00,2,21.5,21.5,0.0,47.0,0.0
2023-03-17 03:00:00,3,21.1,21.1,0.0,41.0,0.0
2023-03-17 04:00:00,4,21.1,21.1,0.0,24.0,0.0
2023-03-17 05:00:00,5,18.7,18.7,0.0,43.0,0.0
2023-03-17 06:00:00,6,18.6,18.6,0.0,89.0,0.0
2023-03-17 07:00:00,7,19.6,20.63125,33.0,60.0,0.12342000000000002
2023-03-17 08:00:00,8,22.3,27.64375,171.0,67.0,0.6227099598375
2023-03-17 09:00:00,9,23.9,33.49375,307.0,40.0,1.1595874292499997
2023-03-17 10:00:00,10,26.5,45.25,600.0,38.0,2.1653477999999997
2023-03-17 11:00:00,11,28.0,52.09375,771.0,20.0,2.8047669299999995
2023-03-17 12:00:00,12,29.1,55.1625,834.0,13.0,3.03581781705
2023-03-17 13:00:00,13,30.0,56.25,840.0,23.0,2.9800574999999996
2023-03-17 14:00:00,14,29.4,52.80625,749.0,67.0,2.4500811542375
2023-03-17 15:00:00,15,23.1,38.56875,495.0,62.0,1.7428624166250002
2023-03-17 16:00:00,16,25.5,36.5625,354.0,75.0,1.2196793437499998
2023-03-17 17:00:00,17,24.3,29.89375,179.0,38.0,0.689173086525
2023-03-17 18:00:00,18,23.3,24.9875,54.0,41.0,0.210681
2023-03-17 19:00:00,19,21.8,21.8,0.0,82.0,0.0
2023-03-17 20:00:00,20,19.6,19.6,0.0,40.0,0.0
2023-03-17 21:00:00,21,19.4,19.4,0.0,53.0,0.0
2023-03-17 22:00:00,22,19.0,19.0,0.0,100.0,0.0
2023-03-17 23:00:00,23,18.9,18.9,0.0,34.0,0.0
2023-03-18 00:00:00,0,17.9,17.9,0.0,0.0,0.0
2023-03-18 01:00:00,1,17.7,17.7,0.0,0.0,0.0
2023-03-18 02:00:00,2,16.7,16.7,0.0,0.0,0.0
2023-03-18 03:00:00,3,16.5,16.5,0.0,0.0,0.0
2023-03-18 04:00:00,4,16.1,16.1,0.0,0.0,0.0
2023-03-18 05:00:00,5,15.9,15.9,0.0,0.0,0.0
2023-03-18 06:00:00,6,16.8,16.8,0.0,0.0,0.0
2023-03-18 07:00:00,7,17.3,18.70625,45.0,0.0,0.12431249999999999
2023-03-18 08:00:00,8,19.7,26.66875,223.0,0.0,0.6119254496875001
2023-03-18 09:00:00,9,22.1,35.7875,438.0,0.0,1.0211483584575
2023-03-18 10:00:00,10,24.3,43.8625,626.0,0.0,1.3110548915749998
2023-03-18 11:00:00,11,25.9,50.025,772.0,0.0,1.53917573147
2023-03-18 12:00:00,12,27.2,53.6375,846.0,0.0,1.6679066253525
2023-03-18 13:00:00,13,27.6,52.75625000000001,805.0,0.0,1.5854848011843752
2023-03-18 14:00:00,14,27.7,46.7,608.0,0.0,1.303739112
2023-03-18 15:00:00,15,27.7,45.575,572.0,0.0,1.3572970210799997
2023-03-18 16:00:00,16,27.0,40.375,428.0,0.0,0.9054625475999999
2023-03-18 17:00:00,17,26.1,33.25625,229.0,0.0,0.48937637775000004
2023-03-18 18:00:00,18,24.2,26.2,64.0,0.0,0.140761088
2023-03-18 19:00:00,19,22.4,22.4,0.0,0.0,0.0
2023-03-18 20:00:00,20,21.2,21.2,0.0,0.0,0.0
2023-03-18 21:00:00,21,20.0,20.0,0.0,0.0,0.0
2023-03-18 22:00:00,22,19.2,19.2,0.0,0.0,0.0
2023-03-18 23:00:00,23,18.5,18.5,0.0,0.0,0.0
2023-03-19 00:00:00,0,18.1,18.1,0.0,31.0,0.0
2023-03-19 01:00:00,1,17.6,17.6,0.0,44.0,0.0
2023-03-19 02:00:00,2,17.2,17.2,0.0,17.0,0.0
2023-03-19 03:00:00,3,16.8,16.8,0.0,0.0,0.0
2023-03-19 04:00:00,4,16.6,16.6,0.0,2.0,0.0
2023-03-19 05:00:00,5,17.4,17.4,0.0,7.0,0.0
2023-03-19 06:00:00,6,17.5,17.5,0.0,24.0,0.0
2023-03-19 07:00:00,7,18.5,19.78125,41.0,15.0,0.16902250000000002
2023-03-19 08:00:00,8,19.6,25.6,192.0,23.0,0.7765956864
2023-03-19 09:00:00,9,21.7,33.2625,370.0,11.0,1.4870772397499998
2023-03-19 10:00:00,10,23.8,41.9875,582.0,12.0,2.2500954587999993
2023-03-19 11:00:00,11,25.4,48.275,732.0,26.0,2.6746548732
2023-03-19 12:00:00,12,26.5,52.03125,817.0,29.0,2.9171978165624997
2023-03-19 13:00:00,13,27.1,51.5375,782.0,100.0,2.37656838
2023-03-19 14:00:00,14,27.7,48.23125,657.0,100.0,2.026224135
2023-03-19 15:00:00,15,23.3,36.518750000000004,423.0,94.0,1.392513959025
2023-03-19 16:00:00,16,23.9,30.24375,203.0,72.0,0.7230236688500001
2023-03-19 17:00:00,17,22.0,27.53125,177.0,74.0,0.6344277153749999
2023-03-19 18:00:00,18,17.7,19.0125,42.0,100.0,0.1428
2023-03-19 19:00:00,19,18.2,18.2,0.0,94.0,0.0
2023-03-19 20:00:00,20,18.2,18.2,0.0,90.0,0.0
2023-03-19 21:00:00,21,17.9,17.9,0.0,100.0,0.0
2023-03-19 22:00:00,22,17.6,17.6,0.0,100.0,0.0
2023-03-19 23:00:00,23,17.4,17.4,0.0,100.0,0.0
2023-03-20 00:00:00,0,16.8,16.8,0.0,100.0,0.0
2023-03-20 01:00:00,1,16.5,16.5,0.0,98.0,0.0
2023-03-20 02:00:00,2,16.0,16.0,0.0,100.0,0.0
2023-03-20 03:00:00,3,15.7,15.7,0.0,100.0,0.0
2023-03-20 04:00:00,4,15.7,15.7,0.0,100.0,0.0
2023-03-20 05:00:00,5,16.6,16.6,0.0,100.0,0.0
2023-03-20 06:00:00,6,16.6,16.6,0.0,100.0,0.0
2023-03-20 07:00:00,7,17.5,18.9375,46.0,100.0,0.15639999999999998
2023-03-20 08:00:00,8,18.9,25.4625,210.0,62.0,0.7803836144999999
2023-03-20 09:00:00,9,20.6,32.50625,381.0,96.0,1.2690706711500002
2023-03-20 10:00:00,10,21.7,37.637499999999996,510.0,100.0,1.6463463000000003
2023-03-20 11:00:00,11,22.5,37.34375,475.0,41.0,1.7617101328125
2023-03-20 12:00:00,12,24.6,50.0375,814.0,29.0,2.932475272649999
2023-03-20 13:00:00,13,24.3,47.925,756.0,100.0,2.33469432
2023-03-20 14:00:00,14,18.0,26.625,276.0,90.0,0.95560791
2023-03-20 15:00:00,15,20.3,29.175,284.0,81.0,0.9945745177999997
2023-03-20 16:00:00,16,21.4,31.2125,314.0,61.0,1.1425744786499998
2023-03-20 17:00:00,17,23.8,30.2375,206.0,69.0,0.73887043305
2023-03-20 18:00:00,18,20.8,22.89375,67.0,51.0,0.25570550000000003
2023-03-20 19:00:00,19,19.0,19.0,0.0,53.0,0.0
2023-03-20 20:00:00,20,18.2,18.2,0.0,37.0,0.0
2023-03-20 21:00:00,21,16.5,16.5,0.0,69.0,0.0
2023-03-20 22:00:00,22,16.3,16.3,0.0,7.0,0.0
2023-03-20 23:00:00,23,15.8,15.8,0.0,0.0,0.0
2023-03-21 00:00:00,0,15.4,15.4,0.0,0.0,0.0
2023-03-21 01:00:00,1,14.8,14.8,0.0,0.0,0.0
2023-03-21 02:00:00,2,14.1,14.1,0.0,0.0,0.0
2023-03-21 03:00:00,3,13.6,13.6,0.0,0.0,0.0
2023-03-21 04:00:00,4,14.1,14.1,0.0,0.0,0.0
2023-03-21 05:00:00,5,15.3,15.3,0.0,7.0,0.0
2023-03-21 06:00:00,6,15.4,15.4,0.0,0.0,0.0
2023-03-21 07:00:00,7,16.8,18.3625,50.0,0.0,0.2125
2023-03-21 08:00:00,8,19.5,26.6875,230.0,0.0,0.970901875
2023-03-21 09:00:00,9,22.2,36.35625,453.0,0.0,1.8377955187500001
2023-03-21 10:00:00,10,24.5,44.875,652.0,20.0,2.4486772799999996
2023-03-21 11:00:00,11,25.8,49.14375,747.0,23.0,2.7362136868875
2023-03-21 12:00:00,12,26.6,52.0375,814.0,12.0,3.0113065531999994
2023-03-21 13:00:00,13,27.4,53.056250000000006,821.0,10.0,3.035715540374999
2023-03-21 14:00:00,14,27.9,52.18125,777.0,7.0,2.9020078885875
2023-03-21 15:00:00,15,28.2,48.575,652.0,7.0,2.4745589742
2023-03-21 16:00:00,16,27.5,42.28125,473.0,8.0,1.8413508052499996
2023-03-21 17:00:00,17,26.3,34.20625,253.0,11.0,1.0128695325375
2023-03-21 18:00:00,18,23.8,25.9875,70.0,10.0,0.2903983775
2023-03-21 19:00:00,19,21.8,21.8,0.0,4.0,0.0
2023-03-21 20:00:00,20,20.3,20.3,0.0,2.0,0.0
2023-03-21 21:00:00,21,19.1,19.1,0.0,1.0,0.0
2023-03-21 22:00:00,22,18.2,18.2,0.0,1.0,0.0
2023-03-21 23:00:00,23,17.3,17.3,0.0,0.0,0.0
2023-03-22 00:00:00,0,16.6,16.6,0.0,0.0,0.0
2023-03-22 01:00:00,1,16.1,16.1,0.0,0.0,0.0
2023-03-22 02:00:00,2,15.3,15.3,0.0,0.0,0.0
2023-03-22 03:00:00,3,14.7,14.7,0.0,2.0,0.0
2023-03-22 04:00:00,4,15.0,15.0,0.0,98.0,0.0
2023-03-22 05:00:00,5,15.8,15.8,0.0,73.0,0.0
2023-03-22 06:00:00,6,16.3,16.3,0.0,0.0,0.0
2023-03-22 07:00:00,7,17.3,18.95625,53.0,0.0,0.22525
2023-03-22 08:00:00,8,19.6,27.00625,237.0,0.0,0.9991668187499999
2023-03-22 09:00:00,9,22.0,36.15625,453.0,0.0,1.8393357187500001
2023-03-22 10:00:00,10,24.1,44.19375,643.0,0.0,2.5229431187499998
2023-03-22 11:00:00,11,25.7,50.2,784.0,8.0,2.9481962496
2023-03-22 12:00:00,12,26.8,53.20625,845.0,14.0,3.096857336625
2023-03-22 13:00:00,13,27.6,53.506249999999994,829.0,36.0,2.8967625966
2023-03-22 14:00:00,14,28.3,51.2375,734.0,100.0,2.23368678
2023-03-22 15:00:00,15,27.2,36.60625,301.0,100.0,0.9758886549999999
2023-03-22 16:00:00,16,25.3,34.45625,293.0,92.0,0.9776891096999998
2023-03-22 17:00:00,17,23.8,30.175,204.0,43.0,0.7760345334
2023-03-22 18:00:00,18,20.9,22.9625,66.0,28.0,0.264792
2023-03-22 19:00:00,19,19.6,19.6,0.0,100.0,0.0
2023-03-22 20:00:00,20,19.2,19.2,0.0,99.0,0.0
2023-03-22 21:00:00,21,18.4,18.4,0.0,100.0,0.0
2023-03-22 22:00:00,22,17.8,17.8,0.0,98.0,0.0
2023-03-22 23:00:00,23,17.5,17.5,0.0,100.0,0.0
2023-03-23 00:00:00,0,17.3,17.3,0.0,3.0,0.0
2023-03-23 01:00:00,1,17.8,17.8,0.0,55.0,0.0
2023-03-23 02:00:00,2,19.0,19.0,0.0,24.0,0.0
2023-03-23 03:00:00,3,18.6,18.6,0.0,1.0,0.0
2023-03-23 04:00:00,4,19.1,19.1,0.0,2.0,0.0
2023-03-23 05:00:00,5,19.3,19.3,0.0,35.0,0.0
2023-03-23 06:00:00,6,16.9,16.9,0.0,0.0,0.0
2023-03-23 07:00:00,7,19.3,21.05,56.0,4.0,0.23609600000000003
2023-03-23 08:00:00,8,22.2,29.73125,241.0,0.0,1.0048660687500002
2023-03-23 09:00:00,9,24.4,38.68125,457.0,0.0,1.83596036875
2023-03-23 10:00:00,10,26.3,46.6125,650.0,2.0,2.5135871475
2023-03-23 11:00:00,11,27.6,51.75625,773.0,22.0,2.804565689525
2023-03-23 12:00:00,12,28.6,53.31875,791.0,24.0,2.8378622758499996
2023-03-23 13:00:00,13,29.0,53.6875,790.0,49.0,2.68094864125
2023-03-23 14:00:00,14,29.0,51.09375,707.0,56.0,2.3897227462499995
2023-03-23 15:00:00,15,28.9,44.18125,489.0,82.0,1.6041136806749996
2023-03-23 16:00:00,16,28.7,39.04375,331.0,100.0,1.0621806550000001
2023-03-23 17:00:00,17,23.5,28.75,168.0,90.0,0.5766978
2023-03-23 18:00:00,18,23.3,25.20625,61.0,85.0,0.21499997856249997
2023-03-23 19:00:00,19,21.6,21.6,0.0,79.0,0.0
2023-03-23 20:00:00,20,20.5,20.5,0.0,99.0,0.0
2023-03-23 21:00:00,21,20.1,20.1,0.0,94.0,0.0
2023-03-23 22:00:00,22,19.4,19.4,0.0,97.0,0.0
2023-03-23 23:00:00,23,18.8,18.8,0.0,82.0,0.0
2023-03-24 00:00:00,0,18.4,18.4,0.0,99.0,0.0
2023-03-24 01:00:00,1,18.2,18.2,0.0,100.0,0.0
2023-03-24 02:00:00,2,18.6,18.6,0.0,100.0,0.0
2023-03-24 03:00:00,3,18.7,18.7,0.0,100.0,0.0
2023-03-24 04:00:00,4,18.8,18.8,0.0,60.0,0.0
2023-03-24 05:00:00,5,19.1,19.1,0.0,34.0,0.0
2023-03-24 06:00:00,6,18.6,18.6,0.0,91.0,0.0
2023-03-24 07:00:00,7,19.4,20.7125,42.0,17.0,0.172431
2023-03-24 08:00:00,8,21.3,28.45625,229.0,9.0,0.9425185120124999
2023-03-24 09:00:00,9,24.1,38.0375,446.0,15.0,1.7427501847499998
2023-03-24 10:00:00,10,26.4,46.3375,638.0,9.0,2.4354321524499998
2023-03-24 11:00:00,11,28.1,52.5375,782.0,6.0,2.9219274773
2023-03-24 12:00:00,12,29.1,54.35,808.0,50.0,2.72776356
2023-03-24 13:00:00,13,29.5,52.5625,738.0,28.0,2.634421626
2023-03-24 14:00:00,14,29.4,50.55625,677.0,39.0,2.3816395154875
2023-03-24 15:00:00,15,29.0,47.75,600.0,64.0,2.0212524
2023-03-24 16:00:00,16,28.9,38.99375,323.0,56.0,1.1507683630499999
2023-03-24 17:00:00,17,24.6,31.13125,209.0,41.0,0.7954154839124999
2023-03-24 18:00:00,18,24.4,26.11875,55.0,32.0,0.21781091475
2023-03-24 19:00:00,19,22.9,22.9,0.0,17.0,0.0
2023-03-24 20:00:00,20,22.2,22.2,0.0,3.0,0.0
2023-03-24 21:00:00,21,20.8,20.8,0.0,27.0,0.0
2023-03-24 22:00:00,22,20.5,20.5,0.0,24.0,0.0
2023-03-24 23:00:00,23,22.2,22.2,0.0,5.0,0.0
2023-03-25 00:00:00,0,20.2,20.2,0.0,88.0,0.0
2023-03-25 01:00:00,1,20.0,20.0,0.0,33.0,0.0
2023-03-25 02:00:00,2,18.5,18.5,0.0,20.0,0.0
2023-03-25 03:00:00,3,18.0,18.0,0.0,2.0,0.0
2023-03-25 04:00:00,4,17.0,17.0,0.0,0.0,0.0
2023-03-25 05:00:00,5,19.2,19.2,0.0,7.0,0.0
2023-03-25 06:00:00,6,17.2,17.2,0.0,26.0,0.0
2023-03-25 07:00:00,7,18.9,20.65,56.0,37.0,0.22038800000000003
2023-03-25 08:00:00,8,21.9,29.05625,229.0,6.0,0.9459695105249999
2023-03-25 09:00:00,9,24.2,37.41875,423.0,44.0,1.5581034530999998
2023-03-25 10:00:00,10,25.8,44.05,584.0,1.0,2.2882858568
2023-03-25 11:00:00,11,27.6,52.00625,781.0,28.0,2.7948894896999996
2023-03-25 12:00:00,12,28.5,54.34375,827.0,49.0,2.7981900093124996
2023-03-25 13:00:00,13,29.1,54.193749999999994,803.0,60.0,2.6525189845000003
2023-03-25 14:00:00,14,29.5,53.03125,753.0,68.0,2.454988581
2023-03-25 15:00:00,15,29.5,49.15625,629.0,59.0,2.1299834469375
2023-03-25 16:00:00,16,29.2,43.35625,453.0,39.0,1.6447452142874999
2023-03-25 17:00:00,17,26.7,34.29375,243.0,52.0,0.8909443368
2023-03-25 18:00:00,18,25.3,27.39375,67.0,11.0,0.2758190013375
2023-03-25 19:00:00,19,22.9,22.9,0.0,15.0,0.0
2023-03-25 20:00:00,20,22.0,22.0,0.0,55.0,0.0
2023-03-25 21:00:00,21,21.8,21.8,0.0,28.0,0.0
2023-03-25 22:00:00,22,20.8,20.8,0.0,25.0,0.0
2023-03-25 23:00:00,23,19.6,19.6,0.0,9.0,0.0
2023-03-26 00:00:00,0,19.0,19.0,0.0,0.0,0.0
2023-03-26 01:00:00,1,18.9,18.9,0.0,0.0,0.0
2023-03-26 02:00:00,2,18.5,18.5,0.0,0.0,0.0
2023-03-26 03:00:00,3,18.1,18.1,0.0,26.0,0.0
2023-03-26 04:00:00,4,17.8,17.8,0.0,34.0,0.0
2023-03-26 05:00:00,5,18.8,18.8,0.0,18.0,0.0
2023-03-26 06:00:00,6,19.0,19.0,0.0,11.0,0.0
2023-03-26 07:00:00,7,20.1,21.88125,57.0,94.0,0.19670700000000002
2023-03-26 08:00:00,8,22.3,29.39375,227.0,87.0,0.7828782724875
2023-03-26 09:00:00,9,24.4,36.74375,395.0,70.0,1.375906018125
2023-03-26 10:00:00,10,26.1,45.2875,614.0,28.0,2.2634656867999996
2023-03-26 11:00:00,11,26.6,47.88125,681.0,54.0,2.3453835617250003
2023-03-26 12:00:00,12,27.3,49.70625,717.0,19.0,2.6417535090375
2023-03-26 13:00:00,13,28.0,51.65625,757.0,8.0,2.8282233472500002
2023-03-26 14:00:00,14,28.6,52.975,780.0,15.0,2.8557299550000006
2023-03-26 15:00:00,15,28.7,48.98125,649.0,46.0,2.264247700825
2023-03-26 16:00:00,16,28.4,40.93125,401.0,36.0,1.4807601085999997
2023-03-26 17:00:00,17,25.5,31.34375,187.0,23.0,0.7389523906875
2023-03-26 18:00:00,18,24.4,26.4625,66.0,14.0,0.2710510209
2023-03-26 19:00:00,19,22.6,22.63125,1.0,29.0,0.0040035
2023-03-26 20:00:00,20,21.6,21.6,0.0,2.0,0.0
2023-03-26 21:00:00,21,21.1,21.1,0.0,6.0,0.0
2023-03-26 22:00:00,22,20.7,20.7,0.0,16.0,0.0
2023-03-26 23:00:00,23,19.4,19.4,0.0,28.0,0.0
2023-03-27 00:00:00,0,19.9,19.9,0.0,50.0,0.0
2023-03-27 01:00:00,1,19.7,19.7,0.0,6.0,0.0
2023-03-27 02:00:00,2,19.0,19.0,0.0,0.0,0.0
2023-03-27 03:00:00,3,18.6,18.6,0.0,2.0,0.0
2023-03-27 04:00:00,4,17.8,17.8,0.0,2.0,0.0
2023-03-27 05:00:00,5,18.2,18.2,0.0,9.0,0.0
2023-03-27 06:00:00,6,18.5,18.5,0.0,19.0,0.0
2023-03-27 07:00:00,7,19.4,21.4,64.0,16.0,0.26329600000000003
2023-03-27 08:00:00,8,22.6,30.63125,257.0,25.0,1.0142647153125002
2023-03-27 09:00:00,9,25.0,39.375,460.0,19.0,1.7725691749999999
2023-03-27 10:00:00,10,26.6,47.4125,666.0,0.0,2.5767456749999997
2023-03-27 11:00:00,11,28.0,53.46875,815.0,10.0,3.0079291593749993
2023-03-27 12:00:00,12,29.2,56.45,872.0,0.0,3.2397852
2023-03-27 13:00:00,13,29.8,57.8625,898.0,0.0,3.3148210750000002
2023-03-27 14:00:00,14,29.8,55.55,824.0,0.0,3.0740556
2023-03-27 15:00:00,15,29.4,50.86875,687.0,1.0,2.6123936110125006
2023-03-27 16:00:00,16,28.8,43.6125,474.0,0.0,1.864520475
2023-03-27 17:00:00,17,27.7,36.2,272.0,0.0,1.1042112000000002
2023-03-27 18:00:00,18,25.9,28.43125,81.0,0.0,0.33952516875
2023-03-27 19:00:00,19,24.1,24.13125,1.0,0.0,0.00425
2023-03-27 20:00:00,20,22.5,22.5,0.0,34.0,0.0
2023-03-27 21:00:00,21,22.2,22.2,0.0,23.0,0.0
2023-03-27 22:00:00,22,21.2,21.2,0.0,19.0,0.0
2023-03-27 23:00:00,23,20.5,20.5,0.0,99.0,0.0
2023-03-28 00:00:00,0,20.5,20.5,0.0,100.0,0.0
2023-03-28 01:00:00,1,19.8,19.8,0.0,100.0,0.0
2023-03-28 02:00:00,2,18.3,18.3,0.0,75.0,0.0
2023-03-28 03:00:00,3,17.5,17.5,0.0,100.0,0.0
2023-03-28 04:00:00,4,16.8,16.8,0.0,70.0,0.0
2023-03-28 05:00:00,5,16.7,16.7,0.0,79.0,0.0
2023-03-28 06:00:00,6,17.2,17.2,0.0,5.0,0.0
2023-03-28 07:00:00,7,19.9,22.0875,70.0,0.0,0.29750000000000004
2023-03-28 08:00:00,8,23.3,31.64375,267.0,10.0,1.0825021383749998
2023-03-28 09:00:00,9,26.3,41.55,488.0,0.0,1.9367011999999997
2023-03-28 10:00:00,10,28.3,49.6125,682.0,0.0,2.6131426749999997
2023-03-28 11:00:00,11,29.6,55.35,824.0,0.0,3.0768572
2023-03-28 12:00:00,12,30.6,58.725,900.0,0.0,3.3090075
2023-03-28 13:00:00,13,31.1,59.349999999999994,904.0,0.0,3.3141092000000003
2023-03-28 14:00:00,14,31.4,57.43125,833.0,0.0,3.08099106875
2023-03-28 15:00:00,15,31.2,52.91875,695.0,0.0,2.6238899687499995
2023-03-28 16:00:00,16,30.9,46.61875,503.0,1.0,1.9489822926125
2023-03-28 17:00:00,17,29.5,38.3125,282.0,4.0,1.1256024359999999
2023-03-28 18:00:00,18,27.3,29.70625,77.0,3.0,0.31916298163749995
2023-03-28 19:00:00,19,24.4,24.43125,1.0,15.0,0.0041225
2023-03-28 20:00:00,20,23.0,23.0,0.0,1.0,0.0
2023-03-28 21:00:00,21,21.9,21.9,0.0,2.0,0.0
2023-03-28 22:00:00,22,21.0,21.0,0.0,0.0,0.0
2023-03-28 23:00:00,23,22.3,22.3,0.0,0.0,0.0
2023-03-29 00:00:00,0,21.2,21.2,0.0,0.0,0.0
2023-03-29 01:00:00,1,19.4,19.4,0.0,0.0,0.0
2023-03-29 02:00:00,2,18.8,18.8,0.0,0.0,0.0
2023-03-29 03:00:00,3,18.8,18.8,0.0,5.0,0.0
2023-03-29 04:00:00,4,18.6,18.6,0.0,0.0,0.0
2023-03-29 05:00:00,5,19.5,19.5,0.0,0.0,0.0
2023-03-29 06:00:00,6,19.3,19.3,0.0,0.0,0.0
2023-03-29 07:00:00,7,20.8,23.01875,71.0,0.0,0.30174999999999996
2023-03-29 08:00:00,8,23.7,31.91875,263.0,0.0,1.08681626875
2023-03-29 09:00:00,9,27.0,42.03125,481.0,92.0,1.5544681424999998
2023-03-29 10:00:00,10,29.1,47.94375,603.0,83.0,1.9411797180374997
2023-03-29 11:00:00,11,30.7,53.2625,722.0,99.0,2.18272807215
2023-03-29 12:00:00,12,31.1,51.975,668.0,100.0,2.0261375200000002
2023-03-29 13:00:00,13,31.5,52.15625,661.0,100.0,2.0032761750000003
2023-03-29 14:00:00,14,31.8,51.14375,619.0,83.0,1.9646031918375
2023-03-29 15:00:00,15,32.0,50.34375,587.0,15.0,2.1745893771875
2023-03-29 16:00:00,16,31.8,47.362500000000004,498.0,100.0,1.5417432600000003
2023-03-29 17:00:00,17,30.2,36.7625,210.0,77.0,0.7195296622499999
2023-03-29 18:00:00,18,28.8,30.70625,61.0,21.0,0.24269264876249996
2023-03-29 19:00:00,19,25.9,25.93125,1.0,10.0,0.004149485375
2023-03-29 20:00:00,20,24.1,24.1,0.0,16.0,0.0
2023-03-29 21:00:00,21,23.5,23.5,0.0,23.0,0.0
2023-03-29 22:00:00,22,23.8,23.8,0.0,25.0,0.0
2023-03-29 23:00:00,23,22.9,22.9,0.0,1.0,0.0
2023-03-30 00:00:00,0,21.9,21.9,0.0,5.0,0.0
2023-03-30 01:00:00,1,21.3,21.3,0.0,1.0,0.0
2023-03-30 02:00:00,2,20.9,20.9,0.0,8.0,0.0
2023-03-30 03:00:00,3,20.0,20.0,0.0,17.0,0.0
2023-03-30 04:00:00,4,19.1,19.1,0.0,84.0,0.0
2023-03-30 05:00:00,5,19.1,19.1,0.0,9.0,0.0
2023-03-30 06:00:00,6,19.5,19.5,0.0,0.0,0.0
2023-03-30 07:00:00,7,21.4,23.65,72.0,2.0,0.304776
2023-03-30 08:00:00,8,24.8,32.9875,262.0,98.0,0.8666506346999999
2023-03-30 09:00:00,9,27.8,41.83125,449.0,42.0,1.6302757949750002
2023-03-30 10:00:00,10,29.5,48.375,604.0,4.0,2.308369616
2023-03-30 11:00:00,11,31.3,55.8625,786.0,54.0,2.6118788253000003
2023-03-30 12:00:00,12,26.7,49.2,720.0,82.0,2.3105301119999995
2023-03-30 13:00:00,13,28.2,46.1375,574.0,95.0,1.8089246227499998
2023-03-30 14:00:00,14,28.3,43.01875,471.0,100.0,1.485979095
2023-03-30 15:00:00,15,26.9,41.4,464.0,100.0,1.4741094400000003
2023-03-30 16:00:00,16,24.7,31.7,224.0,46.0,0.8412496512000001
2023-03-30 17:00:00,17,27.9,33.5875,182.0,66.0,0.6483354787
2023-03-30 18:00:00,18,26.1,28.31875,71.0,100.0,0.23819541499999997
2023-03-30 19:00:00,19,23.2,23.23125,1.0,100.0,0.0034000000000000002
2023-03-30 20:00:00,20,19.4,19.4,0.0,100.0,0.0
2023-03-30 21:00:00,21,18.5,18.5,0.0,100.0,0.0
2023-03-30 22:00:00,22,18.2,18.2,0.0,92.0,0.0
2023-03-30 23:00:00,23,17.9,17.9,0.0,100.0,0.0
2023-03-31 00:00:00,0,17.9,17.9,0.0,93.0,0.0
2023-03-31 01:00:00,1,17.3,17.3,0.0,31.0,0.0
2023-03-31 02:00:00,2,16.7,16.7,0.0,1.0,0.0
2023-03-31 03:00:00,3,15.7,15.7,0.0,14.0,0.0
2023-03-31 04:00:00,4,15.7,15.7,0.0,8.0,0.0
2023-03-31 05:00:00,5,16.7,16.7,0.0,7.0,0.0
2023-03-31 06:00:00,6,16.1,16.1,0.0,33.0,0.0
2023-03-31 07:00:00,7,17.6,19.6625,66.0,23.0,0.26759700000000003
2023-03-31 08:00:00,8,19.4,26.99375,243.0,14.0,0.9958274318249998
2023-03-31 09:00:00,9,21.3,35.58125,457.0,44.0,1.6963603731
2023-03-31 10:00:00,10,22.3,39.3,544.0,32.0,2.0402493696
2023-03-31 11:00:00,11,23.7,45.8875,710.0,39.0,2.5496876207499994
2023-03-31 12:00:00,12,25.2,51.2,832.0,66.0,2.7475908095999997
2023-03-31 13:00:00,13,26.0,50.375,780.0,65.0,2.5913189250000004
2023-03-31 14:00:00,14,26.8,48.05,680.0,100.0,2.0988336000000003
2023-03-31 15:00:00,15,24.9,37.775,412.0,100.0,1.32921912
2023-03-31 16:00:00,16,19.0,20.875,60.0,61.0,0.22389
2023-03-31 17:00:00,17,19.9,27.2125,234.0,94.0,0.8003873241000001
2023-03-31 18:00:00,18,19.8,21.6125,58.0,98.0,0.19818600000000003
2023-03-31 19:00:00,19,18.6,18.63125,1.0,23.0,0.0040545
2023-03-31 20:00:00,20,18.2,18.2,0.0,26.0,0.0
2023-03-31 21:00:00,21,18.6,18.6,0.0,94.0,0.0
2023-03-31 22:00:00,22,17.5,17.5,0.0,10.0,0.0
2023-03-31 23:00:00,23,16.8,16.8,0.0,0.0,0.0
2023-04-01 00:00:00,0,16.2,16.2,0.0,0.0,0.0
2023-04-01 01:00:00,1,17.2,17.2,0.0,0.0,0.0
2023-04-01 02:00:00,2,15.4,15.4,0.0,0.0,0.0
2023-04-01 03:00:00,3,15.1,15.1,0.0,26.0,0.0
2023-04-01 04:00:00,4,15.6,15.6,0.0,100.0,0.0
2023-04-01 05:00:00,5,15.1,15.1,0.0,100.0,0.0
2023-04-01 06:00:00,6,15.2,15.23125,1.0,100.0,0.0034000000000000002
2023-04-01 07:00:00,7,16.5,18.78125,73.0,0.0,0.31024999999999997
2023-04-01 08:00:00,8,19.6,27.69375,259.0,0.0,1.08888941875
2023-04-01 09:00:00,9,21.9,36.61875,471.0,0.0,1.9087186687499997
2023-04-01 10:00:00,10,23.9,44.9,672.0,18.0,2.5340305536
2023-04-01 11:00:00,11,25.3,49.4875,774.0,32.0,2.7773866926
2023-04-01 12:00:00,12,26.7,52.45,824.0,35.0,2.899256772
2023-04-01 13:00:00,13,27.4,52.43125,801.0,43.0,2.7700768632375
2023-04-01 14:00:00,14,27.5,49.6875,710.0,21.0,2.60530195625
2023-04-01 15:00:00,15,27.7,46.575,604.0,26.0,2.2235035691999996
2023-04-01 16:00:00,16,27.2,41.825,468.0,20.0,1.7809346879999999
2023-04-01 17:00:00,17,26.3,33.8,240.0,14.0,0.9565413119999999
2023-04-01 18:00:00,18,24.6,27.06875,79.0,9.0,0.3269781787125
2023-04-01 19:00:00,19,22.4,22.43125,1.0,5.0,0.0042075
2023-04-01 20:00:00,20,21.5,21.5,0.0,7.0,0.0
2023-04-01 21:00:00,21,20.6,20.6,0.0,4.0,0.0
2023-04-01 22:00:00,22,19.6,19.6,0.0,5.0,0.0
2023-04-01 23:00:00,23,19.1,19.1,0.0,0.0,0.0
2023-04-02 00:00:00,0,18.3,18.3,0.0,0.0,0.0
2023-04-02 01:00:00,1,17.5,17.5,0.0,0.0,0.0
2023-04-02 02:00:00,2,17.0,17.0,0.0,0.0,0.0
2023-04-02 03:00:00,3,16.5,16.5,0.0,1.0,0.0
2023-04-02 04:00:00,4,17.0,17.0,0.0,0.0,0.0
2023-04-02 05:00:00,5,18.2,18.2,0.0,0.0,0.0
2023-04-02 06:00:00,6,18.3,18.33125,1.0,40.0,0.00391
2023-04-02 07:00:00,7,19.4,21.05625,53.0,32.0,0.210834
2023-04-02 08:00:00,8,22.0,29.53125,241.0,12.0,0.9815490175000001
2023-04-02 09:00:00,9,24.3,38.8625,466.0,70.0,1.6087858965
2023-04-02 10:00:00,10,25.9,40.93125,481.0,31.0,1.7953133982874996
2023-04-02 11:00:00,11,25.4,49.11875,759.0,76.0,2.4715348119
2023-04-02 12:00:00,12,27.1,45.25625,581.0,13.0,2.2101803642624995
2023-04-02 13:00:00,13,29.4,56.9625,882.0,4.0,3.2431002407999996
2023-04-02 14:00:00,14,30.3,55.425,804.0,9.0,2.9471303802
2023-04-02 15:00:00,15,29.9,49.15,616.0,38.0,2.1853535087999996
2023-04-02 16:00:00,16,28.9,42.15,424.0,18.0,1.6179610192
2023-04-02 17:00:00,17,28.6,35.94375,235.0,16.0,0.9244687677499998
2023-04-02 18:00:00,18,25.3,27.7375,78.0,3.0,0.32590285455
2023-04-02 19:00:00,19,24.0,24.03125,1.0,0.0,0.00425
2023-04-02 20:00:00,20,22.3,22.3,0.0,1.0,0.0
2023-04-02 21:00:00,21,21.7,21.7,0.0,0.0,0.0
2023-04-02 22:00:00,22,23.7,23.7,0.0,0.0,0.0
2023-04-02 23:00:00,23,21.2,21.2,0.0,0.0,0.0
2023-04-03 00:00:00,0,19.4,19.4,0.0,0.0,0.0
2023-04-03 01:00:00,1,22.4,22.4,0.0,0.0,0.0
2023-04-03 02:00:00,2,19.0,19.0,0.0,0.0,0.0
2023-04-03 03:00:00,3,18.2,18.2,0.0,0.0,0.0
2023-04-03 04:00:00,4,18.0,18.0,0.0,0.0,0.0
2023-04-03 05:00:00,5,20.0,20.0,0.0,0.0,0.0
2023-04-03 06:00:00,6,20.0,20.03125,1.0,0.0,0.00425
2023-04-03 07:00:00,7,22.0,24.625,84.0,0.0,0.35700000000000004
2023-04-03 08:00:00,8,25.1,33.9125,282.0,0.0,1.155773475
2023-04-03 09:00:00,9,27.8,43.45625,501.0,0.0,1.97205811875
2023-04-03 10:00:00,10,30.2,51.85625,693.0,6.0,2.5973102405249997
2023-04-03 11:00:00,11,31.3,56.3,800.0,26.0,2.81965536
2023-04-03 12:00:00,12,31.6,56.19375,787.0,28.0,2.7634739249
2023-04-03 13:00:00,13,32.0,57.34375,811.0,10.0,2.940810184375
2023-04-03 14:00:00,14,32.4,57.0875,790.0,17.0,2.82706166925
2023-04-03 15:00:00,15,32.2,52.5125,650.0,15.0,2.3847322687499997
2023-04-03 16:00:00,16,32.3,46.58125,457.0,18.0,1.7107001990750001
2023-04-03 17:00:00,17,29.8,37.70625,253.0,14.0,0.9920236070249999
2023-04-03 18:00:00,18,28.5,30.8125,74.0,25.0,0.29182848125
2023-04-03 19:00:00,19,26.6,26.63125,1.0,21.0,0.0040449334625
2023-04-03 20:00:00,20,25.5,25.5,0.0,22.0,0.0
2023-04-03 21:00:00,21,24.9,24.9,0.0,17.0,0.0
2023-04-03 22:00:00,22,23.9,23.9,0.0,24.0,0.0
2023-04-03 23:00:00,23,23.1,23.1,0.0,5.0,0.0
2023-04-04 00:00:00,0,22.4,22.4,0.0,9.0,0.0
2023-04-04 01:00:00,1,21.2,21.2,0.0,1.0,0.0
2023-04-04 02:00:00,2,21.0,21.0,0.0,0.0,0.0
2023-04-04 03:00:00,3,20.4,20.4,0.0,0.0,0.0
2023-04-04 04:00:00,4,20.1,20.1,0.0,0.0,0.0
2023-04-04 05:00:00,5,19.6,19.6,0.0,0.0,0.0
2023-04-04 06:00:00,6,18.2,18.23125,1.0,0.0,0.00425
2023-04-04 07:00:00,7,19.5,22.1875,86.0,0.0,0.36549999999999994
2023-04-04 08:00:00,8,21.9,30.5875,278.0,0.0,1.155093475
2023-04-04 09:00:00,9,24.5,40.0,496.0,0.0,1.98152
2023-04-04 10:00:00,10,26.4,47.80625,685.0,0.0,2.6456712187500004
2023-04-04 11:00:00,11,28.3,54.05,824.0,1.0,3.0888774647999995
2023-04-04 12:00:00,12,29.8,57.831250000000004,897.0,3.0,3.2917366311375
2023-04-04 13:00:00,13,30.8,58.51875,887.0,36.0,3.0292896734000005
2023-04-04 14:00:00,14,30.9,53.9625,738.0,11.0,2.7121274725499998
2023-04-04 15:00:00,15,31.1,50.38125,617.0,16.0,2.2806332345499998
2023-04-04 16:00:00,16,31.0,46.0,480.0,7.0,1.84247904
2023-04-04 17:00:00,17,30.7,39.3875,278.0,25.0,1.05782944125
2023-04-04 18:00:00,18,27.1,29.81875,87.0,8.0,0.3568210996499999
2023-04-04 19:00:00,19,24.4,24.43125,1.0,40.0,0.00391
2023-04-04 20:00:00,20,24.2,24.2,0.0,18.0,0.0
2023-04-04 21:00:00,21,23.4,23.4,0.0,0.0,0.0
2023-04-04 22:00:00,22,22.4,22.4,0.0,0.0,0.0
2023-04-04 23:00:00,23,21.3,21.3,0.0,1.0,0.0
2023-04-05 00:00:00,0,20.6,20.6,0.0,0.0,0.0
2023-04-05 01:00:00,1,20.4,20.4,0.0,0.0,0.0
2023-04-05 02:00:00,2,20.1,20.1,0.0,0.0,0.0
2023-04-05 03:00:00,3,19.7,19.7,0.0,0.0,0.0
2023-04-05 04:00:00,4,19.3,19.3,0.0,0.0,0.0
2023-04-05 05:00:00,5,19.6,19.6,0.0,0.0,0.0
2023-04-05 06:00:00,6,19.8,19.8625,2.0,9.0,0.008347
2023-04-05 07:00:00,7,21.5,24.21875,87.0,0.0,0.36974999999999997
2023-04-05 08:00:00,8,24.7,33.41875,279.0,0.0,1.14581986875
2023-04-05 09:00:00,9,27.2,42.356249999999996,485.0,0.0,1.91814771875
2023-04-05 10:00:00,10,29.0,50.5625,690.0,20.0,2.5273457999999995
2023-04-05 11:00:00,11,30.3,54.7375,782.0,21.0,2.8051865486499996
2023-04-05 12:00:00,12,31.2,56.2625,802.0,21.0,2.8570118578499994
2023-04-05 13:00:00,13,32.1,58.69375,851.0,26.0,2.9665787877749996
2023-04-05 14:00:00,14,32.5,57.46875,799.0,26.0,2.801081166375
2023-04-05 15:00:00,15,32.2,52.10625,637.0,22.0,2.307512896325
2023-04-05 16:00:00,16,31.7,46.66875,479.0,29.0,1.7514618893624998
2023-04-05 17:00:00,17,30.6,38.9125,266.0,26.0,1.0120731159
2023-04-05 18:00:00,18,27.4,29.99375,83.0,22.0,0.330492850725
2023-04-05 19:00:00,19,25.6,25.6625,2.0,26.0,0.0080366463
2023-04-05 20:00:00,20,24.2,24.2,0.0,21.0,0.0
2023-04-05 21:00:00,21,23.8,23.8,0.0,3.0,0.0
2023-04-05 22:00:00,22,21.3,21.3,0.0,1.0,0.0
2023-04-05 23:00:00,23,21.1,21.1,0.0,0.0,0.0
2023-04-06 00:00:00,0,21.4,21.4,0.0,0.0,0.0
2023-04-06 01:00:00,1,21.5,21.5,0.0,0.0,0.0
2023-04-06 02:00:00,2,20.5,20.5,0.0,0.0,0.0
2023-04-06 03:00:00,3,19.9,19.9,0.0,0.0,0.0
2023-04-06 04:00:00,4,19.6,19.6,0.0,1.0,0.0
2023-04-06 05:00:00,5,19.5,19.5,0.0,10.0,0.0
2023-04-06 06:00:00,6,19.6,19.6625,2.0,12.0,0.008296
2023-04-06 07:00:00,7,20.9,23.61875,87.0,5.0,0.36605249999999995
2023-04-06 08:00:00,8,23.7,32.54375,283.0,10.0,1.1431278783749996
2023-04-06 09:00:00,9,26.1,41.88125,505.0,0.0,2.0013244687499996
2023-04-06 10:00:00,10,28.2,49.95,696.0,0.0,2.6627916
2023-04-06 11:00:00,11,29.8,55.925,836.0,0.0,3.1134938999999995
2023-04-06 12:00:00,12,30.8,59.2375,910.0,32.0,3.1242237389999996
2023-04-06 13:00:00,13,31.0,55.46875,783.0,36.0,2.7117834750000003
2023-04-06 14:00:00,14,31.0,51.71875,663.0,26.0,2.385739614375
2023-04-06 15:00:00,15,31.2,51.23125,641.0,17.0,2.3555021944125
2023-04-06 16:00:00,16,31.0,45.40625,461.0,29.0,1.6949652980625
2023-04-06 17:00:00,17,30.8,38.925,260.0,34.0,0.9724967979999999
2023-04-06 18:00:00,18,29.3,31.64375,75.0,82.0,0.25939342687499994
2023-04-06 19:00:00,19,25.8,25.8625,2.0,43.0,0.00774219695
2023-04-06 20:00:00,20,25.1,25.1,0.0,1.0,0.0
2023-04-06 21:00:00,21,23.2,23.2,0.0,0.0,0.0
2023-04-06 22:00:00,22,22.1,22.1,0.0,1.0,0.0
2023-04-06 23:00:00,23,21.9,21.9,0.0,1.0,0.0
2023-04-07 00:00:00,0,22.3,22.3,0.0,0.0,0.0
2023-04-07 01:00:00,1,21.8,21.8,0.0,0.0,0.0
2023-04-07 02:00:00,2,21.2,21.2,0.0,0.0,0.0
2023-04-07 03:00:00,3,20.7,20.7,0.0,0.0,0.0
2023-04-07 04:00:00,4,20.4,20.4,0.0,0.0,0.0
2023-04-07 05:00:00,5,20.4,20.4,0.0,0.0,0.0
2023-04-07 06:00:00,6,20.7,20.7625,2.0,0.0,0.0085
2023-04-07 07:00:00,7,22.4,25.36875,95.0,0.0,0.40315446875
2023-04-07 08:00:00,8,25.5,34.71875,295.0,0.0,1.2050104687499998
2023-04-07 09:00:00,9,28.6,44.6625,514.0,0.0,2.0126890750000004
2023-04-07 10:00:00,10,30.5,52.5625,706.0,0.0,2.669694875
2023-04-07 11:00:00,11,31.7,58.16875,847.0,0.0,3.1221531687499993
2023-04-07 12:00:00,12,32.5,61.28125,921.0,0.0,3.3461944687500007
2023-04-07 13:00:00,13,33.6,62.349999999999994,920.0,49.0,2.9999130920000003
2023-04-07 14:00:00,14,33.6,55.00625,685.0,28.0,2.4183648945
2023-04-07 15:00:00,15,33.1,47.475,460.0,47.0,1.6119964230000001
2023-04-07 16:00:00,16,33.4,44.43125,353.0,91.0,1.1318200302374999
2023-04-07 17:00:00,17,31.9,37.30625,173.0,88.0,0.5760232306499999
2023-04-07 18:00:00,18,30.0,31.875,60.0,17.0,0.239555925
2023-04-07 19:00:00,19,28.4,28.4625,2.0,16.0,0.0081140422
2023-04-07 20:00:00,20,25.1,25.1,0.0,0.0,0.0
2023-04-07 21:00:00,21,24.9,24.9,0.0,87.0,0.0
2023-04-07 22:00:00,22,24.5,24.5,0.0,100.0,0.0
2023-04-07 23:00:00,23,24.0,24.0,0.0,100.0,0.0
2023-04-08 00:00:00,0,23.2,23.2,0.0,57.0,0.0
2023-04-08 01:00:00,1,22.3,22.3,0.0,100.0,0.0
2023-04-08 02:00:00,2,22.1,22.1,0.0,100.0,0.0
2023-04-08 03:00:00,3,21.5,21.5,0.0,100.0,0.0
2023-04-08 04:00:00,4,20.5,20.5,0.0,45.0,0.0
2023-04-08 05:00:00,5,20.4,20.4,0.0,7.0,0.0
2023-04-08 06:00:00,6,20.0,20.09375,3.0,27.0,0.0120615
2023-04-08 07:00:00,7,22.6,25.2875,86.0,21.0,0.34974632864999994
2023-04-08 08:00:00,8,26.3,34.64375,267.0,31.0,1.0233364435874999
2023-04-08 09:00:00,9,29.1,43.0375,446.0,4.0,1.7446697575999999
2023-04-08 10:00:00,10,31.0,52.5625,690.0,63.0,2.2804336987499996
2023-04-08 11:00:00,11,32.1,57.81875,823.0,86.0,2.515946615325
2023-04-08 12:00:00,12,32.9,60.61874999999999,887.0,77.0,2.7348260189625004
2023-04-08 13:00:00,13,33.4,60.99375,883.0,58.0,2.839803871775
2023-04-08 14:00:00,14,33.5,58.875,812.0,67.0,2.5836153070000005
2023-04-08 15:00:00,15,33.2,51.29375,579.0,34.0,2.0522086566749995
2023-04-08 16:00:00,16,33.1,47.94375,475.0,97.0,1.4777842503124998
2023-04-08 17:00:00,17,31.6,38.75625,229.0,97.0,0.7412757165125
2023-04-08 18:00:00,18,30.1,32.19375,67.0,29.0,0.2605160522625
2023-04-08 19:00:00,19,27.9,27.9625,2.0,14.0,0.0081640953
2023-04-08 20:00:00,20,25.4,25.4,0.0,68.0,0.0
2023-04-08 21:00:00,21,24.8,24.8,0.0,0.0,0.0
2023-04-08 22:00:00,22,24.3,24.3,0.0,0.0,0.0
2023-04-08 23:00:00,23,23.9,23.9,0.0,0.0,0.0
2023-04-09 00:00:00,0,22.9,22.9,0.0,0.0,0.0
2023-04-09 01:00:00,1,22.3,22.3,0.0,0.0,0.0
2023-04-09 02:00:00,2,21.9,21.9,0.0,0.0,0.0
2023-04-09 03:00:00,3,20.2,20.2,0.0,0.0,0.0
2023-04-09 04:00:00,4,20.0,20.0,0.0,0.0,0.0
2023-04-09 05:00:00,5,21.6,21.6,0.0,0.0,0.0
2023-04-09 06:00:00,6,23.0,23.09375,3.0,0.0,0.01275
2023-04-09 07:00:00,7,23.9,27.025,100.0,0.0,0.4215575
2023-04-09 08:00:00,8,27.8,37.26875,303.0,0.0,1.22455366875
2023-04-09 09:00:00,9,30.3,46.58125,521.0,0.0,2.02310486875
2023-04-09 10:00:00,10,31.8,54.1125,714.0,17.0,2.58997397085
2023-04-09 11:00:00,11,32.9,57.65,792.0,1.0,2.9205475992
2023-04-09 12:00:00,12,33.9,62.5875,918.0,1.0,3.30827965605
2023-04-09 13:00:00,13,34.3,63.2375,926.0,0.0,3.3335652749999998
2023-04-09 14:00:00,14,34.3,60.95625,853.0,0.0,3.1038484187499997
2023-04-09 15:00:00,15,34.1,56.38125,713.0,0.0,2.6498778687499995
2023-04-09 16:00:00,16,33.8,50.08125,521.0,0.0,1.9921053687499999
2023-04-09 17:00:00,17,33.2,42.54375,299.0,0.0,1.1815751187499999
2023-04-09 18:00:00,18,28.7,31.7,96.0,0.0,0.39706559999999996
2023-04-09 19:00:00,19,25.8,25.8625,2.0,0.0,0.008470675
2023-04-09 20:00:00,20,24.7,24.7,0.0,0.0,0.0
2023-04-09 21:00:00,21,23.2,23.2,0.0,0.0,0.0
2023-04-09 22:00:00,22,22.6,22.6,0.0,0.0,0.0
2023-04-09 23:00:00,23,23.2,23.2,0.0,0.0,0.0
2023-04-10 00:00:00,0,23.7,23.7,0.0,72.0,0.0
2023-04-10 01:00:00,1,22.7,22.7,0.0,1.0,0.0
2023-04-10 02:00:00,2,21.7,21.7,0.0,46.0,0.0
2023-04-10 03:00:00,3,21.1,21.1,0.0,26.0,0.0
2023-04-10 04:00:00,4,20.2,20.2,0.0,98.0,0.0
2023-04-10 05:00:00,5,20.3,20.3,0.0,100.0,0.0
2023-04-10 06:00:00,6,20.5,20.59375,3.0,94.0,0.010353
2023-04-10 07:00:00,7,24.4,27.4,96.0,100.0,0.32326656
2023-04-10 08:00:00,8,28.0,36.84375,283.0,93.0,0.9326565510624998
2023-04-10 09:00:00,9,31.0,46.21875,487.0,92.0,1.5455692544999997
2023-04-10 10:00:00,10,32.7,54.91875,711.0,45.0,2.4207110825625
2023-04-10 11:00:00,11,34.2,60.7625,850.0,18.0,2.9842855274999995
2023-04-10 12:00:00,12,35.1,64.06875,927.0,91.0,2.7190856352374997
2023-04-10 13:00:00,13,35.2,64.04375,923.0,96.0,2.6745725311500004
2023-04-10 14:00:00,14,35.2,61.6375,846.0,77.0,2.5960182358499995
2023-04-10 15:00:00,15,35.1,57.225,708.0,35.0,2.4376601069999997
2023-04-10 16:00:00,16,35.0,51.3125,522.0,62.0,1.7388625185000002
2023-04-10 17:00:00,17,34.5,43.28125,281.0,97.0,0.8921778978125002
2023-04-10 18:00:00,18,31.1,33.94375,91.0,33.0,0.34830169351249995
2023-04-10 19:00:00,19,27.0,27.0625,2.0,68.0,0.007283412000000001
2023-04-10 20:00:00,20,26.7,26.7,0.0,16.0,0.0
2023-04-10 21:00:00,21,26.7,26.7,0.0,0.0,0.0
2023-04-10 22:00:00,22,25.7,25.7,0.0,0.0,0.0
2023-04-10 23:00:00,23,25.1,25.1,0.0,0.0,0.0
2023-04-11 00:00:00,0,24.0,24.0,0.0,0.0,0.0
2023-04-11 01:00:00,1,22.6,22.6,0.0,64.0,0.0
2023-04-11 02:00:00,2,22.0,22.0,0.0,87.0,0.0
2023-04-11 03:00:00,3,22.4,22.4,0.0,67.0,0.0
2023-04-11 04:00:00,4,21.7,21.7,0.0,96.0,0.0
2023-04-11 05:00:00,5,22.3,22.3,0.0,99.0,0.0
2023-04-11 06:00:00,6,23.7,23.79375,3.0,9.0,0.012520499999999999
2023-04-11 07:00:00,7,26.4,29.3375,94.0,8.0,0.3862875762
2023-04-11 08:00:00,8,29.9,39.61875,311.0,0.0,1.2444606687500002
2023-04-11 09:00:00,9,32.1,48.38125,521.0,5.0,1.9870906460624997
2023-04-11 10:00:00,10,33.8,55.95625,709.0,2.0,2.629573781475
2023-04-11 11:00:00,11,35.2,61.60625,845.0,6.0,3.0286164041249997
2023-04-11 12:00:00,12,36.4,64.8375,910.0,23.0,3.10165803675
2023-04-11 13:00:00,13,37.0,65.09375,899.0,26.0,3.041181363375
2023-04-11 14:00:00,14,37.1,62.4125,810.0,27.0,2.76925406175
2023-04-11 15:00:00,15,36.9,57.7125,666.0,21.0,2.3568036538499997
2023-04-11 16:00:00,16,36.4,51.61875,487.0,68.0,1.5978585906
2023-04-11 17:00:00,17,34.6,42.63125,257.0,51.0,0.9116667237375002
2023-04-11 18:00:00,18,32.6,34.25625,53.0,48.0,0.19608674735000003
2023-04-11 19:00:00,19,29.3,29.3625,2.0,41.0,0.007666837650000001
2023-04-11 20:00:00,20,27.5,27.5,0.0,64.0,0.0
2023-04-11 21:00:00,21,27.9,27.9,0.0,21.0,0.0
2023-04-11 22:00:00,22,25.7,25.7,0.0,6.0,0.0
2023-04-11 23:00:00,23,24.7,24.7,0.0,0.0,0.0
2023-04-12 00:00:00,0,24.9,24.9,0.0,0.0,0.0
2023-04-12 01:00:00,1,24.5,24.5,0.0,13.0,0.0
2023-04-12 02:00:00,2,23.7,23.7,0.0,3.0,0.0
2023-04-12 03:00:00,3,22.9,22.9,0.0,0.0,0.0
2023-04-12 04:00:00,4,23.0,23.0,0.0,0.0,0.0
2023-04-12 05:00:00,5,26.1,26.1,0.0,25.0,0.0
2023-04-12 06:00:00,6,26.0,26.125,4.0,26.0,0.016043478
2023-04-12 07:00:00,7,27.2,30.2,96.0,21.0,0.38273402879999996
2023-04-12 08:00:00,8,29.4,38.525,292.0,12.0,1.1456892144
2023-04-12 09:00:00,9,31.6,46.85,488.0,22.0,1.8094521743999998
2023-04-12 10:00:00,10,32.0,52.75,664.0,19.0,2.4134251960000004
2023-04-12 11:00:00,11,33.4,58.30625,797.0,2.0,2.9242396842750003
2023-04-12 12:00:00,12,34.8,63.2375,910.0,33.0,3.0597521272499995
2023-04-12 13:00:00,13,35.4,60.68125,809.0,14.0,2.8649950472250003
2023-04-12 14:00:00,14,35.8,60.26875,783.0,3.0,2.8411379427375
2023-04-12 15:00:00,15,36.5,58.25,696.0,10.0,2.5132942799999998
2023-04-12 16:00:00,16,35.2,49.29375,451.0,55.0,1.5401359386875
2023-04-12 17:00:00,17,34.9,42.2125,234.0,73.0,0.7908284884500001
2023-04-12 18:00:00,18,32.2,34.98125,89.0,88.0,0.29923425584999996
2023-04-12 19:00:00,19,31.6,31.69375,3.0,95.0,0.0100509811875
2023-04-12 20:00:00,20,29.0,29.0,0.0,100.0,0.0
2023-04-12 21:00:00,21,27.9,27.9,0.0,95.0,0.0
2023-04-12 22:00:00,22,26.5,26.5,0.0,11.0,0.0
2023-04-12 23:00:00,23,25.8,25.8,0.0,74.0,0.0
2023-04-13 00:00:00,0,25.7,25.7,0.0,97.0,0.0
2023-04-13 01:00:00,1,25.4,25.4,0.0,94.0,0.0
2023-04-13 02:00:00,2,25.1,25.1,0.0,94.0,0.0
2023-04-13 03:00:00,3,25.2,25.2,0.0,85.0,0.0
2023-04-13 04:00:00,4,25.0,25.0,0.0,94.0,0.0
2023-04-13 05:00:00,5,24.0,24.0,0.0,100.0,0.0
2023-04-13 06:00:00,6,23.6,23.75625,5.0,87.0,0.0175525
2023-04-13 07:00:00,7,26.8,30.1125,106.0,80.0,0.370681311
2023-04-13 08:00:00,8,30.5,40.0,304.0,99.0,0.97401296
2023-04-13 09:00:00,9,33.0,49.0,512.0,69.0,1.6956436480000001
2023-04-13 10:00:00,10,34.6,56.50625,701.0,38.0,2.4059019773249997
2023-04-13 11:00:00,11,35.7,61.91875,839.0,22.0,2.9054540425249997
2023-04-13 12:00:00,12,36.4,63.05624999999999,853.0,14.0,2.9873412218249995
2023-04-13 13:00:00,13,36.9,63.58749999999999,854.0,12.0,2.9956237947999997
2023-04-13 14:00:00,14,36.9,61.8375,798.0,17.0,2.79344255085
2023-04-13 15:00:00,15,36.3,53.33125,545.0,43.0,1.8771375254375002
2023-04-13 16:00:00,16,35.7,47.60625,381.0,57.0,1.3049267764125
2023-04-13 17:00:00,17,34.8,40.95625,197.0,98.0,0.6301852650750001
2023-04-13 18:00:00,18,33.0,35.625,84.0,92.0,0.27893124
2023-04-13 19:00:00,19,30.9,30.99375,3.0,74.0,0.010602559574999998
2023-04-13 20:00:00,20,29.3,29.3,0.0,51.0,0.0
2023-04-13 21:00:00,21,27.7,27.7,0.0,59.0,0.0
2023-04-13 22:00:00,22,26.6,26.6,0.0,86.0,0.0
2023-04-13 23:00:00,23,27.4,27.4,0.0,99.0,0.0
2023-04-14 00:00:00,0,27.0,27.0,0.0,95.0,0.0
2023-04-14 01:00:00,1,26.6,26.6,0.0,100.0,0.0
2023-04-14 02:00:00,2,26.3,26.3,0.0,100.0,0.0
2023-04-14 03:00:00,3,25.8,25.8,0.0,100.0,0.0
2023-04-14 04:00:00,4,24.8,24.8,0.0,100.0,0.0
2023-04-14 05:00:00,5,24.1,24.1,0.0,99.0,0.0
2023-04-14 06:00:00,6,24.9,25.05625,5.0,100.0,0.016996175
2023-04-14 07:00:00,7,28.2,31.325,100.0,82.0,0.34631090999999997
2023-04-14 08:00:00,8,32.4,41.93125,305.0,10.0,1.184292239375
2023-04-14 09:00:00,9,34.4,50.8375,526.0,12.0,1.9563540092
2023-04-14 10:00:00,10,36.0,58.21875,711.0,28.0,2.4735018104999997
2023-04-14 11:00:00,11,37.0,60.65625,757.0,44.0,2.5156514235
2023-04-14 12:00:00,12,37.8,62.76875,799.0,53.0,2.5771669394625
2023-04-14 13:00:00,13,38.3,64.26875,831.0,94.0,2.417324299425
2023-04-14 14:00:00,14,38.2,59.45,680.0,100.0,1.9934064
2023-04-14 15:00:00,15,37.3,50.925,436.0,90.0,1.361891998
2023-04-14 16:00:00,16,37.0,48.21875,359.0,80.0,1.16259861375
2023-04-14 17:00:00,17,35.8,41.3625,178.0,80.0,0.5938691429999999
2023-04-14 18:00:00,18,33.8,36.26875,79.0,80.0,0.26931749774999997
2023-04-14 19:00:00,19,31.3,31.39375,3.0,44.0,0.0113306139
2023-04-14 20:00:00,20,29.6,29.6,0.0,11.0,0.0
2023-04-14 21:00:00,21,27.7,27.7,0.0,10.0,0.0
2023-04-14 22:00:00,22,27.3,27.3,0.0,0.0,0.0
2023-04-14 23:00:00,23,25.9,25.9,0.0,0.0,0.0
2023-04-15 00:00:00,0,26.6,26.6,0.0,0.0,0.0
2023-04-15 01:00:00,1,26.1,26.1,0.0,0.0,0.0
2023-04-15 02:00:00,2,26.6,26.6,0.0,0.0,0.0
2023-04-15 03:00:00,3,25.1,25.1,0.0,0.0,0.0
2023-04-15 04:00:00,4,24.2,24.2,0.0,19.0,0.0
2023-04-15 05:00:00,5,24.6,24.6,0.0,21.0,0.0
2023-04-15 06:00:00,6,25.5,25.6875,6.0,4.0,0.025226435999999998
2023-04-15 07:00:00,7,27.4,30.9,112.0,0.0,0.4647664000000001
2023-04-15 08:00:00,8,31.3,41.1125,314.0,0.0,1.248491475
2023-04-15 09:00:00,9,34.6,51.1625,530.0,0.0,2.0167758750000004
2023-04-15 10:00:00,10,36.8,59.175,716.0,16.0,2.5429571992
2023-04-15 11:00:00,11,38.0,62.96875,799.0,37.0,2.6668989540625003
2023-04-15 12:00:00,12,38.5,65.875,876.0,21.0,2.983489341
2023-04-15 13:00:00,13,38.9,66.36874999999999,879.0,40.0,2.868170627249999
2023-04-15 14:00:00,14,38.7,63.66875,799.0,42.0,2.629389329775
2023-04-15 15:00:00,15,38.3,58.83125,657.0,36.0,2.2405527774
2023-04-15 16:00:00,16,37.6,52.13125,465.0,55.0,1.5679819471875
2023-04-15 17:00:00,17,36.1,44.225,260.0,55.0,0.907822695
2023-04-15 18:00:00,18,34.1,36.69375,83.0,39.0,0.3100226094875
2023-04-15 19:00:00,19,32.1,32.19375,3.0,43.0,0.0113181705375
2023-04-15 20:00:00,20,30.6,30.6,0.0,17.0,0.0
2023-04-15 21:00:00,21,29.6,29.6,0.0,9.0,0.0
2023-04-15 22:00:00,22,29.2,29.2,0.0,5.0,0.0
2023-04-15 23:00:00,23,28.3,28.3,0.0,6.0,0.0
2023-04-16 00:00:00,0,27.7,27.7,0.0,1.0,0.0
2023-04-16 01:00:00,1,27.1,27.1,0.0,16.0,0.0
2023-04-16 02:00:00,2,27.2,27.2,0.0,31.0,0.0
2023-04-16 03:00:00,3,25.8,25.8,0.0,20.0,0.0
2023-04-16 04:00:00,4,25.7,25.7,0.0,20.0,0.0
2023-04-16 05:00:00,5,23.9,23.9,0.0,35.0,0.0
2023-04-16 06:00:00,6,25.4,25.55625,5.0,62.0,0.018573581625000002
2023-04-16 07:00:00,7,28.8,31.76875,95.0,24.0,0.37396318225
2023-04-16 08:00:00,8,33.1,42.31875,295.0,13.0,1.1365571605624998
2023-04-16 09:00:00,9,35.4,51.525,516.0,25.0,1.862306565
2023-04-16 10:00:00,10,36.5,57.40625,669.0,15.0,2.4004529071875003
2023-04-16 11:00:00,11,37.3,60.26875,735.0,36.0,2.489886147
2023-04-16 12:00:00,12,37.2,59.73125,721.0,20.0,2.533007106
2023-04-16 13:00:00,13,37.4,62.86875,815.0,19.0,2.827393486937499
2023-04-16 14:00:00,14,37.3,61.45625,773.0,11.0,2.7444424935375
2023-04-16 15:00:00,15,37.2,58.0125,666.0,12.0,2.3977708956
2023-04-16 16:00:00,16,36.8,52.6125,506.0,7.0,1.8861955931500003
2023-04-16 17:00:00,17,35.7,44.85625,293.0,1.0,1.1440533267125
2023-04-16 18:00:00,18,33.8,36.83125,97.0,1.0,0.3919547882125
2023-04-16 19:00:00,19,31.8,31.89375,3.0,0.0,0.01239841875
2023-04-16 20:00:00,20,30.8,30.8,0.0,1.0,0.0
2023-04-16 21:00:00,21,28.2,28.2,0.0,1.0,0.0
2023-04-16 22:00:00,22,28.2,28.2,0.0,0.0,0.0
2023-04-16 23:00:00,23,27.2,27.2,0.0,1.0,0.0
2023-04-17 00:00:00,0,26.7,26.7,0.0,1.0,0.0
2023-04-17 01:00:00,1,24.9,24.9,0.0,0.0,0.0
2023-04-17 02:00:00,2,25.8,25.8,0.0,0.0,0.0
2023-04-17 03:00:00,3,25.4,25.4,0.0,0.0,0.0
2023-04-17 04:00:00,4,24.7,24.7,0.0,0.0,0.0
2023-04-17 05:00:00,5,24.8,24.8,0.0,0.0,0.0
2023-04-17 06:00:00,6,25.7,25.91875,7.0,0.0,0.02964066875
2023-04-17 07:00:00,7,28.1,31.7875,118.0,0.0,0.4878842749999999
2023-04-17 08:00:00,8,31.5,41.5,320.0,0.0,1.27024
2023-04-17 09:00:00,9,34.4,51.11875,535.0,0.0,2.03619996875
2023-04-17 10:00:00,10,36.1,58.6,720.0,0.0,2.6487359999999995
2023-04-17 11:00:00,11,37.1,63.81875000000001,855.0,2.0,3.057241390875
2023-04-17 12:00:00,12,37.8,66.33125,913.0,5.0,3.2063601920625002
2023-04-17 13:00:00,13,38.3,66.70625,909.0,10.0,3.154388052375
2023-04-17 14:00:00,14,38.3,64.425,836.0,20.0,2.8729842239999996
2023-04-17 15:00:00,15,37.8,59.3625,690.0,55.0,2.2511908087499997
2023-04-17 16:00:00,16,36.9,52.18125,489.0,68.0,1.6003805201999999
2023-04-17 17:00:00,17,35.9,44.025,260.0,45.0,0.9290276449999999
2023-04-17 18:00:00,18,34.3,37.2375,94.0,49.0,0.34270991645
2023-04-17 19:00:00,19,32.0,32.125,4.0,38.0,0.015260322000000002
2023-04-17 20:00:00,20,30.7,30.7,0.0,19.0,0.0
2023-04-17 21:00:00,21,29.8,29.8,0.0,10.0,0.0
2023-04-17 22:00:00,22,28.9,28.9,0.0,5.0,0.0
2023-04-17 23:00:00,23,27.6,27.6,0.0,4.0,0.0
2023-04-18 00:00:00,0,27.6,27.6,0.0,1.0,0.0
2023-04-18 01:00:00,1,28.5,28.5,0.0,0.0,0.0
2023-04-18 02:00:00,2,27.1,27.1,0.0,0.0,0.0
2023-04-18 03:00:00,3,25.9,25.9,0.0,0.0,0.0
2023-04-18 04:00:00,4,25.8,25.8,0.0,0.0,0.0
2023-04-18 05:00:00,5,27.6,27.6,0.0,2.0,0.0
2023-04-18 06:00:00,6,28.4,28.61875,7.0,24.0,0.02791203905
2023-04-18 07:00:00,7,29.8,33.3625,114.0,4.0,0.4645471272000001
2023-04-18 08:00:00,8,31.6,41.4125,314.0,5.0,1.23442117425
2023-04-18 09:00:00,9,34.3,50.7375,526.0,8.0,1.9732695906
2023-04-18 10:00:00,10,36.5,58.6875,710.0,0.0,2.6108918749999996
2023-04-18 11:00:00,11,37.7,64.0125,842.0,4.0,2.9959144743999997
2023-04-18 12:00:00,12,38.6,66.60000000000001,896.0,3.0,3.1553027071999997
2023-04-18 13:00:00,13,38.9,65.86875,863.0,2.0,3.0558919104749993
2023-04-18 14:00:00,14,39.2,64.91875,823.0,5.0,2.9098543010625
2023-04-18 15:00:00,15,39.0,59.78125,665.0,27.0,2.3016633784375
2023-04-18 16:00:00,16,38.3,52.89375,467.0,41.0,1.6187107942125
2023-04-18 17:00:00,17,36.8,44.8625,258.0,5.0,0.9992892442499999
2023-04-18 18:00:00,18,34.9,37.99375,99.0,20.0,0.38292625799999996
2023-04-18 19:00:00,19,32.0,32.125,4.0,1.0,0.016482469000000003
2023-04-18 20:00:00,20,30.3,30.3,0.0,1.0,0.0
2023-04-18 21:00:00,21,30.3,30.3,0.0,1.0,0.0
2023-04-18 22:00:00,22,30.0,30.0,0.0,1.0,0.0
2023-04-18 23:00:00,23,29.6,29.6,0.0,0.0,0.0
2023-04-19 00:00:00,0,28.7,28.7,0.0,0.0,0.0
2023-04-19 01:00:00,1,27.9,27.9,0.0,0.0,0.0
2023-04-19 02:00:00,2,27.7,27.7,0.0,2.0,0.0
2023-04-19 03:00:00,3,26.9,26.9,0.0,9.0,0.0
2023-04-19 04:00:00,4,25.8,25.8,0.0,50.0,0.0
2023-04-19 05:00:00,5,26.4,26.4,0.0,99.0,0.0
2023-04-19 06:00:00,6,26.0,26.25,8.0,91.0,0.027672939999999997
2023-04-19 07:00:00,7,27.7,31.29375,115.0,100.0,0.38115657500000005
2023-04-19 08:00:00,8,30.4,39.61875,295.0,73.0,1.0080931713125
2023-04-19 09:00:00,9,33.2,49.54375,523.0,85.0,1.6637611605624998
2023-04-19 10:00:00,10,35.1,57.19375,707.0,72.0,2.2408482008499995
2023-04-19 11:00:00,11,36.1,61.88125,825.0,86.0,2.474884108125
2023-04-19 12:00:00,12,36.2,61.7,816.0,75.0,2.51506296
2023-04-19 13:00:00,13,36.8,62.675,828.0,26.0,2.8332749915999997
2023-04-19 14:00:00,14,37.1,62.69375,819.0,59.0,2.6071390083374997
2023-04-19 15:00:00,15,37.2,56.8875,630.0,100.0,1.8687879
2023-04-19 16:00:00,16,36.1,46.56875,335.0,99.0,1.0433346069375
2023-04-19 17:00:00,17,35.4,42.775,236.0,99.0,0.7472127334
2023-04-19 18:00:00,18,33.9,36.4,80.0,100.0,0.2595968
2023-04-19 19:00:00,19,31.9,31.99375,3.0,94.0,0.010063374825
2023-04-19 20:00:00,20,31.2,31.2,0.0,100.0,0.0
2023-04-19 21:00:00,21,30.0,30.0,0.0,100.0,0.0
2023-04-19 22:00:00,22,28.8,28.8,0.0,86.0,0.0
2023-04-19 23:00:00,23,27.9,27.9,0.0,38.0,0.0
2023-04-20 00:00:00,0,27.4,27.4,0.0,78.0,0.0
2023-04-20 01:00:00,1,26.3,26.3,0.0,100.0,0.0
2023-04-20 02:00:00,2,25.7,25.7,0.0,100.0,0.0
2023-04-20 03:00:00,3,25.8,25.8,0.0,100.0,0.0
2023-04-20 04:00:00,4,25.0,25.0,0.0,99.0,0.0
2023-04-20 05:00:00,5,25.2,25.2,0.0,100.0,0.0
2023-04-20 06:00:00,6,25.2,25.45,8.0,98.0,0.027286795200000005
2023-04-20 07:00:00,7,26.7,29.66875,95.0,62.0,0.347079932625
2023-04-20 08:00:00,8,29.4,38.86875,303.0,100.0,0.9730496550000001
2023-04-20 09:00:00,9,31.4,47.525,516.0,100.0,1.5963285600000001
2023-04-20 10:00:00,10,32.5,53.65625,677.0,89.0,2.0939999698125
2023-04-20 11:00:00,11,33.6,59.06875,815.0,1.0,2.985744013812499
2023-04-20 12:00:00,12,34.6,63.0375,910.0,4.0,3.252827396
2023-04-20 13:00:00,13,34.5,61.9375,878.0,14.0,3.0911260904999995
2023-04-20 14:00:00,14,35.1,60.2875,806.0,37.0,2.7242833650500002
2023-04-20 15:00:00,15,35.1,54.225,612.0,100.0,1.83755448
2023-04-20 16:00:00,16,34.4,42.0875,246.0,99.0,0.7811801401499999
2023-04-20 17:00:00,17,34.0,39.6875,182.0,100.0,0.5824455
2023-04-20 18:00:00,18,32.9,35.4625,82.0,100.0,0.2671322200000001
2023-04-20 19:00:00,19,31.3,31.39375,3.0,100.0,0.009939135
2023-04-20 20:00:00,20,30.2,30.2,0.0,100.0,0.0
2023-04-20 21:00:00,21,29.2,29.2,0.0,100.0,0.0
2023-04-20 22:00:00,22,28.5,28.5,0.0,100.0,0.0
2023-04-20 23:00:00,23,26.7,26.7,0.0,92.0,0.0
2023-04-21 00:00:00,0,25.3,25.3,0.0,99.0,0.0
2023-04-21 01:00:00,1,24.4,24.4,0.0,94.0,0.0
2023-04-21 02:00:00,2,25.0,25.0,0.0,20.0,0.0
2023-04-21 03:00:00,3,25.2,25.2,0.0,0.0,0.0
2023-04-21 04:00:00,4,22.2,22.2,0.0,8.0,0.0
2023-04-21 05:00:00,5,22.6,22.6,0.0,9.0,0.0
2023-04-21 06:00:00,6,23.2,23.5125,10.0,0.0,0.0425
2023-04-21 07:00:00,7,26.1,30.0375,126.0,0.0,0.524709675
2023-04-21 08:00:00,8,30.1,40.4125,330.0,0.0,1.316035875
2023-04-21 09:00:00,9,32.0,49.0625,546.0,0.0,2.0971518750000007
2023-04-21 10:00:00,10,33.4,56.275,732.0,0.0,2.7218139000000003
2023-04-21 11:00:00,11,34.4,61.58749999999999,870.0,0.0,3.156370875
2023-04-21 12:00:00,12,35.0,64.21875,935.0,0.0,3.3503679687500005
2023-04-21 13:00:00,13,35.5,64.59375,931.0,0.0,3.3300997187499997
2023-04-21 14:00:00,14,35.7,62.73125,865.0,0.0,3.12141196875
2023-04-21 15:00:00,15,35.5,58.1875,726.0,0.0,2.675899875
2023-04-21 16:00:00,16,35.0,51.78125,537.0,0.0,2.0377639687499998
2023-04-21 17:00:00,17,33.8,43.6125,314.0,0.0,1.235146475
2023-04-21 18:00:00,18,31.6,34.9125,106.0,0.0,0.43263767500000005
2023-04-21 19:00:00,19,29.4,29.55625,5.0,0.0,0.020862718750000002
2023-04-21 20:00:00,20,28.9,28.9,0.0,0.0,0.0
2023-04-21 21:00:00,21,28.7,28.7,0.0,0.0,0.0
2023-04-21 22:00:00,22,27.2,27.2,0.0,0.0,0.0
2023-04-21 23:00:00,23,25.5,25.5,0.0,0.0,0.0
2023-04-22 00:00:00,0,24.8,24.8,0.0,0.0,0.0
2023-04-22 01:00:00,1,25.3,25.3,0.0,0.0,0.0
2023-04-22 02:00:00,2,24.3,24.3,0.0,7.0,0.0
2023-04-22 03:00:00,3,23.3,23.3,0.0,18.0,0.0
2023-04-22 04:00:00,4,22.5,22.5,0.0,0.0,0.0
2023-04-22 05:00:00,5,22.0,22.0,0.0,0.0,0.0
2023-04-22 06:00:00,6,22.7,23.04375,11.0,0.0,0.04674999999999999
2023-04-22 07:00:00,7,25.1,29.1625,130.0,0.0,0.543300875
2023-04-22 08:00:00,8,27.8,38.2375,334.0,0.0,1.3443374750000001
2023-04-22 09:00:00,9,30.0,47.15625,549.0,0.0,2.12646571875
2023-04-22 10:00:00,10,32.2,55.1375,734.0,14.0,2.6666278353
2023-04-22 11:00:00,11,33.9,60.18125,841.0,6.0,3.0344085047250005
2023-04-22 12:00:00,12,35.1,63.5375,910.0,1.0,3.26478222525
2023-04-22 13:00:00,13,35.9,65.025,932.0,3.0,3.3068828366
2023-04-22 14:00:00,14,36.3,62.6125,842.0,25.0,2.88810894125
2023-04-22 15:00:00,15,35.9,55.7125,634.0,31.0,2.216944873149999
2023-04-22 16:00:00,16,35.5,50.125,468.0,40.0,1.6459770599999999
2023-04-22 17:00:00,17,33.7,40.54375,219.0,33.0,0.8152704979125
2023-04-22 18:00:00,18,31.7,34.8875,102.0,1.0,0.41552236485
2023-04-22 19:00:00,19,28.1,28.25625,5.0,2.0,0.020889325875
2023-04-22 20:00:00,20,27.4,27.4,0.0,4.0,0.0
2023-04-22 21:00:00,21,26.7,26.7,0.0,0.0,0.0
2023-04-22 22:00:00,22,25.9,25.9,0.0,1.0,0.0
2023-04-22 23:00:00,23,25.7,25.7,0.0,0.0,0.0
2023-04-23 00:00:00,0,25.5,25.5,0.0,1.0,0.0
2023-04-23 01:00:00,1,24.8,24.8,0.0,1.0,0.0
2023-04-23 02:00:00,2,24.2,24.2,0.0,1.0,0.0
2023-04-23 03:00:00,3,23.6,23.6,0.0,38.0,0.0
2023-04-23 04:00:00,4,23.4,23.4,0.0,0.0,0.0
2023-04-23 05:00:00,5,22.9,22.9,0.0,2.0,0.0
2023-04-23 06:00:00,6,23.0,23.34375,11.0,26.0,0.04431899999999999
2023-04-23 07:00:00,7,24.4,28.2125,122.0,66.0,0.4442747547
2023-04-23 08:00:00,8,26.9,35.43125,273.0,7.0,1.0962728287875003
2023-04-23 09:00:00,9,28.4,44.24375,507.0,97.0,1.6030438237125
2023-04-23 10:00:00,10,28.6,44.0375,494.0,28.0,1.8310041827999999
2023-04-23 11:00:00,11,31.0,57.53125,849.0,17.0,3.0320097688125
2023-04-23 12:00:00,12,32.2,60.6375,910.0,9.0,3.25649649325
2023-04-23 13:00:00,13,32.7,61.54375,923.0,99.0,2.6861722990375
2023-04-23 14:00:00,14,28.3,47.51875,615.0,53.0,2.1262149230625003
2023-04-23 15:00:00,15,31.8,50.4875,598.0,38.0,2.1089321252999995
2023-04-23 16:00:00,16,30.7,42.41875,375.0,75.0,1.2602996484374998
2023-04-23 17:00:00,17,27.3,32.26875,159.0,8.0,0.64560492765
2023-04-23 18:00:00,18,26.3,29.01875,87.0,21.0,0.34852640546249997
2023-04-23 19:00:00,19,24.7,24.85625,5.0,27.0,0.0201025
2023-04-23 20:00:00,20,24.2,24.2,0.0,18.0,0.0
2023-04-23 21:00:00,21,24.0,24.0,0.0,1.0,0.0
2023-04-23 22:00:00,22,23.0,23.0,0.0,0.0,0.0
2023-04-23 23:00:00,23,22.0,22.0,0.0,0.0,0.0
2023-04-24 00:00:00,0,20.9,20.9,0.0,0.0,0.0
2023-04-24 01:00:00,1,21.0,21.0,0.0,0.0,0.0
2023-04-24 02:00:00,2,20.3,20.3,0.0,0.0,0.0
2023-04-24 03:00:00,3,19.3,19.3,0.0,0.0,0.0
2023-04-24 04:00:00,4,21.3,21.3,0.0,0.0,0.0
2023-04-24 05:00:00,5,19.0,19.0,0.0,0.0,0.0
2023-04-24 06:00:00,6,19.6,19.975,12.0,0.0,0.051
2023-04-24 07:00:00,7,22.4,26.4,128.0,0.0,0.5409536
2023-04-24 08:00:00,8,25.3,35.45625,325.0,0.0,1.32347921875
2023-04-24 09:00:00,9,27.6,44.31875,535.0,12.0,2.0476928655
2023-04-24 10:00:00,10,29.0,50.28125,681.0,19.0,2.5027093479375
2023-04-24 11:00:00,11,30.1,55.25625000000001,805.0,12.0,2.9350205815
2023-04-24 12:00:00,12,31.1,58.1,864.0,3.0,3.1667122368
2023-04-24 13:00:00,13,31.9,60.05625,901.0,14.0,3.2001092030249993
2023-04-24 14:00:00,14,32.1,57.474999999999994,812.0,14.0,2.9186390772000004
2023-04-24 15:00:00,15,31.9,50.74375,603.0,24.0,2.1885059794499995
2023-04-24 16:00:00,16,31.5,45.25,440.0,34.0,1.60166996
2023-04-24 17:00:00,17,29.9,37.5875,246.0,14.0,0.9650590209
2023-04-24 18:00:00,18,28.7,31.85625,101.0,0.0,0.41747781874999995
2023-04-24 19:00:00,19,26.8,26.95625,5.0,0.0,0.02108371875
2023-04-24 20:00:00,20,25.9,25.9,0.0,1.0,0.0
2023-04-24 21:00:00,21,24.9,24.9,0.0,0.0,0.0
2023-04-24 22:00:00,22,23.9,23.9,0.0,7.0,0.0
2023-04-24 23:00:00,23,23.4,23.4,0.0,3.0,0.0
2023-04-25 00:00:00,0,22.5,22.5,0.0,73.0,0.0
2023-04-25 01:00:00,1,21.9,21.9,0.0,67.0,0.0
2023-04-25 02:00:00,2,21.3,21.3,0.0,49.0,0.0
2023-04-25 03:00:00,3,20.6,20.6,0.0,11.0,0.0
2023-04-25 04:00:00,4,20.1,20.1,0.0,98.0,0.0
2023-04-25 05:00:00,5,20.2,20.2,0.0,90.0,0.0
2023-04-25 06:00:00,6,20.5,20.875,12.0,53.0,0.045593999999999996
2023-04-25 07:00:00,7,22.5,26.53125,129.0,36.0,0.505659747
2023-04-25 08:00:00,8,25.0,35.15625,325.0,4.0,1.3145356249999998
2023-04-25 09:00:00,9,27.6,44.35,536.0,9.0,2.0638525095999998
2023-04-25 10:00:00,10,29.7,52.1375,718.0,87.0,2.24693449155
2023-04-25 11:00:00,11,31.4,57.775,844.0,81.0,2.6118317233999995
2023-04-25 12:00:00,12,32.7,60.54375,891.0,98.0,2.611688530275
2023-04-25 13:00:00,13,33.2,60.2625,866.0,55.0,2.81361527275
2023-04-25 14:00:00,14,33.5,58.53125,801.0,100.0,2.358123975
2023-04-25 15:00:00,15,33.3,54.26875,671.0,100.0,2.0143050950000005
2023-04-25 16:00:00,16,32.9,48.4625,498.0,15.0,1.8603304807500003
2023-04-25 17:00:00,17,31.8,40.925,292.0,0.0,1.1619483
2023-04-25 18:00:00,18,30.4,33.5875,102.0,0.0,0.418609275
2023-04-25 19:00:00,19,28.1,28.2875,6.0,0.0,0.025164674999999997
2023-04-25 20:00:00,20,27.1,27.1,0.0,0.0,0.0
2023-04-25 21:00:00,21,26.2,26.2,0.0,0.0,0.0
2023-04-25 22:00:00,22,25.3,25.3,0.0,21.0,0.0
2023-04-25 23:00:00,23,24.2,24.2,0.0,100.0,0.0
2023-04-26 00:00:00,0,23.3,23.3,0.0,100.0,0.0
2023-04-26 01:00:00,1,22.6,22.6,0.0,100.0,0.0
2023-04-26 02:00:00,2,21.8,21.8,0.0,99.0,0.0
2023-04-26 03:00:00,3,21.3,21.3,0.0,100.0,0.0
2023-04-26 04:00:00,4,21.5,21.5,0.0,100.0,0.0
2023-04-26 05:00:00,5,21.8,21.8,0.0,100.0,0.0
2023-04-26 06:00:00,6,22.9,23.2125,10.0,100.0,0.034
2023-04-26 07:00:00,7,24.6,27.6,96.0,100.0,0.32300544
2023-04-26 08:00:00,8,27.1,35.44375,267.0,100.0,0.8698766550000001
2023-04-26 09:00:00,9,29.6,44.225,468.0,100.0,1.4688367200000003
2023-04-26 10:00:00,10,31.5,51.6875,646.0,90.0,2.0109826574999996
2023-04-26 11:00:00,11,33.1,58.38125,809.0,87.0,2.4607842343875
2023-04-26 12:00:00,12,34.0,60.25,840.0,55.0,2.7293007
2023-04-26 13:00:00,13,34.6,61.6625,866.0,25.0,2.98371694125
2023-04-26 14:00:00,14,34.8,59.33125,785.0,13.0,2.8032688825624996
2023-04-26 15:00:00,15,35.0,56.3125,682.0,2.0,2.5253210235
2023-04-26 16:00:00,16,35.0,50.71875,503.0,7.0,1.8909793631874998
2023-04-26 17:00:00,17,33.9,42.9,288.0,100.0,0.9090892800000001
2023-04-26 18:00:00,18,31.9,34.80625,93.0,66.0,0.329619804675
2023-04-26 19:00:00,19,28.8,28.9875,6.0,100.0,0.02007462
2023-04-26 20:00:00,20,28.6,28.6,0.0,99.0,0.0
2023-04-26 21:00:00,21,27.2,27.2,0.0,83.0,0.0
2023-04-26 22:00:00,22,26.5,26.5,0.0,51.0,0.0
2023-04-26 23:00:00,23,26.2,26.2,0.0,74.0,0.0
2023-04-27 00:00:00,0,24.5,24.5,0.0,93.0,0.0
2023-04-27 01:00:00,1,23.7,23.7,0.0,98.0,0.0
2023-04-27 02:00:00,2,23.1,23.1,0.0,99.0,0.0
2023-04-27 03:00:00,3,22.4,22.4,0.0,100.0,0.0
2023-04-27 04:00:00,4,22.5,22.5,0.0,100.0,0.0
2023-04-27 05:00:00,5,22.5,22.5,0.0,100.0,0.0
2023-04-27 06:00:00,6,23.0,23.34375,11.0,59.0,0.04123349999999999
2023-04-27 07:00:00,7,24.5,28.53125,129.0,0.0,0.54050596875
2023-04-27 08:00:00,8,27.5,37.75,328.0,0.0,1.3229060000000001
2023-04-27 09:00:00,9,30.2,46.825,532.0,7.0,2.0347240942
2023-04-27 10:00:00,10,32.3,54.4875,710.0,5.0,2.6349700162499996
2023-04-27 11:00:00,11,34.0,60.15625,837.0,27.0,2.8919330859374996
2023-04-27 12:00:00,12,34.6,59.35,792.0,27.0,2.7467219736
2023-04-27 13:00:00,13,35.4,59.9,784.0,36.0,2.6604393984000003
2023-04-27 14:00:00,14,35.5,59.40625,765.0,86.0,2.321543683125
2023-04-27 15:00:00,15,33.3,50.39375,547.0,95.0,1.6917769501875004
2023-04-27 16:00:00,16,32.9,44.99375,387.0,51.0,1.3588635846375
2023-04-27 17:00:00,17,32.9,41.5875,278.0,93.0,0.89792948465
2023-04-27 18:00:00,18,31.6,34.5375,94.0,21.0,0.36812019384999994
2023-04-27 19:00:00,19,29.2,29.35625,5.0,68.0,0.018040077
2023-04-27 20:00:00,20,28.3,28.3,0.0,100.0,0.0
2023-04-27 21:00:00,21,27.6,27.6,0.0,100.0,0.0
2023-04-27 22:00:00,22,26.2,26.2,0.0,100.0,0.0
2023-04-27 23:00:00,23,25.9,25.9,0.0,100.0,0.0
2023-04-28 00:00:00,0,25.4,25.4,0.0,100.0,0.0
2023-04-28 01:00:00,1,24.9,24.9,0.0,100.0,0.0
2023-04-28 02:00:00,2,24.4,24.4,0.0,100.0,0.0
2023-04-28 03:00:00,3,23.9,23.9,0.0,100.0,0.0
2023-04-28 04:00:00,4,23.5,23.5,0.0,100.0,0.0
2023-04-28 05:00:00,5,24.7,24.7,0.0,100.0,0.0
2023-04-28 06:00:00,6,24.2,24.575,12.0,100.0,0.0408
2023-04-28 07:00:00,7,25.4,27.86875,79.0,100.0,0.265517815
2023-04-28 08:00:00,8,27.5,35.03125,241.0,100.0,0.7865215750000001
2023-04-28 09:00:00,9,28.6,40.63125,385.0,100.0,1.227154775
2023-04-28 10:00:00,10,30.4,46.8375,526.0,100.0,1.6321832600000001
2023-04-28 11:00:00,11,31.9,55.18125,745.0,84.0,2.316291718
2023-04-28 12:00:00,12,32.9,57.7125,794.0,78.0,2.4754069937
2023-04-28 13:00:00,13,33.3,59.33125,833.0,100.0,2.4432681350000003
2023-04-28 14:00:00,14,29.0,44.625,500.0,100.0,1.56655
2023-04-28 15:00:00,15,29.1,43.725,468.0,99.0,1.4756991678000002
2023-04-28 16:00:00,16,25.4,31.4,192.0,100.0,0.63608832
2023-04-28 17:00:00,17,27.4,29.99375,83.0,100.0,0.276563055
2023-04-28 18:00:00,18,26.0,28.625,84.0,95.0,0.28497703500000005
2023-04-28 19:00:00,19,24.9,25.05625,5.0,97.0,0.0171236463125
2023-04-28 20:00:00,20,24.0,24.0,0.0,17.0,0.0
2023-04-28 21:00:00,21,23.4,23.4,0.0,100.0,0.0
2023-04-28 22:00:00,22,22.8,22.8,0.0,100.0,0.0
2023-04-28 23:00:00,23,22.4,22.4,0.0,100.0,0.0
2023-04-29 00:00:00,0,22.5,22.5,0.0,100.0,0.0
2023-04-29 01:00:00,1,22.5,22.5,0.0,95.0,0.0
2023-04-29 02:00:00,2,22.7,22.7,0.0,91.0,0.0
2023-04-29 03:00:00,3,22.8,22.8,0.0,100.0,0.0
2023-04-29 04:00:00,4,22.7,22.7,0.0,100.0,0.0
2023-04-29 05:00:00,5,21.5,21.5,0.0,100.0,0.0
2023-04-29 06:00:00,6,21.8,22.20625,13.0,97.0,0.0445315
2023-04-29 07:00:00,7,22.3,25.4875,102.0,93.0,0.35218090544999997
2023-04-29 08:00:00,8,22.9,28.9625,194.0,99.0,0.6507682033500001
2023-04-29 09:00:00,9,24.2,34.66875,335.0,100.0,1.094949175
2023-04-29 10:00:00,10,25.8,38.83125,417.0,100.0,1.3393602150000001
2023-04-29 11:00:00,11,28.0,47.3125,618.0,100.0,1.9136678999999999
2023-04-29 12:00:00,12,29.4,53.15,760.0,100.0,2.2930416
2023-04-29 13:00:00,13,30.2,55.48125,809.0,100.0,2.415233095
2023-04-29 14:00:00,14,29.9,50.24375,651.0,100.0,1.989901935
2023-04-29 15:00:00,15,29.7,43.043749999999996,427.0,100.0,1.3470163350000002
2023-04-29 16:00:00,16,29.1,36.225,228.0,100.0,0.74039352
2023-04-29 17:00:00,17,28.5,32.46875,127.0,100.0,0.418899975
2023-04-29 18:00:00,18,28.1,30.69375,83.0,56.0,0.30610791345000005
2023-04-29 19:00:00,19,26.3,26.45625,5.0,99.0,0.016943227437500003
2023-04-29 20:00:00,20,24.2,24.2,0.0,96.0,0.0
2023-04-29 21:00:00,21,23.8,23.8,0.0,100.0,0.0
2023-04-29 22:00:00,22,23.5,23.5,0.0,100.0,0.0
2023-04-29 23:00:00,23,22.9,22.9,0.0,48.0,0.0
2023-04-30 00:00:00,0,23.1,23.1,0.0,0.0,0.0
2023-04-30 01:00:00,1,21.8,21.8,0.0,0.0,0.0
2023-04-30 02:00:00,2,21.9,21.9,0.0,0.0,0.0
2023-04-30 03:00:00,3,21.7,21.7,0.0,0.0,0.0
2023-04-30 04:00:00,4,21.5,21.5,0.0,0.0,0.0
2023-04-30 05:00:00,5,19.4,19.4,0.0,0.0,0.0
2023-04-30 06:00:00,6,20.2,20.41875,7.0,0.0,0.015470000000000001
2023-04-30 07:00:00,7,20.4,21.5875,38.0,0.0,0.08398000000000001
2023-04-30 08:00:00,8,21.3,25.2375,126.0,0.0,0.27819546300000003
2023-04-30 09:00:00,9,21.5,24.4375,94.0,0.0,0.20774
2023-04-30 10:00:00,10,22.4,27.55625,165.0,0.0,0.36092145375
2023-04-30 11:00:00,11,24.1,33.31875,295.0,0.0,0.6302563637499999
2023-04-30 12:00:00,12,26.8,45.3625,594.0,0.0,1.4710971389399998
2023-04-30 13:00:00,13,28.5,55.4375,862.0,0.0,1.9658734826249997
2023-04-30 14:00:00,14,29.3,53.6125,778.0,0.0,1.8118903812100005
2023-04-30 15:00:00,15,29.7,49.79375,643.0,0.0,1.507316984330625
2023-04-30 16:00:00,16,29.4,44.2125,474.0,0.0,1.0854985284975
2023-04-30 17:00:00,17,23.4,30.68125,233.0,0.0,0.519583132761875
2023-04-30 18:00:00,18,23.1,24.25625,37.0,0.0,0.08177
2023-04-30 19:00:00,19,22.4,22.525,4.0,0.0,0.00884
2023-04-30 20:00:00,20,21.9,21.9,0.0,0.0,0.0
2023-04-30 21:00:00,21,21.3,21.3,0.0,0.0,0.0
2023-04-30 22:00:00,22,20.6,20.6,0.0,0.0,0.0
2023-04-30 23:00:00,23,19.5,19.5,0.0,0.0,0.0
2023-05-01 00:00:00,0,19.3,19.3,0.0,100.0,0.0
2023-05-01 01:00:00,1,19.1,19.1,0.0,100.0,0.0
2023-05-01 02:00:00,2,19.0,19.0,0.0,100.0,0.0
2023-05-01 03:00:00,3,19.0,19.0,0.0,98.0,0.0
2023-05-01 04:00:00,4,18.7,18.7,0.0,96.0,0.0
2023-05-01 05:00:00,5,19.2,19.2,0.0,76.0,0.0
2023-05-01 06:00:00,6,19.5,19.90625,13.0,98.0,0.044421
2023-05-01 07:00:00,7,20.7,23.7,96.0,50.0,0.36719999999999997
2023-05-01 08:00:00,8,22.6,32.19375,307.0,49.0,1.1430196485125
2023-05-01 09:00:00,9,23.7,38.7,480.0,50.0,1.7353872000000001
2023-05-01 10:00:00,10,24.7,42.79375,579.0,52.0,2.0479030823999995
2023-05-01 11:00:00,11,25.8,46.89375,675.0,35.0,2.4342928734375002
2023-05-01 12:00:00,12,27.1,51.94375,795.0,48.0,2.7252031177500005
2023-05-01 13:00:00,13,27.7,51.85625,773.0,52.0,2.6273694888
2023-05-01 14:00:00,14,28.2,50.075,700.0,100.0,2.141286
2023-05-01 15:00:00,15,28.1,42.6,464.0,100.0,1.4665369600000002
2023-05-01 16:00:00,16,25.4,33.11875,247.0,79.0,0.8551851884874999
2023-05-01 17:00:00,17,25.3,31.83125,209.0,85.0,0.7171022120624998
2023-05-01 18:00:00,18,22.3,24.51875,71.0,94.0,0.245021
2023-05-01 19:00:00,19,20.1,20.225,4.0,100.0,0.013600000000000001
2023-05-01 20:00:00,20,20.0,20.0,0.0,98.0,0.0
2023-05-01 21:00:00,21,19.9,19.9,0.0,31.0,0.0
2023-05-01 22:00:00,22,19.5,19.5,0.0,7.0,0.0
2023-05-01 23:00:00,23,18.4,18.4,0.0,1.0,0.0
2023-05-02 00:00:00,0,18.0,18.0,0.0,30.0,0.0
2023-05-02 01:00:00,1,18.0,18.0,0.0,11.0,0.0
2023-05-02 02:00:00,2,17.8,17.8,0.0,1.0,0.0
2023-05-02 03:00:00,3,17.8,17.8,0.0,4.0,0.0
2023-05-02 04:00:00,4,17.7,17.7,0.0,1.0,0.0
2023-05-02 05:00:00,5,19.1,19.1,0.0,2.0,0.0
2023-05-02 06:00:00,6,19.4,19.86875,15.0,0.0,0.06375
2023-05-02 07:00:00,7,20.9,25.025,132.0,0.0,0.5609439
2023-05-02 08:00:00,8,23.3,33.26875,319.0,3.0,1.3030431173375
2023-05-02 09:00:00,9,25.6,41.75625,517.0,4.0,2.0335794841999997
2023-05-02 10:00:00,10,27.4,48.9625,690.0,5.0,2.6249056762499996
2023-05-02 11:00:00,11,28.8,53.83125,801.0,5.0,2.9815383200624996
2023-05-02 12:00:00,12,30.1,57.225,868.0,10.0,3.1492181419999996
2023-05-02 13:00:00,13,30.8,57.3,848.0,21.0,3.0065519456
2023-05-02 14:00:00,14,31.1,53.725,724.0,61.0,2.3911914706000004
2023-05-02 15:00:00,15,31.4,49.93125,593.0,100.0,1.8151344550000001
2023-05-02 16:00:00,16,30.6,42.75625,389.0,61.0,1.3484569126625001
2023-05-02 17:00:00,17,29.0,36.375,236.0,63.0,0.8367356989999999
2023-05-02 18:00:00,18,28.1,30.9125,90.0,37.0,0.34581828824999994
2023-05-02 19:00:00,19,25.9,26.11875,7.0,69.0,0.0255297408625
2023-05-02 20:00:00,20,23.8,23.8,0.0,82.0,0.0
2023-05-02 21:00:00,21,22.8,22.8,0.0,39.0,0.0
2023-05-02 22:00:00,22,21.7,21.7,0.0,47.0,0.0
2023-05-02 23:00:00,23,21.0,21.0,0.0,24.0,0.0
2023-05-03 00:00:00,0,20.6,20.6,0.0,14.0,0.0
2023-05-03 01:00:00,1,20.2,20.2,0.0,19.0,0.0
2023-05-03 02:00:00,2,19.7,19.7,0.0,51.0,0.0
2023-05-03 03:00:00,3,19.4,19.4,0.0,0.0,0.0
2023-05-03 04:00:00,4,19.0,19.0,0.0,0.0,0.0
2023-05-03 05:00:00,5,20.7,20.7,0.0,0.0,0.0
2023-05-03 06:00:00,6,21.2,21.73125,17.0,1.0,0.0721055
2023-05-03 07:00:00,7,23.0,27.125,132.0,3.0,0.5528941110000001
2023-05-03 08:00:00,8,25.1,35.0375,318.0,0.0,1.2972372749999999
2023-05-03 09:00:00,9,27.1,43.225,516.0,0.0,2.0331303000000003
2023-05-03 10:00:00,10,28.6,50.13125,689.0,21.0,2.5232643866625
2023-05-03 11:00:00,11,29.8,53.4875,758.0,34.0,2.6603101898999997
2023-05-03 12:00:00,12,30.8,55.3625,786.0,27.0,2.77631727615
2023-05-03 13:00:00,13,31.7,54.35625,725.0,92.0,2.2190583225
2023-05-03 14:00:00,14,23.4,37.275,444.0,88.0,1.4785429991999999
2023-05-03 15:00:00,15,25.3,38.58125,425.0,76.0,1.4484903975
2023-05-03 16:00:00,16,26.4,36.775,332.0,22.0,1.2853820564
2023-05-03 17:00:00,17,26.0,34.4375,270.0,7.0,1.08872332875
2023-05-03 18:00:00,18,25.6,28.1,80.0,31.0,0.314965392
2023-05-03 19:00:00,19,24.6,24.7875,6.0,9.0,0.025040999999999997
2023-05-03 20:00:00,20,23.8,23.8,0.0,5.0,0.0
2023-05-03 21:00:00,21,23.0,23.0,0.0,1.0,0.0
2023-05-03 22:00:00,22,22.5,22.5,0.0,0.0,0.0
2023-05-03 23:00:00,23,21.6,21.6,0.0,0.0,0.0
2023-05-04 00:00:00,0,20.6,20.6,0.0,0.0,0.0
2023-05-04 01:00:00,1,19.9,19.9,0.0,0.0,0.0
2023-05-04 02:00:00,2,19.3,19.3,0.0,0.0,0.0
2023-05-04 03:00:00,3,18.8,18.8,0.0,0.0,0.0
2023-05-04 04:00:00,4,19.4,19.4,0.0,0.0,0.0
2023-05-04 05:00:00,5,19.1,19.1,0.0,1.0,0.0
2023-05-04 06:00:00,6,19.9,20.4625,18.0,100.0,0.061200000000000004
2023-05-04 07:00:00,7,21.8,25.76875,127.0,98.0,0.43262457607499993
2023-05-04 08:00:00,8,24.3,33.7375,302.0,98.0,0.9958679066999999
2023-05-04 09:00:00,9,26.9,42.2125,490.0,81.0,1.62498245525
2023-05-04 10:00:00,10,28.8,49.8,672.0,98.0,2.0684385792000004
2023-05-04 11:00:00,11,29.7,50.48125,665.0,99.0,2.0356239439375
2023-05-04 12:00:00,12,30.7,54.1375,750.0,27.0,2.6639330437499997
2023-05-04 13:00:00,13,31.5,54.84375,747.0,29.0,2.6336098940625
2023-05-04 14:00:00,14,31.8,53.1125,682.0,39.0,2.37190370835
2023-05-04 15:00:00,15,31.8,49.70625,573.0,45.0,1.9970736410625003
2023-05-04 16:00:00,16,31.6,44.94375,427.0,32.0,1.5630997063499996
2023-05-04 17:00:00,17,30.1,38.19375,259.0,18.0,1.0051222336749999
2023-05-04 18:00:00,18,28.8,31.8625,98.0,0.0,0.405067075
2023-05-04 19:00:00,19,26.5,26.75,8.0,0.0,0.033762
2023-05-04 20:00:00,20,25.2,25.2,0.0,0.0,0.0
2023-05-04 21:00:00,21,23.8,23.8,0.0,0.0,0.0
2023-05-04 22:00:00,22,23.0,23.0,0.0,0.0,0.0
2023-05-04 23:00:00,23,22.6,22.6,0.0,0.0,0.0
2023-05-05 00:00:00,0,22.2,22.2,0.0,0.0,0.0
2023-05-05 01:00:00,1,21.7,21.7,0.0,0.0,0.0
2023-05-05 02:00:00,2,21.0,21.0,0.0,0.0,0.0
2023-05-05 03:00:00,3,20.4,20.4,0.0,0.0,0.0
2023-05-05 04:00:00,4,19.7,19.7,0.0,0.0,0.0
2023-05-05 05:00:00,5,21.6,21.6,0.0,0.0,0.0
2023-05-05 06:00:00,6,22.6,23.1625,18.0,82.0,0.063954
2023-05-05 07:00:00,7,24.8,29.01875,135.0,15.0,0.5475911596874999
2023-05-05 08:00:00,8,27.4,37.15,312.0,21.0,1.2085710312
2023-05-05 09:00:00,9,29.4,45.2125,506.0,14.0,1.9212863769000001
2023-05-05 10:00:00,10,31.1,52.35,680.0,15.0,2.49661898
2023-05-05 11:00:00,11,32.4,57.52499999999999,804.0,14.0,2.8892197476000003
2023-05-05 12:00:00,12,33.5,59.96875,847.0,27.0,2.9290382804374997
2023-05-05 13:00:00,13,34.4,59.556250000000006,805.0,12.0,2.8775873735
2023-05-05 14:00:00,14,35.0,58.28125,745.0,22.0,2.623974278125
2023-05-05 15:00:00,15,34.7,53.575,604.0,100.0,1.8188735199999997
2023-05-05 16:00:00,16,32.4,41.9,304.0,21.0,1.1540650464
2023-05-05 17:00:00,17,32.6,39.9125,234.0,26.0,0.8865488151
2023-05-05 18:00:00,18,31.1,34.225,100.0,22.0,0.39130752999999996
2023-05-05 19:00:00,19,28.7,28.91875,7.0,19.0,0.0281708893375
2023-05-05 20:00:00,20,27.4,27.4,0.0,5.0,0.0
2023-05-05 21:00:00,21,26.3,26.3,0.0,3.0,0.0
2023-05-05 22:00:00,22,27.8,27.8,0.0,2.0,0.0
2023-05-05 23:00:00,23,28.1,28.1,0.0,0.0,0.0
2023-05-06 00:00:00,0,26.3,26.3,0.0,0.0,0.0
2023-05-06 01:00:00,1,26.0,26.0,0.0,0.0,0.0
2023-05-06 02:00:00,2,22.8,22.8,0.0,0.0,0.0
2023-05-06 03:00:00,3,23.9,23.9,0.0,1.0,0.0
2023-05-06 04:00:00,4,22.6,22.6,0.0,0.0,0.0
2023-05-06 05:00:00,5,23.3,23.3,0.0,0.0,0.0
2023-05-06 06:00:00,6,24.7,25.29375,19.0,0.0,0.08065511875
2023-05-06 07:00:00,7,27.7,31.95,136.0,6.0,0.5551884208000001
2023-05-06 08:00:00,8,30.4,40.36875,319.0,1.0,1.2698604582125
2023-05-06 09:00:00,9,32.2,48.45,520.0,0.0,2.0027019999999998
2023-05-06 10:00:00,10,33.6,55.25625,693.0,2.0,2.5784459142749996
2023-05-06 11:00:00,11,34.8,60.26875,815.0,13.0,2.8977488305624997
2023-05-06 12:00:00,12,35.6,61.224999999999994,820.0,17.0,2.878702700999999
2023-05-06 13:00:00,13,36.4,61.24375,795.0,23.0,2.7560255956875004
2023-05-06 14:00:00,14,36.8,59.83125,737.0,71.0,2.3130386725875
2023-05-06 15:00:00,15,35.7,52.45,536.0,21.0,1.9427048248
2023-05-06 16:00:00,16,36.3,50.4875,454.0,100.0,1.3862299800000002
2023-05-06 17:00:00,17,33.8,37.7375,126.0,63.0,0.44418102435
2023-05-06 18:00:00,18,32.2,35.23125,97.0,29.0,0.37244670596249996
2023-05-06 19:00:00,19,29.2,29.41875,7.0,29.0,0.0275291669625
2023-05-06 20:00:00,20,28.2,28.2,0.0,12.0,0.0
2023-05-06 21:00:00,21,27.1,27.1,0.0,0.0,0.0
2023-05-06 22:00:00,22,25.7,25.7,0.0,0.0,0.0
2023-05-06 23:00:00,23,26.2,26.2,0.0,0.0,0.0
2023-05-07 00:00:00,0,27.4,27.4,0.0,0.0,0.0
2023-05-07 01:00:00,1,23.7,23.7,0.0,0.0,0.0
2023-05-07 02:00:00,2,25.0,25.0,0.0,0.0,0.0
2023-05-07 03:00:00,3,22.4,22.4,0.0,0.0,0.0
2023-05-07 04:00:00,4,22.1,22.1,0.0,0.0,0.0
2023-05-07 05:00:00,5,22.4,22.4,0.0,0.0,0.0
2023-05-07 06:00:00,6,24.5,25.125,20.0,0.0,0.05511193025
2023-05-07 07:00:00,7,26.9,31.275,140.0,0.0,0.3747803195500001
2023-05-07 08:00:00,8,29.6,39.6625,322.0,0.0,0.8189325628575
2023-05-07 09:00:00,9,32.4,48.18125,505.0,0.0,1.1847001885875
2023-05-07 10:00:00,10,34.2,55.2625,674.0,0.0,1.5481658738975
2023-05-07 11:00:00,11,35.7,59.8875,774.0,0.0,1.7882784837449999
2023-05-07 12:00:00,12,36.8,62.58125,825.0,0.0,1.78929128503125
2023-05-07 13:00:00,13,37.5,61.25,760.0,0.0,1.7232695999999998
2023-05-07 14:00:00,14,38.1,60.1,704.0,0.0,1.5881625759999995
2023-05-07 15:00:00,15,38.1,58.475,652.0,0.0,1.5006969264299999
2023-05-07 16:00:00,16,37.3,50.7375,430.0,0.0,1.0123041053125
2023-05-07 17:00:00,17,36.0,44.4375,270.0,0.0,0.6755013208125
2023-05-07 18:00:00,18,34.6,37.25625,85.0,0.0,0.210349369790625
2023-05-07 19:00:00,19,32.2,32.45,8.0,0.0,0.017196018840000004
2023-05-07 20:00:00,20,31.1,31.1,0.0,0.0,0.0
2023-05-07 21:00:00,21,29.4,29.4,0.0,0.0,0.0
2023-05-07 22:00:00,22,27.9,27.9,0.0,0.0,0.0
2023-05-07 23:00:00,23,29.5,29.5,0.0,0.0,0.0
2023-05-08 00:00:00,0,29.6,29.6,0.0,0.0,0.0
2023-05-08 01:00:00,1,25.7,25.7,0.0,0.0,0.0
2023-05-08 02:00:00,2,25.3,25.3,0.0,24.0,0.0
2023-05-08 03:00:00,3,26.0,26.0,0.0,41.0,0.0
2023-05-08 04:00:00,4,25.7,25.7,0.0,11.0,0.0
2023-05-08 05:00:00,5,24.9,24.9,0.0,0.0,0.0
2023-05-08 06:00:00,6,26.0,26.65625,21.0,0.0,0.08865871875
2023-05-08 07:00:00,7,28.2,32.7,144.0,0.0,0.5931504
2023-05-08 08:00:00,8,30.7,41.35625,341.0,0.0,1.3544328187499999
2023-05-08 09:00:00,9,33.3,50.4875,550.0,0.0,2.099191875
2023-05-08 10:00:00,10,35.8,58.425,724.0,0.0,2.6656051
2023-05-08 11:00:00,11,36.8,63.6125,858.0,0.0,3.083298075
2023-05-08 12:00:00,12,37.5,66.46875,927.0,0.0,3.2862439687499996
2023-05-08 13:00:00,13,37.9,66.525,916.0,0.0,3.2463727
2023-05-08 14:00:00,14,38.0,64.125,836.0,0.0,2.9969555
2023-05-08 15:00:00,15,37.8,59.6125,698.0,0.0,2.555788075
2023-05-08 16:00:00,16,37.6,53.5375,510.0,0.0,1.920079875
2023-05-08 17:00:00,17,36.6,45.975,300.0,0.0,1.1680275
2023-05-08 18:00:00,18,34.5,38.0,112.0,0.0,0.45124800000000004
2023-05-08 19:00:00,19,32.5,32.78125,9.0,0.0,0.03705946875
2023-05-08 20:00:00,20,31.8,31.8,0.0,1.0,0.0
2023-05-08 21:00:00,21,30.1,30.1,0.0,0.0,0.0
2023-05-08 22:00:00,22,28.9,28.9,0.0,0.0,0.0
2023-05-08 23:00:00,23,28.3,28.3,0.0,0.0,0.0
2023-05-09 00:00:00,0,28.2,28.2,0.0,0.0,0.0
2023-05-09 01:00:00,1,27.0,27.0,0.0,0.0,0.0
2023-05-09 02:00:00,2,26.0,26.0,0.0,0.0,0.0
2023-05-09 03:00:00,3,25.2,25.2,0.0,0.0,0.0
2023-05-09 04:00:00,4,24.5,24.5,0.0,0.0,0.0
2023-05-09 05:00:00,5,24.8,24.8,0.0,0.0,0.0
2023-05-09 06:00:00,6,25.6,26.31875,23.0,0.0,0.09723436874999998
2023-05-09 07:00:00,7,28.4,33.11875,151.0,0.0,0.6209091687499999
2023-05-09 08:00:00,8,31.7,42.54375,347.0,0.0,1.3712594187499998
2023-05-09 09:00:00,9,33.9,51.2125,554.0,0.0,2.1076306750000002
2023-05-09 10:00:00,10,35.6,58.5375,734.0,0.0,2.701019075
2023-05-09 11:00:00,11,36.9,63.80625,861.0,0.0,3.09124291875
2023-05-09 12:00:00,12,38.3,67.14375,923.0,0.0,3.26147241875
2023-05-09 13:00:00,13,39.0,67.5625,914.0,0.0,3.223163875
2023-05-09 14:00:00,14,38.7,64.85625,837.0,0.0,2.990135418749999
2023-05-09 15:00:00,15,38.5,60.25,696.0,0.0,2.5409219999999997
2023-05-09 16:00:00,16,38.0,53.875,508.0,0.0,1.9096354999999998
2023-05-09 17:00:00,17,37.2,46.575,300.0,0.0,1.1649675
2023-05-09 18:00:00,18,34.7,38.2625,114.0,0.0,0.458797275
2023-05-09 19:00:00,19,32.0,32.3125,10.0,0.0,0.041256875000000005
2023-05-09 20:00:00,20,30.4,30.4,0.0,0.0,0.0
2023-05-09 21:00:00,21,29.0,29.0,0.0,0.0,0.0
2023-05-09 22:00:00,22,26.6,26.6,0.0,0.0,0.0
2023-05-09 23:00:00,23,25.8,25.8,0.0,0.0,0.0
2023-05-10 00:00:00,0,26.2,26.2,0.0,0.0,0.0
2023-05-10 01:00:00,1,25.7,25.7,0.0,0.0,0.0
2023-05-10 02:00:00,2,24.8,24.8,0.0,0.0,0.0
2023-05-10 03:00:00,3,24.3,24.3,0.0,0.0,0.0
2023-05-10 04:00:00,4,23.5,23.5,0.0,4.0,0.0
2023-05-10 05:00:00,5,22.5,22.5,0.0,0.0,0.0
2023-05-10 06:00:00,6,23.7,24.41875,23.0,0.0,0.09774999999999999
2023-05-10 07:00:00,7,26.7,31.45,152.0,0.0,0.6293332
2023-05-10 08:00:00,8,30.6,41.44375,347.0,0.0,1.3777483187499997
2023-05-10 09:00:00,9,33.4,50.61875,551.0,0.0,2.1017791687500003
2023-05-10 10:00:00,10,35.5,58.25,728.0,0.0,2.682498
2023-05-10 11:00:00,11,37.0,63.75,856.0,0.0,3.0741099999999997
2023-05-10 12:00:00,12,37.7,66.3875,918.0,0.0,3.255606675
2023-05-10 13:00:00,13,38.3,66.76875,911.0,0.0,3.2248773687499996
2023-05-10 14:00:00,14,38.5,64.53125,833.0,0.0,2.9804479687499996
2023-05-10 15:00:00,15,38.3,59.89375,691.0,0.0,2.5268531187499996
2023-05-10 16:00:00,16,37.5,53.3125,506.0,0.0,1.9069558750000002
2023-05-10 17:00:00,17,36.4,45.74375,299.0,0.0,1.1653095187499998
2023-05-10 18:00:00,18,34.7,38.2625,114.0,0.0,0.458797275
2023-05-10 19:00:00,19,30.5,30.8125,10.0,0.0,0.041511875000000004
2023-05-10 20:00:00,20,28.7,28.7,0.0,0.0,0.0
2023-05-10 21:00:00,21,28.3,28.3,0.0,0.0,0.0
2023-05-10 22:00:00,22,28.5,28.5,0.0,0.0,0.0
2023-05-10 23:00:00,23,28.2,28.2,0.0,0.0,0.0
2023-05-11 00:00:00,0,27.5,27.5,0.0,0.0,0.0
2023-05-11 01:00:00,1,26.1,26.1,0.0,0.0,0.0
2023-05-11 02:00:00,2,25.1,25.1,0.0,0.0,0.0
2023-05-11 03:00:00,3,24.5,24.5,0.0,0.0,0.0
2023-05-11 04:00:00,4,23.6,23.6,0.0,0.0,0.0
2023-05-11 05:00:00,5,23.7,23.7,0.0,0.0,0.0
2023-05-11 06:00:00,6,25.1,25.85,24.0,0.0,0.1016532
2023-05-11 07:00:00,7,28.6,33.31875,151.0,0.0,0.6203957687499999
2023-05-11 08:00:00,8,31.5,42.25,344.0,0.0,1.361122
2023-05-11 09:00:00,9,33.9,50.99375,547.0,0.0,2.08303411875
2023-05-11 10:00:00,10,36.0,58.65625,725.0,0.0,2.66643671875
2023-05-11 11:00:00,11,37.5,64.15625,853.0,0.0,3.0574452187499994
2023-05-11 12:00:00,12,38.9,67.525,916.0,0.0,3.2308006999999996
2023-05-11 13:00:00,13,39.8,68.175,908.0,0.0,3.1925507
2023-05-11 14:00:00,14,40.2,66.10625,829.0,0.0,2.9439396187499995
2023-05-11 15:00:00,15,40.0,61.53125,689.0,0.0,2.5003594687499997
2023-05-11 16:00:00,16,39.2,54.95,504.0,0.0,1.8853883999999999
2023-05-11 17:00:00,17,38.7,48.0125,298.0,0.0,1.1499186750000001
2023-05-11 18:00:00,18,35.1,38.6625,114.0,0.0,0.45802207500000003
2023-05-11 19:00:00,19,31.0,31.3125,10.0,0.0,0.041426875
2023-05-11 20:00:00,20,29.5,29.5,0.0,0.0,0.0
2023-05-11 21:00:00,21,28.3,28.3,0.0,0.0,0.0
2023-05-11 22:00:00,22,27.6,27.6,0.0,0.0,0.0
2023-05-11 23:00:00,23,26.8,26.8,0.0,0.0,0.0
2023-05-12 00:00:00,0,26.2,26.2,0.0,0.0,0.0
2023-05-12 01:00:00,1,27.9,27.9,0.0,0.0,0.0
2023-05-12 02:00:00,2,28.3,28.3,0.0,0.0,0.0
2023-05-12 03:00:00,3,25.7,25.7,0.0,0.0,0.0
2023-05-12 04:00:00,4,27.2,27.2,0.0,0.0,0.0
2023-05-12 05:00:00,5,25.6,25.6,0.0,0.0,0.0
2023-05-12 06:00:00,6,25.8,26.51875,23.0,0.0,0.09715616874999998
2023-05-12 07:00:00,7,28.7,33.35625,149.0,0.0,0.61208361875
2023-05-12 08:00:00,8,32.3,42.925,340.0,0.0,1.3413935000000001
2023-05-12 09:00:00,9,34.7,51.60625,541.0,0.0,2.05455231875
2023-05-12 10:00:00,10,37.1,59.44375,715.0,0.0,2.62008621875
2023-05-12 11:00:00,11,39.0,65.25,840.0,0.0,2.99523
2023-05-12 12:00:00,12,40.4,68.5875,902.0,0.0,3.165129275
2023-05-12 13:00:00,13,41.3,69.2375,894.0,0.0,3.127178475
2023-05-12 14:00:00,14,41.9,67.4,816.0,53.0,2.5745655168000003
2023-05-12 15:00:00,15,41.7,59.79375,579.0,39.0,1.9530496594874993
2023-05-12 16:00:00,16,41.7,56.10625,461.0,71.0,1.4718735334875002
2023-05-12 17:00:00,17,39.7,45.45,184.0,8.0,0.7065438815999999
2023-05-12 18:00:00,18,38.7,42.075,108.0,19.0,0.4113995886
2023-05-12 19:00:00,19,36.4,36.7125,10.0,13.0,0.039455644250000005
2023-05-12 20:00:00,20,33.7,33.7,0.0,0.0,0.0
2023-05-12 21:00:00,21,32.0,32.0,0.0,0.0,0.0
2023-05-12 22:00:00,22,31.3,31.3,0.0,0.0,0.0
2023-05-12 23:00:00,23,31.5,31.5,0.0,0.0,0.0
2023-05-13 00:00:00,0,28.8,28.8,0.0,0.0,0.0
2023-05-13 01:00:00,1,27.4,27.4,0.0,0.0,0.0
2023-05-13 02:00:00,2,27.6,27.6,0.0,0.0,0.0
2023-05-13 03:00:00,3,28.1,28.1,0.0,0.0,0.0
2023-05-13 04:00:00,4,27.3,27.3,0.0,0.0,0.0
2023-05-13 05:00:00,5,28.3,28.3,0.0,0.0,0.0
2023-05-13 06:00:00,6,28.7,29.45,24.0,0.0,0.10018439999999999
2023-05-13 07:00:00,7,32.2,36.85625,149.0,0.0,0.60321811875
2023-05-13 08:00:00,8,35.6,46.19375,339.0,0.0,1.3186104187499998
2023-05-13 09:00:00,9,38.3,55.1125,538.0,0.0,2.0110910750000004
2023-05-13 10:00:00,10,40.6,62.7875,710.0,27.0,2.4230890117499997
2023-05-13 11:00:00,11,41.5,65.0625,754.0,31.0,2.52413818475
2023-05-13 12:00:00,12,42.4,67.8375,814.0,17.0,2.7692463760499995
2023-05-13 13:00:00,13,43.0,70.125,868.0,16.0,2.9263951639999997
2023-05-13 14:00:00,14,42.9,67.8375,798.0,13.0,2.7372969466500003
2023-05-13 15:00:00,15,42.6,63.1,656.0,18.0,2.2780368832000004
2023-05-13 16:00:00,16,42.1,57.19375,483.0,28.0,1.6882563201
2023-05-13 17:00:00,17,40.8,49.64375,283.0,28.0,1.0234743392999996
2023-05-13 18:00:00,18,39.1,42.44375,107.0,68.0,0.3654891234
2023-05-13 19:00:00,19,36.6,36.9125,10.0,52.0,0.036265488000000005
2023-05-13 20:00:00,20,35.1,35.1,0.0,41.0,0.0
2023-05-13 21:00:00,21,34.7,34.7,0.0,33.0,0.0
2023-05-13 22:00:00,22,32.7,32.7,0.0,29.0,0.0
2023-05-13 23:00:00,23,31.5,31.5,0.0,14.0,0.0
2023-05-14 00:00:00,0,31.2,31.2,0.0,23.0,0.0
2023-05-14 01:00:00,1,31.8,31.8,0.0,25.0,0.0
2023-05-14 02:00:00,2,32.0,32.0,0.0,13.0,0.0
2023-05-14 03:00:00,3,30.0,30.0,0.0,47.0,0.0
2023-05-14 04:00:00,4,28.6,28.6,0.0,4.0,0.0
2023-05-14 05:00:00,5,29.7,29.7,0.0,11.0,0.0
2023-05-14 06:00:00,6,29.9,30.61875,23.0,2.0,0.09517085647499998
2023-05-14 07:00:00,7,32.5,37.0625,146.0,10.0,0.5787496575
2023-05-14 08:00:00,8,35.8,46.1125,330.0,8.0,1.2635139329999998
2023-05-14 09:00:00,9,38.5,55.03125,529.0,14.0,1.922789957625
2023-05-14 10:00:00,10,40.0,61.8125,698.0,5.0,2.5043860462499996
2023-05-14 11:00:00,11,41.4,67.0875,822.0,15.0,2.8182081967499997
2023-05-14 12:00:00,12,42.5,69.625,868.0,91.0,2.4789600429999994
2023-05-14 13:00:00,13,38.7,54.98125,521.0,21.0,1.8668604138624998
2023-05-14 14:00:00,14,41.3,62.1125,666.0,89.0,1.9812766900499998
2023-05-14 15:00:00,15,40.1,57.69375,563.0,28.0,1.9633671840999996
2023-05-14 16:00:00,16,40.4,55.525,484.0,71.0,1.5494109774
2023-05-14 17:00:00,17,38.5,44.09375,179.0,99.0,0.5635234704375001
2023-05-14 18:00:00,18,34.3,36.39375,67.0,99.0,0.2179615600375
2023-05-14 19:00:00,19,33.7,33.95,8.0,89.0,0.0269474616
2023-05-14 20:00:00,20,31.5,31.5,0.0,25.0,0.0
2023-05-14 21:00:00,21,30.1,30.1,0.0,30.0,0.0
2023-05-14 22:00:00,22,29.5,29.5,0.0,10.0,0.0
2023-05-14 23:00:00,23,29.0,29.0,0.0,3.0,0.0
2023-05-15 00:00:00,0,27.5,27.5,0.0,15.0,0.0
2023-05-15 01:00:00,1,26.5,26.5,0.0,3.0,0.0
2023-05-15 02:00:00,2,26.7,26.7,0.0,9.0,0.0
2023-05-15 03:00:00,3,26.2,26.2,0.0,20.0,0.0
2023-05-15 04:00:00,4,26.3,26.3,0.0,2.0,0.0
2023-05-15 05:00:00,5,26.8,26.8,0.0,1.0,0.0
2023-05-15 06:00:00,6,27.3,28.08125,25.0,0.0,0.10494046874999999
2023-05-15 07:00:00,7,29.6,34.2875,150.0,0.0,0.6138168749999999
2023-05-15 08:00:00,8,32.4,42.99375,339.0,0.0,1.33705201875
2023-05-15 09:00:00,9,34.8,51.51875,535.0,0.0,2.03256196875
2023-05-15 10:00:00,10,37.2,59.16875,703.0,0.0,2.5793992687499996
2023-05-15 11:00:00,11,39.0,64.78125,825.0,27.0,2.7891087984375
2023-05-15 12:00:00,12,40.0,64.03125,769.0,20.0,2.6476746899999997
2023-05-15 13:00:00,13,40.5,66.75,840.0,34.0,2.7715909199999995
2023-05-15 14:00:00,14,40.2,63.29375,739.0,6.0,2.6277496313249995
2023-05-15 15:00:00,15,40.5,59.15625,597.0,36.0,2.032875147
2023-05-15 16:00:00,16,39.7,51.79375,387.0,57.0,1.3010678920125
2023-05-15 17:00:00,17,39.9,47.7125,250.0,46.0,0.8771024625
2023-05-15 18:00:00,18,37.5,40.90625,109.0,28.0,0.40948427849999997
2023-05-15 19:00:00,19,34.9,35.24375,11.0,20.0,0.043041041999999995
2023-05-15 20:00:00,20,34.0,34.0,0.0,7.0,0.0
2023-05-15 21:00:00,21,32.9,32.9,0.0,7.0,0.0
2023-05-15 22:00:00,22,32.3,32.3,0.0,19.0,0.0
2023-05-15 23:00:00,23,31.8,31.8,0.0,43.0,0.0
2023-05-16 00:00:00,0,31.6,31.6,0.0,1.0,0.0
2023-05-16 01:00:00,1,31.1,31.1,0.0,21.0,0.0
2023-05-16 02:00:00,2,30.4,30.4,0.0,3.0,0.0
2023-05-16 03:00:00,3,29.7,29.7,0.0,0.0,0.0
2023-05-16 04:00:00,4,29.2,29.2,0.0,0.0,0.0
2023-05-16 05:00:00,5,28.2,28.2,0.0,0.0,0.0
2023-05-16 06:00:00,6,28.5,29.25,24.0,55.0,0.08923674
2023-05-16 07:00:00,7,29.9,34.4,144.0,2.0,0.5866328448
2023-05-16 08:00:00,8,32.0,42.15625,325.0,11.0,1.2581595609374998
2023-05-16 09:00:00,9,34.7,50.7625,514.0,8.0,1.9280370786000003
2023-05-16 10:00:00,10,37.0,58.3125,682.0,7.0,2.47710302675
2023-05-16 11:00:00,11,37.7,62.85625,805.0,64.0,2.53157925475
2023-05-16 12:00:00,12,34.8,53.89375,611.0,85.0,1.9062034135624997
2023-05-16 13:00:00,13,34.4,48.7125,458.0,63.0,1.53987829115
2023-05-16 14:00:00,14,37.4,58.80625,685.0,63.0,2.2003616151875005
2023-05-16 15:00:00,15,36.4,51.49375,483.0,67.0,1.5892917030374998
2023-05-16 16:00:00,16,35.8,45.83125,321.0,63.0,1.0930015612875001
2023-05-16 17:00:00,17,37.5,43.9375,206.0,59.0,0.71369753175
2023-05-16 18:00:00,18,36.2,39.6375,110.0,2.0,0.4383673635
2023-05-16 19:00:00,19,33.8,34.175,12.0,4.0,0.0487352736
2023-05-16 20:00:00,20,32.2,32.2,0.0,12.0,0.0
2023-05-16 21:00:00,21,30.6,30.6,0.0,2.0,0.0
2023-05-16 22:00:00,22,30.1,30.1,0.0,0.0,0.0
2023-05-16 23:00:00,23,29.8,29.8,0.0,1.0,0.0
2023-05-17 00:00:00,0,29.1,29.1,0.0,1.0,0.0
2023-05-17 01:00:00,1,29.1,29.1,0.0,0.0,0.0
2023-05-17 02:00:00,2,28.9,28.9,0.0,0.0,0.0
2023-05-17 03:00:00,3,28.1,28.1,0.0,0.0,0.0
2023-05-17 04:00:00,4,27.7,27.7,0.0,0.0,0.0
2023-05-17 05:00:00,5,28.5,28.5,0.0,0.0,0.0
2023-05-17 06:00:00,6,29.4,30.18125,25.0,0.0,0.10404796875
2023-05-17 07:00:00,7,31.0,35.53125,145.0,0.0,0.59029046875
2023-05-17 08:00:00,8,33.0,43.09375,323.0,0.0,1.27339721875
2023-05-17 09:00:00,9,35.1,51.1625,514.0,0.0,1.9558920750000002
2023-05-17 10:00:00,10,37.0,58.28125,681.0,1.0,2.5039350628125
2023-05-17 11:00:00,11,38.3,62.55,776.0,28.0,2.6456925376
2023-05-17 12:00:00,12,39.1,63.1,768.0,29.0,2.6061055487999996
2023-05-17 13:00:00,13,39.6,62.6,736.0,33.0,2.4821505792
2023-05-17 14:00:00,14,39.5,59.03125,625.0,39.0,2.1156838671875
2023-05-17 15:00:00,15,38.8,54.8,512.0,64.0,1.6712933376
2023-05-17 16:00:00,16,38.4,48.80625,333.0,100.0,1.024386255
2023-05-17 17:00:00,17,37.2,44.23125,225.0,95.0,0.7149792796875
2023-05-17 18:00:00,18,36.9,39.99375,99.0,32.0,0.37020252555
2023-05-17 19:00:00,19,34.9,35.24375,11.0,33.0,0.04187534711249999
2023-05-17 20:00:00,20,33.4,33.4,0.0,66.0,0.0
2023-05-17 21:00:00,21,31.2,31.2,0.0,11.0,0.0
2023-05-17 22:00:00,22,29.7,29.7,0.0,0.0,0.0
2023-05-17 23:00:00,23,29.1,29.1,0.0,0.0,0.0
2023-05-18 00:00:00,0,28.6,28.6,0.0,0.0,0.0
2023-05-18 01:00:00,1,27.1,27.1,0.0,0.0,0.0
2023-05-18 02:00:00,2,26.7,26.7,0.0,0.0,0.0
2023-05-18 03:00:00,3,26.8,26.8,0.0,0.0,0.0
2023-05-18 04:00:00,4,26.3,26.3,0.0,0.0,0.0
2023-05-18 05:00:00,5,25.8,25.8,0.0,0.0,0.0
2023-05-18 06:00:00,6,25.8,26.55,24.0,0.0,0.06588894
2023-05-18 07:00:00,7,27.0,31.4375,142.0,0.0,0.38217391874999995
2023-05-18 08:00:00,8,28.9,38.93125,321.0,0.0,0.8373476596875
2023-05-18 09:00:00,9,31.4,47.36875,511.0,0.0,1.2853312346875003
2023-05-18 10:00:00,10,33.6,54.7875,678.0,0.0,1.6498100287500002
2023-05-18 11:00:00,11,35.3,60.2375,798.0,0.0,1.89375424875
2023-05-18 12:00:00,12,36.8,63.58125,857.0,0.0,1.9740743957918752
2023-05-18 13:00:00,13,37.9,64.05624999999999,837.0,0.0,1.91196736014375
2023-05-18 14:00:00,14,38.4,61.36875,735.0,0.0,1.6344261476156248
2023-05-18 15:00:00,15,38.0,55.1875,550.0,0.0,1.1301802565624999
2023-05-18 16:00:00,16,37.3,47.39375,323.0,0.0,0.7603697529675001
2023-05-18 17:00:00,17,37.1,44.38125,233.0,0.0,0.47501005175
2023-05-18 18:00:00,18,35.7,39.1375,110.0,0.0,0.26547574446250005
2023-05-18 19:00:00,19,33.5,33.875,12.0,0.0,0.031013979749999997
2023-05-18 20:00:00,20,31.6,31.6,0.0,0.0,0.0
2023-05-18 21:00:00,21,30.9,30.9,0.0,0.0,0.0
2023-05-18 22:00:00,22,30.3,30.3,0.0,0.0,0.0
2023-05-18 23:00:00,23,29.2,29.2,0.0,0.0,0.0
2023-05-19 00:00:00,0,28.0,28.0,0.0,0.0,0.0
2023-05-19 01:00:00,1,27.3,27.3,0.0,0.0,0.0
2023-05-19 02:00:00,2,26.9,26.9,0.0,0.0,0.0
2023-05-19 03:00:00,3,26.4,26.4,0.0,0.0,0.0
2023-05-19 04:00:00,4,25.5,25.5,0.0,0.0,0.0
2023-05-19 05:00:00,5,26.2,26.2,0.0,0.0,0.0
2023-05-19 06:00:00,6,26.3,27.1125,26.0,0.0,0.109566275
2023-05-19 07:00:00,7,28.5,33.125,148.0,0.0,0.6085575
2023-05-19 08:00:00,8,31.3,41.6125,330.0,0.0,1.3093038750000001
2023-05-19 09:00:00,9,33.9,50.18125,521.0,0.0,1.99121966875
2023-05-19 10:00:00,10,35.6,57.1,688.0,0.0,2.5485583999999992
2023-05-19 11:00:00,11,37.1,62.38125,809.0,7.0,2.8832076293875
2023-05-19 12:00:00,12,38.3,65.2375,862.0,8.0,3.0246779202
2023-05-19 13:00:00,13,38.9,65.7125,858.0,8.0,3.0038247954
2023-05-19 14:00:00,14,39.5,63.9375,782.0,4.0,2.7834179559999996
2023-05-19 15:00:00,15,39.5,59.90625,653.0,2.0,2.378204695875
2023-05-19 16:00:00,16,39.0,54.0,480.0,2.0,1.7961465600000002
2023-05-19 17:00:00,17,37.6,46.6,288.0,6.0,1.1048274431999998
2023-05-19 18:00:00,18,36.3,39.89375,115.0,10.0,0.45044006437500006
2023-05-19 19:00:00,19,34.3,34.70625,13.0,3.0,0.0527862892375
2023-05-19 20:00:00,20,33.1,33.1,0.0,3.0,0.0
2023-05-19 21:00:00,21,31.8,31.8,0.0,0.0,0.0
2023-05-19 22:00:00,22,30.2,30.2,0.0,0.0,0.0
2023-05-19 23:00:00,23,30.1,30.1,0.0,0.0,0.0
2023-05-20 00:00:00,0,28.9,28.9,0.0,0.0,0.0
2023-05-20 01:00:00,1,28.0,28.0,0.0,0.0,0.0
2023-05-20 02:00:00,2,27.3,27.3,0.0,0.0,0.0
2023-05-20 03:00:00,3,26.0,26.0,0.0,0.0,0.0
2023-05-20 04:00:00,4,25.9,25.9,0.0,0.0,0.0
2023-05-20 05:00:00,5,26.6,26.6,0.0,0.0,0.0
2023-05-20 06:00:00,6,27.9,28.74375,27.0,0.0,0.11303161875
2023-05-20 07:00:00,7,30.6,35.31875,151.0,0.0,0.6152617687499999
2023-05-20 08:00:00,8,33.3,43.7375,334.0,0.0,1.313108475
2023-05-20 09:00:00,9,35.4,51.86875,527.0,0.0,1.9990328687500003
2023-05-20 10:00:00,10,37.3,59.08125,697.0,0.0,2.5584212687499996
2023-05-20 11:00:00,11,39.1,64.56875,815.0,1.0,2.9096939188124993
2023-05-20 12:00:00,12,40.4,67.4625,866.0,12.0,2.9820382651999995
2023-05-20 13:00:00,13,40.7,67.2,848.0,0.0,2.9956448
2023-05-20 14:00:00,14,41.3,66.33125,801.0,2.0,2.830076599275
2023-05-20 15:00:00,15,41.2,62.1375,670.0,1.0,2.4196548672500002
2023-05-20 16:00:00,16,40.5,55.875,492.0,2.0,1.825430454
2023-05-20 17:00:00,17,39.3,48.45625,293.0,2.0,1.1239007610749998
2023-05-20 18:00:00,18,37.9,41.49375,115.0,12.0,0.44554860550000003
2023-05-20 19:00:00,19,35.9,36.30625,13.0,18.0,0.050852271275000006
2023-05-20 20:00:00,20,34.2,34.2,0.0,3.0,0.0
2023-05-20 21:00:00,21,34.0,34.0,0.0,2.0,0.0
2023-05-20 22:00:00,22,34.2,34.2,0.0,9.0,0.0
2023-05-20 23:00:00,23,33.4,33.4,0.0,0.0,0.0
2023-05-21 00:00:00,0,32.1,32.1,0.0,0.0,0.0
2023-05-21 01:00:00,1,32.0,32.0,0.0,0.0,0.0
2023-05-21 02:00:00,2,31.8,31.8,0.0,0.0,0.0
2023-05-21 03:00:00,3,31.2,31.2,0.0,0.0,0.0
2023-05-21 04:00:00,4,30.7,30.7,0.0,0.0,0.0
2023-05-21 05:00:00,5,30.6,30.6,0.0,0.0,0.0
2023-05-21 06:00:00,6,31.0,31.78125,25.0,9.0,0.1015073453125
2023-05-21 07:00:00,7,32.6,37.13125,145.0,7.0,0.5781376181875
2023-05-21 08:00:00,8,34.6,44.63125,321.0,0.0,1.25712226875
2023-05-21 09:00:00,9,36.6,52.81875,519.0,0.0,1.9603051687500002
2023-05-21 10:00:00,10,38.3,59.76875,687.0,0.0,2.5136857687500003
2023-05-21 11:00:00,11,39.8,65.01875,807.0,32.0,2.69636587155
2023-05-21 12:00:00,12,40.7,64.60625,765.0,30.0,2.572000475625
2023-05-21 13:00:00,13,41.8,66.20625,781.0,24.0,2.63909119705
2023-05-21 14:00:00,14,42.1,64.725,724.0,41.0,2.3758433946
2023-05-21 15:00:00,15,40.2,57.5125,554.0,68.0,1.7697288456000002
2023-05-21 16:00:00,16,41.0,52.125,356.0,88.0,1.1114437479999997
2023-05-21 17:00:00,17,40.7,46.54375,187.0,100.0,0.5810099350000001
2023-05-21 18:00:00,18,39.1,42.56875,111.0,20.0,0.421053858
2023-05-21 19:00:00,19,35.5,35.90625,13.0,4.0,0.052417001
2023-05-21 20:00:00,20,34.5,34.5,0.0,7.0,0.0
2023-05-21 21:00:00,21,34.3,34.3,0.0,1.0,0.0
2023-05-21 22:00:00,22,33.9,33.9,0.0,0.0,0.0
2023-05-21 23:00:00,23,33.4,33.4,0.0,0.0,0.0
2023-05-22 00:00:00,0,32.9,32.9,0.0,0.0,0.0
2023-05-22 01:00:00,1,32.1,32.1,0.0,0.0,0.0
2023-05-22 02:00:00,2,31.3,31.3,0.0,0.0,0.0
2023-05-22 03:00:00,3,30.8,30.8,0.0,0.0,0.0
2023-05-22 04:00:00,4,30.3,30.3,0.0,0.0,0.0
2023-05-22 05:00:00,5,30.3,30.3,0.0,0.0,0.0
2023-05-22 06:00:00,6,30.6,31.44375,27.0,0.0,0.11179231875000001
2023-05-22 07:00:00,7,32.1,36.75625,149.0,0.0,0.60347141875
2023-05-22 08:00:00,8,33.8,44.08125,329.0,0.0,1.29152856875
2023-05-22 09:00:00,9,35.9,52.11875,519.0,0.0,1.9664812687500002
2023-05-22 10:00:00,10,37.7,59.10625,685.0,0.0,2.51408271875
2023-05-22 11:00:00,11,39.4,64.52499999999999,804.0,0.0,2.8767723000000007
2023-05-22 12:00:00,12,40.6,67.56875000000001,863.0,7.0,3.000618734587499
2023-05-22 13:00:00,13,41.5,67.53125,833.0,38.0,2.714679631125
2023-05-22 14:00:00,14,41.8,64.6125,730.0,31.0,2.44903252475
2023-05-22 15:00:00,15,41.8,60.58125,601.0,22.0,2.0943248485249994
2023-05-22 16:00:00,16,41.3,55.675,460.0,69.0,1.478434733
2023-05-22 17:00:00,17,40.0,47.90625,253.0,36.0,0.9064056430000001
2023-05-22 18:00:00,18,38.6,41.85,104.0,11.0,0.4031405976
2023-05-22 19:00:00,19,36.8,37.20625,13.0,9.0,0.0516064752125
2023-05-22 20:00:00,20,35.9,35.9,0.0,26.0,0.0
2023-05-22 21:00:00,21,34.6,34.6,0.0,0.0,0.0
2023-05-22 22:00:00,22,33.9,33.9,0.0,56.0,0.0
2023-05-22 23:00:00,23,32.8,32.8,0.0,48.0,0.0
2023-05-23 00:00:00,0,32.1,32.1,0.0,99.0,0.0
2023-05-23 01:00:00,1,31.6,31.6,0.0,100.0,0.0
2023-05-23 02:00:00,2,31.2,31.2,0.0,98.0,0.0
2023-05-23 03:00:00,3,30.8,30.8,0.0,99.0,0.0
2023-05-23 04:00:00,4,30.4,30.4,0.0,91.0,0.0
2023-05-23 05:00:00,5,30.3,30.3,0.0,100.0,0.0
2023-05-23 06:00:00,6,30.9,31.74375,27.0,100.0,0.08932369500000001
2023-05-23 07:00:00,7,32.2,36.6375,142.0,100.0,0.46032566
2023-05-23 08:00:00,8,34.1,44.1625,322.0,3.0,1.25602284815
2023-05-23 09:00:00,9,36.2,52.325,516.0,0.0,1.9533051000000001
2023-05-23 10:00:00,10,38.0,59.28125,681.0,34.0,2.327554402875
2023-05-23 11:00:00,11,39.5,64.40625,797.0,27.0,2.6992546439375
2023-05-23 12:00:00,12,40.7,67.73125,865.0,39.0,2.8101517851874998
2023-05-23 13:00:00,13,41.4,66.99375,819.0,57.0,2.5659189226125
2023-05-23 14:00:00,14,40.8,61.175,652.0,87.0,1.9576499837999997
2023-05-23 15:00:00,15,40.4,54.65,456.0,24.0,1.6261618464
2023-05-23 16:00:00,16,40.4,54.4,448.0,44.0,1.5322417152
2023-05-23 17:00:00,17,39.1,47.475,268.0,63.0,0.9059918086000001
2023-05-23 18:00:00,18,38.0,40.125,68.0,100.0,0.21721240000000003
2023-05-23 19:00:00,19,35.3,35.58125,9.0,82.0,0.030623573475000002
2023-05-23 20:00:00,20,34.0,34.0,0.0,42.0,0.0
2023-05-23 21:00:00,21,32.9,32.9,0.0,5.0,0.0
2023-05-23 22:00:00,22,31.9,31.9,0.0,12.0,0.0
2023-05-23 23:00:00,23,30.9,30.9,0.0,2.0,0.0
2023-05-24 00:00:00,0,31.3,31.3,0.0,100.0,0.0
2023-05-24 01:00:00,1,30.7,30.7,0.0,100.0,0.0
2023-05-24 02:00:00,2,30.2,30.2,0.0,98.0,0.0
2023-05-24 03:00:00,3,29.8,29.8,0.0,96.0,0.0
2023-05-24 04:00:00,4,29.1,29.1,0.0,84.0,0.0
2023-05-24 05:00:00,5,27.7,27.7,0.0,100.0,0.0
2023-05-24 06:00:00,6,28.8,29.675,28.0,26.0,0.1107024156
2023-05-24 07:00:00,7,31.0,35.625,148.0,25.0,0.5721541250000001
2023-05-24 08:00:00,8,32.9,42.2125,298.0,34.0,1.0991089746999998
2023-05-24 09:00:00,9,34.4,49.275,476.0,45.0,1.662175697
2023-05-24 10:00:00,10,35.0,52.125,548.0,47.0,1.881130971
2023-05-24 11:00:00,11,32.6,52.9125,650.0,100.0,1.9632534999999998
2023-05-24 12:00:00,12,23.6,26.50625,93.0,100.0,0.31429489499999996
2023-05-24 13:00:00,13,25.5,27.375,60.0,100.0,0.20206200000000002
2023-05-24 14:00:00,14,27.2,31.6375,142.0,100.0,0.46998165999999997
2023-05-24 15:00:00,15,28.3,33.2375,158.0,100.0,0.51949926
2023-05-24 16:00:00,16,28.3,32.675,140.0,100.0,0.4613868000000001
2023-05-24 17:00:00,17,26.3,30.8625,146.0,100.0,0.48475942
2023-05-24 18:00:00,18,25.8,26.925,36.0,100.0,0.12145751999999999
2023-05-24 19:00:00,19,25.3,25.55,8.0,99.0,0.027208010400000003
2023-05-24 20:00:00,20,24.1,24.1,0.0,100.0,0.0
2023-05-24 21:00:00,21,24.2,24.2,0.0,100.0,0.0
2023-05-24 22:00:00,22,24.8,24.8,0.0,95.0,0.0
2023-05-24 23:00:00,23,25.1,25.1,0.0,0.0,0.0
2023-05-25 00:00:00,0,25.2,25.2,0.0,0.0,0.0
2023-05-25 01:00:00,1,24.8,24.8,0.0,3.0,0.0
2023-05-25 02:00:00,2,24.3,24.3,0.0,0.0,0.0
2023-05-25 03:00:00,3,24.0,24.0,0.0,0.0,0.0
2023-05-25 04:00:00,4,24.1,24.1,0.0,0.0,0.0
2023-05-25 05:00:00,5,26.7,26.7,0.0,0.0,0.0
2023-05-25 06:00:00,6,27.0,27.65625,21.0,0.0,0.08830171875000001
2023-05-25 07:00:00,7,28.6,33.2875,150.0,0.0,0.616366875
2023-05-25 08:00:00,8,25.8,36.05,328.0,96.0,1.0765672416
2023-05-25 09:00:00,9,26.9,33.55625,213.0,72.0,0.7483732528499999
2023-05-25 10:00:00,10,28.4,37.9625,306.0,88.0,1.0160489177999998
2023-05-25 11:00:00,11,30.7,48.575,572.0,6.0,2.1753356195999998
2023-05-25 12:00:00,12,32.7,59.1375,846.0,19.0,2.9865621649499996
2023-05-25 13:00:00,13,33.8,60.05,840.0,8.0,3.0203742239999998
2023-05-25 14:00:00,14,34.4,57.49375,739.0,37.0,2.5303237233625
2023-05-25 15:00:00,15,31.5,46.8125,490.0,85.0,1.57766555625
2023-05-25 16:00:00,16,31.8,41.3,304.0,56.0,1.0724923008
2023-05-25 17:00:00,17,33.0,40.25,232.0,66.0,0.8036412720000001
2023-05-25 18:00:00,18,31.5,34.78125,105.0,98.0,0.344747536875
2023-05-25 19:00:00,19,30.0,30.34375,11.0,100.0,0.03660057499999999
2023-05-25 20:00:00,20,28.7,28.7,0.0,100.0,0.0
2023-05-25 21:00:00,21,23.3,23.3,0.0,100.0,0.0
2023-05-25 22:00:00,22,24.3,24.3,0.0,100.0,0.0
2023-05-25 23:00:00,23,24.4,24.4,0.0,99.0,0.0
2023-05-26 00:00:00,0,24.0,24.0,0.0,24.0,0.0
2023-05-26 01:00:00,1,23.8,23.8,0.0,93.0,0.0
2023-05-26 02:00:00,2,23.9,23.9,0.0,30.0,0.0
2023-05-26 03:00:00,3,23.9,23.9,0.0,0.0,0.0
2023-05-26 04:00:00,4,23.6,23.6,0.0,20.0,0.0
2023-05-26 05:00:00,5,20.7,20.7,0.0,18.0,0.0
2023-05-26 06:00:00,6,20.7,21.60625,29.0,0.0,0.12325000000000001
2023-05-26 07:00:00,7,23.0,27.65625,149.0,0.0,0.62652171875
2023-05-26 08:00:00,8,25.6,35.7875,326.0,0.0,1.3257156749999999
2023-05-26 09:00:00,9,28.0,44.0625,514.0,0.0,2.0179318750000004
2023-05-26 10:00:00,10,30.2,51.41875,679.0,14.0,2.508536014425
2023-05-26 11:00:00,11,31.9,56.43125,785.0,2.0,2.905132768875
2023-05-26 12:00:00,12,33.3,59.925,852.0,0.0,3.1151462999999997
2023-05-26 13:00:00,13,34.2,60.6375,846.0,0.0,3.082961475
2023-05-26 14:00:00,14,33.3,57.33125,769.0,36.0,2.6407015518
2023-05-26 15:00:00,15,32.8,49.14375,523.0,57.0,1.7791658960125003
2023-05-26 16:00:00,16,31.5,42.1875,342.0,49.0,1.22092183125
2023-05-26 17:00:00,17,32.2,40.16875,255.0,31.0,0.9548778736874998
2023-05-26 18:00:00,18,31.7,34.95,104.0,31.0,0.3980950791999999
2023-05-26 19:00:00,19,30.0,30.46875,15.0,100.0,0.04988437500000001
2023-05-26 20:00:00,20,25.0,25.0,0.0,100.0,0.0
2023-05-26 21:00:00,21,24.2,24.2,0.0,99.0,0.0
2023-05-26 22:00:00,22,23.9,23.9,0.0,0.0,0.0
2023-05-26 23:00:00,23,23.5,23.5,0.0,0.0,0.0
2023-05-27 00:00:00,0,23.2,23.2,0.0,0.0,0.0
2023-05-27 01:00:00,1,23.1,23.1,0.0,0.0,0.0
2023-05-27 02:00:00,2,23.1,23.1,0.0,0.0,0.0
2023-05-27 03:00:00,3,23.2,23.2,0.0,0.0,0.0
2023-05-27 04:00:00,4,23.4,23.4,0.0,0.0,0.0
2023-05-27 05:00:00,5,24.2,24.2,0.0,10.0,0.0
2023-05-27 06:00:00,6,25.4,26.24375,27.0,100.0,0.09134329500000002
2023-05-27 07:00:00,7,27.2,31.2,128.0,100.0,0.42440704
2023-05-27 08:00:00,8,20.8,26.175,172.0,100.0,0.5820514399999999
2023-05-27 09:00:00,9,21.6,22.13125,17.0,97.0,0.05823350000000001
2023-05-27 10:00:00,10,24.8,37.675,412.0,82.0,1.3896195148
2023-05-27 11:00:00,11,28.2,51.575,748.0,1.0,2.8353901554
2023-05-27 12:00:00,12,30.2,56.356249999999996,837.0,0.0,3.1110819187499996
2023-05-27 13:00:00,13,31.4,57.68125,841.0,1.0,3.1007921564125005
2023-05-27 14:00:00,14,32.1,56.31875,775.0,4.0,2.8580764649999995
2023-05-27 15:00:00,15,32.5,52.53125,641.0,8.0,2.3854540972500002
2023-05-27 16:00:00,16,32.0,46.6875,470.0,58.0,1.6126077174999998
2023-05-27 17:00:00,17,33.0,41.125,260.0,86.0,0.8559263699999999
2023-05-27 18:00:00,18,32.5,36.03125,113.0,38.0,0.424170487125
2023-05-27 19:00:00,19,30.3,30.76875,15.0,33.0,0.0581685568125
2023-05-27 20:00:00,20,29.2,29.2,0.0,17.0,0.0
2023-05-27 21:00:00,21,28.5,28.5,0.0,9.0,0.0
2023-05-27 22:00:00,22,27.7,27.7,0.0,3.0,0.0
2023-05-27 23:00:00,23,26.9,26.9,0.0,30.0,0.0
2023-05-28 00:00:00,0,26.4,26.4,0.0,2.0,0.0
2023-05-28 01:00:00,1,25.8,25.8,0.0,42.0,0.0
2023-05-28 02:00:00,2,25.3,25.3,0.0,23.0,0.0
2023-05-28 03:00:00,3,25.1,25.1,0.0,61.0,0.0
2023-05-28 04:00:00,4,24.9,24.9,0.0,27.0,0.0
2023-05-28 05:00:00,5,21.3,21.3,0.0,14.0,0.0
2023-05-28 06:00:00,6,22.1,22.35,8.0,90.0,0.027880000000000002
2023-05-28 07:00:00,7,23.7,27.5125,122.0,14.0,0.4989169809
2023-05-28 08:00:00,8,25.4,35.61875,327.0,91.0,1.0885292616375
2023-05-28 09:00:00,9,27.8,42.70625,477.0,96.0,1.5220053751499998
2023-05-28 10:00:00,10,29.7,49.825,644.0,100.0,1.97217272
2023-05-28 11:00:00,11,31.5,52.34375,667.0,100.0,2.019759375
2023-05-28 12:00:00,12,33.4,58.74375,811.0,54.0,2.6595202275250003
2023-05-28 13:00:00,13,34.9,60.99375,835.0,37.0,2.8130201335625
2023-05-28 14:00:00,14,35.8,59.83125,769.0,68.0,2.4303465234
2023-05-28 15:00:00,15,35.5,52.59375,547.0,96.0,1.6710698207500003
2023-05-28 16:00:00,16,35.1,45.0375,318.0,100.0,0.9945418199999999
2023-05-28 17:00:00,17,31.4,36.36875,159.0,100.0,0.516016215
2023-05-28 18:00:00,18,30.9,32.275,44.0,100.0,0.14524663999999998
2023-05-28 19:00:00,19,29.8,30.01875,7.0,100.0,0.023322215000000004
2023-05-28 20:00:00,20,28.9,28.9,0.0,100.0,0.0
2023-05-28 21:00:00,21,28.0,28.0,0.0,100.0,0.0
2023-05-28 22:00:00,22,23.4,23.4,0.0,100.0,0.0
2023-05-28 23:00:00,23,23.5,23.5,0.0,100.0,0.0
2023-05-29 00:00:00,0,23.9,23.9,0.0,100.0,0.0
2023-05-29 01:00:00,1,23.7,23.7,0.0,100.0,0.0
2023-05-29 02:00:00,2,23.7,23.7,0.0,100.0,0.0
2023-05-29 03:00:00,3,23.8,23.8,0.0,100.0,0.0
2023-05-29 04:00:00,4,24.0,24.0,0.0,74.0,0.0
2023-05-29 05:00:00,5,23.2,23.2,0.0,38.0,0.0
2023-05-29 06:00:00,6,23.7,24.575,28.0,8.0,0.117096
2023-05-29 07:00:00,7,23.9,28.43125,145.0,51.0,0.5457971879375
2023-05-29 08:00:00,8,25.4,34.9625,306.0,98.0,1.0039347603
2023-05-29 09:00:00,9,26.6,36.63125,321.0,79.0,1.0952553022875
2023-05-29 10:00:00,10,28.8,46.33125,561.0,78.0,1.840606905225
2023-05-29 11:00:00,11,30.5,52.75,712.0,41.0,2.469524652
2023-05-29 12:00:00,12,31.7,56.2625,786.0,52.0,2.6188023456000002
2023-05-29 13:00:00,13,31.5,55.0,752.0,40.0,2.5874816
2023-05-29 14:00:00,14,32.6,53.94375,683.0,49.0,2.3151490751125006
2023-05-29 15:00:00,15,31.6,50.1625,594.0,96.0,1.8344905326
2023-05-29 16:00:00,16,30.7,41.325,340.0,30.0,1.26960301
2023-05-29 17:00:00,17,30.9,38.80625,253.0,43.0,0.9285045573375001
2023-05-29 18:00:00,18,30.5,33.875,108.0,42.0,0.40551823800000003
2023-05-29 19:00:00,19,28.6,29.1,16.0,45.0,0.06086516800000001
2023-05-29 20:00:00,20,27.9,27.9,0.0,36.0,0.0
2023-05-29 21:00:00,21,26.9,26.9,0.0,100.0,0.0
2023-05-29 22:00:00,22,26.6,26.6,0.0,100.0,0.0
2023-05-29 23:00:00,23,26.2,26.2,0.0,96.0,0.0
2023-05-30 00:00:00,0,25.5,25.5,0.0,91.0,0.0
2023-05-30 01:00:00,1,24.7,24.7,0.0,79.0,0.0
2023-05-30 02:00:00,2,23.9,23.9,0.0,99.0,0.0
2023-05-30 03:00:00,3,23.5,23.5,0.0,72.0,0.0
2023-05-30 04:00:00,4,22.9,22.9,0.0,0.0,0.0
2023-05-30 05:00:00,5,23.7,23.7,0.0,0.0,0.0
2023-05-30 06:00:00,6,24.3,25.20625,29.0,0.0,0.12314831875000001
2023-05-30 07:00:00,7,25.7,30.325,148.0,0.0,0.6156023
2023-05-30 08:00:00,8,27.7,37.825,324.0,0.0,1.3063599
2023-05-30 09:00:00,9,29.7,45.637499999999996,510.0,0.0,1.988572875
2023-05-30 10:00:00,10,31.6,52.6,672.0,6.0,2.5102092288
2023-05-30 11:00:00,11,32.9,56.9,768.0,9.0,2.7962583552
2023-05-30 12:00:00,12,33.8,59.26875,815.0,10.0,2.9291773393749994
2023-05-30 13:00:00,13,34.5,60.0625,818.0,10.0,2.9291424575
2023-05-30 14:00:00,14,35.1,58.6,752.0,11.0,2.7055955327999994
2023-05-30 15:00:00,15,35.1,54.25625,613.0,35.0,2.1393446754374996
2023-05-30 16:00:00,16,31.5,45.09375,435.0,95.0,1.3771269421875
2023-05-30 17:00:00,17,30.8,36.33125,177.0,85.0,0.5960680430624999
2023-05-30 18:00:00,18,29.2,31.7625,82.0,31.0,0.31805054434999996
2023-05-30 19:00:00,19,27.8,28.3,16.0,18.0,0.0646867136
2023-05-30 20:00:00,20,26.7,26.7,0.0,12.0,0.0
2023-05-30 21:00:00,21,26.0,26.0,0.0,29.0,0.0
2023-05-30 22:00:00,22,23.3,23.3,0.0,2.0,0.0
2023-05-30 23:00:00,23,22.2,22.2,0.0,7.0,0.0
2023-05-31 00:00:00,0,22.0,22.0,0.0,25.0,0.0
2023-05-31 01:00:00,1,21.7,21.7,0.0,2.0,0.0
2023-05-31 02:00:00,2,21.4,21.4,0.0,0.0,0.0
2023-05-31 03:00:00,3,21.3,21.3,0.0,0.0,0.0
2023-05-31 04:00:00,4,21.1,21.1,0.0,2.0,0.0
2023-05-31 05:00:00,5,20.5,20.5,0.0,0.0,0.0
2023-05-31 06:00:00,6,21.1,22.0375,30.0,0.0,0.1275
2023-05-31 07:00:00,7,22.7,27.3875,150.0,0.0,0.631411875
2023-05-31 08:00:00,8,24.9,35.0875,326.0,0.0,1.329595075
2023-05-31 09:00:00,9,26.9,42.8375,510.0,0.0,2.012848875
2023-05-31 10:00:00,10,28.7,49.7,672.0,5.0,2.5480889280000003
2023-05-31 11:00:00,11,30.1,54.31875,775.0,15.0,2.8202512046874992
2023-05-31 12:00:00,12,31.4,57.087500000000006,822.0,34.0,2.8380418442999997
2023-05-31 13:00:00,13,31.8,54.4875,726.0,46.0,2.4711812696999997
2023-05-31 14:00:00,14,31.3,51.55,648.0,30.0,2.313833688
2023-05-31 15:00:00,15,31.0,48.53125,561.0,29.0,2.0345621855625002
2023-05-31 16:00:00,16,30.3,44.300000000000004,448.0,33.0,1.6410484608
2023-05-31 17:00:00,17,30.8,39.08125,265.0,48.0,0.9607838277500003
2023-05-31 18:00:00,18,30.0,33.6875,118.0,10.0,0.4743914174999999
2023-05-31 19:00:00,19,28.4,28.93125,17.0,5.0,0.0704027300625
2023-05-31 20:00:00,20,27.1,27.1,0.0,6.0,0.0
2023-05-31 21:00:00,21,26.3,26.3,0.0,3.0,0.0
2023-05-31 22:00:00,22,25.3,25.3,0.0,1.0,0.0
2023-05-31 23:00:00,23,24.5,24.5,0.0,1.0,0.0
2023-06-01 00:00:00,0,23.8,23.8,0.0,0.0,0.0
2023-06-01 01:00:00,1,23.2,23.2,0.0,0.0,0.0
2023-06-01 02:00:00,2,22.7,22.7,0.0,0.0,0.0
2023-06-01 03:00:00,3,22.2,22.2,0.0,0.0,0.0
2023-06-01 04:00:00,4,21.8,21.8,0.0,0.0,0.0
2023-06-01 05:00:00,5,22.1,22.1,0.0,18.0,0.0
2023-06-01 06:00:00,6,22.5,23.3125,26.0,99.0,0.088621
2023-06-01 07:00:00,7,23.2,26.10625,93.0,16.0,0.38090898614999996
2023-06-01 08:00:00,8,26.0,35.59375,307.0,1.0,1.2469622963124998
2023-06-01 09:00:00,9,28.9,44.7125,506.0,10.0,1.9413144135
2023-06-01 10:00:00,10,30.9,51.8375,670.0,1.0,2.53673723325
2023-06-01 11:00:00,11,32.4,57.0875,790.0,0.0,2.926564875
2023-06-01 12:00:00,12,33.6,60.225,852.0,1.0,3.104579497799999
2023-06-01 13:00:00,13,34.6,61.006249999999994,845.0,3.0,3.0555760974374997
2023-06-01 14:00:00,14,35.1,58.94375,763.0,18.0,2.701576856475
2023-06-01 15:00:00,15,35.2,53.29375,579.0,23.0,2.0818709062874996
2023-06-01 16:00:00,16,35.1,49.225,452.0,45.0,1.5787181410000002
2023-06-01 17:00:00,17,34.0,40.5,208.0,39.0,0.7645150239999999
2023-06-01 18:00:00,18,33.2,35.95,88.0,52.0,0.32042644479999993
2023-06-01 19:00:00,19,25.0,25.4375,14.0,18.0,0.0572576235
2023-06-01 20:00:00,20,24.3,24.3,0.0,11.0,0.0
2023-06-01 21:00:00,21,24.5,24.5,0.0,51.0,0.0
2023-06-01 22:00:00,22,24.5,24.5,0.0,96.0,0.0
2023-06-01 23:00:00,23,24.5,24.5,0.0,52.0,0.0
2023-06-02 00:00:00,0,23.5,23.5,0.0,0.0,0.0
2023-06-02 01:00:00,1,21.3,21.3,0.0,0.0,0.0
2023-06-02 02:00:00,2,21.2,21.2,0.0,0.0,0.0
2023-06-02 03:00:00,3,21.0,21.0,0.0,0.0,0.0
2023-06-02 04:00:00,4,20.8,20.8,0.0,0.0,0.0
2023-06-02 05:00:00,5,21.9,21.9,0.0,0.0,0.0
2023-06-02 06:00:00,6,23.1,24.0375,30.0,0.0,0.07989149999999999
2023-06-02 07:00:00,7,25.1,29.6625,146.0,0.0,0.387886928975
2023-06-02 08:00:00,8,27.2,37.23125,321.0,0.0,0.67470211575
2023-06-02 09:00:00,9,27.4,37.24375,315.0,0.0,0.806053245440625
2023-06-02 10:00:00,10,29.4,46.7125,554.0,0.0,1.3947125735725003
2023-06-02 11:00:00,11,31.4,56.18125,793.0,0.0,1.9174321196875002
2023-06-02 12:00:00,12,33.0,59.75,856.0,0.0,2.0360066999999997
2023-06-02 13:00:00,13,33.4,59.9,848.0,0.0,2.01557304
2023-06-02 14:00:00,14,33.4,57.775,780.0,0.0,1.8572841768000001
2023-06-02 15:00:00,15,32.6,52.25625,629.0,0.0,1.3747743359025
2023-06-02 16:00:00,16,32.0,43.71875,375.0,0.0,0.8855354320312498
2023-06-02 17:00:00,17,32.3,40.33125,257.0,0.0,0.6144429738118751
2023-06-02 18:00:00,18,31.4,34.99375,115.0,0.0,0.290958496846875
2023-06-02 19:00:00,19,29.9,30.43125,17.0,0.0,0.042910051868125
2023-06-02 20:00:00,20,29.0,29.0,0.0,0.0,0.0
2023-06-02 21:00:00,21,28.0,28.0,0.0,0.0,0.0
2023-06-02 22:00:00,22,27.0,27.0,0.0,0.0,0.0
2023-06-02 23:00:00,23,26.2,26.2,0.0,0.0,0.0
2023-06-03 00:00:00,0,25.5,25.5,0.0,0.0,0.0
2023-06-03 01:00:00,1,25.0,25.0,0.0,0.0,0.0
2023-06-03 02:00:00,2,24.6,24.6,0.0,0.0,0.0
2023-06-03 03:00:00,3,24.1,24.1,0.0,0.0,0.0
2023-06-03 04:00:00,4,23.8,23.8,0.0,0.0,0.0
2023-06-03 05:00:00,5,25.5,25.5,0.0,0.0,0.0
2023-06-03 06:00:00,6,27.3,28.2375,30.0,0.0,0.125848875
2023-06-03 07:00:00,7,29.1,33.81875,151.0,55.0,0.5510099191875
2023-06-03 08:00:00,8,30.8,40.925,324.0,91.0,1.0546352118
2023-06-03 09:00:00,9,32.0,46.875,476.0,100.0,1.4767899999999998
2023-06-03 10:00:00,10,30.4,39.9,304.0,100.0,0.97199744
2023-06-03 11:00:00,11,32.9,53.9,672.0,100.0,2.02067712
2023-06-03 12:00:00,12,34.2,57.5125,746.0,89.0,2.26722106245
2023-06-03 13:00:00,13,35.5,61.9375,846.0,86.0,2.537211316499999
2023-06-03 14:00:00,14,36.2,60.60625,781.0,9.0,2.7952687140125003
2023-06-03 15:00:00,15,36.4,54.4625,578.0,28.0,2.0456493923999997
2023-06-03 16:00:00,16,35.7,48.45,408.0,89.0,1.2916503576
2023-06-03 17:00:00,17,35.6,43.0375,238.0,68.0,0.8108815175999998
2023-06-03 18:00:00,18,23.9,25.36875,47.0,100.0,0.159564295
2023-06-03 19:00:00,19,26.1,26.25625,5.0,99.0,0.0169568614375
2023-06-03 20:00:00,20,26.4,26.4,0.0,100.0,0.0
2023-06-03 21:00:00,21,25.4,25.4,0.0,76.0,0.0
2023-06-03 22:00:00,22,24.8,24.8,0.0,62.0,0.0
2023-06-03 23:00:00,23,25.2,25.2,0.0,94.0,0.0
2023-06-04 00:00:00,0,25.4,25.4,0.0,57.0,0.0
2023-06-04 01:00:00,1,24.4,24.4,0.0,0.0,0.0
2023-06-04 02:00:00,2,23.2,23.2,0.0,0.0,0.0
2023-06-04 03:00:00,3,23.0,23.0,0.0,4.0,0.0
2023-06-04 04:00:00,4,23.3,23.3,0.0,0.0,0.0
2023-06-04 05:00:00,5,24.0,24.0,0.0,0.0,0.0
2023-06-04 06:00:00,6,25.1,25.85,24.0,100.0,0.08132256
2023-06-04 07:00:00,7,27.5,31.1875,118.0,100.0,0.39127029999999996
2023-06-04 08:00:00,8,30.2,38.1375,254.0,100.0,0.81821782
2023-06-04 09:00:00,9,31.9,45.4,432.0,100.0,1.3489459200000002
2023-06-04 10:00:00,10,32.8,51.20625,589.0,99.0,1.7971591486375003
2023-06-04 11:00:00,11,33.8,57.76875,767.0,87.0,2.3396270499874996
2023-06-04 12:00:00,12,34.6,60.69375,835.0,20.0,2.9203941299999996
2023-06-04 13:00:00,13,34.6,55.6625,674.0,6.0,2.4830110461
2023-06-04 14:00:00,14,35.2,58.1375,734.0,6.0,2.6735381517000003
2023-06-04 15:00:00,15,35.4,55.18125,633.0,8.0,2.32762205565
2023-06-04 16:00:00,16,35.0,49.75,472.0,19.0,1.7387245719999997
2023-06-04 17:00:00,17,32.9,41.61875,279.0,41.0,1.0161592327125
2023-06-04 18:00:00,18,31.6,35.13125,113.0,46.0,0.418395384825
2023-06-04 19:00:00,19,29.2,29.7625,18.0,13.0,0.07309156545
2023-06-04 20:00:00,20,28.2,28.2,0.0,0.0,0.0
2023-06-04 21:00:00,21,27.2,27.2,0.0,1.0,0.0
2023-06-04 22:00:00,22,26.4,26.4,0.0,1.0,0.0
2023-06-04 23:00:00,23,25.8,25.8,0.0,0.0,0.0
2023-06-05 00:00:00,0,25.6,25.6,0.0,0.0,0.0
2023-06-05 01:00:00,1,25.1,25.1,0.0,0.0,0.0
2023-06-05 02:00:00,2,24.7,24.7,0.0,0.0,0.0
2023-06-05 03:00:00,3,24.5,24.5,0.0,0.0,0.0
2023-06-05 04:00:00,4,24.1,24.1,0.0,0.0,0.0
2023-06-05 05:00:00,5,24.0,24.0,0.0,0.0,0.0
2023-06-05 06:00:00,6,25.2,26.16875,31.0,0.0,0.13113406875
2023-06-05 07:00:00,7,27.3,32.01875,151.0,0.0,0.62373286875
2023-06-05 08:00:00,8,29.9,40.0875,326.0,0.0,1.301885075
2023-06-05 09:00:00,9,31.8,47.8,512.0,12.0,1.9300876288000002
2023-06-05 10:00:00,10,33.0,53.0,640.0,9.0,2.37188352
2023-06-05 11:00:00,11,34.1,57.56875,751.0,5.0,2.7481853210624996
2023-06-05 12:00:00,12,35.1,60.69375,819.0,11.0,2.9181426285375
2023-06-05 13:00:00,13,35.9,61.36875,815.0,10.0,2.900663749374999
2023-06-05 14:00:00,14,36.1,59.7875,758.0,7.0,2.73440307915
2023-06-05 15:00:00,15,36.0,55.4375,622.0,3.0,2.30772395175
2023-06-05 16:00:00,16,35.5,49.6875,454.0,5.0,1.72157225625
2023-06-05 17:00:00,17,34.7,43.66875,287.0,45.0,1.0270853035624998
2023-06-05 18:00:00,18,33.6,37.6,128.0,34.0,0.4814547968
2023-06-05 19:00:00,19,31.4,32.025,20.0,0.0,0.0826115
2023-06-05 20:00:00,20,30.4,30.4,0.0,7.0,0.0
2023-06-05 21:00:00,21,29.2,29.2,0.0,0.0,0.0
2023-06-05 22:00:00,22,28.2,28.2,0.0,0.0,0.0
2023-06-05 23:00:00,23,27.6,27.6,0.0,0.0,0.0
2023-06-06 00:00:00,0,26.9,26.9,0.0,0.0,0.0
2023-06-06 01:00:00,1,25.8,25.8,0.0,0.0,0.0
2023-06-06 02:00:00,2,25.2,25.2,0.0,0.0,0.0
2023-06-06 03:00:00,3,24.8,24.8,0.0,0.0,0.0
2023-06-06 04:00:00,4,24.6,24.6,0.0,0.0,0.0
2023-06-06 05:00:00,5,24.9,24.9,0.0,0.0,0.0
2023-06-06 06:00:00,6,27.1,28.06875,31.0,0.0,0.13013276875
2023-06-06 07:00:00,7,30.2,34.98125,153.0,0.0,0.6242887687500001
2023-06-06 08:00:00,8,32.7,43.0125,330.0,0.0,1.301449875
2023-06-06 09:00:00,9,34.5,50.65625,517.0,0.0,1.97175721875
2023-06-06 10:00:00,10,35.6,56.85,680.0,21.0,2.4158978120000003
2023-06-06 11:00:00,11,36.5,60.875,780.0,7.0,2.799547335
2023-06-06 12:00:00,12,37.3,62.01875,791.0,23.0,2.7322167607875
2023-06-06 13:00:00,13,37.8,61.95625,773.0,19.0,2.6932228178375
2023-06-06 14:00:00,14,37.8,59.55,696.0,12.0,2.4880234943999997
2023-06-06 15:00:00,15,38.0,57.5,624.0,12.0,2.25186624
2023-06-06 16:00:00,16,37.7,52.1375,462.0,6.0,1.7293577301
2023-06-06 17:00:00,17,35.0,44.34375,299.0,2.0,1.1677360158749999
2023-06-06 18:00:00,18,32.1,34.88125,89.0,21.0,0.34804108266249995
2023-06-06 19:00:00,19,30.1,30.725,20.0,1.0,0.082887393
2023-06-06 20:00:00,20,29.2,29.2,0.0,2.0,0.0
2023-06-06 21:00:00,21,28.6,28.6,0.0,4.0,0.0
2023-06-06 22:00:00,22,27.9,27.9,0.0,0.0,0.0
2023-06-06 23:00:00,23,27.2,27.2,0.0,0.0,0.0
2023-06-07 00:00:00,0,26.7,26.7,0.0,0.0,0.0
2023-06-07 01:00:00,1,26.1,26.1,0.0,0.0,0.0
2023-06-07 02:00:00,2,26.0,26.0,0.0,0.0,0.0
2023-06-07 03:00:00,3,25.8,25.8,0.0,0.0,0.0
2023-06-07 04:00:00,4,25.4,25.4,0.0,0.0,0.0
2023-06-07 05:00:00,5,25.7,25.7,0.0,0.0,0.0
2023-06-07 06:00:00,6,26.9,27.86875,31.0,0.0,0.13023816875
2023-06-07 07:00:00,7,29.5,34.28125,153.0,0.0,0.6261094687500001
2023-06-07 08:00:00,8,31.9,42.24375,331.0,0.0,1.3097194187499999
2023-06-07 09:00:00,9,33.8,50.05,520.0,0.0,1.988558
2023-06-07 10:00:00,10,35.6,57.0375,686.0,0.0,2.5418786750000004
2023-06-07 11:00:00,11,37.0,62.25,808.0,0.0,2.9223339999999998
2023-06-07 12:00:00,12,38.0,65.15625,869.0,6.0,3.0628214581249993
2023-06-07 13:00:00,13,38.4,64.15,824.0,10.0,2.8945150639999997
2023-06-07 14:00:00,14,38.7,62.825,772.0,11.0,2.7233238366
2023-06-07 15:00:00,15,38.6,58.25625,629.0,13.0,2.2573822548624998
2023-06-07 16:00:00,16,38.3,53.05,472.0,10.0,1.7453082639999997
2023-06-07 17:00:00,17,36.9,45.99375,291.0,4.0,1.1238307673999999
2023-06-07 18:00:00,18,35.7,39.7,128.0,2.0,0.5099647488000001
2023-06-07 19:00:00,19,32.3,32.95625,21.0,1.0,0.08623679951250002
2023-06-07 20:00:00,20,30.6,30.6,0.0,0.0,0.0
2023-06-07 21:00:00,21,29.3,29.3,0.0,1.0,0.0
2023-06-07 22:00:00,22,28.8,28.8,0.0,1.0,0.0
2023-06-07 23:00:00,23,28.6,28.6,0.0,0.0,0.0
2023-06-08 00:00:00,0,27.4,27.4,0.0,0.0,0.0
2023-06-08 01:00:00,1,26.7,26.7,0.0,0.0,0.0
2023-06-08 02:00:00,2,26.8,26.8,0.0,0.0,0.0
2023-06-08 03:00:00,3,28.1,28.1,0.0,0.0,0.0
2023-06-08 04:00:00,4,29.5,29.5,0.0,0.0,0.0
2023-06-08 05:00:00,5,29.4,29.4,0.0,0.0,0.0
2023-06-08 06:00:00,6,29.3,30.26875,31.0,0.0,0.12897336875
2023-06-08 07:00:00,7,31.7,36.3875,150.0,35.0,0.56586954375
2023-06-08 08:00:00,8,33.4,42.11875,279.0,28.0,1.0427006457
2023-06-08 09:00:00,9,35.4,50.0875,470.0,4.0,1.7826744679999997
2023-06-08 10:00:00,10,36.7,57.5125,666.0,12.0,2.4032960315999996
2023-06-08 11:00:00,11,35.7,59.0125,746.0,96.0,2.2132360078000004
2023-06-08 12:00:00,12,35.0,45.15625,325.0,62.0,1.112420765625
2023-06-08 13:00:00,13,36.0,57.4375,686.0,69.0,2.18707836025
2023-06-08 14:00:00,14,33.4,51.86875,591.0,92.0,1.8293085297
2023-06-08 15:00:00,15,34.3,48.425,452.0,22.0,1.6643981988
2023-06-08 16:00:00,16,35.7,50.825,484.0,8.0,1.8149997096
2023-06-08 17:00:00,17,35.2,44.45,296.0,22.0,1.1090819856
2023-06-08 18:00:00,18,34.7,38.0125,106.0,78.0,0.3604314449
2023-06-08 19:00:00,19,32.3,32.925,20.0,4.0,0.08164705600000001
2023-06-08 20:00:00,20,30.6,30.6,0.0,12.0,0.0
2023-06-08 21:00:00,21,30.1,30.1,0.0,5.0,0.0
2023-06-08 22:00:00,22,29.6,29.6,0.0,7.0,0.0
2023-06-08 23:00:00,23,29.0,29.0,0.0,4.0,0.0
2023-06-09 00:00:00,0,28.7,28.7,0.0,0.0,0.0
2023-06-09 01:00:00,1,28.6,28.6,0.0,0.0,0.0
2023-06-09 02:00:00,2,28.5,28.5,0.0,0.0,0.0
2023-06-09 03:00:00,3,27.9,27.9,0.0,0.0,0.0
2023-06-09 04:00:00,4,27.8,27.8,0.0,1.0,0.0
2023-06-09 05:00:00,5,27.5,27.5,0.0,0.0,0.0
2023-06-09 06:00:00,6,29.1,30.06875,31.0,1.0,0.1288206112125
2023-06-09 07:00:00,7,30.6,35.13125,145.0,1.0,0.5900939158124999
2023-06-09 08:00:00,8,31.8,41.7375,318.0,0.0,1.261017075
2023-06-09 09:00:00,9,34.0,49.78125,505.0,0.0,1.9335029687499998
2023-06-09 10:00:00,10,35.9,56.18125,649.0,14.0,2.346628905225
2023-06-09 11:00:00,11,37.1,60.2875,742.0,13.0,2.63796550465
2023-06-09 12:00:00,12,38.0,63.25,808.0,17.0,2.8097056679999994
2023-06-09 13:00:00,13,38.5,61.53125,737.0,8.0,2.6317571692499997
2023-06-09 14:00:00,14,38.9,60.025,676.0,19.0,2.3766139774000004
2023-06-09 15:00:00,15,39.4,56.68125,553.0,13.0,1.9990517899625002
2023-06-09 16:00:00,16,39.0,52.78125,441.0,38.0,1.539359947125
2023-06-09 17:00:00,17,37.9,45.43125,241.0,21.0,0.9010403556625001
2023-06-09 18:00:00,18,35.9,39.525,116.0,17.0,0.4485685722
2023-06-09 19:00:00,19,33.7,34.325,20.0,15.0,0.079374615
2023-06-09 20:00:00,20,32.3,32.3,0.0,2.0,0.0
2023-06-09 21:00:00,21,31.4,31.4,0.0,2.0,0.0
2023-06-09 22:00:00,22,30.6,30.6,0.0,0.0,0.0
2023-06-09 23:00:00,23,30.1,30.1,0.0,0.0,0.0
2023-06-10 00:00:00,0,29.8,29.8,0.0,0.0,0.0
2023-06-10 01:00:00,1,29.3,29.3,0.0,0.0,0.0
2023-06-10 02:00:00,2,29.0,29.0,0.0,0.0,0.0
2023-06-10 03:00:00,3,28.9,28.9,0.0,0.0,0.0
2023-06-10 04:00:00,4,28.7,28.7,0.0,0.0,0.0
2023-06-10 05:00:00,5,29.0,29.0,0.0,0.0,0.0
2023-06-10 06:00:00,6,29.7,30.6375,30.0,1.0,0.12437562525000001
2023-06-10 07:00:00,7,31.2,35.85625,149.0,1.0,0.6045396165125
2023-06-10 08:00:00,8,32.9,42.93125,321.0,0.0,1.2663991687499998
2023-06-10 09:00:00,9,35.1,50.9125,506.0,0.0,1.927600675
2023-06-10 10:00:00,10,36.9,57.80625,669.0,1.0,2.4652042297125
2023-06-10 11:00:00,11,37.9,62.4,784.0,3.0,2.8165316032
2023-06-10 12:00:00,12,38.4,63.4625,802.0,9.0,2.8321884340499994
2023-06-10 13:00:00,13,39.0,64.25,808.0,23.0,2.761698348
2023-06-10 14:00:00,14,38.9,60.2125,682.0,17.0,2.4055779016499996
2023-06-10 15:00:00,15,38.9,58.525,628.0,1.0,2.3064649258
2023-06-10 16:00:00,16,38.5,54.03125,497.0,0.0,1.8669649687499998
2023-06-10 17:00:00,17,36.2,45.8875,310.0,2.0,1.2025931834999999
2023-06-10 18:00:00,18,35.1,39.225,132.0,1.0,0.5280209418
2023-06-10 19:00:00,19,33.4,34.05625,21.0,1.0,0.08584488491250002
2023-06-10 20:00:00,20,32.1,32.1,0.0,2.0,0.0
2023-06-10 21:00:00,21,31.3,31.3,0.0,0.0,0.0
2023-06-10 22:00:00,22,30.6,30.6,0.0,0.0,0.0
2023-06-10 23:00:00,23,29.9,29.9,0.0,0.0,0.0
2023-06-11 00:00:00,0,29.6,29.6,0.0,0.0,0.0
2023-06-11 01:00:00,1,29.6,29.6,0.0,0.0,0.0
2023-06-11 02:00:00,2,29.5,29.5,0.0,0.0,0.0
2023-06-11 03:00:00,3,29.0,29.0,0.0,0.0,0.0
2023-06-11 04:00:00,4,28.4,28.4,0.0,0.0,0.0
2023-06-11 05:00:00,5,28.9,28.9,0.0,3.0,0.0
2023-06-11 06:00:00,6,29.6,30.50625,29.0,4.0,0.11957113540000001
2023-06-11 07:00:00,7,30.8,35.2375,142.0,12.0,0.5648957948
2023-06-11 08:00:00,8,32.5,42.0,304.0,36.0,1.117445632
2023-06-11 09:00:00,9,33.9,47.74375,443.0,17.0,1.6532769469125
2023-06-11 10:00:00,10,35.4,55.24375,635.0,6.0,2.343801494125
2023-06-11 11:00:00,11,36.7,60.6375,766.0,5.0,2.76351419025
2023-06-11 12:00:00,12,37.7,63.6375,830.0,7.0,2.94057232675
2023-06-11 13:00:00,13,38.5,64.40625,829.0,3.0,2.9500903324374996
2023-06-11 14:00:00,14,38.9,62.65,760.0,9.0,2.694177884
2023-06-11 15:00:00,15,38.6,58.44375,635.0,14.0,2.272268426625
2023-06-11 16:00:00,16,38.2,52.66875,463.0,29.0,1.6484710511624998
2023-06-11 17:00:00,17,36.8,44.675,252.0,35.0,0.9176424390000001
2023-06-11 18:00:00,18,35.9,39.3375,110.0,17.0,0.42570545325000003
2023-06-11 19:00:00,19,34.4,34.99375,19.0,24.0,0.07380096185
2023-06-11 20:00:00,20,33.7,33.7,0.0,9.0,0.0
2023-06-11 21:00:00,21,32.9,32.9,0.0,8.0,0.0
2023-06-11 22:00:00,22,32.3,32.3,0.0,7.0,0.0
2023-06-11 23:00:00,23,31.9,31.9,0.0,9.0,0.0
2023-06-12 00:00:00,0,31.9,31.9,0.0,8.0,0.0
2023-06-12 01:00:00,1,31.6,31.6,0.0,7.0,0.0
2023-06-12 02:00:00,2,31.0,31.0,0.0,4.0,0.0
2023-06-12 03:00:00,3,30.7,30.7,0.0,2.0,0.0
2023-06-12 04:00:00,4,30.2,30.2,0.0,0.0,0.0
2023-06-12 05:00:00,5,29.6,29.6,0.0,0.0,0.0
2023-06-12 06:00:00,6,29.8,30.7375,30.0,0.0,0.124573875
2023-06-12 07:00:00,7,30.9,35.55625,149.0,0.0,0.60651101875
2023-06-12 08:00:00,8,32.3,42.3625,322.0,0.0,1.273457675
2023-06-12 09:00:00,9,34.1,49.88125,505.0,0.0,1.93264446875
2023-06-12 10:00:00,10,35.8,56.64375,667.0,0.0,2.47594151875
2023-06-12 11:00:00,11,37.2,61.7625,786.0,6.0,2.8150881213
2023-06-12 12:00:00,12,38.4,64.68125,841.0,3.0,2.9888856057375004
2023-06-12 13:00:00,13,39.3,65.08125,825.0,26.0,2.791016724375
2023-06-12 14:00:00,14,39.4,61.18125,697.0,27.0,2.3967272968374993
2023-06-12 15:00:00,15,39.2,57.16875,575.0,11.0,2.0824558584374997
2023-06-12 16:00:00,16,38.8,52.8,448.0,3.0,1.6821215488
2023-06-12 17:00:00,17,37.8,46.64375,283.0,14.0,1.0678605050249999
2023-06-12 18:00:00,18,36.8,40.8,128.0,10.0,0.49942681600000005
2023-06-12 19:00:00,19,35.1,35.75625,21.0,15.0,0.0828477181875
2023-06-12 20:00:00,20,34.0,34.0,0.0,6.0,0.0
2023-06-12 21:00:00,21,33.0,33.0,0.0,2.0,0.0
2023-06-12 22:00:00,22,32.4,32.4,0.0,3.0,0.0
2023-06-12 23:00:00,23,31.9,31.9,0.0,2.0,0.0
2023-06-13 00:00:00,0,31.2,31.2,0.0,3.0,0.0
2023-06-13 01:00:00,1,30.9,30.9,0.0,3.0,0.0
2023-06-13 02:00:00,2,30.8,30.8,0.0,1.0,0.0
2023-06-13 03:00:00,3,30.4,30.4,0.0,0.0,0.0
2023-06-13 04:00:00,4,29.7,29.7,0.0,0.0,0.0
2023-06-13 05:00:00,5,30.3,30.3,0.0,0.0,0.0
2023-06-13 06:00:00,6,30.4,31.3375,30.0,0.0,0.124267875
2023-06-13 07:00:00,7,31.5,36.15625,149.0,0.0,0.60499121875
2023-06-13 08:00:00,8,33.2,43.29375,323.0,0.0,1.2722990187499998
2023-06-13 09:00:00,9,35.2,51.075,508.0,0.0,1.9338162999999997
2023-06-13 10:00:00,10,36.8,57.675,668.0,0.0,2.4679427
2023-06-13 11:00:00,11,38.3,62.8,784.0,11.0,2.7659811648
2023-06-13 12:00:00,12,39.0,63.1875,774.0,30.0,2.6198071425
2023-06-13 13:00:00,13,39.0,60.75,696.0,27.0,2.3981156759999998
2023-06-13 14:00:00,14,39.4,60.24375,667.0,14.0,2.366937727425
2023-06-13 15:00:00,15,39.6,59.00625,621.0,6.0,2.252883066525
2023-06-13 16:00:00,16,39.1,53.19375,451.0,12.0,1.6597743942999998
2023-06-13 17:00:00,17,38.0,46.625,276.0,15.0,1.039389435
2023-06-13 18:00:00,18,37.0,40.78125,121.0,18.0,0.464443601875
2023-06-13 19:00:00,19,35.4,36.025,20.0,15.0,0.078813955
2023-06-13 20:00:00,20,34.0,34.0,0.0,19.0,0.0
2023-06-13 21:00:00,21,33.4,33.4,0.0,15.0,0.0
2023-06-13 22:00:00,22,33.1,33.1,0.0,13.0,0.0
2023-06-13 23:00:00,23,32.4,32.4,0.0,12.0,0.0
2023-06-14 00:00:00,0,31.7,31.7,0.0,10.0,0.0
2023-06-14 01:00:00,1,31.2,31.2,0.0,10.0,0.0
2023-06-14 02:00:00,2,30.9,30.9,0.0,9.0,0.0
2023-06-14 03:00:00,3,30.5,30.5,0.0,5.0,0.0
2023-06-14 04:00:00,4,29.9,29.9,0.0,4.0,0.0
2023-06-14 05:00:00,5,30.2,30.2,0.0,2.0,0.0
2023-06-14 06:00:00,6,30.3,31.2375,30.0,1.0,0.12407023724999999
2023-06-14 07:00:00,7,30.9,35.49375,147.0,0.0,0.5985261187500001
2023-06-14 08:00:00,8,31.9,41.8375,318.0,0.0,1.260476475
2023-06-14 09:00:00,9,33.4,49.05625,501.0,0.0,1.9243629187499998
2023-06-14 10:00:00,10,34.9,55.61875,663.0,0.0,2.47264606875
2023-06-14 11:00:00,11,36.2,60.6375,782.0,1.0,2.84403560485
2023-06-14 12:00:00,12,37.4,63.55624999999999,837.0,1.0,3.0026158525124997
2023-06-14 13:00:00,13,38.0,63.9375,830.0,2.0,2.9661795074999993
2023-06-14 14:00:00,14,38.2,62.0125,762.0,9.0,2.7093773536500003
2023-06-14 15:00:00,15,37.8,55.26875,559.0,13.0,2.0338153109625
2023-06-14 16:00:00,16,37.5,50.53125,417.0,4.0,1.5785288969999998
2023-06-14 17:00:00,17,36.1,44.9125,282.0,3.0,1.0964212381499998
2023-06-14 18:00:00,18,35.1,39.1,128.0,3.0,0.5102384896000001
2023-06-14 19:00:00,19,34.1,34.75625,21.0,3.0,0.08525241663750001
2023-06-14 20:00:00,20,33.4,33.4,0.0,2.0,0.0
2023-06-14 21:00:00,21,32.8,32.8,0.0,2.0,0.0
2023-06-14 22:00:00,22,32.0,32.0,0.0,2.0,0.0
2023-06-14 23:00:00,23,31.3,31.3,0.0,3.0,0.0
2023-06-15 00:00:00,0,30.9,30.9,0.0,13.0,0.0
2023-06-15 01:00:00,1,30.6,30.6,0.0,25.0,0.0
2023-06-15 02:00:00,2,30.3,30.3,0.0,9.0,0.0
2023-06-15 03:00:00,3,30.0,30.0,0.0,16.0,0.0
2023-06-15 04:00:00,4,29.5,29.5,0.0,0.0,0.0
2023-06-15 05:00:00,5,29.4,29.4,0.0,0.0,0.0
2023-06-15 06:00:00,6,29.5,30.375,28.0,1.0,0.11620861700000001
2023-06-15 07:00:00,7,30.4,34.9,144.0,0.0,0.5877648
2023-06-15 08:00:00,8,31.4,41.275,316.0,0.0,1.2555707
2023-06-15 09:00:00,9,33.1,48.6625,498.0,0.0,1.9161732750000002
2023-06-15 10:00:00,10,34.4,54.99375,659.0,1.0,2.4598005587125003
2023-06-15 11:00:00,11,35.5,59.625,772.0,5.0,2.798315685
2023-06-15 12:00:00,12,36.3,61.675,812.0,6.0,2.9094014404000004
2023-06-15 13:00:00,13,37.2,61.91875,791.0,1.0,2.8595729616125
2023-06-15 14:00:00,14,37.9,61.36875,751.0,20.0,2.6183329619999998
2023-06-15 15:00:00,15,37.3,54.01875,535.0,30.0,1.889235000625
2023-06-15 16:00:00,16,36.4,49.86875,431.0,92.0,1.3460219216999998
2023-06-15 17:00:00,17,35.4,40.2125,154.0,77.0,0.52001392905
2023-06-15 18:00:00,18,33.4,36.68125,105.0,17.0,0.4109354038125
2023-06-15 19:00:00,19,30.5,31.15625,21.0,34.0,0.081132667875
2023-06-15 20:00:00,20,30.8,30.8,0.0,100.0,0.0
2023-06-15 21:00:00,21,30.9,30.9,0.0,36.0,0.0
2023-06-15 22:00:00,22,30.4,30.4,0.0,94.0,0.0
2023-06-15 23:00:00,23,30.3,30.3,0.0,100.0,0.0
2023-06-16 00:00:00,0,30.3,30.3,0.0,100.0,0.0
2023-06-16 01:00:00,1,29.9,29.9,0.0,14.0,0.0
2023-06-16 02:00:00,2,29.1,29.1,0.0,14.0,0.0
2023-06-16 03:00:00,3,28.5,28.5,0.0,44.0,0.0
2023-06-16 04:00:00,4,28.0,28.0,0.0,3.0,0.0
2023-06-16 05:00:00,5,29.1,29.1,0.0,7.0,0.0
2023-06-16 06:00:00,6,29.4,30.11875,23.0,25.0,0.09096114031249998
2023-06-16 07:00:00,7,29.8,33.675,124.0,65.0,0.442580397
2023-06-16 08:00:00,8,30.8,39.8,288.0,94.0,0.9350498304
2023-06-16 09:00:00,9,32.2,47.2,480.0,51.0,1.669245504
2023-06-16 10:00:00,10,32.6,50.50625,573.0,65.0,1.9025104483125
2023-06-16 11:00:00,11,32.7,49.54375,539.0,96.0,1.6692113399500002
2023-06-16 12:00:00,12,33.5,50.09375,531.0,88.0,1.67290846425
2023-06-16 13:00:00,13,34.4,49.93125,497.0,100.0,1.5212846950000003
2023-06-16 14:00:00,14,29.9,37.18125,233.0,99.0,0.7554840551375
2023-06-16 15:00:00,15,32.9,46.4,432.0,33.0,1.5680350656
2023-06-16 16:00:00,16,33.7,45.98125,393.0,27.0,1.4474502582375
2023-06-16 17:00:00,17,33.9,41.93125,257.0,17.0,0.9836559382125002
2023-06-16 18:00:00,18,31.2,34.5125,106.0,4.0,0.4298916072
2023-06-16 19:00:00,19,29.2,29.73125,17.0,5.0,0.07017384206250002
2023-06-16 20:00:00,20,28.8,28.8,0.0,44.0,0.0
2023-06-16 21:00:00,21,29.1,29.1,0.0,29.0,0.0
2023-06-16 22:00:00,22,27.2,27.2,0.0,100.0,0.0
2023-06-16 23:00:00,23,26.9,26.9,0.0,100.0,0.0
2023-06-17 00:00:00,0,26.7,26.7,0.0,97.0,0.0
2023-06-17 01:00:00,1,27.0,27.0,0.0,86.0,0.0
2023-06-17 02:00:00,2,27.3,27.3,0.0,100.0,0.0
2023-06-17 03:00:00,3,27.5,27.5,0.0,99.0,0.0
2023-06-17 04:00:00,4,27.7,27.7,0.0,99.0,0.0
2023-06-17 05:00:00,5,28.3,28.3,0.0,100.0,0.0
2023-06-17 06:00:00,6,27.4,28.15,24.0,76.0,0.08540615039999999
2023-06-17 07:00:00,7,26.9,29.3375,78.0,78.0,0.2749317129
2023-06-17 08:00:00,8,26.8,31.6125,154.0,97.0,0.51357391085
2023-06-17 09:00:00,9,26.8,30.55,120.0,100.0,0.39894240000000003
2023-06-17 10:00:00,10,29.7,38.1375,270.0,91.0,0.8893286797499999
2023-06-17 11:00:00,11,32.2,45.35625,421.0,99.0,1.3181353756375
2023-06-17 12:00:00,12,33.6,55.44375,699.0,39.0,2.4054859390875
2023-06-17 13:00:00,13,33.9,54.55625,661.0,25.0,2.3532700978125
2023-06-17 14:00:00,14,34.0,53.375,620.0,51.0,2.0976628949999996
2023-06-17 15:00:00,15,33.9,49.65,504.0,71.0,1.6566253703999998
2023-06-17 16:00:00,16,32.1,41.9125,314.0,50.0,1.1197989675
2023-06-17 17:00:00,17,31.9,39.15,232.0,37.0,0.8613581624000002
2023-06-17 18:00:00,18,27.9,31.4625,114.0,88.0,0.3889079562
2023-06-17 19:00:00,19,25.8,26.175,12.0,77.0,0.04294321379999999
2023-06-17 20:00:00,20,26.2,26.2,0.0,36.0,0.0
2023-06-17 21:00:00,21,26.6,26.6,0.0,62.0,0.0
2023-06-17 22:00:00,22,27.0,27.0,0.0,43.0,0.0
2023-06-17 23:00:00,23,26.9,26.9,0.0,94.0,0.0
2023-06-18 00:00:00,0,26.7,26.7,0.0,62.0,0.0
2023-06-18 01:00:00,1,26.7,26.7,0.0,29.0,0.0
2023-06-18 02:00:00,2,26.8,26.8,0.0,87.0,0.0
2023-06-18 03:00:00,3,26.8,26.8,0.0,100.0,0.0
2023-06-18 04:00:00,4,26.6,26.6,0.0,100.0,0.0
2023-06-18 05:00:00,5,26.6,26.6,0.0,100.0,0.0
2023-06-18 06:00:00,6,26.9,27.68125,25.0,36.0,0.09754251500000001
2023-06-18 07:00:00,7,27.6,31.63125,129.0,48.0,0.48247173255
2023-06-18 08:00:00,8,28.8,37.6125,282.0,100.0,0.9104285399999998
2023-06-18 09:00:00,9,29.2,37.2625,258.0,100.0,0.8341733400000001
2023-06-18 10:00:00,10,27.8,40.9875,422.0,100.0,1.3430445400000002
2023-06-18 11:00:00,11,25.8,35.2375,302.0,100.0,0.9847525399999999
2023-06-18 12:00:00,12,29.4,39.80625,333.0,100.0,1.0651454550000001
2023-06-18 13:00:00,13,28.9,43.3375,462.0,100.0,1.45558182
2023-06-18 14:00:00,14,27.5,31.625,132.0,100.0,0.43690680000000004
2023-06-18 15:00:00,15,26.7,31.79375,163.0,100.0,0.5391396150000001
2023-06-18 16:00:00,16,26.0,29.03125,97.0,100.0,0.32448197500000003
2023-06-18 17:00:00,17,25.4,28.0875,86.0,100.0,0.28878886
2023-06-18 18:00:00,18,24.6,25.13125,17.0,100.0,0.05776965500000001
2023-06-18 19:00:00,19,25.1,25.1625,2.0,100.0,0.00679558
2023-06-18 20:00:00,20,24.8,24.8,0.0,100.0,0.0
2023-06-18 21:00:00,21,24.4,24.4,0.0,100.0,0.0
2023-06-18 22:00:00,22,24.5,24.5,0.0,100.0,0.0
2023-06-18 23:00:00,23,24.4,24.4,0.0,100.0,0.0
2023-06-19 00:00:00,0,24.5,24.5,0.0,100.0,0.0
2023-06-19 01:00:00,1,24.6,24.6,0.0,100.0,0.0
2023-06-19 02:00:00,2,24.7,24.7,0.0,100.0,0.0
2023-06-19 03:00:00,3,24.8,24.8,0.0,100.0,0.0
2023-06-19 04:00:00,4,24.9,24.9,0.0,100.0,0.0
2023-06-19 05:00:00,5,24.3,24.3,0.0,100.0,0.0
2023-06-19 06:00:00,6,24.3,24.425,4.0,100.0,0.013600000000000001
2023-06-19 07:00:00,7,24.4,24.99375,19.0,100.0,0.0646
2023-06-19 08:00:00,8,24.4,25.74375,43.0,100.0,0.145765055
2023-06-19 09:00:00,9,24.7,27.3875,86.0,100.0,0.28960758
2023-06-19 10:00:00,10,25.0,27.75,88.0,100.0,0.29590879999999997
2023-06-19 11:00:00,11,25.0,27.71875,87.0,100.0,0.29258317500000003
2023-06-19 12:00:00,12,25.5,28.9375,110.0,100.0,0.36810950000000003
2023-06-19 13:00:00,13,27.0,33.25,200.0,85.0,0.6822185
2023-06-19 14:00:00,14,29.3,43.45625,453.0,95.0,1.4443259191875002
2023-06-19 15:00:00,15,26.5,37.625,356.0,100.0,1.1492748
2023-06-19 16:00:00,16,25.7,29.075,108.0,100.0,0.36121464000000003
2023-06-19 17:00:00,17,30.2,32.2,64.0,100.0,0.21133312000000004
2023-06-19 18:00:00,18,26.0,28.90625,93.0,95.0,0.3151501171875
2023-06-19 19:00:00,19,25.6,25.94375,11.0,76.0,0.03949434389999999
2023-06-19 20:00:00,20,25.2,25.2,0.0,62.0,0.0
2023-06-19 21:00:00,21,25.0,25.0,0.0,33.0,0.0
2023-06-19 22:00:00,22,24.9,24.9,0.0,55.0,0.0
2023-06-19 23:00:00,23,24.9,24.9,0.0,37.0,0.0
2023-06-20 00:00:00,0,25.0,25.0,0.0,52.0,0.0
2023-06-20 01:00:00,1,24.8,24.8,0.0,20.0,0.0
2023-06-20 02:00:00,2,24.5,24.5,0.0,25.0,0.0
2023-06-20 03:00:00,3,24.5,24.5,0.0,10.0,0.0
2023-06-20 04:00:00,4,24.5,24.5,0.0,1.0,0.0
2023-06-20 05:00:00,5,25.4,25.4,0.0,3.0,0.0
2023-06-20 06:00:00,6,23.4,24.18125,25.0,100.0,0.085
2023-06-20 07:00:00,7,23.4,24.43125,33.0,100.0,0.11220000000000002
2023-06-20 08:00:00,8,24.0,27.65625,117.0,93.0,0.4004609090625
2023-06-20 09:00:00,9,25.6,35.50625,317.0,88.0,1.0634806186499999
2023-06-20 10:00:00,10,28.0,45.0,544.0,60.0,1.8717952000000004
2023-06-20 11:00:00,11,30.4,52.7125,714.0,36.0,2.5038606264000003
2023-06-20 12:00:00,12,32.4,57.275,796.0,76.0,2.4984239856
2023-06-20 13:00:00,13,32.4,56.80625,781.0,99.0,2.3233606518375
2023-06-20 14:00:00,14,29.0,45.40625,525.0,100.0,1.639299375
2023-06-20 15:00:00,15,29.5,41.09375,371.0,85.0,1.2244547765625
2023-06-20 16:00:00,16,31.2,43.23125,385.0,84.0,1.2620828219999998
2023-06-20 17:00:00,17,29.4,38.275,284.0,76.0,0.9691862383999997
2023-06-20 18:00:00,18,26.0,28.71875,87.0,100.0,0.291399975
2023-06-20 19:00:00,19,25.9,26.4,16.0,7.0,0.06667253120000001
2023-06-20 20:00:00,20,26.1,26.1,0.0,28.0,0.0
2023-06-20 21:00:00,21,26.0,26.0,0.0,2.0,0.0
2023-06-20 22:00:00,22,25.9,25.9,0.0,5.0,0.0
2023-06-20 23:00:00,23,25.8,25.8,0.0,15.0,0.0
2023-06-21 00:00:00,0,25.8,25.8,0.0,5.0,0.0
2023-06-21 01:00:00,1,26.2,26.2,0.0,11.0,0.0
2023-06-21 02:00:00,2,25.8,25.8,0.0,23.0,0.0
2023-06-21 03:00:00,3,26.0,26.0,0.0,21.0,0.0
2023-06-21 04:00:00,4,25.1,25.1,0.0,89.0,0.0
2023-06-21 05:00:00,5,25.8,25.8,0.0,100.0,0.0
2023-06-21 06:00:00,6,26.1,26.75625,21.0,80.0,0.07444333575
2023-06-21 07:00:00,7,27.4,31.36875,127.0,30.0,0.4944398766249999
2023-06-21 08:00:00,8,28.3,37.925,308.0,34.0,1.1569146204
2023-06-21 09:00:00,9,29.7,43.60625,445.0,34.0,1.6314601458750002
2023-06-21 10:00:00,10,31.6,51.1,624.0,34.0,2.2136222783999995
2023-06-21 11:00:00,11,32.5,54.875,716.0,82.0,2.239946214
2023-06-21 12:00:00,12,33.3,59.08125,825.0,99.0,2.4286648959375
2023-06-21 13:00:00,13,34.1,60.256249999999994,837.0,96.0,2.46891576555
2023-06-21 14:00:00,14,34.5,58.3125,762.0,99.0,2.2511898397500003
2023-06-21 15:00:00,15,34.8,54.76875,639.0,70.0,2.057439979125
2023-06-21 16:00:00,16,34.7,49.04375,459.0,72.0,1.50924494565
2023-06-21 17:00:00,17,33.7,42.79375,291.0,100.0,0.9189794549999999
2023-06-21 18:00:00,18,29.9,33.4,112.0,99.0,0.36892513280000006
2023-06-21 19:00:00,19,28.9,29.49375,19.0,100.0,0.06343881500000001
2023-06-21 20:00:00,20,29.0,29.0,0.0,100.0,0.0
2023-06-21 21:00:00,21,29.6,29.6,0.0,100.0,0.0
2023-06-21 22:00:00,22,29.4,29.4,0.0,100.0,0.0
2023-06-21 23:00:00,23,28.8,28.8,0.0,100.0,0.0
2023-06-22 00:00:00,0,28.2,28.2,0.0,100.0,0.0
2023-06-22 01:00:00,1,27.6,27.6,0.0,100.0,0.0
2023-06-22 02:00:00,2,27.1,27.1,0.0,100.0,0.0
2023-06-22 03:00:00,3,26.8,26.8,0.0,100.0,0.0
2023-06-22 04:00:00,4,26.6,26.6,0.0,100.0,0.0
2023-06-22 05:00:00,5,27.5,27.5,0.0,100.0,0.0
2023-06-22 06:00:00,6,27.8,28.55,24.0,99.0,0.0806423832
2023-06-22 07:00:00,7,28.4,32.05625,117.0,97.0,0.38947138571250006
2023-06-22 08:00:00,8,29.1,35.50625,205.0,84.0,0.6944169179999998
2023-06-22 09:00:00,9,31.0,45.9375,478.0,41.0,1.7087302012499999
2023-06-22 10:00:00,10,32.2,50.79375,595.0,62.0,1.9866332876249995
2023-06-22 11:00:00,11,33.5,56.3125,730.0,84.0,2.25797468
2023-06-22 12:00:00,12,34.4,58.8375,782.0,88.0,2.3678993626000002
2023-06-22 13:00:00,13,34.6,56.31875,695.0,91.0,2.1134821164374995
2023-06-22 14:00:00,14,35.2,57.8875,726.0,100.0,2.1436819799999998
2023-06-22 15:00:00,15,35.0,51.46875,527.0,100.0,1.6020931750000003
2023-06-22 16:00:00,16,34.3,44.08125,313.0,100.0,0.9829749350000001
2023-06-22 17:00:00,17,34.6,41.475,220.0,100.0,0.6987068000000001
2023-06-22 18:00:00,18,33.4,37.30625,125.0,99.0,0.4050895734375
2023-06-22 19:00:00,19,32.0,32.75,24.0,99.0,0.079268076
2023-06-22 20:00:00,20,31.2,31.2,0.0,100.0,0.0
2023-06-22 21:00:00,21,30.5,30.5,0.0,100.0,0.0
2023-06-22 22:00:00,22,29.9,29.9,0.0,100.0,0.0
2023-06-22 23:00:00,23,29.1,29.1,0.0,100.0,0.0
2023-06-23 00:00:00,0,28.5,28.5,0.0,100.0,0.0
2023-06-23 01:00:00,1,28.0,28.0,0.0,100.0,0.0
2023-06-23 02:00:00,2,27.4,27.4,0.0,100.0,0.0
2023-06-23 03:00:00,3,27.2,27.2,0.0,100.0,0.0
2023-06-23 04:00:00,4,27.0,27.0,0.0,100.0,0.0
2023-06-23 05:00:00,5,28.2,28.2,0.0,96.0,0.0
2023-06-23 06:00:00,6,28.1,28.94375,27.0,81.0,0.09464356811249999
2023-06-23 07:00:00,7,28.9,33.0875,134.0,78.0,0.4651087137
2023-06-23 08:00:00,8,30.1,39.75625,309.0,90.0,1.0133030433749999
2023-06-23 09:00:00,9,31.6,46.38125,473.0,100.0,1.470658695
2023-06-23 10:00:00,10,32.9,52.4,624.0,100.0,1.8890726400000002
2023-06-23 11:00:00,11,34.1,56.88125,729.0,100.0,2.162516535
2023-06-23 12:00:00,12,34.9,58.4625,754.0,100.0,2.22046214
2023-06-23 13:00:00,13,35.4,58.8375,750.0,100.0,2.2048575
2023-06-23 14:00:00,14,35.8,57.76875,703.0,100.0,2.0769045349999997
2023-06-23 15:00:00,15,35.7,52.85625,549.0,94.0,1.6834933064250002
2023-06-23 16:00:00,16,33.2,42.66875,303.0,100.0,0.957390615
2023-06-23 17:00:00,17,34.4,36.9,80.0,100.0,0.2590528
2023-06-23 18:00:00,18,33.2,36.35625,101.0,100.0,0.32780105499999995
2023-06-23 19:00:00,19,31.9,32.61875,23.0,100.0,0.075816855
2023-06-23 20:00:00,20,31.3,31.3,0.0,100.0,0.0
2023-06-23 21:00:00,21,30.9,30.9,0.0,100.0,0.0
2023-06-23 22:00:00,22,30.4,30.4,0.0,100.0,0.0
2023-06-23 23:00:00,23,29.7,29.7,0.0,100.0,0.0
2023-06-24 00:00:00,0,29.2,29.2,0.0,75.0,0.0
2023-06-24 01:00:00,1,28.7,28.7,0.0,97.0,0.0
2023-06-24 02:00:00,2,28.0,28.0,0.0,100.0,0.0
2023-06-24 03:00:00,3,27.6,27.6,0.0,55.0,0.0
2023-06-24 04:00:00,4,27.2,27.2,0.0,100.0,0.0
2023-06-24 05:00:00,5,28.0,28.0,0.0,100.0,0.0
2023-06-24 06:00:00,6,28.2,29.04375,27.0,100.0,0.090315135
2023-06-24 07:00:00,7,29.0,33.40625,141.0,100.0,0.46328017499999996
2023-06-24 08:00:00,8,30.3,39.83125,305.0,100.0,0.975479975
2023-06-24 09:00:00,9,32.0,47.15625,485.0,100.0,1.502857375
2023-06-24 10:00:00,10,33.6,53.85,648.0,92.0,1.9879297344
2023-06-24 11:00:00,11,35.2,59.5125,778.0,100.0,2.2800301400000005
2023-06-24 12:00:00,12,36.4,62.36875,831.0,99.0,2.4090810183374995
2023-06-24 13:00:00,13,37.1,61.13125,769.0,100.0,2.2367249350000002
2023-06-24 14:00:00,14,37.3,60.20625,733.0,100.0,2.1412359350000005
2023-06-24 15:00:00,15,32.6,45.225,404.0,100.0,1.26247576
2023-06-24 16:00:00,16,33.9,44.55625,341.0,100.0,1.068705935
2023-06-24 17:00:00,17,31.9,39.93125,257.0,98.0,0.8257203564750001
2023-06-24 18:00:00,18,32.6,36.6,128.0,100.0,0.41500672000000005
2023-06-24 19:00:00,19,31.7,32.45,24.0,55.0,0.08807475599999999
2023-06-24 20:00:00,20,31.4,31.4,0.0,25.0,0.0
2023-06-24 21:00:00,21,31.3,31.3,0.0,20.0,0.0
2023-06-24 22:00:00,22,30.6,30.6,0.0,100.0,0.0
2023-06-24 23:00:00,23,30.4,30.4,0.0,100.0,0.0
2023-06-25 00:00:00,0,29.9,29.9,0.0,100.0,0.0
2023-06-25 01:00:00,1,29.6,29.6,0.0,100.0,0.0
2023-06-25 02:00:00,2,29.2,29.2,0.0,100.0,0.0
2023-06-25 03:00:00,3,28.8,28.8,0.0,100.0,0.0
2023-06-25 04:00:00,4,28.4,28.4,0.0,100.0,0.0
2023-06-25 05:00:00,5,25.7,25.7,0.0,100.0,0.0
2023-06-25 06:00:00,6,25.6,26.13125,17.0,100.0,0.057538455000000016
2023-06-25 07:00:00,7,26.3,27.8,48.0,100.0,0.16137216
2023-06-25 08:00:00,8,28.3,34.8625,210.0,100.0,0.6858327000000001
2023-06-25 09:00:00,9,28.5,37.03125,273.0,100.0,0.8835303750000002
2023-06-25 10:00:00,10,29.4,39.9,336.0,100.0,1.07431296
2023-06-25 11:00:00,11,30.1,42.225,388.0,100.0,1.2283071200000002
2023-06-25 12:00:00,12,30.9,46.93125,513.0,100.0,1.591190055
2023-06-25 13:00:00,13,30.9,44.4625,434.0,100.0,1.3607245399999999
2023-06-25 14:00:00,14,31.1,41.2875,326.0,100.0,1.03618774
2023-06-25 15:00:00,15,30.6,35.475,156.0,100.0,0.50817624
2023-06-25 16:00:00,16,30.4,37.05625,213.0,100.0,0.689275455
2023-06-25 17:00:00,17,29.5,36.78125,233.0,100.0,0.754867575
2023-06-25 18:00:00,18,28.7,31.8875,102.0,100.0,0.33724566
2023-06-25 19:00:00,19,27.8,28.3,16.0,100.0,0.05368192000000001
2023-06-25 20:00:00,20,27.1,27.1,0.0,100.0,0.0
2023-06-25 21:00:00,21,26.8,26.8,0.0,100.0,0.0
2023-06-25 22:00:00,22,26.5,26.5,0.0,100.0,0.0
2023-06-25 23:00:00,23,26.1,26.1,0.0,100.0,0.0
2023-06-26 00:00:00,0,26.0,26.0,0.0,100.0,0.0
2023-06-26 01:00:00,1,25.8,25.8,0.0,100.0,0.0
2023-06-26 02:00:00,2,25.5,25.5,0.0,100.0,0.0
2023-06-26 03:00:00,3,25.2,25.2,0.0,85.0,0.0
2023-06-26 04:00:00,4,25.1,25.1,0.0,100.0,0.0
2023-06-26 05:00:00,5,25.0,25.0,0.0,100.0,0.0
2023-06-26 06:00:00,6,25.4,26.24375,27.0,100.0,0.09134329500000002
2023-06-26 07:00:00,7,26.3,30.3625,130.0,100.0,0.43251910000000005
2023-06-26 08:00:00,8,27.7,36.3875,278.0,100.0,0.90214614
2023-06-26 09:00:00,9,29.7,43.85625,453.0,100.0,1.424030415
2023-06-26 10:00:00,10,31.0,48.1875,550.0,100.0,1.6965575
2023-06-26 11:00:00,11,32.4,55.24375,731.0,100.0,2.1847287349999998
2023-06-26 12:00:00,12,33.4,57.30625,765.0,100.0,2.264885775
2023-06-26 13:00:00,13,33.4,47.55625,453.0,100.0,1.4012354550000001
2023-06-26 14:00:00,14,31.6,41.9125,330.0,100.0,1.0460967
2023-06-26 15:00:00,15,29.4,37.05625,245.0,90.0,0.812649289375
2023-06-26 16:00:00,16,29.2,37.45,264.0,82.0,0.8912799984
2023-06-26 17:00:00,17,27.2,35.23125,257.0,49.0,0.9448898012125001
2023-06-26 18:00:00,18,27.6,31.75625,133.0,61.0,0.48287727626250004
2023-06-26 19:00:00,19,26.6,27.38125,25.0,59.0,0.0928198884375
2023-06-26 20:00:00,20,26.4,26.4,0.0,100.0,0.0
2023-06-26 21:00:00,21,26.2,26.2,0.0,100.0,0.0
2023-06-26 22:00:00,22,26.0,26.0,0.0,100.0,0.0
2023-06-26 23:00:00,23,25.7,25.7,0.0,100.0,0.0
2023-06-27 00:00:00,0,25.4,25.4,0.0,100.0,0.0
2023-06-27 01:00:00,1,25.1,25.1,0.0,68.0,0.0
2023-06-27 02:00:00,2,24.8,24.8,0.0,100.0,0.0
2023-06-27 03:00:00,3,24.7,24.7,0.0,100.0,0.0
2023-06-27 04:00:00,4,24.7,24.7,0.0,99.0,0.0
2023-06-27 05:00:00,5,25.6,25.6,0.0,100.0,0.0
2023-06-27 06:00:00,6,26.1,26.9125,26.0,100.0,0.08772374
2023-06-27 07:00:00,7,27.2,31.325,132.0,100.0,0.4374453600000001
2023-06-27 08:00:00,8,28.4,37.0875,278.0,100.0,0.8994995800000001
2023-06-27 09:00:00,9,29.6,43.975,460.0,100.0,1.4452924000000003
2023-06-27 10:00:00,10,30.7,46.35625,501.0,100.0,1.5578870550000001
2023-06-27 11:00:00,11,32.1,54.31875,711.0,100.0,2.1338994149999997
2023-06-27 12:00:00,12,32.5,54.5625,706.0,100.0,2.1165526999999997
2023-06-27 13:00:00,13,32.6,50.38125,569.0,100.0,1.7381897349999997
2023-06-27 14:00:00,14,33.0,47.78125,473.0,83.0,1.5237730179374998
2023-06-27 15:00:00,15,33.5,49.21875,503.0,89.0,1.5869987953124998
2023-06-27 16:00:00,16,33.3,45.01875,375.0,64.0,1.27846576875
2023-06-27 17:00:00,17,29.0,36.625,244.0,100.0,0.7910235999999999
2023-06-27 18:00:00,18,29.0,32.78125,121.0,99.0,0.39959166293750004
2023-06-27 19:00:00,19,28.4,29.18125,25.0,85.0,0.08671256406249998
2023-06-27 20:00:00,20,27.6,27.6,0.0,100.0,0.0
2023-06-27 21:00:00,21,27.3,27.3,0.0,100.0,0.0
2023-06-27 22:00:00,22,27.2,27.2,0.0,100.0,0.0
2023-06-27 23:00:00,23,26.9,26.9,0.0,100.0,0.0
2023-06-28 00:00:00,0,26.5,26.5,0.0,100.0,0.0
2023-06-28 01:00:00,1,26.0,26.0,0.0,50.0,0.0
2023-06-28 02:00:00,2,25.8,25.8,0.0,98.0,0.0
2023-06-28 03:00:00,3,25.4,25.4,0.0,99.0,0.0
2023-06-28 04:00:00,4,25.3,25.3,0.0,61.0,0.0
2023-06-28 05:00:00,5,24.8,24.8,0.0,78.0,0.0
2023-06-28 06:00:00,6,25.4,26.11875,23.0,90.0,0.07979630637499999
2023-06-28 07:00:00,7,26.6,30.31875,119.0,71.0,0.42470156478749993
2023-06-28 08:00:00,8,28.4,37.9,304.0,67.0,1.0611382048
2023-06-28 09:00:00,9,29.9,45.05625,485.0,51.0,1.7025058244375
2023-06-28 10:00:00,10,31.2,51.48125,649.0,42.0,2.2589314497749995
2023-06-28 11:00:00,11,32.2,55.73125,753.0,94.0,2.279169726225
2023-06-28 12:00:00,12,32.3,47.64375,491.0,21.0,1.8180374287624999
2023-06-28 13:00:00,13,33.1,56.75625,757.0,21.0,2.6906185083625
2023-06-28 14:00:00,14,33.6,56.6,736.0,19.0,2.628781209599999
2023-06-28 15:00:00,15,33.7,52.79375,611.0,100.0,1.846445055
2023-06-28 16:00:00,16,32.9,45.025,388.0,69.0,1.3075808162
2023-06-28 17:00:00,17,31.3,36.1125,154.0,97.0,0.50407842485
2023-06-28 18:00:00,18,29.9,33.05625,101.0,100.0,0.332333935
2023-06-28 19:00:00,19,28.7,29.45,24.0,40.0,0.09216964799999999
2023-06-28 20:00:00,20,28.3,28.3,0.0,51.0,0.0
2023-06-28 21:00:00,21,28.0,28.0,0.0,98.0,0.0
2023-06-28 22:00:00,22,28.1,28.1,0.0,100.0,0.0
2023-06-28 23:00:00,23,27.8,27.8,0.0,100.0,0.0
2023-06-29 00:00:00,0,27.4,27.4,0.0,100.0,0.0
2023-06-29 01:00:00,1,27.0,27.0,0.0,100.0,0.0
2023-06-29 02:00:00,2,25.8,25.8,0.0,100.0,0.0
2023-06-29 03:00:00,3,25.1,25.1,0.0,89.0,0.0
2023-06-29 04:00:00,4,24.7,24.7,0.0,100.0,0.0
2023-06-29 05:00:00,5,24.7,24.7,0.0,61.0,0.0
2023-06-29 06:00:00,6,25.4,25.9,16.0,99.0,0.054339670400000005
2023-06-29 07:00:00,7,25.6,29.25625,117.0,99.0,0.39200502363750006
2023-06-29 08:00:00,8,25.6,30.50625,157.0,87.0,0.5390094542875
2023-06-29 09:00:00,9,25.6,32.35,216.0,100.0,0.7128086400000001
2023-06-29 10:00:00,10,26.7,36.60625,317.0,96.0,1.03804076635
2023-06-29 11:00:00,11,29.0,50.90625,701.0,80.0,2.24324118375
2023-06-29 12:00:00,12,30.6,54.56875,767.0,41.0,2.6385184171125
2023-06-29 13:00:00,13,31.8,57.3625,818.0,99.0,2.42722659415
2023-06-29 14:00:00,14,31.1,45.0375,446.0,100.0,1.3948605399999998
2023-06-29 15:00:00,15,26.5,36.15625,309.0,100.0,1.003716975
2023-06-29 16:00:00,16,26.4,28.8375,78.0,100.0,0.26112918
2023-06-29 17:00:00,17,27.5,31.59375,131.0,100.0,0.433652575
2023-06-29 18:00:00,18,27.7,31.54375,123.0,100.0,0.40725361499999996
2023-06-29 19:00:00,19,27.1,27.75625,21.0,100.0,0.07061281500000001
2023-06-29 20:00:00,20,26.6,26.6,0.0,100.0,0.0
2023-06-29 21:00:00,21,26.3,26.3,0.0,100.0,0.0
2023-06-29 22:00:00,22,26.1,26.1,0.0,56.0,0.0
2023-06-29 23:00:00,23,25.6,25.6,0.0,51.0,0.0
2023-06-30 00:00:00,0,25.3,25.3,0.0,73.0,0.0
2023-06-30 01:00:00,1,25.1,25.1,0.0,98.0,0.0
2023-06-30 02:00:00,2,25.3,25.3,0.0,96.0,0.0
2023-06-30 03:00:00,3,25.1,25.1,0.0,98.0,0.0
2023-06-30 04:00:00,4,25.0,25.0,0.0,53.0,0.0
2023-06-30 05:00:00,5,25.2,25.2,0.0,93.0,0.0
2023-06-30 06:00:00,6,24.5,24.84375,11.0,100.0,0.037399999999999996
2023-06-30 07:00:00,7,25.3,26.8625,50.0,100.0,0.1687335
2023-06-30 08:00:00,8,26.4,31.18125,153.0,100.0,0.507338055
2023-06-30 09:00:00,9,28.3,41.33125,417.0,77.0,1.4013801923624998
2023-06-30 10:00:00,10,30.1,46.94375,539.0,84.0,1.7386132763999997
2023-06-30 11:00:00,11,31.2,51.54375,651.0,100.0,1.9783922550000002
2023-06-30 12:00:00,12,31.7,49.16875,559.0,84.0,1.7855338748000003
2023-06-30 13:00:00,13,32.5,52.71875,647.0,49.0,2.2052740648125
2023-06-30 14:00:00,14,33.3,51.55,584.0,60.0,1.952202208
2023-06-30 15:00:00,15,30.2,46.012499999999996,506.0,79.0,1.65852989995
2023-06-30 16:00:00,16,26.7,35.5125,282.0,99.0,0.9207786661499999
2023-06-30 17:00:00,17,28.3,30.7375,78.0,100.0,0.25911366
2023-06-30 18:00:00,18,26.6,27.975,44.0,100.0,0.14781975999999997
2023-06-30 19:00:00,19,26.3,26.45625,5.0,100.0,0.016900975000000002
2023-06-30 20:00:00,20,26.1,26.1,0.0,100.0,0.0
2023-06-30 21:00:00,21,25.9,25.9,0.0,100.0,0.0
2023-06-30 22:00:00,22,25.5,25.5,0.0,100.0,0.0
2023-06-30 23:00:00,23,25.1,25.1,0.0,100.0,0.0
2023-07-01 00:00:00,0,25.1,25.1,0.0,99.0,0.0
2023-07-01 01:00:00,1,25.0,25.0,0.0,78.0,0.0
2023-07-01 02:00:00,2,24.8,24.8,0.0,0.0,0.0
2023-07-01 03:00:00,3,24.7,24.7,0.0,4.0,0.0
2023-07-01 04:00:00,4,24.7,24.7,0.0,6.0,0.0
2023-07-01 05:00:00,5,24.8,24.8,0.0,22.0,0.0
2023-07-01 06:00:00,6,25.1,25.88125,25.0,28.0,0.09994644249999998
2023-07-01 07:00:00,7,25.7,29.98125,137.0,80.0,0.47934488175000006
2023-07-01 08:00:00,8,26.8,36.2375,302.0,100.0,0.9806453399999999
2023-07-01 09:00:00,9,28.7,43.825,484.0,21.0,1.8222193681999999
2023-07-01 10:00:00,10,30.3,50.55,648.0,12.0,2.4132002112
2023-07-01 11:00:00,11,32.1,56.44375,779.0,38.0,2.674370546925
2023-07-01 12:00:00,12,33.0,59.0625,834.0,27.0,2.8962375337499995
2023-07-01 13:00:00,13,33.3,55.3,704.0,45.0,2.3927263359999995
2023-07-01 14:00:00,14,34.1,57.0375,734.0,100.0,2.1757888600000004
2023-07-01 15:00:00,15,34.0,50.5,528.0,100.0,1.6120896000000002
2023-07-01 16:00:00,16,31.5,44.03125,401.0,100.0,1.2596111749999999
2023-07-01 17:00:00,17,32.9,39.4625,210.0,97.0,0.6777403132500001
2023-07-01 18:00:00,18,31.7,36.075,140.0,30.0,0.53452301
2023-07-01 19:00:00,19,29.4,30.2125,26.0,24.0,0.1030026634
2023-07-01 20:00:00,20,28.2,28.2,0.0,48.0,0.0
2023-07-01 21:00:00,21,29.2,29.2,0.0,80.0,0.0
2023-07-01 22:00:00,22,28.9,28.9,0.0,100.0,0.0
2023-07-01 23:00:00,23,28.7,28.7,0.0,99.0,0.0
2023-07-02 00:00:00,0,27.8,27.8,0.0,100.0,0.0
2023-07-02 01:00:00,1,26.9,26.9,0.0,97.0,0.0
2023-07-02 02:00:00,2,25.8,25.8,0.0,100.0,0.0
2023-07-02 03:00:00,3,25.4,25.4,0.0,100.0,0.0
2023-07-02 04:00:00,4,25.1,25.1,0.0,60.0,0.0
2023-07-02 05:00:00,5,25.4,25.4,0.0,15.0,0.0
2023-07-02 06:00:00,6,25.8,26.55,24.0,87.0,0.08372963759999999
2023-07-02 07:00:00,7,27.1,31.25625,133.0,88.0,0.45411020585
2023-07-02 08:00:00,8,28.9,38.05625,293.0,93.0,0.9606964904624997
2023-07-02 09:00:00,9,30.2,44.29375,451.0,100.0,1.415059855
2023-07-02 10:00:00,10,30.6,45.2875,470.0,100.0,1.4683222999999996
2023-07-02 11:00:00,11,31.6,51.35,632.0,100.0,1.92231648
2023-07-02 12:00:00,12,32.5,57.28125,793.0,100.0,2.348053175
2023-07-02 13:00:00,13,33.4,57.86875,783.0,99.0,2.3179677231375
2023-07-02 14:00:00,14,34.2,58.075,764.0,24.0,2.6821856488
2023-07-02 15:00:00,15,34.1,53.44375,619.0,65.0,2.0283496843125
2023-07-02 16:00:00,16,33.8,48.26875,463.0,32.0,1.67038716195
2023-07-02 17:00:00,17,32.0,40.84375,283.0,30.0,1.0589341756249997
2023-07-02 18:00:00,18,31.0,34.6875,118.0,76.0,0.40879270999999995
2023-07-02 19:00:00,19,29.7,30.45,24.0,76.0,0.08461038719999998
2023-07-02 20:00:00,20,28.7,28.7,0.0,99.0,0.0
2023-07-02 21:00:00,21,28.5,28.5,0.0,99.0,0.0
2023-07-02 22:00:00,22,28.4,28.4,0.0,100.0,0.0
2023-07-02 23:00:00,23,28.0,28.0,0.0,97.0,0.0
2023-07-03 00:00:00,0,27.8,27.8,0.0,0.0,0.0
2023-07-03 01:00:00,1,27.3,27.3,0.0,0.0,0.0
2023-07-03 02:00:00,2,27.0,27.0,0.0,0.0,0.0
2023-07-03 03:00:00,3,26.8,26.8,0.0,0.0,0.0
2023-07-03 04:00:00,4,26.9,26.9,0.0,0.0,0.0
2023-07-03 05:00:00,5,26.1,26.1,0.0,0.0,0.0
2023-07-03 06:00:00,6,27.2,27.98125,25.0,0.0,0.054727621609375006
2023-07-03 07:00:00,7,28.4,32.86875,143.0,0.0,0.306848163139375
2023-07-03 08:00:00,8,29.7,39.66875,319.0,0.0,0.6702609588675001
2023-07-03 09:00:00,9,30.4,43.61875,423.0,0.0,0.9149580265556251
2023-07-03 10:00:00,10,32.1,50.35,584.0,0.0,1.3482315833999998
2023-07-03 11:00:00,11,33.4,56.2125,730.0,0.0,1.6095426243
2023-07-03 12:00:00,12,34.3,59.08125,793.0,0.0,1.7784992086062499
2023-07-03 13:00:00,13,35.0,58.875,764.0,0.0,1.7515876560000003
2023-07-03 14:00:00,14,35.2,58.45,744.0,0.0,1.7340130376399998
2023-07-03 15:00:00,15,35.0,55.0,640.0,0.0,1.5247232000000002
2023-07-03 16:00:00,16,34.9,50.11875,487.0,0.0,1.20048339697
2023-07-03 17:00:00,17,34.3,44.14375,315.0,0.0,0.77462498806875
2023-07-03 18:00:00,18,32.4,36.15,120.0,0.0,0.2983456242
2023-07-03 19:00:00,19,31.2,31.95,24.0,0.0,0.06007379351999999
2023-07-03 20:00:00,20,30.3,30.3,0.0,0.0,0.0
2023-07-03 21:00:00,21,29.7,29.7,0.0,0.0,0.0
2023-07-03 22:00:00,22,29.5,29.5,0.0,0.0,0.0
2023-07-03 23:00:00,23,29.3,29.3,0.0,0.0,0.0
2023-07-04 00:00:00,0,28.8,28.8,0.0,5.0,0.0
2023-07-04 01:00:00,1,28.5,28.5,0.0,14.0,0.0
2023-07-04 02:00:00,2,28.2,28.2,0.0,9.0,0.0
2023-07-04 03:00:00,3,27.8,27.8,0.0,2.0,0.0
2023-07-04 04:00:00,4,27.4,27.4,0.0,4.0,0.0
2023-07-04 05:00:00,5,27.4,27.4,0.0,9.0,0.0
2023-07-04 06:00:00,6,28.0,28.78125,25.0,90.0,0.08580723437499999
2023-07-04 07:00:00,7,29.1,33.19375,131.0,5.0,0.5331174935624999
2023-07-04 08:00:00,8,30.4,40.11875,311.0,2.0,1.2368499000750002
2023-07-04 09:00:00,9,31.7,47.23125,497.0,1.0,1.9205693324125
2023-07-04 10:00:00,10,33.1,53.6,656.0,3.0,2.4542384832
2023-07-04 11:00:00,11,34.4,59.025,788.0,4.0,2.8700554912
2023-07-04 12:00:00,12,35.1,60.44375,811.0,77.0,2.5025416178625
2023-07-04 13:00:00,13,35.5,58.375,732.0,17.0,2.6040283290000006
2023-07-04 14:00:00,14,36.2,59.73125,753.0,20.0,2.645429058
2023-07-04 15:00:00,15,36.3,56.01875,631.0,61.0,2.0624324207625
2023-07-04 16:00:00,16,36.0,49.96875,447.0,14.0,1.6621321196249998
2023-07-04 17:00:00,17,27.6,37.44375,315.0,18.0,1.2263176248749998
2023-07-04 18:00:00,18,26.8,29.1125,74.0,95.0,0.25055444475
2023-07-04 19:00:00,19,27.2,27.79375,19.0,95.0,0.0646765711875
2023-07-04 20:00:00,20,27.1,27.1,0.0,86.0,0.0
2023-07-04 21:00:00,21,26.7,26.7,0.0,80.0,0.0
2023-07-04 22:00:00,22,26.4,26.4,0.0,24.0,0.0
2023-07-04 23:00:00,23,26.0,26.0,0.0,17.0,0.0
2023-07-05 00:00:00,0,25.6,25.6,0.0,9.0,0.0
2023-07-05 01:00:00,1,25.5,25.5,0.0,23.0,0.0
2023-07-05 02:00:00,2,25.7,25.7,0.0,24.0,0.0
2023-07-05 03:00:00,3,25.5,25.5,0.0,9.0,0.0
2023-07-05 04:00:00,4,25.2,25.2,0.0,1.0,0.0
2023-07-05 05:00:00,5,26.9,26.9,0.0,3.0,0.0
2023-07-05 06:00:00,6,27.4,28.15,24.0,98.0,0.0809746992
2023-07-05 07:00:00,7,28.7,33.04375,139.0,100.0,0.457394095
2023-07-05 08:00:00,8,30.2,39.7625,306.0,97.0,0.9863066128499999
2023-07-05 09:00:00,9,30.8,46.01875,487.0,91.0,1.5507118588375
2023-07-05 10:00:00,10,30.7,48.41875,567.0,81.0,1.8302059684124998
2023-07-05 11:00:00,11,32.1,53.69375,691.0,93.0,2.1161431982625
2023-07-05 12:00:00,12,33.3,59.675,844.0,96.0,2.4963023448
2023-07-05 13:00:00,13,34.3,60.26875,831.0,96.0,2.4510747619499997
2023-07-05 14:00:00,14,35.0,58.25,744.0,92.0,2.237026464
2023-07-05 15:00:00,15,29.6,46.2875,534.0,100.0,1.66100166
2023-07-05 16:00:00,16,28.9,37.2125,266.0,99.0,0.8623706101500002
2023-07-05 17:00:00,17,31.2,40.8875,310.0,97.0,0.9944209372499999
2023-07-05 18:00:00,18,31.0,33.96875,95.0,100.0,0.311412375
2023-07-05 19:00:00,19,30.2,30.79375,19.0,100.0,0.063102895
2023-07-05 20:00:00,20,29.6,29.6,0.0,99.0,0.0
2023-07-05 21:00:00,21,28.3,28.3,0.0,100.0,0.0
2023-07-05 22:00:00,22,27.3,27.3,0.0,100.0,0.0
2023-07-05 23:00:00,23,26.9,26.9,0.0,100.0,0.0
2023-07-06 00:00:00,0,26.4,26.4,0.0,98.0,0.0
2023-07-06 01:00:00,1,26.4,26.4,0.0,98.0,0.0
2023-07-06 02:00:00,2,26.3,26.3,0.0,96.0,0.0
2023-07-06 03:00:00,3,26.1,26.1,0.0,10.0,0.0
2023-07-06 04:00:00,4,25.8,25.8,0.0,35.0,0.0
2023-07-06 05:00:00,5,25.6,25.6,0.0,87.0,0.0
2023-07-06 06:00:00,6,26.0,26.75,24.0,96.0,0.08183908799999999
2023-07-06 07:00:00,7,27.4,31.68125,137.0,75.0,0.4816859634375001
2023-07-06 08:00:00,8,29.1,38.7875,310.0,98.0,1.0008512594999999
2023-07-06 09:00:00,9,30.6,46.0375,494.0,100.0,1.53826166
2023-07-06 10:00:00,10,31.6,49.88125,585.0,98.0,1.799999998875
2023-07-06 11:00:00,11,32.7,54.04375,683.0,100.0,2.052418415
2023-07-06 12:00:00,12,33.7,54.45,664.0,100.0,1.99165472
2023-07-06 13:00:00,13,30.7,39.45,280.0,64.0,0.9777020960000002
2023-07-06 14:00:00,14,32.2,48.8875,534.0,98.0,1.6503300171
2023-07-06 15:00:00,15,32.9,51.86875,607.0,97.0,1.8558080432125001
2023-07-06 16:00:00,16,33.0,47.90625,477.0,100.0,1.473202575
2023-07-06 17:00:00,17,31.0,38.875,252.0,100.0,0.8092476
2023-07-06 18:00:00,18,30.5,33.9375,110.0,100.0,0.36062950000000005
2023-07-06 19:00:00,19,29.6,30.31875,23.0,97.0,0.07711031721249999
2023-07-06 20:00:00,20,28.8,28.8,0.0,95.0,0.0
2023-07-06 21:00:00,21,28.3,28.3,0.0,100.0,0.0
2023-07-06 22:00:00,22,27.9,27.9,0.0,100.0,0.0
2023-07-06 23:00:00,23,27.4,27.4,0.0,87.0,0.0
2023-07-07 00:00:00,0,27.0,27.0,0.0,99.0,0.0
2023-07-07 01:00:00,1,26.7,26.7,0.0,100.0,0.0
2023-07-07 02:00:00,2,26.4,26.4,0.0,100.0,0.0
2023-07-07 03:00:00,3,26.1,26.1,0.0,100.0,0.0
2023-07-07 04:00:00,4,25.8,25.8,0.0,100.0,0.0
2023-07-07 05:00:00,5,26.1,26.1,0.0,100.0,0.0
2023-07-07 06:00:00,6,26.6,27.2875,22.0,100.0,0.07411558
2023-07-07 07:00:00,7,27.6,31.19375,115.0,100.0,0.38131297500000005
2023-07-07 08:00:00,8,28.5,35.28125,217.0,100.0,0.7074579750000001
2023-07-07 09:00:00,9,29.2,39.60625,333.0,100.0,1.0660512149999999
2023-07-07 10:00:00,10,30.1,44.00625,445.0,100.0,1.397974175
2023-07-07 11:00:00,11,31.2,50.73125,625.0,100.0,1.906284375
2023-07-07 12:00:00,12,31.7,52.04375,651.0,100.0,1.973965455
2023-07-07 13:00:00,13,32.5,54.0,688.0,100.0,2.0678528
2023-07-07 14:00:00,14,32.8,53.9875,678.0,46.0,2.3130301881
2023-07-07 15:00:00,15,33.2,51.85625,597.0,78.0,1.9113949154249996
2023-07-07 16:00:00,16,32.9,46.4625,434.0,100.0,1.34891974
2023-07-07 17:00:00,17,31.6,37.35,184.0,99.0,0.5961820984
2023-07-07 18:00:00,18,30.2,34.075,124.0,97.0,0.4093431394
2023-07-07 19:00:00,19,28.5,28.8125,10.0,99.0,0.03356520375000001
2023-07-07 20:00:00,20,27.0,27.0,0.0,100.0,0.0
2023-07-07 21:00:00,21,26.6,26.6,0.0,100.0,0.0
2023-07-07 22:00:00,22,26.6,26.6,0.0,100.0,0.0
2023-07-07 23:00:00,23,26.2,26.2,0.0,100.0,0.0
2023-07-08 00:00:00,0,25.9,25.9,0.0,100.0,0.0
2023-07-08 01:00:00,1,25.8,25.8,0.0,100.0,0.0
2023-07-08 02:00:00,2,25.7,25.7,0.0,22.0,0.0
2023-07-08 03:00:00,3,25.5,25.5,0.0,27.0,0.0
2023-07-08 04:00:00,4,25.2,25.2,0.0,100.0,0.0
2023-07-08 05:00:00,5,26.4,26.4,0.0,100.0,0.0
2023-07-08 06:00:00,6,25.7,26.2625,18.0,100.0,0.06089094
2023-07-08 07:00:00,7,25.5,27.46875,63.0,73.0,0.22640049731249998
2023-07-08 08:00:00,8,27.2,35.7625,274.0,100.0,0.8914946200000001
2023-07-08 09:00:00,9,28.8,43.4875,470.0,100.0,1.4798278999999999
2023-07-08 10:00:00,10,29.9,48.18125,585.0,100.0,1.8045699749999997
2023-07-08 11:00:00,11,30.8,51.95625,677.0,30.0,2.4129898876249998
2023-07-08 12:00:00,12,31.6,56.0375,782.0,28.0,2.7478777763999997
2023-07-08 13:00:00,13,32.1,56.69375,787.0,100.0,2.3365754549999997
2023-07-08 14:00:00,14,30.6,40.1,304.0,100.0,0.97117056
2023-07-08 15:00:00,15,30.6,45.6,480.0,100.0,1.4975232
2023-07-08 16:00:00,16,28.3,40.9875,406.0,100.0,1.2921234200000002
2023-07-08 17:00:00,17,29.4,34.11875,151.0,56.0,0.5490878458499999
2023-07-08 18:00:00,18,28.6,32.19375,115.0,98.0,0.381647719875
2023-07-08 19:00:00,19,27.6,28.19375,19.0,100.0,0.06377473500000001
2023-07-08 20:00:00,20,25.8,25.8,0.0,100.0,0.0
2023-07-08 21:00:00,21,26.1,26.1,0.0,100.0,0.0
2023-07-08 22:00:00,22,25.9,25.9,0.0,100.0,0.0
2023-07-08 23:00:00,23,25.4,25.4,0.0,100.0,0.0
2023-07-09 00:00:00,0,25.1,25.1,0.0,99.0,0.0
2023-07-09 01:00:00,1,25.0,25.0,0.0,100.0,0.0
2023-07-09 02:00:00,2,24.8,24.8,0.0,98.0,0.0
2023-07-09 03:00:00,3,24.6,24.6,0.0,99.0,0.0
2023-07-09 04:00:00,4,24.6,24.6,0.0,99.0,0.0
2023-07-09 05:00:00,5,25.3,25.3,0.0,100.0,0.0
2023-07-09 06:00:00,6,25.7,26.325,20.0,100.0,0.06763960000000001
2023-07-09 07:00:00,7,25.9,27.93125,65.0,100.0,0.21840877500000003
2023-07-09 08:00:00,8,27.1,34.94375,251.0,98.0,0.823553295075
2023-07-09 09:00:00,9,28.5,41.5,416.0,98.0,1.3276548479999999
2023-07-09 10:00:00,10,29.7,48.2,592.0,99.0,1.8305771904000003
2023-07-09 11:00:00,11,31.1,52.7875,694.0,100.0,2.09733046
2023-07-09 12:00:00,12,31.4,51.525,644.0,29.0,2.3047012506
2023-07-09 13:00:00,13,32.0,55.5,752.0,100.0,2.2448704
2023-07-09 14:00:00,14,30.3,42.1125,378.0,100.0,1.19722806
2023-07-09 15:00:00,15,27.6,38.94375,363.0,98.0,1.171189307475
2023-07-09 16:00:00,16,28.8,35.05,200.0,100.0,0.652664
2023-07-09 17:00:00,17,27.2,30.98125,121.0,100.0,0.401557255
2023-07-09 18:00:00,18,25.9,26.775,28.0,100.0,0.09452408000000001
2023-07-09 19:00:00,19,25.1,25.35,8.0,100.0,0.027161920000000003
2023-07-09 20:00:00,20,24.8,24.8,0.0,100.0,0.0
2023-07-09 21:00:00,21,25.1,25.1,0.0,100.0,0.0
2023-07-09 22:00:00,22,25.0,25.0,0.0,100.0,0.0
2023-07-09 23:00:00,23,24.8,24.8,0.0,100.0,0.0
2023-07-10 00:00:00,0,24.7,24.7,0.0,100.0,0.0
2023-07-10 01:00:00,1,24.5,24.5,0.0,100.0,0.0
2023-07-10 02:00:00,2,24.3,24.3,0.0,100.0,0.0
2023-07-10 03:00:00,3,24.5,24.5,0.0,100.0,0.0
2023-07-10 04:00:00,4,24.7,24.7,0.0,100.0,0.0
2023-07-10 05:00:00,5,24.6,24.6,0.0,100.0,0.0
2023-07-10 06:00:00,6,25.0,25.5,16.0,97.0,0.05469838400000001
2023-07-10 07:00:00,7,25.0,28.21875,103.0,99.0,0.3465554029375
2023-07-10 08:00:00,8,26.2,32.79375,211.0,100.0,0.695035055
2023-07-10 09:00:00,9,27.2,38.48125,361.0,100.0,1.161212455
2023-07-10 10:00:00,10,28.0,39.125,356.0,100.0,1.1420124
2023-07-10 11:00:00,11,27.4,36.05625,277.0,99.0,0.9023992672375001
2023-07-10 12:00:00,12,27.0,36.5625,306.0,100.0,0.9922815
2023-07-10 13:00:00,13,28.4,41.8375,430.0,98.0,1.3703519714999999
2023-07-10 14:00:00,14,29.7,46.825,548.0,96.0,1.7175480664000002
2023-07-10 15:00:00,15,30.4,46.68125,521.0,94.0,1.642041965025
2023-07-10 16:00:00,16,29.9,41.15,360.0,100.0,1.1449296
2023-07-10 17:00:00,17,28.5,33.03125,145.0,100.0,0.477162375
2023-07-10 18:00:00,18,28.3,31.3,96.0,94.0,0.3229473408
2023-07-10 19:00:00,19,27.5,28.28125,25.0,54.0,0.09353107812499999
2023-07-10 20:00:00,20,26.8,26.8,0.0,80.0,0.0
2023-07-10 21:00:00,21,26.3,26.3,0.0,71.0,0.0
2023-07-10 22:00:00,22,26.1,26.1,0.0,74.0,0.0
2023-07-10 23:00:00,23,25.9,25.9,0.0,92.0,0.0
2023-07-11 00:00:00,0,25.6,25.6,0.0,57.0,0.0
2023-07-11 01:00:00,1,25.6,25.6,0.0,52.0,0.0
2023-07-11 02:00:00,2,25.3,25.3,0.0,98.0,0.0
2023-07-11 03:00:00,3,25.1,25.1,0.0,84.0,0.0
2023-07-11 04:00:00,4,25.0,25.0,0.0,54.0,0.0
2023-07-11 05:00:00,5,25.3,25.3,0.0,64.0,0.0
2023-07-11 06:00:00,6,25.8,26.45625,21.0,43.0,0.08109932853750002
2023-07-11 07:00:00,7,26.9,31.025,132.0,81.0,0.4587881562
2023-07-11 08:00:00,8,28.4,37.93125,305.0,68.0,1.062030069
2023-07-11 09:00:00,9,29.9,44.525,468.0,67.0,1.5879487805999999
2023-07-11 10:00:00,10,31.1,49.85,600.0,65.0,1.9979810999999998
2023-07-11 11:00:00,11,32.2,55.325,740.0,59.0,2.4374171430000002
2023-07-11 12:00:00,12,33.1,58.94375,827.0,41.0,2.7884569636125
2023-07-11 13:00:00,13,33.6,58.44375,795.0,38.0,2.704324132125
2023-07-11 14:00:00,14,33.8,56.7375,734.0,89.0,2.2387001284499997
2023-07-11 15:00:00,15,33.7,52.7,608.0,90.0,1.884108096
2023-07-11 16:00:00,16,33.2,46.10625,413.0,98.0,1.2920786670750002
2023-07-11 17:00:00,17,31.9,38.9625,226.0,99.0,0.7272985721500002
2023-07-11 18:00:00,18,30.7,34.3875,118.0,100.0,0.38613494
2023-07-11 19:00:00,19,28.9,29.7125,26.0,100.0,0.08673366
2023-07-11 20:00:00,20,27.9,27.9,0.0,100.0,0.0
2023-07-11 21:00:00,21,27.0,27.0,0.0,100.0,0.0
2023-07-11 22:00:00,22,26.3,26.3,0.0,100.0,0.0
2023-07-11 23:00:00,23,26.0,26.0,0.0,98.0,0.0
2023-07-12 00:00:00,0,25.6,25.6,0.0,100.0,0.0
2023-07-12 01:00:00,1,25.5,25.5,0.0,87.0,0.0
2023-07-12 02:00:00,2,25.1,25.1,0.0,99.0,0.0
2023-07-12 03:00:00,3,25.3,25.3,0.0,100.0,0.0
2023-07-12 04:00:00,4,25.3,25.3,0.0,89.0,0.0
2023-07-12 05:00:00,5,27.2,27.2,0.0,58.0,0.0
2023-07-12 06:00:00,6,28.1,28.6625,18.0,100.0,0.060303419999999996
2023-07-12 07:00:00,7,29.2,32.824999999999996,116.0,100.0,0.38205528000000005
2023-07-12 08:00:00,8,29.7,37.5125,250.0,100.0,0.8074574999999999
2023-07-12 09:00:00,9,30.8,45.05,456.0,100.0,1.42605792
2023-07-12 10:00:00,10,31.8,50.70625,605.0,100.0,1.8454889750000003
2023-07-12 11:00:00,11,32.7,54.575,700.0,100.0,2.098446
2023-07-12 12:00:00,12,33.5,58.0625,786.0,100.0,2.3189751000000003
2023-07-12 13:00:00,13,33.9,58.74375,795.0,100.0,2.338162575
2023-07-12 14:00:00,14,34.0,57.5625,754.0,100.0,2.2296911
2023-07-12 15:00:00,15,33.6,51.85,584.0,100.0,1.77234656
2023-07-12 16:00:00,16,33.2,46.29375,419.0,99.0,1.3065178442374998
2023-07-12 17:00:00,17,32.7,42.2625,306.0,93.0,0.9855101866499999
2023-07-12 18:00:00,18,31.4,35.9625,146.0,100.0,0.47463286000000005
2023-07-12 19:00:00,19,30.4,31.24375,27.0,100.0,0.08950729500000001
2023-07-12 20:00:00,20,29.6,29.6,0.0,96.0,0.0
2023-07-12 21:00:00,21,28.5,28.5,0.0,50.0,0.0
2023-07-12 22:00:00,22,27.7,27.7,0.0,98.0,0.0
2023-07-12 23:00:00,23,27.3,27.3,0.0,99.0,0.0
2023-07-13 00:00:00,0,26.6,26.6,0.0,0.0,0.0
2023-07-13 01:00:00,1,26.6,26.6,0.0,0.0,0.0
2023-07-13 02:00:00,2,26.2,26.2,0.0,0.0,0.0
2023-07-13 03:00:00,3,26.2,26.2,0.0,0.0,0.0
2023-07-13 04:00:00,4,26.3,26.3,0.0,0.0,0.0
2023-07-13 05:00:00,5,27.3,27.3,0.0,0.0,0.0
2023-07-13 06:00:00,6,27.5,28.15625,21.0,0.0,0.04742791633125
2023-07-13 07:00:00,7,28.5,32.71875,135.0,0.0,0.289861289859375
2023-07-13 08:00:00,8,29.7,38.41875,279.0,0.0,0.5834945317500001
2023-07-13 09:00:00,9,30.7,42.825,388.0,0.0,0.796341676
2023-07-13 10:00:00,10,30.6,45.0375,462.0,0.0,0.9391852470000001
2023-07-13 11:00:00,11,32.3,52.14375,635.0,0.0,1.2509812737500001
2023-07-13 12:00:00,12,33.5,56.21875,727.0,0.0,1.40603708375
2023-07-13 13:00:00,13,33.7,55.91875,711.0,0.0,1.37697823575
2023-07-13 14:00:00,14,32.8,52.95625,645.0,0.0,1.2660490537500002
2023-07-13 15:00:00,15,32.0,47.90625,509.0,0.0,1.02693106351875
2023-07-13 16:00:00,16,29.6,39.0375,302.0,0.0,0.629944367
2023-07-13 17:00:00,17,32.7,40.48125,249.0,0.0,0.5162132917500001
2023-07-13 18:00:00,18,31.2,34.731249999999996,113.0,0.0,0.24000925975
2023-07-13 19:00:00,19,29.4,30.05625,21.0,0.0,0.04547135775000001
2023-07-13 20:00:00,20,28.5,28.5,0.0,0.0,0.0
2023-07-13 21:00:00,21,28.0,28.0,0.0,0.0,0.0
2023-07-13 22:00:00,22,27.6,27.6,0.0,0.0,0.0
2023-07-13 23:00:00,23,27.3,27.3,0.0,0.0,0.0
2023-07-14 00:00:00,0,27.0,27.0,0.0,100.0,0.0
2023-07-14 01:00:00,1,26.7,26.7,0.0,100.0,0.0
2023-07-14 02:00:00,2,26.5,26.5,0.0,100.0,0.0
2023-07-14 03:00:00,3,26.4,26.4,0.0,82.0,0.0
2023-07-14 04:00:00,4,26.4,26.4,0.0,93.0,0.0
2023-07-14 05:00:00,5,26.4,26.4,0.0,90.0,0.0
2023-07-14 06:00:00,6,26.8,27.425,20.0,99.0,0.067508751
2023-07-14 07:00:00,7,27.7,31.85625,133.0,92.0,0.44859438329999995
2023-07-14 08:00:00,8,28.7,38.04375,299.0,99.0,0.9659677922375
2023-07-14 09:00:00,9,29.8,44.51875,471.0,100.0,1.476370695
2023-07-14 10:00:00,10,30.3,46.83125,529.0,80.0,1.72361411775
2023-07-14 11:00:00,11,31.3,53.51875,711.0,33.0,2.5003589734124994
2023-07-14 12:00:00,12,32.0,56.40625,781.0,54.0,2.5888241431250005
2023-07-14 13:00:00,13,32.3,56.51875,775.0,44.0,2.6251833075
2023-07-14 14:00:00,14,32.8,54.925,708.0,9.0,2.6011438913999996
2023-07-14 15:00:00,15,33.3,53.4875,646.0,13.0,2.3694013678499997
2023-07-14 16:00:00,16,33.2,48.3875,486.0,11.0,1.8310824805499997
2023-07-14 17:00:00,17,31.2,40.3875,294.0,52.0,1.0506435744
2023-07-14 18:00:00,18,29.4,32.68125,105.0,96.0,0.34949148675
2023-07-14 19:00:00,19,28.2,28.6375,14.0,100.0,0.046907420000000005
2023-07-14 20:00:00,20,27.5,27.5,0.0,100.0,0.0
2023-07-14 21:00:00,21,27.4,27.4,0.0,100.0,0.0
2023-07-14 22:00:00,22,26.5,26.5,0.0,100.0,0.0
2023-07-14 23:00:00,23,26.2,26.2,0.0,100.0,0.0
2023-07-15 00:00:00,0,26.3,26.3,0.0,100.0,0.0
2023-07-15 01:00:00,1,26.0,26.0,0.0,100.0,0.0
2023-07-15 02:00:00,2,25.9,25.9,0.0,100.0,0.0
2023-07-15 03:00:00,3,25.9,25.9,0.0,100.0,0.0
2023-07-15 04:00:00,4,26.0,26.0,0.0,60.0,0.0
2023-07-15 05:00:00,5,26.9,26.9,0.0,73.0,0.0
2023-07-15 06:00:00,6,27.5,28.125,20.0,69.0,0.072354125
2023-07-15 07:00:00,7,28.2,32.35625,133.0,87.0,0.45315807048749995
2023-07-15 08:00:00,8,29.4,38.68125,297.0,87.0,0.9855612025874999
2023-07-15 09:00:00,9,30.5,45.21875,471.0,98.0,1.479246208875
2023-07-15 10:00:00,10,31.7,51.60625,637.0,100.0,1.935304735
2023-07-15 11:00:00,11,32.5,56.21875,759.0,100.0,2.2583475749999997
2023-07-15 12:00:00,12,32.8,52.925,644.0,100.0,1.94502168
2023-07-15 13:00:00,13,32.9,51.025,580.0,100.0,1.7667148000000001
2023-07-15 14:00:00,14,30.3,45.425,484.0,100.0,1.51115448
2023-07-15 15:00:00,15,30.2,37.98125,249.0,100.0,0.8026402950000002
2023-07-15 16:00:00,16,29.4,34.2125,154.0,100.0,0.50430534
2023-07-15 17:00:00,17,30.2,36.10625,189.0,100.0,0.614052495
2023-07-15 18:00:00,18,28.8,31.1125,74.0,100.0,0.24544838000000002
2023-07-15 19:00:00,19,27.2,27.48125,9.0,100.0,0.030296295
2023-07-15 20:00:00,20,26.5,26.5,0.0,100.0,0.0
2023-07-15 21:00:00,21,26.3,26.3,0.0,100.0,0.0
2023-07-15 22:00:00,22,26.0,26.0,0.0,100.0,0.0
2023-07-15 23:00:00,23,25.7,25.7,0.0,100.0,0.0
2023-07-16 00:00:00,0,25.4,25.4,0.0,100.0,0.0
2023-07-16 01:00:00,1,25.1,25.1,0.0,100.0,0.0
2023-07-16 02:00:00,2,24.9,24.9,0.0,100.0,0.0
2023-07-16 03:00:00,3,24.9,24.9,0.0,100.0,0.0
2023-07-16 04:00:00,4,25.2,25.2,0.0,90.0,0.0
2023-07-16 05:00:00,5,24.7,24.7,0.0,100.0,0.0
2023-07-16 06:00:00,6,25.0,25.0625,2.0,93.0,0.0069172702499999995
2023-07-16 07:00:00,7,25.3,26.925,52.0,97.0,0.1767544298
2023-07-16 08:00:00,8,27.0,35.1875,262.0,91.0,0.87372614775
2023-07-16 09:00:00,9,27.7,38.60625,349.0,100.0,1.122019295
2023-07-16 10:00:00,10,27.2,40.95,440.0,100.0,1.4005552000000003
2023-07-16 11:00:00,11,26.2,35.48125,297.0,100.0,0.9674641350000001
2023-07-16 12:00:00,12,26.9,41.3375,462.0,100.0,1.46814822
2023-07-16 13:00:00,13,27.0,38.96875,383.0,100.0,1.229439575
2023-07-16 14:00:00,14,27.4,40.55625,421.0,100.0,1.3423311350000002
2023-07-16 15:00:00,15,27.4,38.55625,357.0,98.0,1.153721603475
2023-07-16 16:00:00,16,27.9,35.49375,243.0,100.0,0.791520255
2023-07-16 17:00:00,17,30.4,36.30625,189.0,100.0,0.6135384150000001
2023-07-16 18:00:00,18,28.3,29.83125,49.0,100.0,0.16338045499999998
2023-07-16 19:00:00,19,27.3,27.675,12.0,100.0,0.04036344
2023-07-16 20:00:00,20,27.0,27.0,0.0,92.0,0.0
2023-07-16 21:00:00,21,26.5,26.5,0.0,97.0,0.0
2023-07-16 22:00:00,22,26.0,26.0,0.0,67.0,0.0
2023-07-16 23:00:00,23,25.7,25.7,0.0,49.0,0.0
2023-07-17 00:00:00,0,25.6,25.6,0.0,97.0,0.0
2023-07-17 01:00:00,1,25.5,25.5,0.0,100.0,0.0
2023-07-17 02:00:00,2,25.3,25.3,0.0,99.0,0.0
2023-07-17 03:00:00,3,25.2,25.2,0.0,98.0,0.0
2023-07-17 04:00:00,4,25.0,25.0,0.0,96.0,0.0
2023-07-17 05:00:00,5,25.3,25.3,0.0,100.0,0.0
2023-07-17 06:00:00,6,26.2,26.73125,17.0,100.0,0.05739973500000001
2023-07-17 07:00:00,7,27.0,30.5625,114.0,100.0,0.3789759000000001
2023-07-17 08:00:00,8,27.7,34.1375,206.0,100.0,0.6748003800000001
2023-07-17 09:00:00,9,28.7,39.3875,342.0,98.0,1.1013602643
2023-07-17 10:00:00,10,30.0,48.3125,586.0,100.0,1.8066086999999997
2023-07-17 11:00:00,11,31.0,52.75,696.0,99.0,2.1089889239999997
2023-07-17 12:00:00,12,31.7,54.66875,735.0,100.0,2.202431175
2023-07-17 13:00:00,13,32.4,56.5875,774.0,100.0,2.2990973400000003
2023-07-17 14:00:00,14,32.6,52.475,636.0,100.0,1.92475224
2023-07-17 15:00:00,15,32.6,52.1,624.0,100.0,1.89161856
2023-07-17 16:00:00,16,32.3,44.33125,385.0,100.0,1.2077815750000003
2023-07-17 17:00:00,17,30.3,38.58125,265.0,100.0,0.8520531750000002
2023-07-17 18:00:00,18,29.5,33.71875,135.0,100.0,0.442992375
2023-07-17 19:00:00,19,28.5,29.28125,25.0,100.0,0.083544375
2023-07-17 20:00:00,20,27.8,27.8,0.0,100.0,0.0
2023-07-17 21:00:00,21,27.4,27.4,0.0,100.0,0.0
2023-07-17 22:00:00,22,26.9,26.9,0.0,100.0,0.0
2023-07-17 23:00:00,23,26.6,26.6,0.0,100.0,0.0
2023-07-18 00:00:00,0,26.6,26.6,0.0,99.0,0.0
2023-07-18 01:00:00,1,26.7,26.7,0.0,95.0,0.0
2023-07-18 02:00:00,2,26.6,26.6,0.0,61.0,0.0
2023-07-18 03:00:00,3,26.3,26.3,0.0,95.0,0.0
2023-07-18 04:00:00,4,26.3,26.3,0.0,100.0,0.0
2023-07-18 05:00:00,5,25.0,25.0,0.0,84.0,0.0
2023-07-18 06:00:00,6,26.1,26.5375,14.0,100.0,0.04730726000000001
2023-07-18 07:00:00,7,26.8,30.175,108.0,98.0,0.3613969548
2023-07-18 08:00:00,8,28.0,36.53125,273.0,98.0,0.8898137088750003
2023-07-18 09:00:00,9,29.1,41.975,412.0,99.0,1.3089498942000002
2023-07-18 10:00:00,10,30.1,46.6625,530.0,96.0,1.6623152670000003
2023-07-18 11:00:00,11,31.1,52.50625,685.0,97.0,2.0882974133125
2023-07-18 12:00:00,12,31.1,53.6625,722.0,98.0,2.1842239659
2023-07-18 13:00:00,13,32.3,57.175,796.0,100.0,2.3580863200000004
2023-07-18 14:00:00,14,31.6,44.13125,401.0,100.0,1.259065815
2023-07-18 15:00:00,15,30.6,41.19375,339.0,100.0,1.0779403349999999
2023-07-18 16:00:00,16,30.3,40.45625,325.0,100.0,1.036683375
2023-07-18 17:00:00,17,28.5,35.25,216.0,100.0,0.7042896000000001
2023-07-18 18:00:00,18,28.3,31.70625,109.0,92.0,0.36787182809999996
2023-07-18 19:00:00,19,27.4,28.18125,25.0,100.0,0.083918375
2023-07-18 20:00:00,20,26.8,26.8,0.0,100.0,0.0
2023-07-18 21:00:00,21,26.3,26.3,0.0,100.0,0.0
2023-07-18 22:00:00,22,26.1,26.1,0.0,100.0,0.0
2023-07-18 23:00:00,23,26.0,26.0,0.0,100.0,0.0
2023-07-19 00:00:00,0,25.9,25.9,0.0,84.0,0.0
2023-07-19 01:00:00,1,25.8,25.8,0.0,85.0,0.0
2023-07-19 02:00:00,2,25.6,25.6,0.0,94.0,0.0
2023-07-19 03:00:00,3,25.4,25.4,0.0,99.0,0.0
2023-07-19 04:00:00,4,25.2,25.2,0.0,96.0,0.0
2023-07-19 05:00:00,5,25.7,25.7,0.0,95.0,0.0
2023-07-19 06:00:00,6,25.9,26.18125,9.0,100.0,0.030455415000000003
2023-07-19 07:00:00,7,26.5,29.34375,91.0,100.0,0.304024175
2023-07-19 08:00:00,8,27.6,35.35,248.0,99.0,0.8103122488000001
2023-07-19 09:00:00,9,28.9,41.9625,418.0,100.0,1.32477158
2023-07-19 10:00:00,10,29.9,46.61875,535.0,100.0,1.6617019750000002
2023-07-19 11:00:00,11,30.7,49.7,608.0,100.0,1.86296064
2023-07-19 12:00:00,12,31.5,52.65625,677.0,100.0,2.0471633750000002
2023-07-19 13:00:00,13,32.0,54.28125,713.0,100.0,2.140265575
2023-07-19 14:00:00,14,32.3,53.8,688.0,100.0,2.06972416
2023-07-19 15:00:00,15,32.0,51.15625,613.0,100.0,1.8661405750000002
2023-07-19 16:00:00,16,31.7,44.54375,411.0,96.0,1.30103983755
2023-07-19 17:00:00,17,31.7,40.98125,297.0,36.0,1.0964883006
2023-07-19 18:00:00,18,30.8,34.95625,133.0,100.0,0.43419113500000006
2023-07-19 19:00:00,19,29.6,30.25625,21.0,100.0,0.06989881500000002
2023-07-19 20:00:00,20,28.6,28.6,0.0,80.0,0.0
2023-07-19 21:00:00,21,28.1,28.1,0.0,44.0,0.0
2023-07-19 22:00:00,22,27.7,27.7,0.0,36.0,0.0
2023-07-19 23:00:00,23,27.3,27.3,0.0,54.0,0.0
2023-07-20 00:00:00,0,27.0,27.0,0.0,2.0,0.0
2023-07-20 01:00:00,1,26.7,26.7,0.0,5.0,0.0
2023-07-20 02:00:00,2,26.6,26.6,0.0,1.0,0.0
2023-07-20 03:00:00,3,26.4,26.4,0.0,9.0,0.0
2023-07-20 04:00:00,4,26.4,26.4,0.0,3.0,0.0
2023-07-20 05:00:00,5,27.0,27.0,0.0,0.0,0.0
2023-07-20 06:00:00,6,27.7,28.2625,18.0,12.0,0.0736896348
2023-07-20 07:00:00,7,28.8,32.89375,131.0,28.0,0.5089770640999999
2023-07-20 08:00:00,8,29.8,39.3,304.0,19.0,1.1718098912
2023-07-20 09:00:00,9,31.0,45.90625,477.0,7.0,1.8317131216874993
2023-07-20 10:00:00,10,31.9,52.30625,653.0,14.0,2.402903865825
2023-07-20 11:00:00,11,32.4,56.36875,767.0,27.0,2.6967932938374997
2023-07-20 12:00:00,12,33.2,57.98125,793.0,8.0,2.87881969245
2023-07-20 13:00:00,13,33.8,59.45625,821.0,11.0,2.9421605481374993
2023-07-20 14:00:00,14,34.2,58.16875,767.0,11.0,2.7650628900375
2023-07-20 15:00:00,15,34.0,54.71875,663.0,7.0,2.4480309091875
2023-07-20 16:00:00,16,33.5,49.1875,502.0,2.0,1.9193755394999996
2023-07-20 17:00:00,17,32.7,42.7,320.0,3.0,1.2561297280000001
2023-07-20 18:00:00,18,32.0,36.4375,142.0,6.0,0.5689791965
2023-07-20 19:00:00,19,30.2,30.95,24.0,16.0,0.09638608319999999
2023-07-20 20:00:00,20,29.8,29.8,0.0,32.0,0.0
2023-07-20 21:00:00,21,29.4,29.4,0.0,41.0,0.0
2023-07-20 22:00:00,22,29.5,29.5,0.0,53.0,0.0
2023-07-20 23:00:00,23,29.0,29.0,0.0,50.0,0.0
2023-07-21 00:00:00,0,28.3,28.3,0.0,3.0,0.0
2023-07-21 01:00:00,1,28.1,28.1,0.0,3.0,0.0
2023-07-21 02:00:00,2,28.1,28.1,0.0,2.0,0.0
2023-07-21 03:00:00,3,28.0,28.0,0.0,11.0,0.0
2023-07-21 04:00:00,4,27.6,27.6,0.0,38.0,0.0
2023-07-21 05:00:00,5,27.9,27.9,0.0,86.0,0.0
2023-07-21 06:00:00,6,28.6,29.06875,15.0,84.0,0.052176773999999995
2023-07-21 07:00:00,7,29.2,33.1375,126.0,95.0,0.41963627475000004
2023-07-21 08:00:00,8,30.4,40.05625,309.0,95.0,0.9996692101875
2023-07-21 09:00:00,9,32.0,47.5625,498.0,88.0,1.5866003610000001
2023-07-21 10:00:00,10,33.2,53.825,660.0,90.0,2.03489847
2023-07-21 11:00:00,11,33.8,57.64375,763.0,94.0,2.289294270025
2023-07-21 12:00:00,12,34.1,58.44375,779.0,99.0,2.3000192438375002
2023-07-21 13:00:00,13,34.1,58.75625,789.0,99.0,2.3261828898375003
2023-07-21 14:00:00,14,34.4,58.775,780.0,96.0,2.3166519480000005
2023-07-21 15:00:00,15,34.3,54.175,636.0,63.0,2.0867273526
2023-07-21 16:00:00,16,34.1,49.725,500.0,58.0,1.69271635
2023-07-21 17:00:00,17,33.0,43.3125,330.0,72.0,1.112600445
2023-07-21 18:00:00,18,32.1,36.725,148.0,97.0,0.48319691940000004
2023-07-21 19:00:00,19,30.9,31.65,24.0,99.0,0.0796280136
2023-07-21 20:00:00,20,30.5,30.5,0.0,100.0,0.0
2023-07-21 21:00:00,21,30.1,30.1,0.0,95.0,0.0
2023-07-21 22:00:00,22,28.9,28.9,0.0,100.0,0.0
2023-07-21 23:00:00,23,27.6,27.6,0.0,97.0,0.0
2023-07-22 00:00:00,0,27.2,27.2,0.0,100.0,0.0
2023-07-22 01:00:00,1,27.0,27.0,0.0,100.0,0.0
2023-07-22 02:00:00,2,27.0,27.0,0.0,100.0,0.0
2023-07-22 03:00:00,3,27.0,27.0,0.0,42.0,0.0
2023-07-22 04:00:00,4,26.7,26.7,0.0,30.0,0.0
2023-07-22 05:00:00,5,27.4,27.4,0.0,56.0,0.0
2023-07-22 06:00:00,6,28.0,28.53125,17.0,45.0,0.0648188165625
2023-07-22 07:00:00,7,29.1,33.19375,131.0,38.0,0.49757632732499996
2023-07-22 08:00:00,8,30.1,39.69375,307.0,73.0,1.0487660742124998
2023-07-22 09:00:00,9,31.3,46.862500000000004,498.0,60.0,1.6996426260000002
2023-07-22 10:00:00,10,32.3,52.4875,646.0,70.0,2.1015237565
2023-07-22 11:00:00,11,33.1,57.31875,775.0,95.0,2.3230398796875
2023-07-22 12:00:00,12,33.4,57.7125,778.0,95.0,2.3278140247500003
2023-07-22 13:00:00,13,33.6,57.94375,779.0,99.0,2.3053296868375
2023-07-22 14:00:00,14,34.0,58.3125,778.0,100.0,2.2927271
2023-07-22 15:00:00,15,33.7,53.10625,621.0,99.0,1.8787109196375
2023-07-22 16:00:00,16,33.4,48.61875,487.0,99.0,1.5031167157375
2023-07-22 17:00:00,17,33.3,43.20625,317.0,98.0,1.004305761075
2023-07-22 18:00:00,18,32.1,35.9125,122.0,26.0,0.4700823663
2023-07-22 19:00:00,19,31.1,31.75625,21.0,38.0,0.080238329325
2023-07-22 20:00:00,20,30.4,30.4,0.0,86.0,0.0
2023-07-22 21:00:00,21,29.7,29.7,0.0,71.0,0.0
2023-07-22 22:00:00,22,29.2,29.2,0.0,85.0,0.0
2023-07-22 23:00:00,23,28.7,28.7,0.0,100.0,0.0
2023-07-23 00:00:00,0,28.3,28.3,0.0,29.0,0.0
2023-07-23 01:00:00,1,27.9,27.9,0.0,54.0,0.0
2023-07-23 02:00:00,2,27.7,27.7,0.0,25.0,0.0
2023-07-23 03:00:00,3,27.4,27.4,0.0,16.0,0.0
2023-07-23 04:00:00,4,26.9,26.9,0.0,68.0,0.0
2023-07-23 05:00:00,5,25.6,25.6,0.0,19.0,0.0
2023-07-23 06:00:00,6,26.1,26.44375,11.0,64.0,0.04053057635
2023-07-23 07:00:00,7,26.9,30.2125,106.0,71.0,0.37846987035
2023-07-23 08:00:00,8,28.5,37.75,296.0,92.0,0.9741750719999999
2023-07-23 09:00:00,9,28.8,42.800000000000004,448.0,100.0,1.4147481600000003
2023-07-23 10:00:00,10,28.8,40.70625,381.0,100.0,1.214016495
2023-07-23 11:00:00,11,30.8,51.1125,650.0,100.0,1.9791655
2023-07-23 12:00:00,12,31.5,54.25,728.0,100.0,2.1856016
2023-07-23 13:00:00,13,31.9,55.275,748.0,100.0,2.2352184800000003
2023-07-23 14:00:00,14,32.2,53.66875,687.0,100.0,2.0679421350000005
2023-07-23 15:00:00,15,32.7,52.5125,634.0,92.0,1.9567437443999995
2023-07-23 16:00:00,16,32.4,47.86875,495.0,89.0,1.5710963833125002
2023-07-23 17:00:00,17,31.1,40.75625,309.0,17.0,1.1886460165125
2023-07-23 18:00:00,18,30.1,34.35,136.0,24.0,0.5296764256000001
2023-07-23 19:00:00,19,29.3,30.01875,23.0,94.0,0.077779587025
2023-07-23 20:00:00,20,29.0,29.0,0.0,99.0,0.0
2023-07-23 21:00:00,21,28.7,28.7,0.0,91.0,0.0
2023-07-23 22:00:00,22,28.3,28.3,0.0,49.0,0.0
2023-07-23 23:00:00,23,27.7,27.7,0.0,100.0,0.0
2023-07-24 00:00:00,0,27.5,27.5,0.0,100.0,0.0
2023-07-24 01:00:00,1,27.1,27.1,0.0,100.0,0.0
2023-07-24 02:00:00,2,26.8,26.8,0.0,100.0,0.0
2023-07-24 03:00:00,3,26.5,26.5,0.0,100.0,0.0
2023-07-24 04:00:00,4,26.4,26.4,0.0,48.0,0.0
2023-07-24 05:00:00,5,27.3,27.3,0.0,32.0,0.0
2023-07-24 06:00:00,6,27.8,28.26875,15.0,34.0,0.058638148875000004
2023-07-24 07:00:00,7,28.3,31.925,116.0,31.0,0.4496245782
2023-07-24 08:00:00,8,29.6,38.975,300.0,23.0,1.1483560349999997
2023-07-24 09:00:00,9,30.7,45.6375,478.0,23.0,1.7780648899499998
2023-07-24 10:00:00,10,31.0,50.40625,621.0,57.0,2.1007380898125
2023-07-24 11:00:00,11,30.5,48.34375,571.0,28.0,2.0769436944999997
2023-07-24 12:00:00,12,31.9,52.2125,650.0,29.0,2.3190173662499998
2023-07-24 13:00:00,13,32.7,56.7625,770.0,26.0,2.7081789735
2023-07-24 14:00:00,14,33.3,56.01875,727.0,100.0,2.1651114149999997
2023-07-24 15:00:00,15,31.8,42.14375,331.0,90.0,1.0744313373749999
2023-07-24 16:00:00,16,30.2,41.7,368.0,47.0,1.3223294687999998
2023-07-24 17:00:00,17,30.9,40.93125,321.0,45.0,1.1623549835625
2023-07-24 18:00:00,18,30.7,34.95,136.0,58.0,0.4906161104
2023-07-24 19:00:00,19,29.5,30.15625,21.0,15.0,0.0847869421875
2023-07-24 20:00:00,20,29.0,29.0,0.0,76.0,0.0
2023-07-24 21:00:00,21,28.5,28.5,0.0,20.0,0.0
2023-07-24 22:00:00,22,28.3,28.3,0.0,96.0,0.0
2023-07-24 23:00:00,23,28.5,28.5,0.0,100.0,0.0
2023-07-25 00:00:00,0,27.4,27.4,0.0,100.0,0.0
2023-07-25 01:00:00,1,25.3,25.3,0.0,100.0,0.0
2023-07-25 02:00:00,2,25.4,25.4,0.0,100.0,0.0
2023-07-25 03:00:00,3,25.0,25.0,0.0,100.0,0.0
2023-07-25 04:00:00,4,24.7,24.7,0.0,70.0,0.0
2023-07-25 05:00:00,5,25.4,25.4,0.0,97.0,0.0
2023-07-25 06:00:00,6,26.0,26.40625,13.0,100.0,0.043951375
2023-07-25 07:00:00,7,27.0,30.09375,99.0,100.0,0.329741775
2023-07-25 08:00:00,8,28.4,35.80625,237.0,100.0,0.770969295
2023-07-25 09:00:00,9,29.2,41.16875,383.0,100.0,1.217980215
2023-07-25 10:00:00,10,30.8,50.26875,623.0,99.0,1.9088631923375003
2023-07-25 11:00:00,11,32.1,55.6625,754.0,100.0,2.24917446
2023-07-25 12:00:00,12,32.7,57.98125,809.0,100.0,2.3877270950000002
2023-07-25 13:00:00,13,33.0,54.96875,703.0,100.0,2.103674775
2023-07-25 14:00:00,14,32.6,51.56875,607.0,100.0,1.8444696550000002
2023-07-25 15:00:00,15,30.5,43.875,428.0,100.0,1.3453324000000002
2023-07-25 16:00:00,16,30.3,38.76875,271.0,100.0,0.8706538950000001
2023-07-25 17:00:00,17,29.1,35.75625,213.0,100.0,0.693041295
2023-07-25 18:00:00,18,29.0,32.21875,103.0,100.0,0.340087975
2023-07-25 19:00:00,19,28.2,28.73125,17.0,100.0,0.05693733500000001
2023-07-25 20:00:00,20,27.8,27.8,0.0,100.0,0.0
2023-07-25 21:00:00,21,27.3,27.3,0.0,100.0,0.0
2023-07-25 22:00:00,22,27.2,27.2,0.0,100.0,0.0
2023-07-25 23:00:00,23,26.6,26.6,0.0,100.0,0.0
2023-07-26 00:00:00,0,24.8,24.8,0.0,100.0,0.0
2023-07-26 01:00:00,1,24.8,24.8,0.0,100.0,0.0
2023-07-26 02:00:00,2,24.8,24.8,0.0,100.0,0.0
2023-07-26 03:00:00,3,24.9,24.9,0.0,100.0,0.0
2023-07-26 04:00:00,4,25.1,25.1,0.0,100.0,0.0
2023-07-26 05:00:00,5,25.6,25.6,0.0,100.0,0.0
2023-07-26 06:00:00,6,26.1,26.56875,15.0,100.0,0.050679975
2023-07-26 07:00:00,7,27.1,30.725,116.0,100.0,0.38536824000000003
2023-07-26 08:00:00,8,27.0,35.0625,258.0,100.0,0.8418927
2023-07-26 09:00:00,9,28.2,39.16875,351.0,100.0,1.125764055
2023-07-26 10:00:00,10,29.4,46.025,532.0,100.0,1.6566799200000002
2023-07-26 11:00:00,11,30.3,49.83125,625.0,88.0,1.9713524062499996
2023-07-26 12:00:00,12,31.4,53.8375,718.0,100.0,2.1596075800000003
2023-07-26 13:00:00,13,31.8,49.64375,571.0,86.0,1.8112774223249997
2023-07-26 14:00:00,14,32.0,49.34375,555.0,93.0,1.7330603090625
2023-07-26 15:00:00,15,31.6,47.56875,511.0,81.0,1.6556326352125001
2023-07-26 16:00:00,16,31.3,41.45625,325.0,86.0,1.068392593125
2023-07-26 17:00:00,17,29.8,37.2375,238.0,79.0,0.8099931171499999
2023-07-26 18:00:00,18,29.4,33.3375,126.0,100.0,0.41411286
2023-07-26 19:00:00,19,28.0,28.625,20.0,100.0,0.067014
2023-07-26 20:00:00,20,27.5,27.5,0.0,100.0,0.0
2023-07-26 21:00:00,21,27.4,27.4,0.0,100.0,0.0
2023-07-26 22:00:00,22,27.4,27.4,0.0,100.0,0.0
2023-07-26 23:00:00,23,26.8,26.8,0.0,100.0,0.0
2023-07-27 00:00:00,0,25.7,25.7,0.0,100.0,0.0
2023-07-27 01:00:00,1,25.5,25.5,0.0,100.0,0.0
2023-07-27 02:00:00,2,25.2,25.2,0.0,100.0,0.0
2023-07-27 03:00:00,3,24.9,24.9,0.0,100.0,0.0
2023-07-27 04:00:00,4,24.8,24.8,0.0,96.0,0.0
2023-07-27 05:00:00,5,25.9,25.9,0.0,98.0,0.0
2023-07-27 06:00:00,6,26.0,26.40625,13.0,100.0,0.043951375
2023-07-27 07:00:00,7,25.0,27.625,84.0,100.0,0.28260120000000005
2023-07-27 08:00:00,8,25.9,31.68125,185.0,100.0,0.612189975
2023-07-27 09:00:00,9,27.3,38.70625,365.0,100.0,1.172962175
2023-07-27 10:00:00,10,29.0,48.90625,637.0,100.0,1.9586953750000005
2023-07-27 11:00:00,11,29.9,47.24375,555.0,100.0,1.719104175
2023-07-27 12:00:00,12,30.8,51.14375,651.0,100.0,1.9819336950000002
2023-07-27 13:00:00,13,31.3,53.33125,705.0,100.0,2.125359975
2023-07-27 14:00:00,14,31.9,52.36875,655.0,100.0,1.9831991750000004
2023-07-27 15:00:00,15,31.2,46.85625,501.0,100.0,1.554480255
2023-07-27 16:00:00,16,31.0,42.375,364.0,100.0,1.1515868
2023-07-27 17:00:00,17,27.0,35.90625,285.0,100.0,0.9267273749999998
2023-07-27 18:00:00,18,27.5,30.46875,95.0,100.0,0.31593437500000005
2023-07-27 19:00:00,19,26.9,27.4625,18.0,100.0,0.06059718
2023-07-27 20:00:00,20,26.6,26.6,0.0,100.0,0.0
2023-07-27 21:00:00,21,26.5,26.5,0.0,100.0,0.0
2023-07-27 22:00:00,22,26.2,26.2,0.0,100.0,0.0
2023-07-27 23:00:00,23,26.1,26.1,0.0,100.0,0.0
2023-07-28 00:00:00,0,26.0,26.0,0.0,100.0,0.0
2023-07-28 01:00:00,1,25.9,25.9,0.0,100.0,0.0
2023-07-28 02:00:00,2,25.5,25.5,0.0,100.0,0.0
2023-07-28 03:00:00,3,25.4,25.4,0.0,100.0,0.0
2023-07-28 04:00:00,4,25.3,25.3,0.0,100.0,0.0
2023-07-28 05:00:00,5,25.9,25.9,0.0,99.0,0.0
2023-07-28 06:00:00,6,26.6,27.0375,14.0,97.0,0.04756615045000001
2023-07-28 07:00:00,7,27.5,31.34375,123.0,100.0,0.407588175
2023-07-28 08:00:00,8,28.5,37.1875,278.0,100.0,0.8991215000000001
2023-07-28 09:00:00,9,29.6,43.00625,429.0,100.0,1.353544335
2023-07-28 10:00:00,10,30.8,50.9875,646.0,100.0,1.9680842200000002
2023-07-28 11:00:00,11,29.5,44.65625,485.0,100.0,1.519347375
2023-07-28 12:00:00,12,30.0,47.46875,559.0,100.0,1.7297835750000006
2023-07-28 13:00:00,13,31.2,54.35625,741.0,100.0,2.2235594549999997
2023-07-28 14:00:00,14,31.7,54.04375,715.0,100.0,2.1485785749999997
2023-07-28 15:00:00,15,30.6,46.75625,517.0,99.0,1.6088395236375
2023-07-28 16:00:00,16,29.2,42.137499999999996,414.0,100.0,1.31110902
2023-07-28 17:00:00,17,27.3,36.3,288.0,100.0,0.93494016
2023-07-28 18:00:00,18,27.1,29.56875,79.0,100.0,0.263691335
2023-07-28 19:00:00,19,26.7,27.075,12.0,100.0,0.04046136
2023-07-28 20:00:00,20,26.3,26.3,0.0,100.0,0.0
2023-07-28 21:00:00,21,26.2,26.2,0.0,100.0,0.0
2023-07-28 22:00:00,22,26.1,26.1,0.0,100.0,0.0
2023-07-28 23:00:00,23,25.9,25.9,0.0,100.0,0.0
2023-07-29 00:00:00,0,25.7,25.7,0.0,100.0,0.0
2023-07-29 01:00:00,1,24.6,24.6,0.0,100.0,0.0
2023-07-29 02:00:00,2,24.5,24.5,0.0,99.0,0.0
2023-07-29 03:00:00,3,24.1,24.1,0.0,96.0,0.0
2023-07-29 04:00:00,4,23.8,23.8,0.0,99.0,0.0
2023-07-29 05:00:00,5,24.1,24.1,0.0,100.0,0.0
2023-07-29 06:00:00,6,24.2,24.29375,3.0,100.0,0.0102
2023-07-29 07:00:00,7,24.3,25.64375,43.0,100.0,0.14582353499999998
2023-07-29 08:00:00,8,24.5,27.5,96.0,100.0,0.323136
2023-07-29 09:00:00,9,25.6,29.975,140.0,100.0,0.46652760000000004
2023-07-29 10:00:00,10,26.3,36.95625,341.0,100.0,1.103951695
2023-07-29 11:00:00,11,25.9,35.80625,317.0,100.0,1.0312120949999999
2023-07-29 12:00:00,12,25.1,32.1625,226.0,100.0,0.7463853400000001
2023-07-29 13:00:00,13,25.0,29.71875,151.0,100.0,0.503709575
2023-07-29 14:00:00,14,25.3,31.05,184.0,100.0,0.61046048
2023-07-29 15:00:00,15,27.4,38.11875,343.0,100.0,1.105003655
2023-07-29 16:00:00,16,27.9,38.775,348.0,97.0,1.1263907226
2023-07-29 17:00:00,17,26.7,35.7625,290.0,98.0,0.9482704634999999
2023-07-29 18:00:00,18,26.9,29.65,88.0,100.0,0.29363488
2023-07-29 19:00:00,19,26.2,26.6375,14.0,100.0,0.04728822000000001
2023-07-29 20:00:00,20,25.9,25.9,0.0,88.0,0.0
2023-07-29 21:00:00,21,25.4,25.4,0.0,57.0,0.0
2023-07-29 22:00:00,22,24.9,24.9,0.0,89.0,0.0
2023-07-29 23:00:00,23,24.2,24.2,0.0,86.0,0.0
2023-07-30 00:00:00,0,24.1,24.1,0.0,97.0,0.0
2023-07-30 01:00:00,1,24.0,24.0,0.0,85.0,0.0
2023-07-30 02:00:00,2,23.9,23.9,0.0,84.0,0.0
2023-07-30 03:00:00,3,23.9,23.9,0.0,80.0,0.0
2023-07-30 04:00:00,4,23.8,23.8,0.0,100.0,0.0
2023-07-30 05:00:00,5,24.5,24.5,0.0,100.0,0.0
2023-07-30 06:00:00,6,25.0,25.25,8.0,68.0,0.029346624
2023-07-30 07:00:00,7,25.7,28.95,104.0,92.0,0.3549733823999999
2023-07-30 08:00:00,8,26.6,33.63125,225.0,26.0,0.8752272243749999
2023-07-30 09:00:00,9,27.9,40.9625,418.0,100.0,1.33045638
2023-07-30 10:00:00,10,28.9,40.30625,365.0,100.0,1.165019775
2023-07-30 11:00:00,11,27.5,36.3125,282.0,77.0,0.9680506222499999
2023-07-30 12:00:00,12,29.2,46.5125,554.0,28.0,2.0313891396
2023-07-30 13:00:00,13,30.8,53.20625,717.0,15.0,2.6223406981874997
2023-07-30 14:00:00,14,30.4,52.0875,694.0,38.0,2.4300476276999996
2023-07-30 15:00:00,15,30.3,47.45625,549.0,63.0,1.8560839255875001
2023-07-30 16:00:00,16,29.3,42.08125,409.0,58.0,1.4316239167749998
2023-07-30 17:00:00,17,28.4,35.775,236.0,23.0,0.9156212477999999
2023-07-30 18:00:00,18,27.7,31.79375,131.0,60.0,0.47662588050000004
2023-07-30 19:00:00,19,26.7,27.29375,19.0,15.0,0.0776088451875
2023-07-30 20:00:00,20,26.4,26.4,0.0,18.0,0.0
2023-07-30 21:00:00,21,26.1,26.1,0.0,21.0,0.0
2023-07-30 22:00:00,22,25.9,25.9,0.0,6.0,0.0
2023-07-30 23:00:00,23,25.6,25.6,0.0,2.0,0.0
2023-07-31 00:00:00,0,25.4,25.4,0.0,3.0,0.0
2023-07-31 01:00:00,1,25.3,25.3,0.0,9.0,0.0
2023-07-31 02:00:00,2,25.2,25.2,0.0,11.0,0.0
2023-07-31 03:00:00,3,25.2,25.2,0.0,6.0,0.0
2023-07-31 04:00:00,4,25.0,25.0,0.0,12.0,0.0
2023-07-31 05:00:00,5,25.3,25.3,0.0,18.0,0.0
2023-07-31 06:00:00,6,25.6,26.00625,13.0,3.0,0.054697453037499996
2023-07-31 07:00:00,7,26.7,30.575,124.0,28.0,0.48639401759999995
2023-07-31 08:00:00,8,27.7,36.60625,285.0,29.0,1.0880266910624996
2023-07-31 09:00:00,9,28.7,42.168749999999996,431.0,6.0,1.6854831139249997
2023-07-31 10:00:00,10,29.9,50.2125,650.0,10.0,2.4342238375
2023-07-31 11:00:00,11,30.9,55.05625,773.0,11.0,2.8266946407374998
2023-07-31 12:00:00,12,31.6,57.975,844.0,34.0,2.9021312204
2023-07-31 13:00:00,13,31.6,57.31875,823.0,41.0,2.7958409425124997
2023-07-31 14:00:00,14,31.0,54.65625,757.0,32.0,2.6541250807499996
2023-07-31 15:00:00,15,30.9,47.11875,519.0,11.0,1.9663631508375001
2023-07-31 16:00:00,16,30.6,44.6625,450.0,30.0,1.6563569624999996
2023-07-31 17:00:00,17,29.0,38.71875,311.0,29.0,1.1767642685625
2023-07-31 18:00:00,18,28.6,32.56875,127.0,37.0,0.48467679766249994
2023-07-31 19:00:00,19,27.7,28.23125,17.0,28.0,0.0673224633
2023-07-31 20:00:00,20,27.4,27.4,0.0,15.0,0.0
2023-07-31 21:00:00,21,27.0,27.0,0.0,13.0,0.0
2023-07-31 22:00:00,22,26.5,26.5,0.0,13.0,0.0
2023-07-31 23:00:00,23,26.0,26.0,0.0,39.0,0.0
2023-08-01 00:00:00,0,25.7,25.7,0.0,7.0,0.0
2023-08-01 01:00:00,1,25.5,25.5,0.0,13.0,0.0
2023-08-01 02:00:00,2,25.1,25.1,0.0,17.0,0.0
2023-08-01 03:00:00,3,25.0,25.0,0.0,23.0,0.0
2023-08-01 04:00:00,4,24.9,24.9,0.0,9.0,0.0
2023-08-01 05:00:00,5,25.7,25.7,0.0,47.0,0.0
2023-08-01 06:00:00,6,26.0,26.40625,13.0,100.0,0.043951375
2023-08-01 07:00:00,7,26.9,30.74375,123.0,15.0,0.49541762418749996
2023-08-01 08:00:00,8,28.2,37.7,304.0,30.0,1.152784416
2023-08-01 09:00:00,9,29.6,44.88125,489.0,8.0,1.8823695340499997
2023-08-01 10:00:00,10,30.7,51.075,652.0,10.0,2.432345006
2023-08-01 11:00:00,11,31.5,55.5625,770.0,17.0,2.77477402125
2023-08-01 12:00:00,12,32.1,57.724999999999994,820.0,38.0,2.7986236739999995
2023-08-01 13:00:00,13,32.4,57.8375,814.0,54.0,2.6805444500999998
2023-08-01 14:00:00,14,31.9,50.30625,589.0,43.0,2.0563706861375
2023-08-01 15:00:00,15,31.0,47.65625,533.0,83.0,1.7180080734374998
2023-08-01 16:00:00,16,31.1,44.44375,427.0,90.0,1.3723584113749998
2023-08-01 17:00:00,17,29.9,38.5875,278.0,100.0,0.8938283800000001
2023-08-01 18:00:00,18,29.2,32.23125,97.0,100.0,0.32026053500000007
2023-08-01 19:00:00,19,28.4,28.93125,17.0,100.0,0.056891095
2023-08-01 20:00:00,20,27.9,27.9,0.0,93.0,0.0
2023-08-01 21:00:00,21,27.6,27.6,0.0,31.0,0.0
2023-08-01 22:00:00,22,27.5,27.5,0.0,23.0,0.0
2023-08-01 23:00:00,23,27.3,27.3,0.0,6.0,0.0
2023-08-02 00:00:00,0,27.0,27.0,0.0,3.0,0.0
2023-08-02 01:00:00,1,26.8,26.8,0.0,5.0,0.0
2023-08-02 02:00:00,2,26.2,26.2,0.0,2.0,0.0
2023-08-02 03:00:00,3,25.7,25.7,0.0,27.0,0.0
2023-08-02 04:00:00,4,25.3,25.3,0.0,62.0,0.0
2023-08-02 05:00:00,5,25.9,25.9,0.0,100.0,0.0
2023-08-02 06:00:00,6,26.2,26.575,12.0,92.0,0.041353819199999996
2023-08-02 07:00:00,7,27.3,30.55,104.0,46.0,0.3924263408
2023-08-02 08:00:00,8,28.5,36.53125,257.0,95.0,0.8439146746875001
2023-08-02 09:00:00,9,29.6,44.19375,467.0,100.0,1.4658966549999999
2023-08-02 10:00:00,10,30.7,50.45,632.0,93.0,1.9638280728
2023-08-02 11:00:00,11,31.4,54.7125,746.0,85.0,2.31875944225
2023-08-02 12:00:00,12,31.7,58.04375,843.0,100.0,2.487360015
2023-08-02 13:00:00,13,32.2,58.16875,831.0,99.0,2.4566664051374993
2023-08-02 14:00:00,14,32.4,55.4,736.0,70.0,2.3629662719999995
2023-08-02 15:00:00,15,32.5,53.1875,662.0,88.0,2.0569329689999996
2023-08-02 16:00:00,16,32.4,48.30625,509.0,100.0,1.569264815
2023-08-02 17:00:00,17,30.5,39.09375,275.0,100.0,0.882289375
2023-08-02 18:00:00,18,29.8,32.51875,87.0,100.0,0.286903815
2023-08-02 19:00:00,19,29.2,29.575,12.0,100.0,0.04005336
2023-08-02 20:00:00,20,28.9,28.9,0.0,99.0,0.0
2023-08-02 21:00:00,21,28.3,28.3,0.0,100.0,0.0
2023-08-02 22:00:00,22,27.8,27.8,0.0,100.0,0.0
2023-08-02 23:00:00,23,27.6,27.6,0.0,100.0,0.0
2023-08-03 00:00:00,0,27.2,27.2,0.0,100.0,0.0
2023-08-03 01:00:00,1,26.7,26.7,0.0,96.0,0.0
2023-08-03 02:00:00,2,26.4,26.4,0.0,100.0,0.0
2023-08-03 03:00:00,3,26.0,26.0,0.0,98.0,0.0
2023-08-03 04:00:00,4,25.5,25.5,0.0,100.0,0.0
2023-08-03 05:00:00,5,25.5,25.5,0.0,100.0,0.0
2023-08-03 06:00:00,6,25.5,25.90625,13.0,100.0,0.044039775
2023-08-03 07:00:00,7,26.2,29.95,120.0,100.0,0.39992160000000004
2023-08-03 08:00:00,8,27.2,36.075,284.0,30.0,1.0843181059999998
2023-08-03 09:00:00,9,28.5,43.875,492.0,37.0,1.7900779169999999
2023-08-03 10:00:00,10,29.8,50.45625,661.0,34.0,2.3516206466750003
2023-08-03 11:00:00,11,30.7,53.73125,737.0,40.0,2.5504940752499996
2023-08-03 12:00:00,12,31.5,57.34375,827.0,81.0,2.5643044853125
2023-08-03 13:00:00,13,31.8,52.89375,675.0,44.0,2.3243863275
2023-08-03 14:00:00,14,32.3,53.51875,679.0,100.0,2.0452464550000005
2023-08-03 15:00:00,15,32.4,51.74375,619.0,100.0,1.8794604149999998
2023-08-03 16:00:00,16,32.3,45.8,432.0,49.0,1.5182868096000002
2023-08-03 17:00:00,17,30.8,39.925,292.0,100.0,0.9335298399999999
2023-08-03 18:00:00,18,30.1,33.88125,121.0,100.0,0.396785015
2023-08-03 19:00:00,19,29.1,29.6,16.0,100.0,0.05339904000000001
2023-08-03 20:00:00,20,28.5,28.5,0.0,100.0,0.0
2023-08-03 21:00:00,21,28.2,28.2,0.0,100.0,0.0
2023-08-03 22:00:00,22,28.0,28.0,0.0,100.0,0.0
2023-08-03 23:00:00,23,27.5,27.5,0.0,100.0,0.0
2023-08-04 00:00:00,0,26.9,26.9,0.0,100.0,0.0
2023-08-04 01:00:00,1,26.5,26.5,0.0,100.0,0.0
2023-08-04 02:00:00,2,26.2,26.2,0.0,100.0,0.0
2023-08-04 03:00:00,3,25.9,25.9,0.0,100.0,0.0
2023-08-04 04:00:00,4,25.6,25.6,0.0,99.0,0.0
2023-08-04 05:00:00,5,26.0,26.0,0.0,100.0,0.0
2023-08-04 06:00:00,6,26.0,26.1875,6.0,100.0,0.0203031
2023-08-04 07:00:00,7,26.3,28.39375,67.0,100.0,0.224707615
2023-08-04 08:00:00,8,27.1,32.81875,183.0,100.0,0.602740695
2023-08-04 09:00:00,9,28.4,38.80625,333.0,100.0,1.069674255
2023-08-04 10:00:00,10,29.9,47.4,560.0,96.0,1.7507356160000003
2023-08-04 11:00:00,11,30.8,51.51875,663.0,100.0,2.015085735
2023-08-04 12:00:00,12,31.8,54.64375,731.0,100.0,2.1906936949999998
2023-08-04 13:00:00,13,31.1,40.5375,302.0,100.0,0.9629843799999999
2023-08-04 14:00:00,14,29.3,33.51875,135.0,100.0,0.44335957500000006
2023-08-04 15:00:00,15,27.1,29.225,68.0,100.0,0.22729272000000003
2023-08-04 16:00:00,16,27.6,33.25625,181.0,100.0,0.5950764150000001
2023-08-04 17:00:00,17,28.1,33.475,172.0,100.0,0.56497528
2023-08-04 18:00:00,18,27.8,30.8,96.0,100.0,0.31882752
2023-08-04 19:00:00,19,27.1,27.5375,14.0,100.0,0.04711686000000001
2023-08-04 20:00:00,20,26.8,26.8,0.0,100.0,0.0
2023-08-04 21:00:00,21,26.9,26.9,0.0,100.0,0.0
2023-08-04 22:00:00,22,27.4,27.4,0.0,100.0,0.0
2023-08-04 23:00:00,23,27.2,27.2,0.0,100.0,0.0
2023-08-05 00:00:00,0,27.0,27.0,0.0,100.0,0.0
2023-08-05 01:00:00,1,27.0,27.0,0.0,100.0,0.0
2023-08-05 02:00:00,2,26.7,26.7,0.0,100.0,0.0
2023-08-05 03:00:00,3,26.3,26.3,0.0,100.0,0.0
2023-08-05 04:00:00,4,26.0,26.0,0.0,100.0,0.0
2023-08-05 05:00:00,5,26.2,26.2,0.0,99.0,0.0
2023-08-05 06:00:00,6,26.4,26.74375,11.0,100.0,0.037139135
2023-08-05 07:00:00,7,27.1,30.50625,109.0,100.0,0.36243753500000003
2023-08-05 08:00:00,8,28.3,36.4875,262.0,100.0,0.8498677400000001
2023-08-05 09:00:00,9,29.8,45.05,488.0,74.0,1.6253307503999999
2023-08-05 10:00:00,10,30.9,51.55625,661.0,56.0,2.22962362785
2023-08-05 11:00:00,11,31.7,55.1375,750.0,97.0,2.25941698125
2023-08-05 12:00:00,12,32.3,56.83125,785.0,100.0,2.329169575
2023-08-05 13:00:00,13,31.9,49.3375,558.0,100.0,1.7125075800000003
2023-08-05 14:00:00,14,31.9,45.99375,451.0,99.0,1.4081443168374999
2023-08-05 15:00:00,15,32.2,47.10625,477.0,99.0,1.4820883158374998
2023-08-05 16:00:00,16,32.2,44.23125,385.0,99.0,1.2113259379375
2023-08-05 17:00:00,17,31.4,39.9,272.0,100.0,0.8696819200000002
2023-08-05 18:00:00,18,30.3,32.70625,77.0,100.0,0.25373001500000003
2023-08-05 19:00:00,19,29.5,29.8125,10.0,100.0,0.0333455
2023-08-05 20:00:00,20,29.1,29.1,0.0,100.0,0.0
2023-08-05 21:00:00,21,28.7,28.7,0.0,100.0,0.0
2023-08-05 22:00:00,22,28.4,28.4,0.0,100.0,0.0
2023-08-05 23:00:00,23,28.1,28.1,0.0,100.0,0.0
2023-08-06 00:00:00,0,27.5,27.5,0.0,100.0,0.0
2023-08-06 01:00:00,1,26.9,26.9,0.0,100.0,0.0
2023-08-06 02:00:00,2,26.3,26.3,0.0,100.0,0.0
2023-08-06 03:00:00,3,26.0,26.0,0.0,22.0,0.0
2023-08-06 04:00:00,4,25.6,25.6,0.0,10.0,0.0
2023-08-06 05:00:00,5,25.8,25.8,0.0,1.0,0.0
2023-08-06 06:00:00,6,25.8,26.175,12.0,100.0,0.04060824
2023-08-06 07:00:00,7,26.5,30.28125,121.0,92.0,0.4107633585
2023-08-06 08:00:00,8,27.7,37.29375,307.0,100.0,0.992471135
2023-08-06 09:00:00,9,28.9,44.5875,502.0,82.0,1.6438604698999997
2023-08-06 10:00:00,10,30.3,50.64375,651.0,78.0,2.095610322225
2023-08-06 11:00:00,11,31.2,53.66875,719.0,91.0,2.2129614686374994
2023-08-06 12:00:00,12,31.9,55.9,768.0,100.0,2.2884556799999998
2023-08-06 13:00:00,13,32.1,52.975,668.0,100.0,2.01705272
2023-08-06 14:00:00,14,32.8,54.20625,685.0,96.0,2.0774837207500005
2023-08-06 15:00:00,15,33.0,53.875,668.0,70.0,2.1595421299999997
2023-08-06 16:00:00,16,32.3,44.64375,395.0,80.0,1.29934746375
2023-08-06 17:00:00,17,30.7,39.95,296.0,99.0,0.9485828232000002
2023-08-06 18:00:00,18,29.9,34.05625,133.0,75.0,0.46305774593750004
2023-08-06 19:00:00,19,28.9,29.36875,15.0,46.0,0.05687345962500001
2023-08-06 20:00:00,20,27.5,27.5,0.0,11.0,0.0
2023-08-06 21:00:00,21,26.9,26.9,0.0,99.0,0.0
2023-08-06 22:00:00,22,26.7,26.7,0.0,100.0,0.0
2023-08-06 23:00:00,23,26.5,26.5,0.0,100.0,0.0
2023-08-07 00:00:00,0,26.3,26.3,0.0,100.0,0.0
2023-08-07 01:00:00,1,25.9,25.9,0.0,100.0,0.0
2023-08-07 02:00:00,2,25.6,25.6,0.0,100.0,0.0
2023-08-07 03:00:00,3,25.4,25.4,0.0,99.0,0.0
2023-08-07 04:00:00,4,25.0,25.0,0.0,100.0,0.0
2023-08-07 05:00:00,5,24.9,24.9,0.0,100.0,0.0
2023-08-07 06:00:00,6,25.0,25.34375,11.0,26.0,0.04425806137499999
2023-08-07 07:00:00,7,25.6,29.2875,118.0,34.0,0.4593821242999999
2023-08-07 08:00:00,8,26.5,35.28125,281.0,80.0,0.9619146337500002
2023-08-07 09:00:00,9,27.9,43.24375,491.0,99.0,1.5514444738375
2023-08-07 10:00:00,10,28.9,45.86875,543.0,72.0,1.8105346468500003
2023-08-07 11:00:00,11,29.6,50.06875,655.0,85.0,2.0788258590625004
2023-08-07 12:00:00,12,29.6,48.2875,598.0,92.0,1.8806835683999994
2023-08-07 13:00:00,13,29.9,44.30625,461.0,60.0,1.5909932885000002
2023-08-07 14:00:00,14,30.8,44.925,452.0,100.0,1.4143170400000002
2023-08-07 15:00:00,15,31.4,45.30625,445.0,26.0,1.647276291375
2023-08-07 16:00:00,16,31.3,45.45625,453.0,95.0,1.4318502991875002
2023-08-07 17:00:00,17,29.7,36.60625,221.0,99.0,0.7183075456374999
2023-08-07 18:00:00,18,29.2,31.79375,83.0,99.0,0.2752175430375
2023-08-07 19:00:00,19,28.6,28.94375,11.0,100.0,0.036810014999999995
2023-08-07 20:00:00,20,27.8,27.8,0.0,100.0,0.0
2023-08-07 21:00:00,21,27.6,27.6,0.0,100.0,0.0
2023-08-07 22:00:00,22,26.7,26.7,0.0,91.0,0.0
2023-08-07 23:00:00,23,25.9,25.9,0.0,91.0,0.0
2023-08-08 00:00:00,0,25.4,25.4,0.0,77.0,0.0
2023-08-08 01:00:00,1,25.0,25.0,0.0,99.0,0.0
2023-08-08 02:00:00,2,24.7,24.7,0.0,95.0,0.0
2023-08-08 03:00:00,3,24.4,24.4,0.0,99.0,0.0
2023-08-08 04:00:00,4,24.3,24.3,0.0,100.0,0.0
2023-08-08 05:00:00,5,24.8,24.8,0.0,100.0,0.0
2023-08-08 06:00:00,6,25.0,25.3125,10.0,91.0,0.03472154375
2023-08-08 07:00:00,7,25.7,29.54375,123.0,99.0,0.4116257130375
2023-08-08 08:00:00,8,26.6,35.63125,289.0,99.0,0.9431669723374999
2023-08-08 09:00:00,9,28.0,43.5,496.0,100.0,1.5616064000000003
2023-08-08 10:00:00,10,29.4,49.15,632.0,100.0,1.94122592
2023-08-08 11:00:00,11,30.3,52.7375,718.0,85.0,2.25173694225
2023-08-08 12:00:00,12,30.9,53.36875,719.0,90.0,2.221378990375
2023-08-08 13:00:00,13,32.0,57.0,800.0,100.0,2.37184
2023-08-08 14:00:00,14,32.4,56.86875,783.0,100.0,2.3228360550000002
2023-08-08 15:00:00,15,31.5,45.28125,441.0,100.0,1.377761175
2023-08-08 16:00:00,16,31.1,39.56875,271.0,100.0,0.8677054150000001
2023-08-08 17:00:00,17,29.5,37.96875,271.0,100.0,0.8736023750000002
2023-08-08 18:00:00,18,28.9,30.8375,62.0,100.0,0.20587782000000004
2023-08-08 19:00:00,19,28.7,28.95,8.0,100.0,0.02677024
2023-08-08 20:00:00,20,28.1,28.1,0.0,93.0,0.0
2023-08-08 21:00:00,21,27.5,27.5,0.0,74.0,0.0
2023-08-08 22:00:00,22,26.9,26.9,0.0,87.0,0.0
2023-08-08 23:00:00,23,26.2,26.2,0.0,95.0,0.0
2023-08-09 00:00:00,0,25.8,25.8,0.0,100.0,0.0
2023-08-09 01:00:00,1,25.4,25.4,0.0,100.0,0.0
2023-08-09 02:00:00,2,25.1,25.1,0.0,100.0,0.0
2023-08-09 03:00:00,3,24.8,24.8,0.0,100.0,0.0
2023-08-09 04:00:00,4,24.5,24.5,0.0,100.0,0.0
2023-08-09 05:00:00,5,24.7,24.7,0.0,100.0,0.0
2023-08-09 06:00:00,6,24.7,25.0125,10.0,97.0,0.03425328725000001
2023-08-09 07:00:00,7,25.6,28.85,104.0,99.0,0.34902494640000004
2023-08-09 08:00:00,8,26.7,36.16875,303.0,50.0,1.1071977918749998
2023-08-09 09:00:00,9,28.1,44.19375,515.0,30.0,1.8994661956249999
2023-08-09 10:00:00,10,29.3,50.8,688.0,90.0,2.1502394239999996
2023-08-09 11:00:00,11,30.4,55.18125,793.0,100.0,2.370701255
2023-08-09 12:00:00,12,31.2,54.98125,761.0,100.0,2.277106055
2023-08-09 13:00:00,13,31.7,53.91875,711.0,99.0,2.1431116731374997
2023-08-09 14:00:00,14,32.1,54.85,728.0,36.0,2.5284068992
2023-08-09 15:00:00,15,32.3,51.9875,630.0,89.0,1.9633173052499997
2023-08-09 16:00:00,16,32.0,47.75,504.0,93.0,1.5849214919999999
2023-08-09 17:00:00,17,30.1,38.25625,261.0,99.0,0.8424464790375
2023-08-09 18:00:00,18,29.6,33.2875,118.0,100.0,0.38790021999999996
2023-08-09 19:00:00,19,28.5,28.875,12.0,100.0,0.0401676
2023-08-09 20:00:00,20,27.6,27.6,0.0,83.0,0.0
2023-08-09 21:00:00,21,27.0,27.0,0.0,84.0,0.0
2023-08-09 22:00:00,22,26.7,26.7,0.0,100.0,0.0
2023-08-09 23:00:00,23,26.3,26.3,0.0,76.0,0.0
2023-08-10 00:00:00,0,25.8,25.8,0.0,90.0,0.0
2023-08-10 01:00:00,1,25.5,25.5,0.0,98.0,0.0
2023-08-10 02:00:00,2,25.2,25.2,0.0,100.0,0.0
2023-08-10 03:00:00,3,24.8,24.8,0.0,71.0,0.0
2023-08-10 04:00:00,4,24.5,24.5,0.0,99.0,0.0
2023-08-10 05:00:00,5,24.3,24.3,0.0,98.0,0.0
2023-08-10 06:00:00,6,24.5,24.8125,10.0,23.0,0.040545
2023-08-10 07:00:00,7,25.7,29.45,120.0,96.0,0.40474497600000003
2023-08-10 08:00:00,8,26.9,35.24375,267.0,55.0,0.9685457206875
2023-08-10 09:00:00,9,28.4,42.93125,465.0,100.0,1.467602775
2023-08-10 10:00:00,10,29.7,49.7625,642.0,100.0,1.96659366
2023-08-10 11:00:00,11,30.6,52.25625,693.0,98.0,2.109811871475
2023-08-10 12:00:00,12,31.3,53.33125,705.0,100.0,2.125359975
2023-08-10 13:00:00,13,31.9,53.80625,701.0,100.0,2.108772735
2023-08-10 14:00:00,14,31.6,50.00625,589.0,100.0,1.8022899350000001
2023-08-10 15:00:00,15,31.8,47.05,488.0,100.0,1.51285856
2023-08-10 16:00:00,16,31.9,44.18125,393.0,67.0,1.3354586595375
2023-08-10 17:00:00,17,30.9,39.2125,266.0,86.0,0.8828393301
2023-08-10 18:00:00,18,29.9,32.9625,98.0,100.0,0.32258758
2023-08-10 19:00:00,19,28.4,28.775,12.0,100.0,0.04018392
2023-08-10 20:00:00,20,27.9,27.9,0.0,98.0,0.0
2023-08-10 21:00:00,21,27.7,27.7,0.0,100.0,0.0
2023-08-10 22:00:00,22,27.5,27.5,0.0,100.0,0.0
2023-08-10 23:00:00,23,26.8,26.8,0.0,0.0,0.0
2023-08-11 00:00:00,0,26.4,26.4,0.0,12.0,0.0
2023-08-11 01:00:00,1,25.8,25.8,0.0,43.0,0.0
2023-08-11 02:00:00,2,25.4,25.4,0.0,61.0,0.0
2023-08-11 03:00:00,3,24.9,24.9,0.0,40.0,0.0
2023-08-11 04:00:00,4,24.6,24.6,0.0,2.0,0.0
2023-08-11 05:00:00,5,25.0,25.0,0.0,8.0,0.0
2023-08-11 06:00:00,6,25.1,25.4125,10.0,2.0,0.0422601555
2023-08-11 07:00:00,7,26.0,29.8125,122.0,3.0,0.50546776175
2023-08-11 08:00:00,8,27.2,36.98125,313.0,2.0,1.261431777675
2023-08-11 09:00:00,9,28.7,44.79375,515.0,15.0,1.9549920471875002
2023-08-11 10:00:00,10,30.0,50.90625,669.0,21.0,2.4415762535625
2023-08-11 11:00:00,11,31.0,55.78125,793.0,83.0,2.4647101659375
2023-08-11 12:00:00,12,31.8,59.175,876.0,100.0,2.57125272
2023-08-11 13:00:00,13,32.4,57.4,800.0,90.0,2.4266752
2023-08-11 14:00:00,14,32.6,53.6625,674.0,100.0,2.02886806
2023-08-11 15:00:00,15,32.7,52.04375,619.0,100.0,1.8769348949999998
2023-08-11 16:00:00,16,32.2,43.91875,375.0,100.0,1.178514375
2023-08-11 17:00:00,17,31.2,38.23125,225.0,100.0,0.724512375
2023-08-11 18:00:00,18,30.2,33.23125,97.0,100.0,0.31894133500000005
2023-08-11 19:00:00,19,29.0,29.34375,11.0,100.0,0.036750174999999996
2023-08-11 20:00:00,20,28.2,28.2,0.0,100.0,0.0
2023-08-11 21:00:00,21,27.7,27.7,0.0,98.0,0.0
2023-08-11 22:00:00,22,27.4,27.4,0.0,87.0,0.0
2023-08-11 23:00:00,23,27.0,27.0,0.0,31.0,0.0
2023-08-12 00:00:00,0,26.6,26.6,0.0,85.0,0.0
2023-08-12 01:00:00,1,26.0,26.0,0.0,75.0,0.0
2023-08-12 02:00:00,2,25.5,25.5,0.0,3.0,0.0
2023-08-12 03:00:00,3,25.2,25.2,0.0,39.0,0.0
2023-08-12 04:00:00,4,24.7,24.7,0.0,96.0,0.0
2023-08-12 05:00:00,5,24.7,24.7,0.0,100.0,0.0
2023-08-12 06:00:00,6,24.9,25.2125,10.0,29.0,0.040000970250000004
2023-08-12 07:00:00,7,26.0,29.71875,119.0,4.0,0.49223433699999997
2023-08-12 08:00:00,8,27.3,36.95625,309.0,1.0,1.2479429311124999
2023-08-12 09:00:00,9,28.8,44.768750000000004,511.0,42.0,1.8320172837750004
2023-08-12 10:00:00,10,30.0,50.78125,665.0,73.0,2.1647131953125
2023-08-12 11:00:00,11,30.8,51.8625,674.0,99.0,2.05048099895
2023-08-12 12:00:00,12,31.9,55.68125,761.0,100.0,2.269861335
2023-08-12 13:00:00,13,32.5,55.84375,747.0,100.0,2.226452175
2023-08-12 14:00:00,14,32.9,55.5875,726.0,100.0,2.16639126
2023-08-12 15:00:00,15,32.7,50.2625,562.0,100.0,1.7177136600000005
2023-08-12 16:00:00,16,32.5,45.53125,417.0,100.0,1.3013631749999999
2023-08-12 17:00:00,17,31.0,38.5625,242.0,100.0,0.7781631
2023-08-12 18:00:00,18,30.3,33.3,96.0,91.0,0.3226636992
2023-08-12 19:00:00,19,29.3,29.675,12.0,95.0,0.040537502999999996
2023-08-12 20:00:00,20,28.7,28.7,0.0,100.0,0.0
2023-08-12 21:00:00,21,28.1,28.1,0.0,62.0,0.0
2023-08-12 22:00:00,22,27.2,27.2,0.0,98.0,0.0
2023-08-12 23:00:00,23,26.6,26.6,0.0,100.0,0.0
2023-08-13 00:00:00,0,26.2,26.2,0.0,100.0,0.0
2023-08-13 01:00:00,1,25.8,25.8,0.0,100.0,0.0
2023-08-13 02:00:00,2,25.5,25.5,0.0,100.0,0.0
2023-08-13 03:00:00,3,25.2,25.2,0.0,100.0,0.0
2023-08-13 04:00:00,4,25.2,25.2,0.0,100.0,0.0
2023-08-13 05:00:00,5,25.6,25.6,0.0,100.0,0.0
2023-08-13 06:00:00,6,25.6,25.725,4.0,100.0,0.013560560000000003
2023-08-13 07:00:00,7,25.7,27.23125,49.0,100.0,0.16511309500000002
2023-08-13 08:00:00,8,26.2,30.04375,123.0,100.0,0.40976281499999995
2023-08-13 09:00:00,9,27.0,34.0625,226.0,100.0,0.7405455000000001
2023-08-13 10:00:00,10,27.9,37.43125,305.0,100.0,0.985435175
2023-08-13 11:00:00,11,29.0,42.03125,417.0,100.0,1.321212375
2023-08-13 12:00:00,12,29.8,45.08125,489.0,100.0,1.529051655
2023-08-13 13:00:00,13,30.9,48.9,576.0,100.0,1.77117696
2023-08-13 14:00:00,14,31.5,49.375,572.0,100.0,1.755182
2023-08-13 15:00:00,15,31.8,50.26875,591.0,100.0,1.8062998950000002
2023-08-13 16:00:00,16,31.3,42.51875,359.0,100.0,1.135066455
2023-08-13 17:00:00,17,29.9,36.7125,218.0,100.0,0.7064747800000001
2023-08-13 18:00:00,18,29.1,32.2875,102.0,100.0,0.33669078
2023-08-13 19:00:00,19,28.0,28.34375,11.0,100.0,0.036899774999999996
2023-08-13 20:00:00,20,27.6,27.6,0.0,100.0,0.0
2023-08-13 21:00:00,21,27.2,27.2,0.0,100.0,0.0
2023-08-13 22:00:00,22,26.9,26.9,0.0,100.0,0.0
2023-08-13 23:00:00,23,26.6,26.6,0.0,85.0,0.0
2023-08-14 00:00:00,0,26.0,26.0,0.0,100.0,0.0
2023-08-14 01:00:00,1,25.5,25.5,0.0,100.0,0.0
2023-08-14 02:00:00,2,25.1,25.1,0.0,100.0,0.0
2023-08-14 03:00:00,3,25.0,25.0,0.0,100.0,0.0
2023-08-14 04:00:00,4,24.6,24.6,0.0,100.0,0.0
2023-08-14 05:00:00,5,24.4,24.4,0.0,100.0,0.0
2023-08-14 06:00:00,6,25.1,25.35,8.0,100.0,0.027161920000000003
2023-08-14 07:00:00,7,26.1,29.35,104.0,100.0,0.34744736000000004
2023-08-14 08:00:00,8,27.1,33.975,220.0,100.0,0.7211468000000001
2023-08-14 09:00:00,9,28.1,40.475,396.0,99.0,1.2662154846000002
2023-08-14 10:00:00,10,29.4,48.7125,618.0,93.0,1.9351844506499996
2023-08-14 11:00:00,11,30.2,49.075,604.0,100.0,1.85583832
2023-08-14 12:00:00,12,30.1,47.1,544.0,100.0,1.6860953600000004
2023-08-14 13:00:00,13,30.2,45.575,492.0,100.0,1.5351285599999998
2023-08-14 14:00:00,14,30.2,42.91875,407.0,100.0,1.2846161349999998
2023-08-14 15:00:00,15,30.0,39.96875,319.0,100.0,1.0196595750000002
2023-08-14 16:00:00,16,30.5,42.375,380.0,100.0,1.202206
2023-08-14 17:00:00,17,28.8,35.08125,201.0,97.0,0.6607607092125002
2023-08-14 18:00:00,18,28.4,31.9,112.0,94.0,0.3758442688000001
2023-08-14 19:00:00,19,27.4,27.74375,11.0,90.0,0.037914273374999995
2023-08-14 20:00:00,20,27.0,27.0,0.0,98.0,0.0
2023-08-14 21:00:00,21,26.8,26.8,0.0,100.0,0.0
2023-08-14 22:00:00,22,26.9,26.9,0.0,100.0,0.0
2023-08-14 23:00:00,23,26.8,26.8,0.0,93.0,0.0
2023-08-15 00:00:00,0,25.8,25.8,0.0,100.0,0.0
2023-08-15 01:00:00,1,25.5,25.5,0.0,100.0,0.0
2023-08-15 02:00:00,2,25.1,25.1,0.0,100.0,0.0
2023-08-15 03:00:00,3,24.6,24.6,0.0,100.0,0.0
2023-08-15 04:00:00,4,24.7,24.7,0.0,92.0,0.0
2023-08-15 05:00:00,5,25.1,25.1,0.0,96.0,0.0
2023-08-15 06:00:00,6,25.6,25.88125,9.0,73.0,0.0325503541125
2023-08-15 07:00:00,7,26.6,29.6,96.0,60.0,0.352433664
2023-08-15 08:00:00,8,27.9,36.3375,270.0,100.0,0.8763687
2023-08-15 09:00:00,9,29.6,44.81875,487.0,99.0,1.5283477961375
2023-08-15 10:00:00,10,30.4,50.99375,659.0,79.0,2.1130343797875
2023-08-15 11:00:00,11,31.3,53.01875,695.0,96.0,2.11914844275
2023-08-15 12:00:00,12,31.8,55.20625,749.0,34.0,2.6083267190750004
2023-08-15 13:00:00,13,32.3,56.70625,781.0,46.0,2.631643795825
2023-08-15 14:00:00,14,32.5,50.90625,589.0,40.0,2.06434266125
2023-08-15 15:00:00,15,33.0,50.1875,550.0,33.0,1.9632650812499997
2023-08-15 16:00:00,16,32.7,46.60625,445.0,42.0,1.5826636263750002
2023-08-15 17:00:00,17,30.0,37.4375,238.0,95.0,0.7785540787499999
2023-08-15 18:00:00,18,28.3,31.425,100.0,72.0,0.35445034
2023-08-15 19:00:00,19,27.7,27.95,8.0,38.0,0.031045291199999995
2023-08-15 20:00:00,20,26.9,26.9,0.0,25.0,0.0
2023-08-15 21:00:00,21,26.6,26.6,0.0,31.0,0.0
2023-08-15 22:00:00,22,26.1,26.1,0.0,22.0,0.0
2023-08-15 23:00:00,23,25.7,25.7,0.0,16.0,0.0
2023-08-16 00:00:00,0,25.6,25.6,0.0,20.0,0.0
2023-08-16 01:00:00,1,25.6,25.6,0.0,16.0,0.0
2023-08-16 02:00:00,2,25.6,25.6,0.0,6.0,0.0
2023-08-16 03:00:00,3,25.6,25.6,0.0,11.0,0.0
2023-08-16 04:00:00,4,25.5,25.5,0.0,7.0,0.0
2023-08-16 05:00:00,5,25.9,25.9,0.0,4.0,0.0
2023-08-16 06:00:00,6,26.1,26.35,8.0,43.0,0.030908189600000004
2023-08-16 07:00:00,7,26.8,29.925,100.0,42.0,0.38163079
2023-08-16 08:00:00,8,28.2,36.2625,258.0,28.0,0.9884649252000001
2023-08-16 09:00:00,9,29.9,44.3375,462.0,36.0,1.6811863992
2023-08-16 10:00:00,10,31.5,52.0625,658.0,55.0,2.21946319875
2023-08-16 11:00:00,11,32.2,52.04375,635.0,62.0,2.108367941625
2023-08-16 12:00:00,12,33.3,56.6125,746.0,94.0,2.2489073033
2023-08-16 13:00:00,13,33.8,54.89375,675.0,100.0,2.020575375
2023-08-16 14:00:00,14,33.5,48.3125,474.0,100.0,1.4613183
2023-08-16 15:00:00,15,33.8,47.45625,437.0,62.0,1.480810126425
2023-08-16 16:00:00,16,34.0,48.0625,450.0,25.0,1.64926828125
2023-08-16 17:00:00,17,29.9,38.5875,278.0,45.0,1.01672978225
2023-08-16 18:00:00,18,29.6,33.225,116.0,32.0,0.44626636080000004
2023-08-16 19:00:00,19,28.3,28.6125,10.0,9.0,0.041131929250000004
2023-08-16 20:00:00,20,28.0,28.0,0.0,26.0,0.0
2023-08-16 21:00:00,21,28.0,28.0,0.0,33.0,0.0
2023-08-16 22:00:00,22,27.8,27.8,0.0,35.0,0.0
2023-08-16 23:00:00,23,27.9,27.9,0.0,4.0,0.0
2023-08-17 00:00:00,0,27.6,27.6,0.0,8.0,0.0
2023-08-17 01:00:00,1,27.1,27.1,0.0,5.0,0.0
2023-08-17 02:00:00,2,26.5,26.5,0.0,0.0,0.0
2023-08-17 03:00:00,3,26.1,26.1,0.0,0.0,0.0
2023-08-17 04:00:00,4,25.6,25.6,0.0,0.0,0.0
2023-08-17 05:00:00,5,25.7,25.7,0.0,6.0,0.0
2023-08-17 06:00:00,6,25.7,25.95,8.0,79.0,0.0285192136
2023-08-17 07:00:00,7,26.6,30.25625,117.0,84.0,0.4050137052
2023-08-17 08:00:00,8,27.9,37.525,308.0,73.0,1.0618799114
2023-08-17 09:00:00,9,29.5,45.46875,511.0,14.0,1.9381077056250002
2023-08-17 10:00:00,10,31.0,52.5625,690.0,0.0,2.6091918749999996
2023-08-17 11:00:00,11,32.1,57.75625000000001,821.0,11.0,2.965365456337499
2023-08-17 12:00:00,12,32.9,59.087500000000006,838.0,35.0,2.86057721175
2023-08-17 13:00:00,13,33.3,59.39375,835.0,54.0,2.7299934011249998
2023-08-17 14:00:00,14,33.8,58.51875,791.0,22.0,2.782938340525
2023-08-17 15:00:00,15,33.8,54.08125,649.0,20.0,2.3399007059999994
2023-08-17 16:00:00,16,33.2,48.8875,502.0,22.0,1.8447397356999997
2023-08-17 17:00:00,17,32.6,41.725,292.0,68.0,1.0004922144
2023-08-17 18:00:00,18,31.1,34.69375,115.0,94.0,0.38147655962500004
2023-08-17 19:00:00,19,29.3,29.6125,10.0,100.0,0.033372700000000005
2023-08-17 20:00:00,20,29.2,29.2,0.0,100.0,0.0
2023-08-17 21:00:00,21,28.9,28.9,0.0,100.0,0.0
2023-08-17 22:00:00,22,28.3,28.3,0.0,100.0,0.0
2023-08-17 23:00:00,23,28.0,28.0,0.0,100.0,0.0
2023-08-18 00:00:00,0,27.4,27.4,0.0,99.0,0.0
2023-08-18 01:00:00,1,26.6,26.6,0.0,99.0,0.0
2023-08-18 02:00:00,2,26.1,26.1,0.0,100.0,0.0
2023-08-18 03:00:00,3,25.9,25.9,0.0,100.0,0.0
2023-08-18 04:00:00,4,25.5,25.5,0.0,100.0,0.0
2023-08-18 05:00:00,5,24.9,24.9,0.0,100.0,0.0
2023-08-18 06:00:00,6,25.0,25.25,8.0,89.0,0.027920052
2023-08-18 07:00:00,7,26.0,29.5625,114.0,26.0,0.4509236655
2023-08-18 08:00:00,8,27.6,37.44375,315.0,5.0,1.2593925815624998
2023-08-18 09:00:00,9,29.4,45.65,520.0,0.0,2.027454
2023-08-18 10:00:00,10,31.1,52.88125,697.0,5.0,2.6055662180624997
2023-08-18 11:00:00,11,32.3,58.1125,826.0,29.0,2.86889328705
2023-08-18 12:00:00,12,33.1,60.44375,875.0,79.0,2.6872633921875
2023-08-18 13:00:00,13,33.3,56.89375,755.0,77.0,2.3682870860625
2023-08-18 14:00:00,14,33.7,57.91875,775.0,92.0,2.3337971024999997
2023-08-18 15:00:00,15,33.9,54.525,660.0,19.0,2.379727779
2023-08-18 16:00:00,16,33.8,49.425,500.0,43.0,1.752492175
2023-08-18 17:00:00,17,33.0,42.53125,305.0,80.0,1.01249439375
2023-08-18 18:00:00,18,31.5,34.8125,106.0,97.0,0.34885120725
2023-08-18 19:00:00,19,30.4,30.65,8.0,100.0,0.026585280000000006
2023-08-18 20:00:00,20,29.4,29.4,0.0,94.0,0.0
2023-08-18 21:00:00,21,27.0,27.0,0.0,100.0,0.0
2023-08-18 22:00:00,22,27.0,27.0,0.0,100.0,0.0
2023-08-18 23:00:00,23,27.0,27.0,0.0,89.0,0.0
2023-08-19 00:00:00,0,26.5,26.5,0.0,47.0,0.0
2023-08-19 01:00:00,1,26.6,26.6,0.0,39.0,0.0
2023-08-19 02:00:00,2,26.6,26.6,0.0,31.0,0.0
2023-08-19 03:00:00,3,26.5,26.5,0.0,65.0,0.0
2023-08-19 04:00:00,4,26.1,26.1,0.0,51.0,0.0
2023-08-19 05:00:00,5,26.5,26.5,0.0,61.0,0.0
2023-08-19 06:00:00,6,26.4,26.61875,7.0,69.0,0.0254784518625
2023-08-19 07:00:00,7,27.3,30.6125,106.0,100.0,0.3523090200000001
2023-08-19 08:00:00,8,27.9,34.2125,202.0,100.0,0.6614914199999999
2023-08-19 09:00:00,9,29.0,38.71875,311.0,99.0,1.0018736129375
2023-08-19 10:00:00,10,31.0,48.4375,558.0,48.0,1.942851375
2023-08-19 11:00:00,11,32.1,54.25625,709.0,59.0,2.3466707373374995
2023-08-19 12:00:00,12,32.4,52.9625,658.0,20.0,2.3843630159999996
2023-08-19 13:00:00,13,33.1,58.31875,807.0,100.0,2.3781200549999997
2023-08-19 14:00:00,14,31.6,51.1,624.0,76.0,2.0141112575999998
2023-08-19 15:00:00,15,31.3,47.51875,519.0,16.0,1.94284092255
2023-08-19 16:00:00,16,32.3,48.05,504.0,10.0,1.905617448
2023-08-19 17:00:00,17,32.1,41.5375,302.0,12.0,1.1698301595999998
2023-08-19 18:00:00,18,31.0,34.21875,103.0,79.0,0.35499390968749994
2023-08-19 19:00:00,19,29.8,30.01875,7.0,96.0,0.023555437150000004
2023-08-19 20:00:00,20,29.0,29.0,0.0,98.0,0.0
2023-08-19 21:00:00,21,28.4,28.4,0.0,100.0,0.0
2023-08-19 22:00:00,22,28.0,28.0,0.0,100.0,0.0
2023-08-19 23:00:00,23,27.8,27.8,0.0,99.0,0.0
2023-08-20 00:00:00,0,27.6,27.6,0.0,100.0,0.0
2023-08-20 01:00:00,1,27.2,27.2,0.0,100.0,0.0
2023-08-20 02:00:00,2,26.9,26.9,0.0,99.0,0.0
2023-08-20 03:00:00,3,26.4,26.4,0.0,99.0,0.0
2023-08-20 04:00:00,4,26.4,26.4,0.0,91.0,0.0
2023-08-20 05:00:00,5,27.2,27.2,0.0,97.0,0.0
2023-08-20 06:00:00,6,27.2,27.41875,7.0,96.0,0.023805432350000006
2023-08-20 07:00:00,7,27.6,30.85,104.0,88.0,0.3556855328
2023-08-20 08:00:00,8,28.9,38.025,292.0,79.0,0.9904815637999997
2023-08-20 09:00:00,9,30.5,46.125,500.0,99.0,1.560240875
2023-08-20 10:00:00,10,31.5,51.0625,626.0,45.0,2.16866001625
2023-08-20 11:00:00,11,32.5,55.375,732.0,20.0,2.62369296
2023-08-20 12:00:00,12,33.1,59.256249999999994,837.0,64.0,2.6768811379499997
2023-08-20 13:00:00,13,33.3,57.425,772.0,16.0,2.7640797624
2023-08-20 14:00:00,14,33.7,57.075,748.0,71.0,2.3776332293999998
2023-08-20 15:00:00,15,34.4,54.5875,646.0,63.0,2.11557824555
2023-08-20 16:00:00,16,30.6,40.725,324.0,52.0,1.1561864832
2023-08-20 17:00:00,17,30.0,38.34375,267.0,67.0,0.9302422344375
2023-08-20 18:00:00,18,30.2,33.325,100.0,67.0,0.35579393499999995
2023-08-20 19:00:00,19,29.2,29.3875,6.0,71.0,0.02149502355
2023-08-20 20:00:00,20,28.8,28.8,0.0,14.0,0.0
2023-08-20 21:00:00,21,28.3,28.3,0.0,17.0,0.0
2023-08-20 22:00:00,22,27.8,27.8,0.0,21.0,0.0
2023-08-20 23:00:00,23,27.2,27.2,0.0,12.0,0.0
2023-08-21 00:00:00,0,27.2,27.2,0.0,10.0,0.0
2023-08-21 01:00:00,1,26.7,26.7,0.0,24.0,0.0
2023-08-21 02:00:00,2,26.5,26.5,0.0,29.0,0.0
2023-08-21 03:00:00,3,25.9,25.9,0.0,92.0,0.0
2023-08-21 04:00:00,4,25.9,25.9,0.0,68.0,0.0
2023-08-21 05:00:00,5,26.7,26.7,0.0,68.0,0.0
2023-08-21 06:00:00,6,27.3,27.51875,7.0,67.0,0.025503932737500002
2023-08-21 07:00:00,7,27.7,31.1375,110.0,73.0,0.38944353525000003
2023-08-21 08:00:00,8,27.7,34.2625,210.0,46.0,0.7803650505
2023-08-21 09:00:00,9,29.6,44.75625,485.0,83.0,1.5832320054374998
2023-08-21 10:00:00,10,31.2,52.075,668.0,100.0,2.02522904
2023-08-21 11:00:00,11,32.4,56.7125,778.0,100.0,2.3096563800000003
2023-08-21 12:00:00,12,33.5,59.71875,839.0,100.0,2.4564451750000003
2023-08-21 13:00:00,13,33.8,58.58125,793.0,100.0,2.3340329349999998
2023-08-21 14:00:00,14,33.9,55.65,696.0,87.0,2.1437584391999995
2023-08-21 15:00:00,15,34.2,52.825,596.0,26.0,2.1340210907999997
2023-08-21 16:00:00,16,33.9,47.55625,437.0,50.0,1.520711656875
2023-08-21 17:00:00,17,32.2,40.325,260.0,92.0,0.8464070159999999
2023-08-21 18:00:00,18,31.1,33.69375,83.0,90.0,0.279196157375
2023-08-21 19:00:00,19,30.0,30.1875,6.0,15.0,0.024221748749999997
2023-08-21 20:00:00,20,29.3,29.3,0.0,92.0,0.0
2023-08-21 21:00:00,21,28.8,28.8,0.0,97.0,0.0
2023-08-21 22:00:00,22,28.4,28.4,0.0,100.0,0.0
2023-08-21 23:00:00,23,27.8,27.8,0.0,100.0,0.0
2023-08-22 00:00:00,0,27.1,27.1,0.0,100.0,0.0
2023-08-22 01:00:00,1,27.0,27.0,0.0,100.0,0.0
2023-08-22 02:00:00,2,27.0,27.0,0.0,100.0,0.0
2023-08-22 03:00:00,3,27.1,27.1,0.0,100.0,0.0
2023-08-22 04:00:00,4,27.0,27.0,0.0,99.0,0.0
2023-08-22 05:00:00,5,27.9,27.9,0.0,97.0,0.0
2023-08-22 06:00:00,6,28.0,28.15625,5.0,100.0,0.016785375
2023-08-22 07:00:00,7,28.3,30.33125,65.0,100.0,0.216287175
2023-08-22 08:00:00,8,29.6,37.9125,266.0,100.0,0.8576877400000001
2023-08-22 09:00:00,9,31.2,44.85625,437.0,100.0,1.3677903350000002
2023-08-22 10:00:00,10,32.7,52.16875,623.0,100.0,1.8880046150000003
2023-08-22 11:00:00,11,34.0,58.3125,778.0,100.0,2.2927271
2023-08-22 12:00:00,12,35.1,61.506249999999994,845.0,100.0,2.453470175
2023-08-22 13:00:00,13,32.2,53.73125,689.0,100.0,2.073376695
2023-08-22 14:00:00,14,31.7,45.168749999999996,431.0,100.0,1.3471788550000001
2023-08-22 15:00:00,15,32.9,47.0875,454.0,100.0,1.40722294
2023-08-22 16:00:00,16,28.0,33.03125,161.0,100.0,0.5298147750000001
2023-08-22 17:00:00,17,29.2,31.85625,85.0,100.0,0.28107417500000004
2023-08-22 18:00:00,18,28.8,29.95625,37.0,100.0,0.123306015
2023-08-22 19:00:00,19,28.3,28.39375,3.0,100.0,0.010061535
2023-08-22 20:00:00,20,28.3,28.3,0.0,100.0,0.0
2023-08-22 21:00:00,21,28.5,28.5,0.0,100.0,0.0
2023-08-22 22:00:00,22,28.4,28.4,0.0,100.0,0.0
2023-08-22 23:00:00,23,28.4,28.4,0.0,100.0,0.0
2023-08-23 00:00:00,0,28.3,28.3,0.0,100.0,0.0
2023-08-23 01:00:00,1,28.1,28.1,0.0,100.0,0.0
2023-08-23 02:00:00,2,27.8,27.8,0.0,100.0,0.0
2023-08-23 03:00:00,3,27.5,27.5,0.0,100.0,0.0
2023-08-23 04:00:00,4,27.2,27.2,0.0,100.0,0.0
2023-08-23 05:00:00,5,26.1,26.1,0.0,100.0,0.0
2023-08-23 06:00:00,6,26.2,26.2625,2.0,100.0,0.0067656600000000015
2023-08-23 07:00:00,7,26.5,27.90625,45.0,100.0,0.151221375
2023-08-23 08:00:00,8,27.2,32.41875,167.0,100.0,0.550950535
2023-08-23 09:00:00,9,28.0,36.53125,273.0,100.0,0.8853867750000003
2023-08-23 10:00:00,10,29.3,44.76875,495.0,100.0,1.5499167750000002
2023-08-23 11:00:00,11,30.1,47.6,560.0,100.0,1.7318784000000003
2023-08-23 12:00:00,12,31.0,54.6875,758.0,100.0,2.2711575
2023-08-23 13:00:00,13,30.7,46.7625,514.0,100.0,1.5954714200000002
2023-08-23 14:00:00,14,30.4,42.61875,391.0,100.0,1.2357105350000002
2023-08-23 15:00:00,15,29.6,34.475,156.0,100.0,0.51029784
2023-08-23 16:00:00,16,29.5,33.875,140.0,100.0,0.45910200000000007
2023-08-23 17:00:00,17,28.4,31.275,92.0,100.0,0.30494872
2023-08-23 18:00:00,18,28.0,29.78125,57.0,100.0,0.19009357500000004
2023-08-23 19:00:00,19,27.5,27.625,4.0,100.0,0.013457200000000002
2023-08-23 20:00:00,20,27.6,27.6,0.0,100.0,0.0
2023-08-23 21:00:00,21,27.3,27.3,0.0,100.0,0.0
2023-08-23 22:00:00,22,26.9,26.9,0.0,100.0,0.0
2023-08-23 23:00:00,23,26.6,26.6,0.0,100.0,0.0
2023-08-24 00:00:00,0,26.2,26.2,0.0,100.0,0.0
2023-08-24 01:00:00,1,25.9,25.9,0.0,100.0,0.0
2023-08-24 02:00:00,2,25.6,25.6,0.0,100.0,0.0
2023-08-24 03:00:00,3,25.3,25.3,0.0,92.0,0.0
2023-08-24 04:00:00,4,24.8,24.8,0.0,58.0,0.0
2023-08-24 05:00:00,5,25.1,25.1,0.0,95.0,0.0
2023-08-24 06:00:00,6,25.4,25.5875,6.0,100.0,0.02035206
2023-08-24 07:00:00,7,25.8,28.01875,71.0,100.0,0.23848509499999998
2023-08-24 08:00:00,8,26.7,34.7,256.0,100.0,0.8366284800000001
2023-08-24 09:00:00,9,27.5,38.46875,351.0,100.0,1.129105575
2023-08-24 10:00:00,10,28.3,43.58125,489.0,100.0,1.539027255
2023-08-24 11:00:00,11,28.8,45.76875,543.0,100.0,1.6928269350000005
2023-08-24 12:00:00,12,29.5,45.03125,497.0,100.0,1.554404775
2023-08-24 13:00:00,13,30.0,44.4375,462.0,100.0,1.4486703
2023-08-24 14:00:00,14,30.8,44.8625,450.0,100.0,1.4084415
2023-08-24 15:00:00,15,30.8,46.95625,517.0,100.0,1.603421215
2023-08-24 16:00:00,16,31.0,42.28125,361.0,100.0,1.142555975
2023-08-24 17:00:00,17,29.4,35.05625,181.0,100.0,0.590645535
2023-08-24 18:00:00,18,28.4,30.61875,71.0,100.0,0.23597453499999999
2023-08-24 19:00:00,19,27.4,27.55625,5.0,100.0,0.016826175000000002
2023-08-24 20:00:00,20,26.9,26.9,0.0,100.0,0.0
2023-08-24 21:00:00,21,26.8,26.8,0.0,90.0,0.0
2023-08-24 22:00:00,22,25.7,25.7,0.0,78.0,0.0
2023-08-24 23:00:00,23,25.7,25.7,0.0,95.0,0.0
2023-08-25 00:00:00,0,25.4,25.4,0.0,95.0,0.0
2023-08-25 01:00:00,1,25.2,25.2,0.0,100.0,0.0
2023-08-25 02:00:00,2,25.1,25.1,0.0,100.0,0.0
2023-08-25 03:00:00,3,24.7,24.7,0.0,100.0,0.0
2023-08-25 04:00:00,4,24.4,24.4,0.0,99.0,0.0
2023-08-25 05:00:00,5,24.9,24.9,0.0,98.0,0.0
2023-08-25 06:00:00,6,24.8,24.9875,6.0,100.0,0.0204
2023-08-25 07:00:00,7,25.6,29.00625,109.0,99.0,0.3655727878375
2023-08-25 08:00:00,8,26.7,36.0125,298.0,98.0,0.9734113826999999
2023-08-25 09:00:00,9,28.0,43.9375,510.0,97.0,1.6146693712500002
2023-08-25 10:00:00,10,29.3,50.7375,686.0,80.0,2.196893391
2023-08-25 11:00:00,11,29.9,52.55625,725.0,91.0,2.2426445209374997
2023-08-25 12:00:00,12,30.6,51.88125,681.0,68.0,2.2317515441999998
2023-08-25 13:00:00,13,31.3,54.3625,738.0,100.0,2.21449446
2023-08-25 14:00:00,14,30.3,46.20625,509.0,80.0,1.66299194775
2023-08-25 15:00:00,15,31.0,48.96875,575.0,89.0,1.8161723953124997
2023-08-25 16:00:00,16,30.2,38.29375,259.0,19.0,1.0026133492374998
2023-08-25 17:00:00,17,29.6,37.88125,265.0,38.0,0.9870352511249999
2023-08-25 18:00:00,18,28.0,31.25,104.0,6.0,0.4257786
2023-08-25 19:00:00,19,26.3,26.45625,5.0,56.0,0.01876008225
2023-08-25 20:00:00,20,27.3,27.3,0.0,10.0,0.0
2023-08-25 21:00:00,21,27.2,27.2,0.0,0.0,0.0
2023-08-25 22:00:00,22,26.4,26.4,0.0,0.0,0.0
2023-08-25 23:00:00,23,25.8,25.8,0.0,1.0,0.0
2023-08-26 00:00:00,0,25.1,25.1,0.0,35.0,0.0
2023-08-26 01:00:00,1,24.7,24.7,0.0,21.0,0.0
2023-08-26 02:00:00,2,24.4,24.4,0.0,18.0,0.0
2023-08-26 03:00:00,3,24.4,24.4,0.0,18.0,0.0
2023-08-26 04:00:00,4,24.5,24.5,0.0,100.0,0.0
2023-08-26 05:00:00,5,25.0,25.0,0.0,99.0,0.0
2023-08-26 06:00:00,6,25.6,25.75625,5.0,40.0,0.019490861249999998
2023-08-26 07:00:00,7,26.3,28.95625,85.0,60.0,0.31286923250000004
2023-08-26 08:00:00,8,27.4,35.525,260.0,1.0,1.056362541
2023-08-26 09:00:00,9,28.9,45.15,520.0,0.0,2.0318739999999997
2023-08-26 10:00:00,10,30.0,51.9375,702.0,8.0,2.6194354289999997
2023-08-26 11:00:00,11,30.8,56.206250000000004,813.0,10.0,2.963469450375
2023-08-26 12:00:00,12,31.5,57.8125,842.0,43.0,2.8414631937500006
2023-08-26 13:00:00,13,32.0,57.71875,823.0,19.0,2.9244626539375003
2023-08-26 14:00:00,14,32.7,57.04375,779.0,24.0,2.7478476770499998
2023-08-26 15:00:00,15,32.8,52.3,624.0,26.0,2.2395567168
2023-08-26 16:00:00,16,32.4,46.49375,451.0,30.0,1.646839973625
2023-08-26 17:00:00,17,29.4,37.68125,265.0,5.0,1.0584297590625
2023-08-26 18:00:00,18,27.5,29.9375,78.0,34.0,0.30285607949999993
2023-08-26 19:00:00,19,27.0,27.125,4.0,22.0,0.016113858000000002
2023-08-26 20:00:00,20,27.3,27.3,0.0,26.0,0.0
2023-08-26 21:00:00,21,27.0,27.0,0.0,6.0,0.0
2023-08-26 22:00:00,22,26.5,26.5,0.0,2.0,0.0
2023-08-26 23:00:00,23,25.7,25.7,0.0,0.0,0.0
2023-08-27 00:00:00,0,25.3,25.3,0.0,0.0,0.0
2023-08-27 01:00:00,1,24.9,24.9,0.0,0.0,0.0
2023-08-27 02:00:00,2,24.2,24.2,0.0,0.0,0.0
2023-08-27 03:00:00,3,23.6,23.6,0.0,0.0,0.0
2023-08-27 04:00:00,4,23.2,23.2,0.0,8.0,0.0
2023-08-27 05:00:00,5,23.9,23.9,0.0,0.0,0.0
2023-08-27 06:00:00,6,24.1,24.2875,6.0,0.0,0.0255
2023-08-27 07:00:00,7,25.2,28.7,112.0,1.0,0.4680172896
2023-08-27 08:00:00,8,26.8,36.425,308.0,7.0,1.2316901982000001
2023-08-27 09:00:00,9,28.4,44.0875,502.0,9.0,1.9351363440499996
2023-08-27 10:00:00,10,29.7,50.8875,678.0,56.0,2.2938111594
2023-08-27 11:00:00,11,30.7,54.3875,758.0,48.0,2.5699026581999997
2023-08-27 12:00:00,12,31.3,56.987500000000004,822.0,14.0,2.9612044881
2023-08-27 13:00:00,13,31.8,56.83125,801.0,17.0,2.8697965372124994
2023-08-27 14:00:00,14,32.1,55.31875,743.0,7.0,2.7359467545875
2023-08-27 15:00:00,15,32.3,53.3,672.0,28.0,2.3908695552
2023-08-27 16:00:00,16,31.8,46.456250000000004,469.0,15.0,1.7675139391874997
2023-08-27 17:00:00,17,30.6,39.06875,271.0,20.0,1.043457858
2023-08-27 18:00:00,18,29.4,32.4,96.0,18.0,0.3816699648
2023-08-27 19:00:00,19,28.4,28.525,4.0,23.0,0.0159893262
2023-08-27 20:00:00,20,27.6,27.6,0.0,16.0,0.0
2023-08-27 21:00:00,21,26.9,26.9,0.0,11.0,0.0
2023-08-27 22:00:00,22,26.2,26.2,0.0,6.0,0.0
2023-08-27 23:00:00,23,25.4,25.4,0.0,2.0,0.0
2023-08-28 00:00:00,0,25.2,25.2,0.0,5.0,0.0
2023-08-28 01:00:00,1,25.2,25.2,0.0,24.0,0.0
2023-08-28 02:00:00,2,25.1,25.1,0.0,15.0,0.0
2023-08-28 03:00:00,3,24.8,24.8,0.0,1.0,0.0
2023-08-28 04:00:00,4,24.7,24.7,0.0,6.0,0.0
2023-08-28 05:00:00,5,25.1,25.1,0.0,4.0,0.0
2023-08-28 06:00:00,6,25.1,25.25625,5.0,4.0,0.021058392999999998
2023-08-28 07:00:00,7,25.7,29.075,108.0,1.0,0.4506152634
2023-08-28 08:00:00,8,26.7,36.23125,305.0,0.0,1.2380159687499999
2023-08-28 09:00:00,9,28.2,44.23125,513.0,0.0,2.01253426875
2023-08-28 10:00:00,10,29.8,51.4875,694.0,0.0,2.637000475
2023-08-28 11:00:00,11,31.3,57.14375,827.0,0.0,3.06284101875
2023-08-28 12:00:00,12,32.3,60.20625,893.0,8.0,3.20861137605
2023-08-28 13:00:00,13,32.8,60.3,880.0,19.0,3.089859344
2023-08-28 14:00:00,14,33.1,57.6625,786.0,31.0,2.7240117271499997
2023-08-28 15:00:00,15,32.9,53.24375,651.0,34.0,2.2872924222749997
2023-08-28 16:00:00,16,32.4,46.9625,466.0,17.0,1.74509163045
2023-08-28 17:00:00,17,31.2,39.85625,277.0,8.0,1.08957524805
2023-08-28 18:00:00,18,29.8,32.8625,98.0,7.0,0.39775345995
2023-08-28 19:00:00,19,28.8,28.925,4.0,8.0,0.016465370400000002
2023-08-28 20:00:00,20,28.3,28.3,0.0,4.0,0.0
2023-08-28 21:00:00,21,27.8,27.8,0.0,5.0,0.0
2023-08-28 22:00:00,22,27.2,27.2,0.0,2.0,0.0
2023-08-28 23:00:00,23,26.6,26.6,0.0,0.0,0.0
2023-08-29 00:00:00,0,26.1,26.1,0.0,0.0,0.0
2023-08-29 01:00:00,1,25.5,25.5,0.0,0.0,0.0
2023-08-29 02:00:00,2,24.9,24.9,0.0,0.0,0.0
2023-08-29 03:00:00,3,24.5,24.5,0.0,0.0,0.0
2023-08-29 04:00:00,4,24.1,24.1,0.0,0.0,0.0
2023-08-29 05:00:00,5,24.5,24.5,0.0,0.0,0.0
2023-08-29 06:00:00,6,24.8,24.95625,5.0,0.0,0.02125
2023-08-29 07:00:00,7,25.9,29.30625,109.0,0.0,0.45527051874999996
2023-08-29 08:00:00,8,27.3,36.83125,305.0,0.0,1.23490496875
2023-08-29 09:00:00,9,28.8,44.89375,515.0,0.0,2.0145802187500004
2023-08-29 10:00:00,10,30.4,52.2125,698.0,28.0,2.4955550723999997
2023-08-29 11:00:00,11,31.3,55.14375,763.0,14.0,2.7719062670250003
2023-08-29 12:00:00,12,31.9,58.58749999999999,854.0,14.0,3.0539041280999997
2023-08-29 13:00:00,13,32.4,59.05624999999999,853.0,21.0,2.9998815053624996
2023-08-29 14:00:00,14,32.6,56.975,780.0,7.0,2.850537339
2023-08-29 15:00:00,15,32.8,53.6125,666.0,3.0,2.49150997935
2023-08-29 16:00:00,16,32.7,48.41875,503.0,6.0,1.914246313525
2023-08-29 17:00:00,17,32.1,41.06875,287.0,6.0,1.127654361925
2023-08-29 18:00:00,18,30.3,33.1125,90.0,13.0,0.36046559024999997
2023-08-29 19:00:00,19,29.1,29.19375,3.0,19.0,0.0120597462375
2023-08-29 20:00:00,20,28.1,28.1,0.0,7.0,0.0
2023-08-29 21:00:00,21,27.4,27.4,0.0,2.0,0.0
2023-08-29 22:00:00,22,27.1,27.1,0.0,2.0,0.0
2023-08-29 23:00:00,23,26.8,26.8,0.0,1.0,0.0
2023-08-30 00:00:00,0,26.1,26.1,0.0,1.0,0.0
2023-08-30 01:00:00,1,25.5,25.5,0.0,1.0,0.0
2023-08-30 02:00:00,2,25.3,25.3,0.0,0.0,0.0
2023-08-30 03:00:00,3,24.9,24.9,0.0,0.0,0.0
2023-08-30 04:00:00,4,24.5,24.5,0.0,1.0,0.0
2023-08-30 05:00:00,5,24.8,24.8,0.0,0.0,0.0
2023-08-30 06:00:00,6,25.2,25.35625,5.0,0.0,0.02121971875
2023-08-30 07:00:00,7,26.5,29.84375,107.0,0.0,0.44593921875
2023-08-30 08:00:00,8,28.2,37.66875,303.0,0.0,1.2224932687499999
2023-08-30 09:00:00,9,30.0,45.9375,510.0,0.0,1.985971875
2023-08-30 10:00:00,10,31.6,53.1,688.0,15.0,2.5174821279999993
2023-08-30 11:00:00,11,32.5,55.5,736.0,25.0,2.6090647999999996
2023-08-30 12:00:00,12,33.0,57.875,796.0,30.0,2.7618473700000004
2023-08-30 13:00:00,13,33.2,57.5125,778.0,27.0,2.7211592325500003
2023-08-30 14:00:00,14,33.5,55.5625,706.0,50.0,2.3703199875
2023-08-30 15:00:00,15,33.7,51.0125,554.0,76.0,1.7888681052000004
2023-08-30 16:00:00,16,33.4,43.4625,322.0,73.0,1.0823905788500001
2023-08-30 17:00:00,17,26.9,33.24375,203.0,62.0,0.7308475172250002
2023-08-30 18:00:00,18,27.5,30.0625,82.0,25.0,0.32437073125000004
2023-08-30 19:00:00,19,26.8,26.89375,3.0,4.0,0.0125521914
2023-08-30 20:00:00,20,25.8,25.8,0.0,3.0,0.0
2023-08-30 21:00:00,21,25.1,25.1,0.0,4.0,0.0
2023-08-30 22:00:00,22,24.8,24.8,0.0,6.0,0.0
2023-08-30 23:00:00,23,24.8,24.8,0.0,2.0,0.0
2023-08-31 00:00:00,0,24.7,24.7,0.0,0.0,0.0
2023-08-31 01:00:00,1,24.4,24.4,0.0,3.0,0.0
2023-08-31 02:00:00,2,24.5,24.5,0.0,4.0,0.0
2023-08-31 03:00:00,3,24.6,24.6,0.0,2.0,0.0
2023-08-31 04:00:00,4,24.4,24.4,0.0,1.0,0.0
2023-08-31 05:00:00,5,25.9,25.9,0.0,3.0,0.0
2023-08-31 06:00:00,6,26.0,26.15625,5.0,0.0,0.021151718750000003
2023-08-31 07:00:00,7,27.0,30.375,108.0,0.0,0.4491315
2023-08-31 08:00:00,8,28.7,38.2625,306.0,0.0,1.231508475
2023-08-31 09:00:00,9,30.7,46.73125,513.0,3.0,1.9787873781374998
2023-08-31 10:00:00,10,32.3,54.01875,695.0,12.0,2.548232025499999
2023-08-31 11:00:00,11,33.3,58.1125,794.0,11.0,2.8631414305500003
2023-08-31 12:00:00,12,33.9,58.86875,799.0,23.0,2.8006680733875
2023-08-31 13:00:00,13,34.3,59.95625,821.0,18.0,2.8933164564749996
2023-08-31 14:00:00,14,34.5,57.6875,742.0,17.0,2.6479797592499996
2023-08-31 15:00:00,15,34.5,53.375,604.0,19.0,2.1891709709999994
2023-08-31 16:00:00,16,33.8,47.64375,443.0,22.0,1.636882242325
2023-08-31 17:00:00,17,34.0,42.21875,263.0,27.0,0.9845636604375
2023-08-31 18:00:00,18,32.0,34.53125,81.0,29.0,0.31192019156249995
2023-08-31 19:00:00,19,30.1,30.1625,2.0,25.0,0.00790825125
2023-08-31 20:00:00,20,29.4,29.4,0.0,14.0,0.0
2023-08-31 21:00:00,21,28.9,28.9,0.0,6.0,0.0
2023-08-31 22:00:00,22,28.4,28.4,0.0,2.0,0.0
2023-08-31 23:00:00,23,27.8,27.8,0.0,2.0,0.0
2023-09-01 00:00:00,0,27.3,27.3,0.0,1.0,0.0
2023-09-01 01:00:00,1,27.1,27.1,0.0,0.0,0.0
2023-09-01 02:00:00,2,26.7,26.7,0.0,7.0,0.0
2023-09-01 03:00:00,3,26.4,26.4,0.0,6.0,0.0
2023-09-01 04:00:00,4,26.1,26.1,0.0,6.0,0.0
2023-09-01 05:00:00,5,26.8,26.8,0.0,1.0,0.0
2023-09-01 06:00:00,6,26.9,27.025,4.0,20.0,0.016187807999999998
2023-09-01 07:00:00,7,27.8,30.9875,102.0,15.0,0.41042414474999994
2023-09-01 08:00:00,8,29.4,38.2125,282.0,1.0,1.13288895645
2023-09-01 09:00:00,9,31.2,46.91875,503.0,0.0,1.95032276875
2023-09-01 10:00:00,10,32.9,54.275,684.0,1.0,2.5614571194
2023-09-01 11:00:00,11,34.0,59.21875,807.0,22.0,2.8300496381249998
2023-09-01 12:00:00,12,34.4,58.7125,778.0,12.0,2.7919636316
2023-09-01 13:00:00,13,34.8,61.08125,841.0,12.0,2.9849948559
2023-09-01 14:00:00,14,35.1,59.31875,775.0,16.0,2.75066925375
2023-09-01 15:00:00,15,35.1,55.475,652.0,23.0,2.3212872054
2023-09-01 16:00:00,16,34.4,48.99375,467.0,6.0,1.772732455325
2023-09-01 17:00:00,17,33.6,41.7875,262.0,4.0,1.0304186471999999
2023-09-01 18:00:00,18,32.1,34.6625,82.0,3.0,0.33302029215000006
2023-09-01 19:00:00,19,31.1,31.1625,2.0,1.0,0.008273894050000001
2023-09-01 20:00:00,20,30.6,30.6,0.0,1.0,0.0
2023-09-01 21:00:00,21,29.6,29.6,0.0,5.0,0.0
2023-09-01 22:00:00,22,28.9,28.9,0.0,0.0,0.0
2023-09-01 23:00:00,23,28.4,28.4,0.0,0.0,0.0
2023-09-02 00:00:00,0,27.8,27.8,0.0,0.0,0.0
2023-09-02 01:00:00,1,27.5,27.5,0.0,0.0,0.0
2023-09-02 02:00:00,2,27.1,27.1,0.0,0.0,0.0
2023-09-02 03:00:00,3,26.7,26.7,0.0,0.0,0.0
2023-09-02 04:00:00,4,26.5,26.5,0.0,0.0,0.0
2023-09-02 05:00:00,5,26.7,26.7,0.0,0.0,0.0
2023-09-02 06:00:00,6,26.7,26.825,4.0,0.0,0.016875900000000003
2023-09-02 07:00:00,7,27.6,30.88125,105.0,0.0,0.43575196875
2023-09-02 08:00:00,8,29.2,38.60625,301.0,1.0,1.2072075651124996
2023-09-02 09:00:00,9,31.1,46.975,508.0,0.0,1.9692238999999998
2023-09-02 10:00:00,10,32.6,54.06875,687.0,0.0,2.5802560687500002
2023-09-02 11:00:00,11,33.7,59.2,816.0,0.0,2.9935776
2023-09-02 12:00:00,12,34.5,62.0625,882.0,14.0,3.1033868985
2023-09-02 13:00:00,13,35.1,60.88125,825.0,15.0,2.9129250046875
2023-09-02 14:00:00,14,35.3,58.33125,737.0,17.0,2.6223449146125
2023-09-02 15:00:00,15,35.1,55.56875,655.0,5.0,2.4189332990625005
2023-09-02 16:00:00,16,34.7,49.98125,489.0,4.0,1.8556162217999996
2023-09-02 17:00:00,17,33.9,42.65,280.0,2.0,1.1015620560000001
2023-09-02 18:00:00,18,32.2,34.8875,86.0,6.0,0.34683194129999995
2023-09-02 19:00:00,19,30.7,30.7625,2.0,1.0,0.008287466850000001
2023-09-02 20:00:00,20,29.7,29.7,0.0,0.0,0.0
2023-09-02 21:00:00,21,28.7,28.7,0.0,0.0,0.0
2023-09-02 22:00:00,22,28.1,28.1,0.0,0.0,0.0
2023-09-02 23:00:00,23,27.8,27.8,0.0,0.0,0.0
2023-09-03 00:00:00,0,27.3,27.3,0.0,0.0,0.0
2023-09-03 01:00:00,1,26.9,26.9,0.0,0.0,0.0
2023-09-03 02:00:00,2,26.3,26.3,0.0,0.0,0.0
2023-09-03 03:00:00,3,25.8,25.8,0.0,0.0,0.0
2023-09-03 04:00:00,4,25.5,25.5,0.0,0.0,0.0
2023-09-03 05:00:00,5,25.4,25.4,0.0,0.0,0.0
2023-09-03 06:00:00,6,25.4,25.525,4.0,0.0,0.0169643
2023-09-03 07:00:00,7,26.4,29.7125,106.0,0.0,0.442008075
2023-09-03 08:00:00,8,28.2,37.73125,305.0,0.0,1.2302384687499999
2023-09-03 09:00:00,9,30.0,46.09375,515.0,0.0,2.00407421875
2023-09-03 10:00:00,10,31.6,53.38125,697.0,0.0,2.6259605687499996
2023-09-03 11:00:00,11,32.9,58.74375,827.0,0.0,3.04034661875
2023-09-03 12:00:00,12,33.8,61.64375,891.0,0.0,3.23170711875
2023-09-03 13:00:00,13,34.5,62.1875,886.0,0.0,3.205381875
2023-09-03 14:00:00,14,34.8,60.175,812.0,0.0,2.9654443
2023-09-03 15:00:00,15,34.9,56.05625,677.0,0.0,2.51982361875
2023-09-03 16:00:00,16,34.5,49.84375,491.0,1.0,1.8756204603124997
2023-09-03 17:00:00,17,33.4,42.11875,279.0,1.0,1.1023466572125
2023-09-03 18:00:00,18,31.1,33.7875,86.0,0.0,0.3526526749999999
2023-09-03 19:00:00,19,29.3,29.33125,1.0,0.0,0.00417636875
2023-09-03 20:00:00,20,28.4,28.4,0.0,0.0,0.0
2023-09-03 21:00:00,21,27.4,27.4,0.0,0.0,0.0
2023-09-03 22:00:00,22,27.2,27.2,0.0,0.0,0.0
2023-09-03 23:00:00,23,27.3,27.3,0.0,0.0,0.0
2023-09-04 00:00:00,0,27.0,27.0,0.0,0.0,0.0
2023-09-04 01:00:00,1,26.7,26.7,0.0,0.0,0.0
2023-09-04 02:00:00,2,26.4,26.4,0.0,0.0,0.0
2023-09-04 03:00:00,3,26.0,26.0,0.0,0.0,0.0
2023-09-04 04:00:00,4,25.6,25.6,0.0,0.0,0.0
2023-09-04 05:00:00,5,25.9,25.9,0.0,0.0,0.0
2023-09-04 06:00:00,6,26.0,26.125,4.0,0.0,0.0169235
2023-09-04 07:00:00,7,27.0,30.25,104.0,0.0,0.432718
2023-09-04 08:00:00,8,28.8,38.20625,301.0,0.0,1.2116736187499997
2023-09-04 09:00:00,9,30.7,46.66875,511.0,0.0,1.98351356875
2023-09-04 10:00:00,10,32.3,53.8625,690.0,0.0,2.5939428749999998
2023-09-04 11:00:00,11,33.6,59.224999999999994,820.0,3.0,2.9898560789999995
2023-09-04 12:00:00,12,34.4,61.2125,858.0,12.0,3.0434651676
2023-09-04 13:00:00,13,34.9,61.11875,839.0,25.0,2.8980588553124997
2023-09-04 14:00:00,14,34.9,58.15,744.0,21.0,2.6275246103999996
2023-09-04 15:00:00,15,34.9,54.9625,642.0,11.0,2.3486565109499997
2023-09-04 16:00:00,16,34.7,48.91875,455.0,67.0,1.5144075139375
2023-09-04 17:00:00,17,34.1,41.85,248.0,38.0,0.9082554096
2023-09-04 18:00:00,18,32.5,34.9375,78.0,10.0,0.31195641749999997
2023-09-04 19:00:00,19,31.5,31.53125,1.0,8.0,0.00407274525
2023-09-04 20:00:00,20,30.7,30.7,0.0,4.0,0.0
2023-09-04 21:00:00,21,29.8,29.8,0.0,2.0,0.0
2023-09-04 22:00:00,22,28.8,28.8,0.0,5.0,0.0
2023-09-04 23:00:00,23,28.4,28.4,0.0,23.0,0.0
2023-09-05 00:00:00,0,28.2,28.2,0.0,100.0,0.0
2023-09-05 01:00:00,1,28.4,28.4,0.0,14.0,0.0
2023-09-05 02:00:00,2,26.7,26.7,0.0,0.0,0.0
2023-09-05 03:00:00,3,25.9,25.9,0.0,0.0,0.0
2023-09-05 04:00:00,4,25.8,25.8,0.0,0.0,0.0
2023-09-05 05:00:00,5,26.2,26.2,0.0,0.0,0.0
2023-09-05 06:00:00,6,26.4,26.525,4.0,0.0,0.016896300000000003
2023-09-05 07:00:00,7,27.4,30.65,104.0,0.0,0.43201080000000003
2023-09-05 08:00:00,8,29.5,38.96875,303.0,0.0,1.2157969687499999
2023-09-05 09:00:00,9,31.9,47.86875,511.0,0.0,1.9730891687500003
2023-09-05 10:00:00,10,33.5,55.09375,691.0,0.0,2.5832387187499997
2023-09-05 11:00:00,11,34.7,60.35625,821.0,24.0,2.8519852434499993
2023-09-05 12:00:00,12,35.2,60.48125,809.0,35.0,2.7437570229375
2023-09-05 13:00:00,13,35.5,58.96875,751.0,29.0,2.5981028525624996
2023-09-05 14:00:00,14,35.7,59.2625,754.0,9.0,2.71554745605
2023-09-05 15:00:00,15,35.8,54.925,612.0,30.0,2.152280682
2023-09-05 16:00:00,16,35.2,49.2,448.0,54.0,1.5339659776
2023-09-05 17:00:00,17,32.0,39.0,224.0,41.0,0.8249955840000001
2023-09-05 18:00:00,18,29.6,31.1625,50.0,31.0,0.19441163874999998
2023-09-05 19:00:00,19,29.9,29.93125,1.0,6.0,0.004116174725
2023-09-05 20:00:00,20,29.0,29.0,0.0,9.0,0.0
2023-09-05 21:00:00,21,27.9,27.9,0.0,3.0,0.0
2023-09-05 22:00:00,22,27.6,27.6,0.0,2.0,0.0
2023-09-05 23:00:00,23,27.3,27.3,0.0,3.0,0.0
2023-09-06 00:00:00,0,26.6,26.6,0.0,6.0,0.0
2023-09-06 01:00:00,1,25.9,25.9,0.0,1.0,0.0
2023-09-06 02:00:00,2,25.5,25.5,0.0,1.0,0.0
2023-09-06 03:00:00,3,25.5,25.5,0.0,0.0,0.0
2023-09-06 04:00:00,4,25.3,25.3,0.0,2.0,0.0
2023-09-06 05:00:00,5,25.6,25.6,0.0,0.0,0.0
2023-09-06 06:00:00,6,25.6,25.69375,3.0,8.0,0.012511184849999999
2023-09-06 07:00:00,7,26.8,29.8,96.0,6.0,0.3953644032
2023-09-06 08:00:00,8,28.9,37.86875,287.0,2.0,1.152335515275
2023-09-06 09:00:00,9,30.7,46.2,496.0,0.0,1.9292416000000001
2023-09-06 10:00:00,10,32.0,53.0,672.0,5.0,2.5107667200000003
2023-09-06 11:00:00,11,33.2,57.8875,790.0,17.0,2.8166829652499996
2023-09-06 12:00:00,12,33.9,59.3375,814.0,21.0,2.858995492649999
2023-09-06 13:00:00,13,34.4,58.9,784.0,13.0,2.8052960992
2023-09-06 14:00:00,14,34.8,58.70625,765.0,16.0,2.7228874117500004
2023-09-06 15:00:00,15,34.6,53.56875,607.0,15.0,2.2164005966875
2023-09-06 16:00:00,16,33.9,47.49375,435.0,10.0,1.6487605443749997
2023-09-06 17:00:00,17,31.5,39.4375,254.0,26.0,0.9642666135
2023-09-06 18:00:00,18,28.5,30.3125,58.0,64.0,0.21038035500000002
2023-09-06 19:00:00,19,27.0,27.03125,1.0,42.0,0.0038613693750000006
2023-09-06 20:00:00,20,26.7,26.7,0.0,31.0,0.0
2023-09-06 21:00:00,21,26.3,26.3,0.0,66.0,0.0
2023-09-06 22:00:00,22,25.9,25.9,0.0,43.0,0.0
2023-09-06 23:00:00,23,25.3,25.3,0.0,41.0,0.0
2023-09-07 00:00:00,0,25.0,25.0,0.0,8.0,0.0
2023-09-07 01:00:00,1,24.6,24.6,0.0,15.0,0.0
2023-09-07 02:00:00,2,24.3,24.3,0.0,3.0,0.0
2023-09-07 03:00:00,3,24.3,24.3,0.0,0.0,0.0
2023-09-07 04:00:00,4,24.6,24.6,0.0,0.0,0.0
2023-09-07 05:00:00,5,24.3,24.3,0.0,17.0,0.0
2023-09-07 06:00:00,6,25.1,25.19375,3.0,1.0,0.0127146385125
2023-09-07 07:00:00,7,27.2,30.29375,99.0,79.0,0.34676980098750004
2023-09-07 08:00:00,8,29.7,38.66875,287.0,21.0,1.1046316416625
2023-09-07 09:00:00,9,30.8,45.675,476.0,17.0,1.7926041713999998
2023-09-07 10:00:00,10,32.0,52.15625,645.0,3.0,2.4288208284375004
2023-09-07 11:00:00,11,33.0,57.3125,778.0,7.0,2.83882698675
2023-09-07 12:00:00,12,33.7,59.23125,817.0,14.0,2.912901428025
2023-09-07 13:00:00,13,34.3,59.6125,810.0,44.0,2.7048879180000007
2023-09-07 14:00:00,14,34.4,55.43125,673.0,31.0,2.3563367324875
2023-09-07 15:00:00,15,34.6,51.85,552.0,18.0,2.0186541744
2023-09-07 16:00:00,16,34.1,47.63125,433.0,17.0,1.6167568822124998
2023-09-07 17:00:00,17,29.6,36.63125,225.0,75.0,0.7749963984374999
2023-09-07 18:00:00,18,30.0,32.09375,67.0,54.0,0.24678983512499997
2023-09-07 19:00:00,19,29.2,29.2,0.0,37.0,0.0
2023-09-07 20:00:00,20,28.2,28.2,0.0,85.0,0.0
2023-09-07 21:00:00,21,27.4,27.4,0.0,67.0,0.0
2023-09-07 22:00:00,22,27.1,27.1,0.0,21.0,0.0
2023-09-07 23:00:00,23,26.8,26.8,0.0,18.0,0.0
2023-09-08 00:00:00,0,26.5,26.5,0.0,11.0,0.0
2023-09-08 01:00:00,1,26.3,26.3,0.0,21.0,0.0
2023-09-08 02:00:00,2,25.9,25.9,0.0,11.0,0.0
2023-09-08 03:00:00,3,25.7,25.7,0.0,49.0,0.0
2023-09-08 04:00:00,4,25.9,25.9,0.0,95.0,0.0
2023-09-08 05:00:00,5,26.6,26.6,0.0,81.0,0.0
2023-09-08 06:00:00,6,26.6,26.69375,3.0,13.0,0.0123343646625
2023-09-08 07:00:00,7,27.8,30.8,96.0,24.0,0.3794047487999999
2023-09-08 08:00:00,8,29.3,38.14375,283.0,11.0,1.1144460795374995
2023-09-08 09:00:00,9,30.5,45.71875,487.0,29.0,1.7881227395624997
2023-09-08 10:00:00,10,31.4,50.3375,606.0,26.0,2.1941204751
2023-09-08 11:00:00,11,32.4,54.4625,706.0,21.0,2.5357216498499997
2023-09-08 12:00:00,12,33.2,57.66875,783.0,18.0,2.788752003075
2023-09-08 13:00:00,13,33.8,58.76875,799.0,31.0,2.7549707864874997
2023-09-08 14:00:00,14,34.3,55.675,684.0,23.0,2.4329967893999997
2023-09-08 15:00:00,15,33.6,51.4125,570.0,31.0,2.0322359767499996
2023-09-08 16:00:00,16,32.9,45.86875,415.0,22.0,1.5453940461249998
2023-09-08 17:00:00,17,31.4,37.24375,187.0,49.0,0.6817560611125001
2023-09-08 18:00:00,18,30.5,32.65625,69.0,31.0,0.2666445271875
2023-09-08 19:00:00,19,29.8,29.8,0.0,6.0,0.0
2023-09-08 20:00:00,20,29.1,29.1,0.0,99.0,0.0
2023-09-08 21:00:00,21,27.7,27.7,0.0,100.0,0.0
2023-09-08 22:00:00,22,26.6,26.6,0.0,99.0,0.0
2023-09-08 23:00:00,23,26.0,26.0,0.0,100.0,0.0
2023-09-09 00:00:00,0,25.6,25.6,0.0,100.0,0.0
2023-09-09 01:00:00,1,25.3,25.3,0.0,100.0,0.0
2023-09-09 02:00:00,2,25.1,25.1,0.0,99.0,0.0
2023-09-09 03:00:00,3,24.8,24.8,0.0,92.0,0.0
2023-09-09 04:00:00,4,24.7,24.7,0.0,69.0,0.0
2023-09-09 05:00:00,5,24.9,24.9,0.0,5.0,0.0
2023-09-09 06:00:00,6,25.2,25.29375,3.0,100.0,0.010188015
2023-09-09 07:00:00,7,25.9,27.9625,66.0,100.0,0.22174086000000004
2023-09-09 08:00:00,8,27.4,34.4625,226.0,99.0,0.7411643501500002
2023-09-09 09:00:00,9,29.1,42.06875,415.0,65.0,1.4296970728124998
2023-09-09 10:00:00,10,30.7,50.7625,642.0,96.0,1.9774410846000003
2023-09-09 11:00:00,11,32.1,55.56875,751.0,92.0,2.2860066753
2023-09-09 12:00:00,12,33.2,59.075,828.0,100.0,2.43148824
2023-09-09 13:00:00,13,33.4,56.9,752.0,100.0,2.23055232
2023-09-09 14:00:00,14,28.8,46.64375,571.0,100.0,1.773323295
2023-09-09 15:00:00,15,29.9,42.0875,390.0,100.0,1.2353679000000002
2023-09-09 16:00:00,16,30.5,41.875,364.0,100.0,1.154062
2023-09-09 17:00:00,17,29.0,34.65625,181.0,77.0,0.6256489100624999
2023-09-09 18:00:00,18,28.2,30.1375,62.0,13.0,0.25137486305
2023-09-09 19:00:00,19,27.1,27.1,0.0,22.0,0.0
2023-09-09 20:00:00,20,26.1,26.1,0.0,14.0,0.0
2023-09-09 21:00:00,21,25.5,25.5,0.0,2.0,0.0
2023-09-09 22:00:00,22,25.1,25.1,0.0,15.0,0.0
2023-09-09 23:00:00,23,24.8,24.8,0.0,27.0,0.0
2023-09-10 00:00:00,0,24.7,24.7,0.0,100.0,0.0
2023-09-10 01:00:00,1,24.5,24.5,0.0,93.0,0.0
2023-09-10 02:00:00,2,24.4,24.4,0.0,92.0,0.0
2023-09-10 03:00:00,3,24.9,24.9,0.0,100.0,0.0
2023-09-10 04:00:00,4,24.9,24.9,0.0,23.0,0.0
2023-09-10 05:00:00,5,24.9,24.9,0.0,1.0,0.0
2023-09-10 06:00:00,6,24.9,24.99375,3.0,9.0,0.012520499999999999
2023-09-10 07:00:00,7,26.0,28.96875,95.0,4.0,0.394161745
2023-09-10 08:00:00,8,27.6,36.50625,285.0,10.0,1.1323921743749996
2023-09-10 09:00:00,9,29.4,44.65,488.0,11.0,1.8689419607999997
2023-09-10 10:00:00,10,30.9,51.24375,651.0,5.0,2.4515473145624997
2023-09-10 11:00:00,11,32.5,56.6875,774.0,17.0,2.7748889752499997
2023-09-10 12:00:00,12,33.8,59.14375,811.0,100.0,2.3808080950000003
2023-09-10 13:00:00,13,32.1,52.50625,653.0,20.0,2.371106994
2023-09-10 14:00:00,14,33.1,53.7875,662.0,34.0,2.3202377427
2023-09-10 15:00:00,15,32.2,49.5125,554.0,29.0,2.00047008105
2023-09-10 16:00:00,16,30.3,42.7375,398.0,75.0,1.3357648637500001
2023-09-10 17:00:00,17,29.5,34.9375,174.0,54.0,0.6334135485
2023-09-10 18:00:00,18,27.1,28.75625,53.0,75.0,0.1885857759375
2023-09-10 19:00:00,19,26.1,26.1,0.0,69.0,0.0
2023-09-10 20:00:00,20,25.8,25.8,0.0,91.0,0.0
2023-09-10 21:00:00,21,25.5,25.5,0.0,96.0,0.0
2023-09-10 22:00:00,22,25.1,25.1,0.0,95.0,0.0
2023-09-10 23:00:00,23,24.8,24.8,0.0,91.0,0.0
2023-09-11 00:00:00,0,24.3,24.3,0.0,96.0,0.0
2023-09-11 01:00:00,1,24.4,24.4,0.0,32.0,0.0
2023-09-11 02:00:00,2,24.0,24.0,0.0,36.0,0.0
2023-09-11 03:00:00,3,23.8,23.8,0.0,39.0,0.0
2023-09-11 04:00:00,4,23.6,23.6,0.0,21.0,0.0
2023-09-11 05:00:00,5,24.1,24.1,0.0,55.0,0.0
2023-09-11 06:00:00,6,24.9,24.9625,2.0,14.0,0.008262
2023-09-11 07:00:00,7,26.0,28.75,88.0,14.0,0.35807507999999993
2023-09-11 08:00:00,8,27.6,36.1625,274.0,26.0,1.0546548111
2023-09-11 09:00:00,9,28.9,42.55625,437.0,21.0,1.6542979847625
2023-09-11 10:00:00,10,30.2,49.2625,610.0,15.0,2.27067093875
2023-09-11 11:00:00,11,31.5,54.1875,726.0,24.0,2.5944550169999996
2023-09-11 12:00:00,12,32.5,57.5625,802.0,18.0,2.8578193314999996
2023-09-11 13:00:00,13,32.6,56.81875,775.0,40.0,2.6445749312499998
2023-09-11 14:00:00,14,32.1,51.00625,605.0,27.0,2.1793718299375
2023-09-11 15:00:00,15,32.6,49.06875,527.0,86.0,1.6759697609250004
2023-09-11 16:00:00,16,29.9,40.93125,353.0,48.0,1.26980049815
2023-09-11 17:00:00,17,30.8,37.55,216.0,25.0,0.82832058
2023-09-11 18:00:00,18,29.2,31.075,60.0,13.0,0.242334609
2023-09-11 19:00:00,19,28.2,28.2,0.0,4.0,0.0
2023-09-11 20:00:00,20,27.7,27.7,0.0,4.0,0.0
2023-09-11 21:00:00,21,27.2,27.2,0.0,5.0,0.0
2023-09-11 22:00:00,22,26.7,26.7,0.0,8.0,0.0
2023-09-11 23:00:00,23,26.1,26.1,0.0,19.0,0.0
2023-09-12 00:00:00,0,25.5,25.5,0.0,16.0,0.0
2023-09-12 01:00:00,1,25.4,25.4,0.0,21.0,0.0
2023-09-12 02:00:00,2,25.0,25.0,0.0,13.0,0.0
2023-09-12 03:00:00,3,24.7,24.7,0.0,1.0,0.0
2023-09-12 04:00:00,4,24.5,24.5,0.0,2.0,0.0
2023-09-12 05:00:00,5,25.3,25.3,0.0,4.0,0.0
2023-09-12 06:00:00,6,25.9,25.99375,3.0,17.0,0.012267541912499999
2023-09-12 07:00:00,7,27.2,30.04375,91.0,9.0,0.37212626701249996
2023-09-12 08:00:00,8,29.0,37.78125,281.0,1.0,1.1309275808125003
2023-09-12 09:00:00,9,30.3,45.58125,489.0,5.0,1.8880864880625
2023-09-12 10:00:00,10,31.3,51.925,660.0,21.0,2.397779637
2023-09-12 11:00:00,11,31.8,54.1125,714.0,34.0,2.4988154667
2023-09-12 12:00:00,12,32.0,55.5,752.0,26.0,2.6601714239999996
2023-09-12 13:00:00,13,32.2,55.825,756.0,25.0,2.675995245
2023-09-12 14:00:00,14,32.5,52.875,652.0,28.0,2.324159624
2023-09-12 15:00:00,15,32.0,49.25,552.0,21.0,2.029463604
2023-09-12 16:00:00,16,31.7,43.575,380.0,21.0,1.4322152689999998
2023-09-12 17:00:00,17,31.1,37.50625,205.0,25.0,0.7862824328124998
2023-09-12 18:00:00,18,29.8,31.20625,45.0,43.0,0.17046302793749998
2023-09-12 19:00:00,19,28.7,28.7,0.0,22.0,0.0
2023-09-12 20:00:00,20,28.1,28.1,0.0,6.0,0.0
2023-09-12 21:00:00,21,27.4,27.4,0.0,11.0,0.0
2023-09-12 22:00:00,22,27.0,27.0,0.0,14.0,0.0
2023-09-12 23:00:00,23,26.6,26.6,0.0,26.0,0.0
2023-09-13 00:00:00,0,26.1,26.1,0.0,15.0,0.0
2023-09-13 01:00:00,1,25.8,25.8,0.0,13.0,0.0
2023-09-13 02:00:00,2,25.7,25.7,0.0,91.0,0.0
2023-09-13 03:00:00,3,25.3,25.3,0.0,39.0,0.0
2023-09-13 04:00:00,4,25.5,25.5,0.0,3.0,0.0
2023-09-13 05:00:00,5,24.0,24.0,0.0,6.0,0.0
2023-09-13 06:00:00,6,25.1,25.1625,2.0,79.0,0.0071523479499999995
2023-09-13 07:00:00,7,26.0,28.53125,81.0,46.0,0.308163821625
2023-09-13 08:00:00,8,27.4,34.99375,243.0,43.0,0.9061997583374999
2023-09-13 09:00:00,9,29.4,43.93125,465.0,50.0,1.6439386218749998
2023-09-13 10:00:00,10,31.2,51.7,656.0,17.0,2.4055733856
2023-09-13 11:00:00,11,32.3,54.89375,723.0,28.0,2.5538276672999998
2023-09-13 12:00:00,12,32.8,56.58125,761.0,100.0,2.260546695
2023-09-13 13:00:00,13,30.5,40.5,320.0,80.0,1.0715712
2023-09-13 14:00:00,14,32.0,50.90625,605.0,76.0,1.9544739775000002
2023-09-13 15:00:00,15,30.7,46.79375,515.0,90.0,1.638315489375
2023-09-13 16:00:00,16,30.6,39.88125,297.0,77.0,1.0042989251624999
2023-09-13 17:00:00,17,29.8,34.6125,154.0,94.0,0.5110195936999999
2023-09-13 18:00:00,18,28.6,29.9125,42.0,35.0,0.16274300175
2023-09-13 19:00:00,19,27.8,27.8,0.0,23.0,0.0
2023-09-13 20:00:00,20,27.3,27.3,0.0,22.0,0.0
2023-09-13 21:00:00,21,26.9,26.9,0.0,4.0,0.0
2023-09-13 22:00:00,22,26.6,26.6,0.0,41.0,0.0
2023-09-13 23:00:00,23,26.3,26.3,0.0,4.0,0.0
2023-09-14 00:00:00,0,26.1,26.1,0.0,15.0,0.0
2023-09-14 01:00:00,1,26.3,26.3,0.0,51.0,0.0
2023-09-14 02:00:00,2,26.2,26.2,0.0,16.0,0.0
2023-09-14 03:00:00,3,26.3,26.3,0.0,25.0,0.0
2023-09-14 04:00:00,4,26.3,26.3,0.0,21.0,0.0
2023-09-14 05:00:00,5,27.2,27.2,0.0,10.0,0.0
2023-09-14 06:00:00,6,26.6,26.6625,2.0,96.0,0.006822327800000001
2023-09-14 07:00:00,7,26.0,28.1875,70.0,100.0,0.23496550000000005
2023-09-14 08:00:00,8,26.2,29.8875,118.0,100.0,0.39335654
2023-09-14 09:00:00,9,26.8,32.55,184.0,96.0,0.6127739488
2023-09-14 10:00:00,10,29.2,45.575,524.0,98.0,1.6431491916
2023-09-14 11:00:00,11,31.2,53.0125,698.0,95.0,2.13362397675
2023-09-14 12:00:00,12,32.1,54.56875,719.0,94.0,2.187796909025
2023-09-14 13:00:00,13,32.8,56.58125,761.0,61.0,2.4809499977624996
2023-09-14 14:00:00,14,33.0,55.15625,709.0,12.0,2.5861820774999997
2023-09-14 15:00:00,15,33.3,52.20625,605.0,10.0,2.245605044375
2023-09-14 16:00:00,16,33.2,46.45,424.0,20.0,1.581492864
2023-09-14 17:00:00,17,29.0,35.78125,217.0,26.0,0.8365891143749999
2023-09-14 18:00:00,18,27.7,29.0125,42.0,100.0,0.14050806000000002
2023-09-14 19:00:00,19,26.1,26.1,0.0,100.0,0.0
2023-09-14 20:00:00,20,26.2,26.2,0.0,100.0,0.0
2023-09-14 21:00:00,21,25.9,25.9,0.0,100.0,0.0
2023-09-14 22:00:00,22,25.7,25.7,0.0,100.0,0.0
2023-09-14 23:00:00,23,25.4,25.4,0.0,100.0,0.0
2023-09-15 00:00:00,0,25.3,25.3,0.0,100.0,0.0
2023-09-15 01:00:00,1,25.0,25.0,0.0,100.0,0.0
2023-09-15 02:00:00,2,24.8,24.8,0.0,0.0,0.0
2023-09-15 03:00:00,3,24.2,24.2,0.0,55.0,0.0
2023-09-15 04:00:00,4,24.5,24.5,0.0,90.0,0.0
2023-09-15 05:00:00,5,25.0,25.0,0.0,88.0,0.0
2023-09-15 06:00:00,6,25.4,25.4625,2.0,100.0,0.0067874200000000015
2023-09-15 07:00:00,7,26.8,29.64375,91.0,100.0,0.303652895
2023-09-15 08:00:00,8,29.3,38.05,280.0,100.0,0.9023056
2023-09-15 09:00:00,9,31.2,45.95,472.0,92.0,1.4997241151999998
2023-09-15 10:00:00,10,32.6,53.25625,661.0,55.0,2.2176437216875
2023-09-15 11:00:00,11,32.9,54.80625,701.0,21.0,2.5138388641624996
2023-09-15 12:00:00,12,32.7,56.23125,753.0,7.0,2.7612523459875
2023-09-15 13:00:00,13,33.6,58.693749999999994,803.0,78.0,2.4921603462250004
2023-09-15 14:00:00,14,32.8,54.51875,695.0,100.0,2.083988775
2023-09-15 15:00:00,15,31.1,46.475,492.0,100.0,1.52910648
2023-09-15 16:00:00,16,31.0,43.53125,401.0,99.0,1.2654938199374999
2023-09-15 17:00:00,17,31.1,37.94375,219.0,86.0,0.7307600267249998
2023-09-15 18:00:00,18,29.7,31.23125,49.0,44.0,0.1851901443
2023-09-15 19:00:00,19,28.8,28.8,0.0,44.0,0.0
2023-09-15 20:00:00,20,28.5,28.5,0.0,4.0,0.0
2023-09-15 21:00:00,21,28.0,28.0,0.0,2.0,0.0
2023-09-15 22:00:00,22,27.8,27.8,0.0,49.0,0.0
2023-09-15 23:00:00,23,27.4,27.4,0.0,95.0,0.0
2023-09-16 00:00:00,0,27.3,27.3,0.0,100.0,0.0
2023-09-16 01:00:00,1,26.9,26.9,0.0,83.0,0.0
2023-09-16 02:00:00,2,26.7,26.7,0.0,63.0,0.0
2023-09-16 03:00:00,3,26.4,26.4,0.0,27.0,0.0
2023-09-16 04:00:00,4,26.2,26.2,0.0,97.0,0.0
2023-09-16 05:00:00,5,26.6,26.6,0.0,45.0,0.0
2023-09-16 06:00:00,6,26.8,26.8625,2.0,21.0,0.00808233465
2023-09-16 07:00:00,7,27.6,30.13125,81.0,23.0,0.3216737923875
2023-09-16 08:00:00,8,28.6,37.0375,270.0,96.0,0.8825362830000001
2023-09-16 09:00:00,9,28.7,38.575,316.0,62.0,1.1125857875999998
2023-09-16 10:00:00,10,29.4,42.7125,426.0,85.0,1.3962476422499996
2023-09-16 11:00:00,11,29.9,50.025,644.0,81.0,2.0640160394000002
2023-09-16 12:00:00,12,28.7,47.79375,611.0,85.0,1.9587927945624997
2023-09-16 13:00:00,13,29.1,50.475,684.0,64.0,2.2765972824
2023-09-16 14:00:00,14,29.1,44.63125,497.0,81.0,1.6310711066124999
2023-09-16 15:00:00,15,29.5,43.21875,439.0,92.0,1.4115033104999997
2023-09-16 16:00:00,16,29.4,38.7125,298.0,100.0,0.9576259800000001
2023-09-16 17:00:00,17,27.9,32.49375,147.0,100.0,0.48481849500000007
2023-09-16 18:00:00,18,27.3,28.4875,38.0,100.0,0.12739766
2023-09-16 19:00:00,19,26.5,26.5,0.0,100.0,0.0
2023-09-16 20:00:00,20,26.1,26.1,0.0,98.0,0.0
2023-09-16 21:00:00,21,25.0,25.0,0.0,99.0,0.0
2023-09-16 22:00:00,22,24.9,24.9,0.0,96.0,0.0
2023-09-16 23:00:00,23,25.2,25.2,0.0,99.0,0.0
2023-09-17 00:00:00,0,24.6,24.6,0.0,78.0,0.0
2023-09-17 01:00:00,1,24.5,24.5,0.0,91.0,0.0
2023-09-17 02:00:00,2,24.2,24.2,0.0,50.0,0.0
2023-09-17 03:00:00,3,24.0,24.0,0.0,65.0,0.0
2023-09-17 04:00:00,4,24.0,24.0,0.0,100.0,0.0
2023-09-17 05:00:00,5,24.4,24.4,0.0,100.0,0.0
2023-09-17 06:00:00,6,24.3,24.33125,1.0,100.0,0.0034000000000000002
2023-09-17 07:00:00,7,24.6,25.81875,39.0,65.0,0.1437302368125
2023-09-17 08:00:00,8,26.3,33.58125,233.0,100.0,0.7650077350000001
2023-09-17 09:00:00,9,27.3,39.95625,405.0,100.0,1.2946209750000002
2023-09-17 10:00:00,10,28.4,46.0875,566.0,100.0,1.7620768599999996
2023-09-17 11:00:00,11,28.9,49.80625,669.0,100.0,2.0489028150000004
2023-09-17 12:00:00,12,28.9,50.65,696.0,100.0,2.12360736
2023-09-17 13:00:00,13,29.6,49.1,624.0,94.0,1.9458339264000002
2023-09-17 14:00:00,14,27.2,46.075,604.0,100.0,1.8804815199999998
2023-09-17 15:00:00,15,26.9,35.2125,266.0,51.0,0.97371852935
2023-09-17 16:00:00,16,27.4,35.99375,275.0,62.0,0.9788022956250001
2023-09-17 17:00:00,17,25.1,29.85,152.0,81.0,0.5308458488
2023-09-17 18:00:00,18,25.0,25.75,24.0,98.0,0.081761976
2023-09-17 19:00:00,19,24.4,24.4,0.0,100.0,0.0
2023-09-17 20:00:00,20,24.5,24.5,0.0,83.0,0.0
2023-09-17 21:00:00,21,24.0,24.0,0.0,34.0,0.0
2023-09-17 22:00:00,22,23.8,23.8,0.0,21.0,0.0
2023-09-17 23:00:00,23,23.5,23.5,0.0,32.0,0.0
2023-09-18 00:00:00,0,23.2,23.2,0.0,59.0,0.0
2023-09-18 01:00:00,1,23.0,23.0,0.0,78.0,0.0
2023-09-18 02:00:00,2,22.7,22.7,0.0,100.0,0.0
2023-09-18 03:00:00,3,22.9,22.9,0.0,100.0,0.0
2023-09-18 04:00:00,4,23.0,23.0,0.0,100.0,0.0
2023-09-18 05:00:00,5,23.0,23.0,0.0,100.0,0.0
2023-09-18 06:00:00,6,23.2,23.23125,1.0,100.0,0.0034000000000000002
2023-09-18 07:00:00,7,23.6,24.38125,25.0,100.0,0.085
2023-09-18 08:00:00,8,23.4,24.68125,41.0,100.0,0.13940000000000002
2023-09-18 09:00:00,9,23.8,26.26875,79.0,100.0,0.267236855
2023-09-18 10:00:00,10,24.9,30.275,172.0,100.0,0.5724607199999999
2023-09-18 11:00:00,11,26.5,33.75,232.0,98.0,0.7649979600000001
2023-09-18 12:00:00,12,27.5,39.09375,371.0,96.0,1.20219146075
2023-09-18 13:00:00,13,28.3,44.58125,521.0,100.0,1.6326550949999998
2023-09-18 14:00:00,14,29.0,44.3125,490.0,25.0,1.8255455312499997
2023-09-18 15:00:00,15,29.3,45.95625,533.0,21.0,1.9882000711624996
2023-09-18 16:00:00,16,29.1,41.38125,393.0,25.0,1.4827665253124998
2023-09-18 17:00:00,17,27.7,33.95,200.0,18.0,0.7900654799999999
2023-09-18 18:00:00,18,27.1,28.1,32.0,78.0,0.1133606784
2023-09-18 19:00:00,19,26.2,26.2,0.0,38.0,0.0
2023-09-18 20:00:00,20,25.9,25.9,0.0,60.0,0.0
2023-09-18 21:00:00,21,25.5,25.5,0.0,98.0,0.0
2023-09-18 22:00:00,22,25.5,25.5,0.0,20.0,0.0
2023-09-18 23:00:00,23,24.9,24.9,0.0,93.0,0.0
2023-09-19 00:00:00,0,24.6,24.6,0.0,98.0,0.0
2023-09-19 01:00:00,1,24.5,24.5,0.0,100.0,0.0
2023-09-19 02:00:00,2,24.2,24.2,0.0,41.0,0.0
2023-09-19 03:00:00,3,23.7,23.7,0.0,30.0,0.0
2023-09-19 04:00:00,4,23.5,23.5,0.0,42.0,0.0
2023-09-19 05:00:00,5,24.0,24.0,0.0,38.0,0.0
2023-09-19 06:00:00,6,24.2,24.23125,1.0,66.0,0.0036890000000000004
2023-09-19 07:00:00,7,25.1,27.19375,67.0,9.0,0.2771707950125
2023-09-19 08:00:00,8,26.4,34.86875,271.0,5.0,1.0952218220625
2023-09-19 09:00:00,9,28.0,42.71875,471.0,2.0,1.852436464875
2023-09-19 10:00:00,10,29.3,49.55,648.0,10.0,2.433886056
2023-09-19 11:00:00,11,30.4,53.86875,751.0,16.0,2.7328408233499997
2023-09-19 12:00:00,12,30.9,54.775,764.0,16.0,2.7687532664
2023-09-19 13:00:00,13,31.3,55.1125,762.0,20.0,2.734485768
2023-09-19 14:00:00,14,31.3,52.8,688.0,20.0,2.4948971519999996
2023-09-19 15:00:00,15,31.3,48.55,552.0,40.0,1.9550062559999999
2023-09-19 16:00:00,16,31.1,43.31875,391.0,47.0,1.3952266534875002
2023-09-19 17:00:00,17,30.2,35.91875,183.0,27.0,0.7036175532375
2023-09-19 18:00:00,18,28.3,29.6125,42.0,3.0,0.17415543495000002
2023-09-19 19:00:00,19,27.3,27.3,0.0,2.0,0.0
2023-09-19 20:00:00,20,26.6,26.6,0.0,6.0,0.0
2023-09-19 21:00:00,21,26.2,26.2,0.0,0.0,0.0
2023-09-19 22:00:00,22,25.7,25.7,0.0,0.0,0.0
2023-09-19 23:00:00,23,25.6,25.6,0.0,1.0,0.0
2023-09-20 00:00:00,0,25.3,25.3,0.0,0.0,0.0
2023-09-20 01:00:00,1,24.9,24.9,0.0,1.0,0.0
2023-09-20 02:00:00,2,24.8,24.8,0.0,2.0,0.0
2023-09-20 03:00:00,3,24.6,24.6,0.0,1.0,0.0
2023-09-20 04:00:00,4,24.2,24.2,0.0,3.0,0.0
2023-09-20 05:00:00,5,25.7,25.7,0.0,4.0,0.0
2023-09-20 06:00:00,6,25.5,25.53125,1.0,15.0,0.0041137396875
2023-09-20 07:00:00,7,26.8,29.26875,79.0,16.0,0.31945652255
2023-09-20 08:00:00,8,28.2,36.2625,258.0,10.0,1.0261606215
2023-09-20 09:00:00,9,29.4,43.80625,461.0,8.0,1.78287557205
2023-09-20 10:00:00,10,30.5,50.03125,625.0,10.0,2.342487109375
2023-09-20 11:00:00,11,31.3,54.08125,729.0,25.0,2.6009537653124997
2023-09-20 12:00:00,12,31.9,55.18125,745.0,18.0,2.6837803078749998
2023-09-20 13:00:00,13,32.2,54.23125,705.0,13.0,2.5771197185625
2023-09-20 14:00:00,14,32.4,53.93125,689.0,17.0,2.5013394076125
2023-09-20 15:00:00,15,32.3,49.6125,554.0,11.0,2.07600008655
2023-09-20 16:00:00,16,31.9,44.24375,395.0,17.0,1.4968442593124998
2023-09-20 17:00:00,17,31.1,37.31875,199.0,25.0,0.7638718853125
2023-09-20 18:00:00,18,29.3,30.4875,38.0,15.0,0.15321642275
2023-09-20 19:00:00,19,28.6,28.6,0.0,11.0,0.0
2023-09-20 20:00:00,20,28.1,28.1,0.0,7.0,0.0
2023-09-20 21:00:00,21,27.8,27.8,0.0,30.0,0.0
2023-09-20 22:00:00,22,27.4,27.4,0.0,8.0,0.0
2023-09-20 23:00:00,23,26.9,26.9,0.0,17.0,0.0
2023-09-21 00:00:00,0,26.5,26.5,0.0,65.0,0.0
2023-09-21 01:00:00,1,26.1,26.1,0.0,64.0,0.0
2023-09-21 02:00:00,2,25.9,25.9,0.0,60.0,0.0
2023-09-21 03:00:00,3,25.7,25.7,0.0,25.0,0.0
2023-09-21 04:00:00,4,25.4,25.4,0.0,19.0,0.0
2023-09-21 05:00:00,5,25.7,25.7,0.0,21.0,0.0
2023-09-21 06:00:00,6,25.7,25.73125,1.0,25.0,0.0040256903125
2023-09-21 07:00:00,7,27.2,29.79375,83.0,56.0,0.30723558465
2023-09-21 08:00:00,8,29.1,37.6,272.0,90.0,0.9001448320000001
2023-09-21 09:00:00,9,30.6,45.44375,475.0,92.0,1.5125920424999997
2023-09-21 10:00:00,10,31.4,50.275,604.0,19.0,2.2197922005999997
2023-09-21 11:00:00,11,32.2,54.825,724.0,45.0,2.466021649
2023-09-21 12:00:00,12,32.8,57.9875,806.0,25.0,2.82483001125
2023-09-21 13:00:00,13,33.1,57.19375,771.0,50.0,2.569307866875
2023-09-21 14:00:00,14,33.3,54.925,692.0,29.0,2.4388024865999998
2023-09-21 15:00:00,15,33.0,50.21875,551.0,20.0,2.02130493
2023-09-21 16:00:00,16,32.6,44.7875,390.0,21.0,1.46220390225
2023-09-21 17:00:00,17,25.7,31.45,184.0,36.0,0.7069730431999999
2023-09-21 18:00:00,18,26.1,26.69375,19.0,100.0,0.064162335
2023-09-21 19:00:00,19,26.3,26.3,0.0,100.0,0.0
2023-09-21 20:00:00,20,26.2,26.2,0.0,100.0,0.0
2023-09-21 21:00:00,21,26.0,26.0,0.0,100.0,0.0
2023-09-21 22:00:00,22,25.7,25.7,0.0,100.0,0.0
2023-09-21 23:00:00,23,25.4,25.4,0.0,100.0,0.0
2023-09-22 00:00:00,0,25.3,25.3,0.0,100.0,0.0
2023-09-22 01:00:00,1,25.2,25.2,0.0,100.0,0.0
2023-09-22 02:00:00,2,25.3,25.3,0.0,100.0,0.0
2023-09-22 03:00:00,3,25.3,25.3,0.0,100.0,0.0
2023-09-22 04:00:00,4,25.4,25.4,0.0,100.0,0.0
2023-09-22 05:00:00,5,24.7,24.7,0.0,100.0,0.0
2023-09-22 06:00:00,6,24.9,24.93125,1.0,88.0,0.003502
2023-09-22 07:00:00,7,25.8,28.14375,75.0,34.0,0.2933392818749999
2023-09-22 08:00:00,8,27.7,35.7,256.0,66.0,0.9039643648
2023-09-22 09:00:00,9,29.6,43.975,460.0,74.0,1.5392364060000001
2023-09-22 10:00:00,10,30.8,50.20625,621.0,45.0,2.1595643330625003
2023-09-22 11:00:00,11,31.8,54.33125,721.0,80.0,2.2719789697499997
2023-09-22 12:00:00,12,32.5,57.09375,787.0,78.0,2.4605703546249997
2023-09-22 13:00:00,13,33.0,56.40625,749.0,100.0,2.226683375
2023-09-22 14:00:00,14,32.5,43.6875,358.0,100.0,1.1262143
2023-09-22 15:00:00,15,32.2,42.7625,338.0,100.0,1.06754934
2023-09-22 16:00:00,16,32.1,41.63125,305.0,33.0,1.1301558488124999
2023-09-22 17:00:00,17,29.2,34.60625,173.0,80.0,0.5938783357499999
2023-09-22 18:00:00,18,28.5,29.625,36.0,66.0,0.130347126
2023-09-22 19:00:00,19,28.2,28.2,0.0,63.0,0.0
2023-09-22 20:00:00,20,26.7,26.7,0.0,53.0,0.0
2023-09-22 21:00:00,21,26.7,26.7,0.0,7.0,0.0
2023-09-22 22:00:00,22,26.4,26.4,0.0,13.0,0.0
2023-09-22 23:00:00,23,26.0,26.0,0.0,1.0,0.0
2023-09-23 00:00:00,0,25.8,25.8,0.0,0.0,0.0
2023-09-23 01:00:00,1,25.6,25.6,0.0,0.0,0.0
2023-09-23 02:00:00,2,25.3,25.3,0.0,1.0,0.0
2023-09-23 03:00:00,3,25.1,25.1,0.0,20.0,0.0
2023-09-23 04:00:00,4,24.9,24.9,0.0,64.0,0.0
2023-09-23 05:00:00,5,25.7,25.7,0.0,45.0,0.0
2023-09-23 06:00:00,6,24.1,24.13125,1.0,76.0,0.003604
2023-09-23 07:00:00,7,25.3,27.76875,79.0,98.0,0.26695338127499996
2023-09-23 08:00:00,8,28.1,36.1625,258.0,98.0,0.8422231851000002
2023-09-23 09:00:00,9,28.7,41.35625,405.0,99.0,1.2901270494375001
2023-09-23 10:00:00,10,29.6,43.35,440.0,97.0,1.396590052
2023-09-23 11:00:00,11,31.0,50.75,632.0,93.0,1.9612043879999999
2023-09-23 12:00:00,12,30.2,53.48125,745.0,52.0,2.513759332
2023-09-23 13:00:00,13,27.5,43.40625,509.0,66.0,1.7394552638749994
2023-09-23 14:00:00,14,29.4,45.025,500.0,41.0,1.7944949250000002
2023-09-23 15:00:00,15,30.4,46.86875,527.0,44.0,1.8639710163000003
2023-09-23 16:00:00,16,30.4,41.7125,362.0,25.0,1.36386871125
2023-09-23 17:00:00,17,28.5,34.40625,189.0,25.0,0.7343763328124999
2023-09-23 18:00:00,18,27.8,28.83125,33.0,93.0,0.1124139443625
2023-09-23 19:00:00,19,26.7,26.7,0.0,92.0,0.0
2023-09-23 20:00:00,20,26.0,26.0,0.0,72.0,0.0
2023-09-23 21:00:00,21,25.4,25.4,0.0,95.0,0.0
2023-09-23 22:00:00,22,25.3,25.3,0.0,82.0,0.0
2023-09-23 23:00:00,23,25.0,25.0,0.0,6.0,0.0
2023-09-24 00:00:00,0,25.3,25.3,0.0,5.0,0.0
2023-09-24 01:00:00,1,26.2,26.2,0.0,2.0,0.0
2023-09-24 02:00:00,2,26.0,26.0,0.0,7.0,0.0
2023-09-24 03:00:00,3,25.8,25.8,0.0,30.0,0.0
2023-09-24 04:00:00,4,24.7,24.7,0.0,64.0,0.0
2023-09-24 05:00:00,5,24.5,24.5,0.0,41.0,0.0
2023-09-24 06:00:00,6,24.4,24.43125,1.0,2.0,0.004233000000000001
2023-09-24 07:00:00,7,25.5,28.03125,81.0,33.0,0.3176309548124999
2023-09-24 08:00:00,8,27.4,34.86875,239.0,21.0,0.9346758314624999
2023-09-24 09:00:00,9,29.3,42.89375,435.0,7.0,1.6923957586875
2023-09-24 10:00:00,10,31.1,50.4125,618.0,4.0,2.340640144799999
2023-09-24 11:00:00,11,31.3,54.3,736.0,19.0,2.6564652607999997
2023-09-24 12:00:00,12,32.5,53.96875,687.0,15.0,2.5039812496875005
2023-09-24 13:00:00,13,33.0,56.5,752.0,33.0,2.6089459359999996
2023-09-24 14:00:00,14,33.2,53.575,652.0,7.0,2.4199148541999995
2023-09-24 15:00:00,15,33.5,50.96875,559.0,13.0,2.0736157755625
2023-09-24 16:00:00,16,33.0,45.0625,386.0,45.0,1.37305338625
2023-09-24 17:00:00,17,26.3,31.175,156.0,30.0,0.607826466
2023-09-24 18:00:00,18,27.2,28.23125,33.0,8.0,0.13622227245000001
2023-09-24 19:00:00,19,26.6,26.6,0.0,4.0,0.0
2023-09-24 20:00:00,20,25.9,25.9,0.0,1.0,0.0
2023-09-24 21:00:00,21,25.0,25.0,0.0,20.0,0.0
2023-09-24 22:00:00,22,25.3,25.3,0.0,5.0,0.0
2023-09-24 23:00:00,23,26.0,26.0,0.0,2.0,0.0
2023-09-25 00:00:00,0,26.0,26.0,0.0,2.0,0.0
2023-09-25 01:00:00,1,24.5,24.5,0.0,0.0,0.0
2023-09-25 02:00:00,2,24.0,24.0,0.0,6.0,0.0
2023-09-25 03:00:00,3,23.7,23.7,0.0,0.0,0.0
2023-09-25 04:00:00,4,23.4,23.4,0.0,0.0,0.0
2023-09-25 05:00:00,5,25.0,25.0,0.0,6.0,0.0
2023-09-25 06:00:00,6,24.8,24.83125,1.0,6.0,0.0041990000000000005
2023-09-25 07:00:00,7,25.3,27.76875,79.0,7.0,0.3273831267874999
2023-09-25 08:00:00,8,27.3,35.39375,259.0,6.0,1.0423264829249999
2023-09-25 09:00:00,9,29.0,42.96875,447.0,22.0,1.6856244281249997
2023-09-25 10:00:00,10,29.0,47.9375,606.0,86.0,1.9368558404999998
2023-09-25 11:00:00,11,29.3,45.45625,517.0,38.0,1.864133057325
2023-09-25 12:00:00,12,30.8,53.3,720.0,6.0,2.6810447039999996
2023-09-25 13:00:00,13,31.7,56.325,788.0,10.0,2.8707828940000004
2023-09-25 14:00:00,14,32.1,53.13125,673.0,14.0,2.467325158425
2023-09-25 15:00:00,15,31.8,48.76875,543.0,14.0,2.0298671300250004
2023-09-25 16:00:00,16,31.3,42.51875,359.0,33.0,1.3251900862125
2023-09-25 17:00:00,17,30.4,34.86875,143.0,27.0,0.5522360790374999
2023-09-25 18:00:00,18,27.7,28.7,32.0,3.0,0.1331832768
2023-09-25 19:00:00,19,26.9,26.9,0.0,8.0,0.0
2023-09-25 20:00:00,20,25.7,25.7,0.0,2.0,0.0
2023-09-25 21:00:00,21,25.4,25.4,0.0,6.0,0.0
2023-09-25 22:00:00,22,25.2,25.2,0.0,5.0,0.0
2023-09-25 23:00:00,23,26.8,26.8,0.0,1.0,0.0
2023-09-26 00:00:00,0,27.0,27.0,0.0,1.0,0.0
2023-09-26 01:00:00,1,27.0,27.0,0.0,0.0,0.0
2023-09-26 02:00:00,2,24.9,24.9,0.0,0.0,0.0
2023-09-26 03:00:00,3,24.3,24.3,0.0,0.0,0.0
2023-09-26 04:00:00,4,23.9,23.9,0.0,0.0,0.0
2023-09-26 05:00:00,5,24.6,24.6,0.0,0.0,0.0
2023-09-26 06:00:00,6,24.9,24.93125,1.0,37.0,0.003935500000000001
2023-09-26 07:00:00,7,26.3,28.70625,77.0,19.0,0.31014737503749995
2023-09-26 08:00:00,8,27.8,36.01875,263.0,14.0,1.0385675840250002
2023-09-26 09:00:00,9,29.0,43.6875,470.0,50.0,1.6633681874999997
2023-09-26 10:00:00,10,29.5,45.3125,506.0,31.0,1.8532740187499999
2023-09-26 11:00:00,11,30.8,53.3,720.0,37.0,2.512801008
2023-09-26 12:00:00,12,31.7,56.60625,797.0,7.0,2.9175906818875
2023-09-26 13:00:00,13,32.3,56.425,772.0,11.0,2.8054695774000002
2023-09-26 14:00:00,14,32.6,53.7875,678.0,22.0,2.4375086829
2023-09-26 15:00:00,15,32.0,48.8125,538.0,31.0,1.9404508007499996
2023-09-26 16:00:00,16,30.9,41.4,336.0,68.0,1.1528552448000002
2023-09-26 17:00:00,17,28.0,32.53125,145.0,54.0,0.533135438125
2023-09-26 18:00:00,18,27.6,28.225,20.0,12.0,0.081889816
2023-09-26 19:00:00,19,26.6,26.6,0.0,3.0,0.0
2023-09-26 20:00:00,20,26.0,26.0,0.0,5.0,0.0
2023-09-26 21:00:00,21,25.5,25.5,0.0,27.0,0.0
2023-09-26 22:00:00,22,25.2,25.2,0.0,1.0,0.0
2023-09-26 23:00:00,23,24.9,24.9,0.0,1.0,0.0
2023-09-27 00:00:00,0,24.8,24.8,0.0,2.0,0.0
2023-09-27 01:00:00,1,24.7,24.7,0.0,0.0,0.0
2023-09-27 02:00:00,2,24.5,24.5,0.0,0.0,0.0
2023-09-27 03:00:00,3,24.5,24.5,0.0,0.0,0.0
2023-09-27 04:00:00,4,24.4,24.4,0.0,0.0,0.0
2023-09-27 05:00:00,5,25.0,25.0,0.0,0.0,0.0
2023-09-27 06:00:00,6,25.2,25.23125,1.0,0.0,0.004246068750000001
2023-09-27 07:00:00,7,26.3,28.76875,79.0,0.0,0.33068856875
2023-09-27 08:00:00,8,28.5,36.875,268.0,0.0,1.0848975
2023-09-27 09:00:00,9,30.2,44.95,472.0,0.0,1.8459211999999998
2023-09-27 10:00:00,10,31.4,51.49375,643.0,10.0,2.394283882375
2023-09-27 11:00:00,11,32.3,54.8,720.0,10.0,2.6413430399999998
2023-09-27 12:00:00,12,32.9,57.7125,794.0,16.0,2.8390923814
2023-09-27 13:00:00,13,33.2,56.85625,757.0,11.0,2.7455314965374997
2023-09-27 14:00:00,14,33.2,54.5125,682.0,11.0,2.5000927693499997
2023-09-27 15:00:00,15,33.2,50.10625,541.0,12.0,2.0187074711
2023-09-27 16:00:00,16,33.1,44.6,368.0,16.0,1.3952581631999996
2023-09-27 17:00:00,17,31.4,37.05625,181.0,19.0,0.7043311078375
2023-09-27 18:00:00,18,28.6,29.475,28.0,29.0,0.11009144579999999
2023-09-27 19:00:00,19,27.2,27.2,0.0,31.0,0.0
2023-09-27 20:00:00,20,26.0,26.0,0.0,10.0,0.0
2023-09-27 21:00:00,21,25.3,25.3,0.0,4.0,0.0
2023-09-27 22:00:00,22,24.6,24.6,0.0,1.0,0.0
2023-09-27 23:00:00,23,24.5,24.5,0.0,0.0,0.0
2023-09-28 00:00:00,0,23.5,23.5,0.0,0.0,0.0
2023-09-28 01:00:00,1,22.9,22.9,0.0,0.0,0.0
2023-09-28 02:00:00,2,23.2,23.2,0.0,0.0,0.0
2023-09-28 03:00:00,3,23.2,23.2,0.0,0.0,0.0
2023-09-28 04:00:00,4,22.9,22.9,0.0,41.0,0.0
2023-09-28 05:00:00,5,22.2,22.2,0.0,58.0,0.0
2023-09-28 06:00:00,6,22.7,22.73125,1.0,3.0,0.0042245
2023-09-28 07:00:00,7,24.4,27.025,84.0,28.0,0.3342782352
2023-09-28 08:00:00,8,27.3,36.175,284.0,20.0,1.106925216
2023-09-28 09:00:00,9,29.8,45.26875,495.0,0.0,1.9331884687500003
2023-09-28 10:00:00,10,31.4,52.525,676.0,0.0,2.5566827
2023-09-28 11:00:00,11,32.3,57.26875,799.0,0.0,2.95744356875
2023-09-28 12:00:00,12,33.0,59.65625,853.0,0.0,3.1226997187499994
2023-09-28 13:00:00,13,33.5,59.625,836.0,0.0,3.0609094999999993
2023-09-28 14:00:00,14,33.8,57.14375,747.0,0.0,2.76655651875
2023-09-28 15:00:00,15,33.9,52.55625,597.0,0.0,2.2575816187499997
2023-09-28 16:00:00,16,33.4,45.9625,402.0,22.0,1.4963716149000001
2023-09-28 17:00:00,17,31.4,37.3375,190.0,2.0,0.7645792755
2023-09-28 18:00:00,18,27.3,28.20625,29.0,13.0,0.11850591646250001
2023-09-28 19:00:00,19,26.6,26.6,0.0,40.0,0.0
2023-09-28 20:00:00,20,25.6,25.6,0.0,100.0,0.0
2023-09-28 21:00:00,21,24.6,24.6,0.0,100.0,0.0
2023-09-28 22:00:00,22,23.7,23.7,0.0,97.0,0.0
2023-09-28 23:00:00,23,23.2,23.2,0.0,93.0,0.0
2023-09-29 00:00:00,0,23.6,23.6,0.0,99.0,0.0
2023-09-29 01:00:00,1,22.9,22.9,0.0,96.0,0.0
2023-09-29 02:00:00,2,22.9,22.9,0.0,50.0,0.0
2023-09-29 03:00:00,3,22.2,22.2,0.0,35.0,0.0
2023-09-29 04:00:00,4,21.6,21.6,0.0,28.0,0.0
2023-09-29 05:00:00,5,21.5,21.5,0.0,0.0,0.0
2023-09-29 06:00:00,6,22.1,22.13125,1.0,0.0,0.00425
2023-09-29 07:00:00,7,25.3,27.89375,83.0,0.0,0.34866691875
2023-09-29 08:00:00,8,28.2,37.0125,282.0,0.0,1.140912075
2023-09-29 09:00:00,9,30.6,46.0375,494.0,0.0,1.922827075
2023-09-29 10:00:00,10,32.2,53.2625,674.0,0.0,2.5406682750000003
2023-09-29 11:00:00,11,33.2,58.1375,798.0,0.0,2.941956675
2023-09-29 12:00:00,12,33.8,60.4875,854.0,0.0,3.1142924749999996
2023-09-29 13:00:00,13,34.1,60.225,836.0,0.0,3.0523822999999997
2023-09-29 14:00:00,14,34.3,57.70625,749.0,0.0,2.7668013187500002
2023-09-29 15:00:00,15,34.4,53.11875,599.0,0.0,2.25941676875
2023-09-29 16:00:00,16,33.3,45.89375,403.0,0.0,1.5696069187500001
2023-09-29 17:00:00,17,30.7,36.6375,190.0,1.0,0.76837105325
2023-09-29 18:00:00,18,28.5,29.34375,27.0,2.0,0.112305193875
2023-09-29 19:00:00,19,27.0,27.0,0.0,0.0,0.0
2023-09-29 20:00:00,20,26.5,26.5,0.0,0.0,0.0
2023-09-29 21:00:00,21,25.1,25.1,0.0,16.0,0.0
2023-09-29 22:00:00,22,24.2,24.2,0.0,0.0,0.0
2023-09-29 23:00:00,23,23.6,23.6,0.0,32.0,0.0
2023-09-30 00:00:00,0,23.4,23.4,0.0,45.0,0.0
2023-09-30 01:00:00,1,22.7,22.7,0.0,90.0,0.0
2023-09-30 02:00:00,2,22.4,22.4,0.0,63.0,0.0
2023-09-30 03:00:00,3,21.9,21.9,0.0,21.0,0.0
2023-09-30 04:00:00,4,21.5,21.5,0.0,36.0,0.0
2023-09-30 05:00:00,5,21.6,21.6,0.0,2.0,0.0
2023-09-30 06:00:00,6,22.5,22.53125,1.0,0.0,0.00425
2023-09-30 07:00:00,7,24.4,26.93125,81.0,0.0,0.34159066875
2023-09-30 08:00:00,8,28.3,36.95625,277.0,0.0,1.12094801875
2023-09-30 09:00:00,9,30.6,45.85,488.0,0.0,1.9010283999999997
2023-09-30 10:00:00,10,32.2,53.0125,666.0,0.0,2.513342475
2023-09-30 11:00:00,11,33.6,58.31875,791.0,0.0,2.9137127687499995
2023-09-30 12:00:00,12,34.4,60.9,848.0,0.0,3.0864656000000004
2023-09-30 13:00:00,13,35.0,60.96875,831.0,0.0,3.0236194687499993
2023-09-30 14:00:00,14,35.3,58.55,744.0,0.0,2.7376596
2023-09-30 15:00:00,15,34.9,53.4625,594.0,4.0,2.2191889895999997
2023-09-30 16:00:00,16,33.7,46.1375,398.0,0.0,1.5484836750000002
2023-09-30 17:00:00,17,30.6,36.35,184.0,0.0,0.7464972
2023-09-30 18:00:00,18,28.7,29.48125,25.0,3.0,0.1037193959375
2023-09-30 19:00:00,19,27.3,27.3,0.0,0.0,0.0
2023-09-30 20:00:00,20,25.9,25.9,0.0,0.0,0.0
2023-09-30 21:00:00,21,25.6,25.6,0.0,0.0,0.0
2023-09-30 22:00:00,22,25.3,25.3,0.0,0.0,0.0
2023-09-30 23:00:00,23,25.0,25.0,0.0,0.0,0.0
2023-10-01 00:00:00,0,24.2,24.2,0.0,0.0,0.0
2023-10-01 01:00:00,1,22.9,22.9,0.0,36.0,0.0
2023-10-01 02:00:00,2,22.3,22.3,0.0,100.0,0.0
2023-10-01 03:00:00,3,22.1,22.1,0.0,93.0,0.0
2023-10-01 04:00:00,4,21.8,21.8,0.0,95.0,0.0
2023-10-01 05:00:00,5,21.2,21.2,0.0,84.0,0.0
2023-10-01 06:00:00,6,21.7,21.73125,1.0,97.0,0.0034255000000000006
2023-10-01 07:00:00,7,24.0,26.53125,81.0,97.0,0.27576602381250004
2023-10-01 08:00:00,8,27.3,36.01875,279.0,94.0,0.9203923118250003
2023-10-01 09:00:00,9,29.8,45.14375,491.0,86.0,1.5886091783249998
2023-10-01 10:00:00,10,31.6,52.5375,670.0,97.0,2.04228138725
2023-10-01 11:00:00,11,33.0,57.75,792.0,90.0,2.39854428
2023-10-01 12:00:00,12,33.9,60.368750000000006,847.0,1.0,3.0842944180124996
2023-10-01 13:00:00,13,34.1,60.03750000000001,830.0,0.0,3.0331208749999994
2023-10-01 14:00:00,14,34.2,57.41875,743.0,0.0,2.7482687687499996
2023-10-01 15:00:00,15,34.3,52.76875,591.0,0.0,2.23275736875
2023-10-01 16:00:00,16,33.3,45.6125,394.0,59.0,1.35513785295
2023-10-01 17:00:00,17,30.0,35.65625,181.0,0.0,0.73646071875
2023-10-01 18:00:00,18,27.5,28.25,24.0,0.0,0.10067399999999999
2023-10-01 19:00:00,19,26.5,26.5,0.0,0.0,0.0
2023-10-01 20:00:00,20,26.0,26.0,0.0,65.0,0.0
2023-10-01 21:00:00,21,25.1,25.1,0.0,65.0,0.0
2023-10-01 22:00:00,22,24.3,24.3,0.0,2.0,0.0
2023-10-01 23:00:00,23,24.2,24.2,0.0,2.0,0.0
2023-10-02 00:00:00,0,23.1,23.1,0.0,3.0,0.0
2023-10-02 01:00:00,1,22.2,22.2,0.0,2.0,0.0
2023-10-02 02:00:00,2,21.8,21.8,0.0,0.0,0.0
2023-10-02 03:00:00,3,21.2,21.2,0.0,0.0,0.0
2023-10-02 04:00:00,4,20.9,20.9,0.0,0.0,0.0
2023-10-02 05:00:00,5,21.1,21.1,0.0,0.0,0.0
2023-10-02 06:00:00,6,21.8,21.8,0.0,0.0,0.0
2023-10-02 07:00:00,7,23.8,26.2375,78.0,0.0,0.329859075
2023-10-02 08:00:00,8,27.7,36.2,272.0,0.0,1.1042112000000002
2023-10-02 09:00:00,9,30.7,45.7625,482.0,0.0,1.8783720750000001
2023-10-02 10:00:00,10,32.5,53.09375,659.0,0.0,2.48601571875
2023-10-02 11:00:00,11,33.4,57.8375,782.0,0.0,2.886958275
2023-10-02 12:00:00,12,34.1,60.28750000000001,838.0,0.0,3.058794275
2023-10-02 13:00:00,13,34.7,60.35625,821.0,0.0,2.9957828187499995
2023-10-02 14:00:00,14,35.2,58.325,740.0,12.0,2.6603529839999998
2023-10-02 15:00:00,15,35.0,53.0,576.0,86.0,1.799926272
2023-10-02 16:00:00,16,33.6,44.25625,341.0,46.0,1.2145603390250002
2023-10-02 17:00:00,17,30.9,35.775,156.0,7.0,0.6255427542
2023-10-02 18:00:00,18,30.0,30.59375,19.0,9.0,0.0775222408125
2023-10-02 19:00:00,19,28.4,28.4,0.0,36.0,0.0
2023-10-02 20:00:00,20,26.1,26.1,0.0,15.0,0.0
2023-10-02 21:00:00,21,25.8,25.8,0.0,0.0,0.0
2023-10-02 22:00:00,22,24.9,24.9,0.0,0.0,0.0
2023-10-02 23:00:00,23,25.2,25.2,0.0,0.0,0.0
2023-10-03 00:00:00,0,23.9,23.9,0.0,0.0,0.0
2023-10-03 01:00:00,1,22.9,22.9,0.0,0.0,0.0
2023-10-03 02:00:00,2,21.4,21.4,0.0,0.0,0.0
2023-10-03 03:00:00,3,21.1,21.1,0.0,0.0,0.0
2023-10-03 04:00:00,4,20.9,20.9,0.0,0.0,0.0
2023-10-03 05:00:00,5,21.8,21.8,0.0,0.0,0.0
2023-10-03 06:00:00,6,22.4,22.4,0.0,0.0,0.0
2023-10-03 07:00:00,7,24.6,27.00625,77.0,0.0,0.20340928482874995
2023-10-03 08:00:00,8,28.1,36.6,272.0,0.0,0.7151019699200001
2023-10-03 09:00:00,9,30.7,45.7625,482.0,0.0,1.2209418487500001
2023-10-03 10:00:00,10,32.1,52.75625,661.0,0.0,1.6232794621875
2023-10-03 11:00:00,11,33.0,57.5,784.0,0.0,1.722200844
2023-10-03 12:00:00,12,33.6,59.88125,841.0,0.0,1.9351378020975
2023-10-03 13:00:00,13,33.8,59.51875,823.0,0.0,1.6304028496599998
2023-10-03 14:00:00,14,33.9,56.8375,734.0,0.0,1.7694505887500003
2023-10-03 15:00:00,15,33.7,51.91875,583.0,0.0,1.4371228746875
2023-10-03 16:00:00,16,33.1,45.1625,386.0,0.0,0.98032588875
2023-10-03 17:00:00,17,30.4,35.8375,174.0,0.0,0.45983773874999995
2023-10-03 18:00:00,18,27.9,28.55625,21.0,0.0,0.057187272187500006
2023-10-03 19:00:00,19,27.3,27.3,0.0,0.0,0.0
2023-10-03 20:00:00,20,25.8,25.8,0.0,0.0,0.0
2023-10-03 21:00:00,21,24.4,24.4,0.0,0.0,0.0
2023-10-03 22:00:00,22,24.2,24.2,0.0,0.0,0.0
2023-10-03 23:00:00,23,23.6,23.6,0.0,0.0,0.0
2023-10-04 00:00:00,0,23.0,23.0,0.0,0.0,0.0
2023-10-04 01:00:00,1,22.5,22.5,0.0,0.0,0.0
2023-10-04 02:00:00,2,21.8,21.8,0.0,0.0,0.0
2023-10-04 03:00:00,3,21.3,21.3,0.0,0.0,0.0
2023-10-04 04:00:00,4,21.1,21.1,0.0,0.0,0.0
2023-10-04 05:00:00,5,20.4,20.4,0.0,0.0,0.0
2023-10-04 06:00:00,6,20.5,20.5,0.0,0.0,0.0
2023-10-04 07:00:00,7,21.8,24.20625,77.0,0.0,0.32725
2023-10-04 08:00:00,8,25.7,34.2625,274.0,0.0,1.121355275
2023-10-04 09:00:00,9,29.0,44.1875,486.0,0.0,1.9069728749999997
2023-10-04 10:00:00,10,31.0,51.8125,666.0,0.0,2.526928875
2023-10-04 11:00:00,11,32.5,57.21875,791.0,0.0,2.92850446875
2023-10-04 12:00:00,12,33.5,59.9375,846.0,0.0,3.0930288749999995
2023-10-04 13:00:00,13,34.1,59.94375,827.0,0.0,3.0234758187499997
2023-10-04 14:00:00,14,34.7,57.73125,737.0,0.0,2.7221601687500003
2023-10-04 15:00:00,15,34.6,52.88125,585.0,0.0,2.2089709687499997
2023-10-04 16:00:00,16,33.4,45.525,388.0,0.0,1.5136171
2023-10-04 17:00:00,17,30.4,35.80625,173.0,0.0,0.70346881875
2023-10-04 18:00:00,18,27.9,28.525,20.0,0.0,0.0838015
2023-10-04 19:00:00,19,27.3,27.3,0.0,0.0,0.0
2023-10-04 20:00:00,20,26.8,26.8,0.0,0.0,0.0
2023-10-04 21:00:00,21,25.9,25.9,0.0,0.0,0.0
2023-10-04 22:00:00,22,24.7,24.7,0.0,0.0,0.0
2023-10-04 23:00:00,23,23.6,23.6,0.0,0.0,0.0
2023-10-05 00:00:00,0,21.4,21.4,0.0,0.0,0.0
2023-10-05 01:00:00,1,21.9,21.9,0.0,0.0,0.0
2023-10-05 02:00:00,2,21.4,21.4,0.0,0.0,0.0
2023-10-05 03:00:00,3,20.8,20.8,0.0,0.0,0.0
2023-10-05 04:00:00,4,20.8,20.8,0.0,0.0,0.0
2023-10-05 05:00:00,5,21.3,21.3,0.0,0.0,0.0
2023-10-05 06:00:00,6,21.7,21.7,0.0,0.0,0.0
2023-10-05 07:00:00,7,23.2,25.575,76.0,0.0,0.3222571
2023-10-05 08:00:00,8,25.9,34.36875,271.0,0.0,1.10858816875
2023-10-05 09:00:00,9,28.3,43.39375,483.0,0.0,1.90171891875
2023-10-05 10:00:00,10,30.6,51.2875,662.0,0.0,2.517660475
2023-10-05 11:00:00,11,32.6,57.1,784.0,0.0,2.9041711999999995
2023-10-05 12:00:00,12,34.0,60.15625,837.0,0.0,3.0570117187499997
2023-10-05 13:00:00,13,34.9,60.36875,815.0,0.0,2.973715968749999
2023-10-05 14:00:00,14,35.1,57.69375,723.0,0.0,2.67091111875
2023-10-05 15:00:00,15,34.8,52.64375,571.0,0.0,2.15841211875
2023-10-05 16:00:00,16,34.1,45.7875,374.0,0.0,1.457333075
2023-10-05 17:00:00,17,30.8,35.95625,165.0,0.0,0.67051771875
2023-10-05 18:00:00,18,28.7,29.2625,18.0,0.0,0.075195675
2023-10-05 19:00:00,19,28.3,28.3,0.0,19.0,0.0
2023-10-05 20:00:00,20,27.9,27.9,0.0,1.0,0.0
2023-10-05 21:00:00,21,27.4,27.4,0.0,0.0,0.0
2023-10-05 22:00:00,22,26.9,26.9,0.0,0.0,0.0
2023-10-05 23:00:00,23,25.9,25.9,0.0,0.0,0.0
2023-10-06 00:00:00,0,25.3,25.3,0.0,0.0,0.0
2023-10-06 01:00:00,1,24.6,24.6,0.0,0.0,0.0
2023-10-06 02:00:00,2,24.1,24.1,0.0,0.0,0.0
2023-10-06 03:00:00,3,23.6,23.6,0.0,0.0,0.0
2023-10-06 04:00:00,4,23.2,23.2,0.0,0.0,0.0
2023-10-06 05:00:00,5,23.0,23.0,0.0,0.0,0.0
2023-10-06 06:00:00,6,23.0,23.0,0.0,0.0,0.0
2023-10-06 07:00:00,7,24.1,26.38125,73.0,0.0,0.30853586875
2023-10-06 08:00:00,8,26.3,34.51875,263.0,0.0,1.07519166875
2023-10-06 09:00:00,9,28.5,43.1875,470.0,0.0,1.8521818749999996
2023-10-06 10:00:00,10,30.9,51.025,644.0,0.0,2.4520783
2023-10-06 11:00:00,11,32.8,56.7375,766.0,0.0,2.842214275
2023-10-06 12:00:00,12,34.1,59.724999999999994,820.0,0.0,3.0009334999999995
2023-10-06 13:00:00,13,34.9,59.9625,802.0,0.0,2.9318212749999994
2023-10-06 14:00:00,14,35.2,57.48125,713.0,0.0,2.6365447687499994
2023-10-06 15:00:00,15,35.0,52.625,564.0,0.0,2.1321315
2023-10-06 16:00:00,16,34.3,45.8625,370.0,0.0,1.441274875
2023-10-06 17:00:00,17,31.7,36.7625,162.0,0.0,0.656106075
2023-10-06 18:00:00,18,29.4,29.93125,17.0,0.0,0.07082486875
2023-10-06 19:00:00,19,28.0,28.0,0.0,0.0,0.0
2023-10-06 20:00:00,20,27.4,27.4,0.0,0.0,0.0
2023-10-06 21:00:00,21,27.3,27.3,0.0,0.0,0.0
2023-10-06 22:00:00,22,26.9,26.9,0.0,0.0,0.0
2023-10-06 23:00:00,23,26.1,26.1,0.0,0.0,0.0
2023-10-07 00:00:00,0,25.2,25.2,0.0,0.0,0.0
2023-10-07 01:00:00,1,24.5,24.5,0.0,0.0,0.0
2023-10-07 02:00:00,2,24.0,24.0,0.0,0.0,0.0
2023-10-07 03:00:00,3,23.6,23.6,0.0,0.0,0.0
2023-10-07 04:00:00,4,23.3,23.3,0.0,0.0,0.0
2023-10-07 05:00:00,5,23.1,23.1,0.0,0.0,0.0
2023-10-07 06:00:00,6,23.3,23.3,0.0,0.0,0.0
2023-10-07 07:00:00,7,24.4,26.61875,71.0,0.0,0.29979616875
2023-10-07 08:00:00,8,26.7,34.825,260.0,0.0,1.0615735
2023-10-07 09:00:00,9,29.1,43.63125,465.0,0.0,1.82896996875
2023-10-07 10:00:00,10,31.2,51.2,640.0,0.0,2.434944
2023-10-07 11:00:00,11,32.8,56.55,760.0,0.0,2.822374
2023-10-07 12:00:00,12,34.0,59.40625,813.0,0.0,2.9797212187499995
2023-10-07 13:00:00,13,34.8,59.64375,795.0,0.0,2.91053971875
2023-10-07 14:00:00,14,35.1,57.19375,707.0,0.0,2.6178133187499997
2023-10-07 15:00:00,15,34.9,52.275,556.0,0.0,2.1051967
2023-10-07 16:00:00,16,34.3,45.58125,361.0,0.0,1.40794286875
2023-10-07 17:00:00,17,32.3,37.14375,155.0,0.0,0.62675121875
2023-10-07 18:00:00,18,29.5,30.0,16.0,0.0,0.06664
2023-10-07 19:00:00,19,28.3,28.3,0.0,0.0,0.0
2023-10-07 20:00:00,20,27.8,27.8,0.0,0.0,0.0
2023-10-07 21:00:00,21,27.4,27.4,0.0,0.0,0.0
2023-10-07 22:00:00,22,26.8,26.8,0.0,0.0,0.0
2023-10-07 23:00:00,23,25.9,25.9,0.0,0.0,0.0
2023-10-08 00:00:00,0,25.1,25.1,0.0,0.0,0.0
2023-10-08 01:00:00,1,24.7,24.7,0.0,0.0,0.0
2023-10-08 02:00:00,2,24.3,24.3,0.0,0.0,0.0
2023-10-08 03:00:00,3,24.0,24.0,0.0,0.0,0.0
2023-10-08 04:00:00,4,23.6,23.6,0.0,0.0,0.0
2023-10-08 05:00:00,5,23.5,23.5,0.0,0.0,0.0
2023-10-08 06:00:00,6,23.5,23.5,0.0,0.0,0.0
2023-10-08 07:00:00,7,24.8,26.925,68.0,0.0,0.28677470000000005
2023-10-08 08:00:00,8,27.1,35.00625,253.0,0.0,1.03221311875
2023-10-08 09:00:00,9,29.4,43.65,456.0,0.0,1.7934252000000002
2023-10-08 10:00:00,10,31.4,51.025,628.0,0.0,2.3911571
2023-10-08 11:00:00,11,32.9,56.275,748.0,0.0,2.7813071000000003
2023-10-08 12:00:00,12,34.0,59.0625,802.0,0.0,2.944091875
2023-10-08 13:00:00,13,34.6,59.1,784.0,0.0,2.8775151999999995
2023-10-08 14:00:00,14,34.7,56.45,696.0,0.0,2.5858836
2023-10-08 15:00:00,15,34.6,51.725,548.0,0.0,2.0800299
2023-10-08 16:00:00,16,34.0,45.125,356.0,0.0,1.3912034999999998
2023-10-08 17:00:00,17,32.5,37.21875,151.0,0.0,0.61038446875
2023-10-08 18:00:00,18,29.9,30.36875,15.0,0.0,0.06238096875
2023-10-08 19:00:00,19,28.8,28.8,0.0,0.0,0.0
2023-10-08 20:00:00,20,28.1,28.1,0.0,0.0,0.0
2023-10-08 21:00:00,21,27.5,27.5,0.0,0.0,0.0
2023-10-08 22:00:00,22,27.4,27.4,0.0,0.0,0.0
2023-10-08 23:00:00,23,26.7,26.7,0.0,0.0,0.0
2023-10-09 00:00:00,0,26.0,26.0,0.0,0.0,0.0
2023-10-09 01:00:00,1,25.4,25.4,0.0,0.0,0.0
2023-10-09 02:00:00,2,24.9,24.9,0.0,0.0,0.0
2023-10-09 03:00:00,3,24.5,24.5,0.0,0.0,0.0
2023-10-09 04:00:00,4,24.5,24.5,0.0,0.0,0.0
2023-10-09 05:00:00,5,24.3,24.3,0.0,0.0,0.0
2023-10-09 06:00:00,6,24.5,24.5,0.0,0.0,0.0
2023-10-09 07:00:00,7,25.6,27.69375,67.0,0.0,0.28168181875000003
2023-10-09 08:00:00,8,27.7,35.543749999999996,251.0,0.0,1.0217598187499999
2023-10-09 09:00:00,9,29.9,44.05625,453.0,0.0,1.7784978187500002
2023-10-09 10:00:00,10,31.6,51.1,624.0,0.0,2.3751311999999998
2023-10-09 11:00:00,11,32.9,56.11875,743.0,0.0,2.7646890687499996
2023-10-09 12:00:00,12,34.0,59.0,800.0,0.0,2.9375999999999998
2023-10-09 13:00:00,13,34.3,58.925,788.0,0.0,2.8945407000000003
2023-10-09 14:00:00,14,34.2,55.98125,697.0,0.0,2.5951531687499996
2023-10-09 15:00:00,15,34.2,51.16875,543.0,0.0,2.06618626875
2023-10-09 16:00:00,16,33.8,44.70625,349.0,0.0,1.36633281875
2023-10-09 17:00:00,17,32.2,36.79375,147.0,0.0,0.5952774187500001
2023-10-09 18:00:00,18,29.8,30.2375,14.0,0.0,0.058253475000000006
2023-10-09 19:00:00,19,28.9,28.9,0.0,0.0,0.0
2023-10-09 20:00:00,20,28.7,28.7,0.0,0.0,0.0
2023-10-09 21:00:00,21,28.5,28.5,0.0,0.0,0.0
2023-10-09 22:00:00,22,27.3,27.3,0.0,0.0,0.0
2023-10-09 23:00:00,23,26.0,26.0,0.0,0.0,0.0
2023-10-10 00:00:00,0,25.6,25.6,0.0,0.0,0.0
2023-10-10 01:00:00,1,25.3,25.3,0.0,0.0,0.0
2023-10-10 02:00:00,2,24.8,24.8,0.0,0.0,0.0
2023-10-10 03:00:00,3,24.5,24.5,0.0,0.0,0.0
2023-10-10 04:00:00,4,24.4,24.4,0.0,0.0,0.0
2023-10-10 05:00:00,5,23.9,23.9,0.0,0.0,0.0
2023-10-10 06:00:00,6,23.5,23.5,0.0,0.0,0.0
2023-10-10 07:00:00,7,24.9,26.93125,65.0,0.0,0.27411596875
2023-10-10 08:00:00,8,27.2,34.8875,246.0,0.0,1.0041504749999999
2023-10-10 09:00:00,9,29.1,43.0375,446.0,0.0,1.758739675
2023-10-10 10:00:00,10,30.9,50.15,616.0,10.0,2.3075366159999997
2023-10-10 11:00:00,11,31.8,53.33125,689.0,16.0,2.51332107455
2023-10-10 12:00:00,12,32.5,54.25,696.0,12.0,2.549228064
2023-10-10 13:00:00,13,33.2,55.7,720.0,14.0,2.6090735039999995
2023-10-10 14:00:00,14,33.6,53.63125,641.0,24.0,2.29646701585
2023-10-10 15:00:00,15,33.6,48.725,484.0,26.0,1.7649775836
2023-10-10 16:00:00,16,33.1,43.25625,325.0,6.0,1.2650196081249998
2023-10-10 17:00:00,17,31.9,36.15,136.0,12.0,0.5389678912000001
2023-10-10 18:00:00,18,30.1,30.475,12.0,9.0,0.04898520419999999
2023-10-10 19:00:00,19,29.8,29.8,0.0,1.0,0.0
2023-10-10 20:00:00,20,29.6,29.6,0.0,0.0,0.0
2023-10-10 21:00:00,21,28.1,28.1,0.0,3.0,0.0
2023-10-10 22:00:00,22,26.7,26.7,0.0,1.0,0.0
2023-10-10 23:00:00,23,25.8,25.8,0.0,0.0,0.0
2023-10-11 00:00:00,0,24.9,24.9,0.0,0.0,0.0
2023-10-11 01:00:00,1,24.4,24.4,0.0,0.0,0.0
2023-10-11 02:00:00,2,23.6,23.6,0.0,0.0,0.0
2023-10-11 03:00:00,3,22.7,22.7,0.0,0.0,0.0
2023-10-11 04:00:00,4,22.2,22.2,0.0,0.0,0.0
2023-10-11 05:00:00,5,23.1,23.1,0.0,0.0,0.0
2023-10-11 06:00:00,6,22.7,22.7,0.0,0.0,0.0
2023-10-11 07:00:00,7,23.5,25.59375,67.0,0.0,0.28407371875
2023-10-11 08:00:00,8,25.9,33.86875,255.0,0.0,1.0453039687499999
2023-10-11 09:00:00,9,28.8,43.2375,462.0,0.0,1.8202626750000002
2023-10-11 10:00:00,10,31.0,50.90625,637.0,0.0,2.4267112187500004
2023-10-11 11:00:00,11,32.7,56.35625,757.0,0.0,2.81372641875
2023-10-11 12:00:00,12,33.8,59.1125,810.0,0.0,2.9727708750000006
2023-10-11 13:00:00,13,34.2,58.85625,789.0,0.0,2.89913611875
2023-10-11 14:00:00,14,34.3,56.08125,697.0,0.0,2.5939682687499994
2023-10-11 15:00:00,15,34.1,51.1,544.0,0.0,2.0706272
2023-10-11 16:00:00,16,33.3,44.175,348.0,0.0,1.3655606999999998
2023-10-11 17:00:00,17,31.1,35.56875,143.0,0.0,0.58205736875
2023-10-11 18:00:00,18,28.9,29.275,12.0,0.0,0.050127899999999996
2023-10-11 19:00:00,19,26.9,26.9,0.0,0.0,0.0
2023-10-11 20:00:00,20,25.7,25.7,0.0,0.0,0.0
2023-10-11 21:00:00,21,24.2,24.2,0.0,0.0,0.0
2023-10-11 22:00:00,22,23.7,23.7,0.0,0.0,0.0
2023-10-11 23:00:00,23,23.6,23.6,0.0,0.0,0.0
2023-10-12 00:00:00,0,23.7,23.7,0.0,0.0,0.0
2023-10-12 01:00:00,1,22.9,22.9,0.0,0.0,0.0
2023-10-12 02:00:00,2,21.9,21.9,0.0,0.0,0.0
2023-10-12 03:00:00,3,21.4,21.4,0.0,0.0,0.0
2023-10-12 04:00:00,4,20.1,20.1,0.0,0.0,0.0
2023-10-12 05:00:00,5,21.4,21.4,0.0,0.0,0.0
2023-10-12 06:00:00,6,21.0,21.0,0.0,0.0,0.0
2023-10-12 07:00:00,7,23.7,25.73125,65.0,0.0,0.27544196875
2023-10-12 08:00:00,8,26.4,34.24375,251.0,0.0,1.02730691875
2023-10-12 09:00:00,9,29.1,43.35,456.0,0.0,1.7957508000000002
2023-10-12 10:00:00,10,31.3,50.95625,629.0,0.0,2.3956998187500003
2023-10-12 11:00:00,11,32.5,55.875,748.0,0.0,2.7863935000000004
2023-10-12 12:00:00,12,33.4,58.4,800.0,0.0,2.94576
2023-10-12 13:00:00,13,33.9,58.2125,778.0,0.0,2.867231475
2023-10-12 14:00:00,14,34.2,55.6375,686.0,0.0,2.558205475
2023-10-12 15:00:00,15,34.1,50.75625,533.0,0.0,2.03187261875
2023-10-12 16:00:00,16,33.4,43.99375,339.0,0.0,1.33128901875
2023-10-12 17:00:00,17,30.4,34.61875,135.0,0.0,0.55167496875
2023-10-12 18:00:00,18,28.3,28.64375,11.0,0.0,0.04606861874999999
2023-10-12 19:00:00,19,27.9,27.9,0.0,0.0,0.0
2023-10-12 20:00:00,20,27.2,27.2,0.0,0.0,0.0
2023-10-12 21:00:00,21,26.0,26.0,0.0,0.0,0.0
2023-10-12 22:00:00,22,24.8,24.8,0.0,0.0,0.0
2023-10-12 23:00:00,23,24.0,24.0,0.0,0.0,0.0
2023-10-13 00:00:00,0,24.7,24.7,0.0,0.0,0.0
2023-10-13 01:00:00,1,24.6,24.6,0.0,0.0,0.0
2023-10-13 02:00:00,2,24.5,24.5,0.0,0.0,0.0
2023-10-13 03:00:00,3,23.8,23.8,0.0,0.0,0.0
2023-10-13 04:00:00,4,22.0,22.0,0.0,0.0,0.0
2023-10-13 05:00:00,5,24.1,24.1,0.0,0.0,0.0
2023-10-13 06:00:00,6,23.8,23.8,0.0,0.0,0.0
2023-10-13 07:00:00,7,24.9,26.86875,63.0,0.0,0.26574856874999997
2023-10-13 08:00:00,8,27.7,35.35625,245.0,0.0,0.99811621875
2023-10-13 09:00:00,9,30.3,44.26875,447.0,0.0,1.7533267687499998
2023-10-13 10:00:00,10,32.4,51.74375,619.0,0.0,2.3493255187499997
2023-10-13 11:00:00,11,33.6,56.63125,737.0,0.0,2.73594206875
2023-10-13 12:00:00,12,34.1,58.75625,789.0,0.0,2.9004774187500004
2023-10-13 13:00:00,13,34.4,58.43125,769.0,0.0,2.83120326875
2023-10-13 14:00:00,14,34.5,55.6875,678.0,0.0,2.527795875
2023-10-13 15:00:00,15,34.2,50.54375,523.0,4.0,1.9796753945999999
2023-10-13 16:00:00,16,33.7,43.3875,310.0,87.0,1.00821384475
2023-10-13 17:00:00,17,31.5,35.40625,125.0,5.0,0.5040453515625
2023-10-13 18:00:00,18,28.8,29.1125,10.0,2.0,0.041633671500000004
2023-10-13 19:00:00,19,28.0,28.0,0.0,0.0,0.0
2023-10-13 20:00:00,20,26.8,26.8,0.0,1.0,0.0
2023-10-13 21:00:00,21,25.0,25.0,0.0,0.0,0.0
2023-10-13 22:00:00,22,25.3,25.3,0.0,0.0,0.0
2023-10-13 23:00:00,23,25.5,25.5,0.0,0.0,0.0
2023-10-14 00:00:00,0,26.0,26.0,0.0,0.0,0.0
2023-10-14 01:00:00,1,25.3,25.3,0.0,0.0,0.0
2023-10-14 02:00:00,2,24.6,24.6,0.0,0.0,0.0
2023-10-14 03:00:00,3,24.2,24.2,0.0,0.0,0.0
2023-10-14 04:00:00,4,22.2,22.2,0.0,0.0,0.0
2023-10-14 05:00:00,5,23.2,23.2,0.0,0.0,0.0
2023-10-14 06:00:00,6,23.6,23.6,0.0,0.0,0.0
2023-10-14 07:00:00,7,25.2,27.10625,61.0,0.0,0.25706581874999995
2023-10-14 08:00:00,8,28.4,35.99375,243.0,1.0,0.9853601491124998
2023-10-14 09:00:00,9,30.7,44.575,444.0,0.0,1.7392478999999998
2023-10-14 10:00:00,10,32.2,51.3875,614.0,0.0,2.3340672749999998
2023-10-14 11:00:00,11,33.5,56.21875,727.0,7.0,2.6660626241874996
2023-10-14 12:00:00,12,34.0,57.1875,742.0,24.0,2.615607505
2023-10-14 13:00:00,13,34.2,54.79375,659.0,33.0,2.3041505579124992
2023-10-14 14:00:00,14,34.3,51.6125,554.0,72.0,1.8009071346000003
2023-10-14 15:00:00,15,33.9,46.55625,405.0,37.0,1.4564454125625002
2023-10-14 16:00:00,16,33.3,41.4875,262.0,71.0,0.89237549115
2023-10-14 17:00:00,17,30.2,33.793749999999996,115.0,90.0,0.386677739375
2023-10-14 18:00:00,18,28.4,28.68125,9.0,2.0,0.037536021675
2023-10-14 19:00:00,19,29.6,29.6,0.0,1.0,0.0
2023-10-14 20:00:00,20,29.0,29.0,0.0,11.0,0.0
2023-10-14 21:00:00,21,27.0,27.0,0.0,81.0,0.0
2023-10-14 22:00:00,22,26.1,26.1,0.0,20.0,0.0
2023-10-14 23:00:00,23,24.9,24.9,0.0,0.0,0.0
2023-10-15 00:00:00,0,23.5,23.5,0.0,0.0,0.0
2023-10-15 01:00:00,1,22.6,22.6,0.0,0.0,0.0
2023-10-15 02:00:00,2,23.1,23.1,0.0,0.0,0.0
2023-10-15 03:00:00,3,23.5,23.5,0.0,0.0,0.0
2023-10-15 04:00:00,4,23.5,23.5,0.0,0.0,0.0
2023-10-15 05:00:00,5,23.6,23.6,0.0,2.0,0.0
2023-10-15 06:00:00,6,23.3,23.3,0.0,6.0,0.0
2023-10-15 07:00:00,7,24.6,26.475,60.0,19.0,0.24386267099999998
2023-10-15 08:00:00,8,27.6,35.0375,238.0,46.0,0.8815665536999999
2023-10-15 09:00:00,9,29.7,43.45,440.0,71.0,1.486050852
2023-10-15 10:00:00,10,31.6,50.6,608.0,67.0,2.0085990143999997
2023-10-15 11:00:00,11,32.2,50.04375,571.0,66.0,1.895408476675
2023-10-15 12:00:00,12,32.9,54.43125,689.0,60.0,2.2734991565
2023-10-15 13:00:00,13,33.2,53.575,652.0,78.0,2.0714078467999997
2023-10-15 14:00:00,14,33.2,50.8875,566.0,92.0,1.7596309475999994
2023-10-15 15:00:00,15,33.0,47.84375,475.0,94.0,1.4894408156249999
2023-10-15 16:00:00,16,32.4,41.9625,306.0,93.0,0.98678051505
2023-10-15 17:00:00,17,30.8,34.237500000000004,110.0,94.0,0.36558341050000004
2023-10-15 18:00:00,18,27.3,27.55,8.0,73.0,0.0287398328
2023-10-15 19:00:00,19,26.1,26.1,0.0,68.0,0.0
2023-10-15 20:00:00,20,25.9,25.9,0.0,45.0,0.0
2023-10-15 21:00:00,21,24.8,24.8,0.0,14.0,0.0
2023-10-15 22:00:00,22,26.1,26.1,0.0,5.0,0.0
2023-10-15 23:00:00,23,25.4,25.4,0.0,52.0,0.0
2023-10-16 00:00:00,0,23.1,23.1,0.0,83.0,0.0
2023-10-16 01:00:00,1,22.7,22.7,0.0,22.0,0.0
2023-10-16 02:00:00,2,21.9,21.9,0.0,46.0,0.0
2023-10-16 03:00:00,3,21.3,21.3,0.0,95.0,0.0
2023-10-16 04:00:00,4,21.0,21.0,0.0,1.0,0.0
2023-10-16 05:00:00,5,23.0,23.0,0.0,0.0,0.0
2023-10-16 06:00:00,6,23.9,23.9,0.0,37.0,0.0
2023-10-16 07:00:00,7,25.0,26.71875,55.0,20.0,0.22285725
2023-10-16 08:00:00,8,27.2,34.449999999999996,232.0,75.0,0.8064198200000001
2023-10-16 09:00:00,9,29.2,42.23125,417.0,100.0,1.3200781350000002
2023-10-16 10:00:00,10,30.8,47.26875,527.0,90.0,1.6730003003750002
2023-10-16 11:00:00,11,32.0,50.65625,597.0,73.0,1.9444424698124998
2023-10-16 12:00:00,12,32.7,53.91875,679.0,64.0,2.2252924375500003
2023-10-16 13:00:00,13,29.3,44.76875,495.0,45.0,1.7630303315625002
2023-10-16 14:00:00,14,30.6,48.7875,582.0,77.0,1.8934719178499992
2023-10-16 15:00:00,15,30.2,42.45,392.0,100.0,1.2397705600000002
2023-10-16 16:00:00,16,29.7,36.762499999999996,226.0,100.0,0.7322467800000001
2023-10-16 17:00:00,17,24.7,27.325,84.0,100.0,0.28294392000000007
2023-10-16 18:00:00,18,24.3,24.51875,7.0,74.0,0.025347
2023-10-16 19:00:00,19,24.1,24.1,0.0,77.0,0.0
2023-10-16 20:00:00,20,22.6,22.6,0.0,95.0,0.0
2023-10-16 21:00:00,21,22.9,22.9,0.0,98.0,0.0
2023-10-16 22:00:00,22,22.5,22.5,0.0,43.0,0.0
2023-10-16 23:00:00,23,21.4,21.4,0.0,17.0,0.0
2023-10-17 00:00:00,0,21.0,21.0,0.0,26.0,0.0
2023-10-17 01:00:00,1,20.8,20.8,0.0,13.0,0.0
2023-10-17 02:00:00,2,20.4,20.4,0.0,24.0,0.0
2023-10-17 03:00:00,3,20.1,20.1,0.0,17.0,0.0
2023-10-17 04:00:00,4,20.0,20.0,0.0,0.0,0.0
2023-10-17 05:00:00,5,19.7,19.7,0.0,5.0,0.0
2023-10-17 06:00:00,6,19.6,19.6,0.0,26.0,0.0
2023-10-17 07:00:00,7,20.7,22.04375,43.0,69.0,0.15753049999999996
2023-10-17 08:00:00,8,22.0,27.71875,183.0,10.0,0.753906129375
2023-10-17 09:00:00,9,24.3,37.425,420.0,1.0,1.6928929289999999
2023-10-17 10:00:00,10,26.2,44.575,588.0,16.0,2.2296217944
2023-10-17 11:00:00,11,27.9,49.9625,706.0,23.0,2.5766586715499997
2023-10-17 12:00:00,12,29.2,51.7,720.0,90.0,2.24121744
2023-10-17 13:00:00,13,29.7,49.60625,637.0,32.0,2.28457842795
2023-10-17 14:00:00,14,30.4,49.05625,597.0,52.0,2.0546203944
2023-10-17 15:00:00,15,25.9,39.43125,433.0,39.0,1.5987678863874997
2023-10-17 16:00:00,16,26.5,34.875,268.0,11.0,1.0699412910000001
2023-10-17 17:00:00,17,27.5,30.875,108.0,20.0,0.43028496000000005
2023-10-17 18:00:00,18,24.2,24.3875,6.0,2.0,0.025397999999999997
2023-10-17 19:00:00,19,22.7,22.7,0.0,2.0,0.0
2023-10-17 20:00:00,20,21.5,21.5,0.0,5.0,0.0
2023-10-17 21:00:00,21,20.7,20.7,0.0,3.0,0.0
2023-10-17 22:00:00,22,20.4,20.4,0.0,5.0,0.0
2023-10-17 23:00:00,23,20.1,20.1,0.0,12.0,0.0
2023-10-18 00:00:00,0,20.0,20.0,0.0,36.0,0.0
2023-10-18 01:00:00,1,19.9,19.9,0.0,35.0,0.0
2023-10-18 02:00:00,2,19.9,19.9,0.0,12.0,0.0
2023-10-18 03:00:00,3,19.0,19.0,0.0,4.0,0.0
2023-10-18 04:00:00,4,19.0,19.0,0.0,6.0,0.0
2023-10-18 05:00:00,5,19.5,19.5,0.0,12.0,0.0
2023-10-18 06:00:00,6,19.7,19.7,0.0,18.0,0.0
2023-10-18 07:00:00,7,21.5,23.125,52.0,20.0,0.21216
2023-10-18 08:00:00,8,24.1,30.35,200.0,15.0,0.8068557000000001
2023-10-18 09:00:00,9,26.0,38.34375,395.0,11.0,1.5541854909375001
2023-10-18 10:00:00,10,27.4,45.65,584.0,24.0,2.1676914336
2023-10-18 11:00:00,11,27.9,48.275,652.0,41.0,2.3069522682000003
2023-10-18 12:00:00,12,28.4,48.525,644.0,23.0,2.3653936782
2023-10-18 13:00:00,13,29.1,49.975,668.0,5.0,2.5298300609999997
2023-10-18 14:00:00,14,29.7,49.41875,631.0,17.0,2.3375365264125003
2023-10-18 15:00:00,15,30.0,44.875,476.0,18.0,1.7951333259999995
2023-10-18 16:00:00,16,29.8,39.2375,302.0,17.0,1.16925091605
2023-10-18 17:00:00,17,26.8,30.3625,114.0,21.0,0.45419496105
2023-10-18 18:00:00,18,24.9,25.0875,6.0,0.0,0.025491075
2023-10-18 19:00:00,19,23.8,23.8,0.0,0.0,0.0
2023-10-18 20:00:00,20,22.4,22.4,0.0,0.0,0.0
2023-10-18 21:00:00,21,21.8,21.8,0.0,5.0,0.0
2023-10-18 22:00:00,22,21.6,21.6,0.0,0.0,0.0
2023-10-18 23:00:00,23,20.8,20.8,0.0,0.0,0.0
2023-10-19 00:00:00,0,19.8,19.8,0.0,0.0,0.0
2023-10-19 01:00:00,1,18.9,18.9,0.0,0.0,0.0
2023-10-19 02:00:00,2,18.1,18.1,0.0,0.0,0.0
2023-10-19 03:00:00,3,17.2,17.2,0.0,0.0,0.0
2023-10-19 04:00:00,4,16.9,16.9,0.0,0.0,0.0
2023-10-19 05:00:00,5,17.9,17.9,0.0,0.0,0.0
2023-10-19 06:00:00,6,18.3,18.3,0.0,0.0,0.0
2023-10-19 07:00:00,7,20.1,21.81875,55.0,0.0,0.23375
2023-10-19 08:00:00,8,23.2,30.45,232.0,0.0,0.9645052000000001
2023-10-19 09:00:00,9,25.8,39.33125,433.0,0.0,1.73475766875
2023-10-19 10:00:00,10,27.5,46.375,604.0,0.0,2.3475214999999996
2023-10-19 11:00:00,11,28.9,51.4,720.0,0.0,2.7368639999999997
2023-10-19 12:00:00,12,30.0,54.0625,770.0,0.0,2.892071875
2023-10-19 13:00:00,13,30.7,54.10625,749.0,0.0,2.81264011875
2023-10-19 14:00:00,14,30.9,51.4625,658.0,0.0,2.500490475
2023-10-19 15:00:00,15,30.8,46.64375,507.0,0.0,1.96820251875
2023-10-19 16:00:00,16,30.2,40.0125,314.0,1.0,1.25185454845
2023-10-19 17:00:00,17,27.3,30.925,116.0,0.0,0.4813159
2023-10-19 18:00:00,18,24.8,24.9875,6.0,0.0,0.0255
2023-10-19 19:00:00,19,24.0,24.0,0.0,0.0,0.0
2023-10-19 20:00:00,20,23.3,23.3,0.0,0.0,0.0
2023-10-19 21:00:00,21,22.4,22.4,0.0,0.0,0.0
2023-10-19 22:00:00,22,21.9,21.9,0.0,0.0,0.0
2023-10-19 23:00:00,23,21.4,21.4,0.0,0.0,0.0
2023-10-20 00:00:00,0,20.7,20.7,0.0,0.0,0.0
2023-10-20 01:00:00,1,20.2,20.2,0.0,0.0,0.0
2023-10-20 02:00:00,2,19.8,19.8,0.0,0.0,0.0
2023-10-20 03:00:00,3,19.5,19.5,0.0,0.0,0.0
2023-10-20 04:00:00,4,19.1,19.1,0.0,0.0,0.0
2023-10-20 05:00:00,5,19.4,19.4,0.0,0.0,0.0
2023-10-20 06:00:00,6,19.7,19.7,0.0,0.0,0.0
2023-10-20 07:00:00,7,21.1,22.75625,53.0,0.0,0.22525
2023-10-20 08:00:00,8,23.9,30.99375,227.0,0.0,0.9416201187500001
2023-10-20 09:00:00,9,26.4,39.68125,425.0,0.0,1.7001779687499998
2023-10-20 10:00:00,10,28.1,46.6625,594.0,0.0,2.3057520749999996
2023-10-20 11:00:00,11,29.3,51.4875,710.0,2.0,2.6870046915
2023-10-20 12:00:00,12,30.3,53.39375,739.0,12.0,2.7172223750999995
2023-10-20 13:00:00,13,30.9,52.24375,683.0,22.0,2.472620214725
2023-10-20 14:00:00,14,31.2,48.48125,553.0,31.0,1.9974735970874995
2023-10-20 15:00:00,15,31.2,44.6375,430.0,17.0,1.62669557925
2023-10-20 16:00:00,16,30.6,39.25625,277.0,23.0,1.0590519220875
2023-10-20 17:00:00,17,28.4,31.61875,103.0,2.0,0.42445592647499997
2023-10-20 18:00:00,18,26.2,26.35625,5.0,2.0,0.021050179874999998
2023-10-20 19:00:00,19,24.8,24.8,0.0,5.0,0.0
2023-10-20 20:00:00,20,24.0,24.0,0.0,0.0,0.0
2023-10-20 21:00:00,21,23.8,23.8,0.0,1.0,0.0
2023-10-20 22:00:00,22,23.2,23.2,0.0,0.0,0.0
2023-10-20 23:00:00,23,21.9,21.9,0.0,0.0,0.0
2023-10-21 00:00:00,0,20.7,20.7,0.0,0.0,0.0
2023-10-21 01:00:00,1,20.1,20.1,0.0,0.0,0.0
2023-10-21 02:00:00,2,19.7,19.7,0.0,0.0,0.0
2023-10-21 03:00:00,3,19.4,19.4,0.0,0.0,0.0
2023-10-21 04:00:00,4,19.1,19.1,0.0,0.0,0.0
2023-10-21 05:00:00,5,19.8,19.8,0.0,0.0,0.0
2023-10-21 06:00:00,6,19.7,19.7,0.0,0.0,0.0
2023-10-21 07:00:00,7,21.4,23.025,52.0,0.0,0.221
2023-10-21 08:00:00,8,24.3,31.33125,225.0,0.0,0.9320329687499999
2023-10-21 09:00:00,9,26.8,39.9875,422.0,0.0,1.685979675
2023-10-21 10:00:00,10,28.7,47.1375,590.0,0.0,2.2854608749999996
2023-10-21 11:00:00,11,30.0,52.03125,705.0,18.0,2.576078371875
2023-10-21 12:00:00,12,30.8,51.9875,678.0,20.0,2.467624392
2023-10-21 13:00:00,13,31.5,52.28125,665.0,34.0,2.3466226568749997
2023-10-21 14:00:00,14,31.6,48.35,536.0,20.0,1.9826254079999996
2023-10-21 15:00:00,15,31.7,44.41875,407.0,22.0,1.5251944353249995
2023-10-21 16:00:00,16,31.2,39.48125,265.0,34.0,0.9888631548750001
2023-10-21 17:00:00,17,29.0,32.03125,97.0,29.0,0.3774174515625
2023-10-21 18:00:00,18,26.5,26.65625,5.0,10.0,0.020687034375000003
2023-10-21 19:00:00,19,27.8,27.8,0.0,1.0,0.0
2023-10-21 20:00:00,20,26.9,26.9,0.0,0.0,0.0
2023-10-21 21:00:00,21,22.7,22.7,0.0,0.0,0.0
2023-10-21 22:00:00,22,22.2,22.2,0.0,0.0,0.0
2023-10-21 23:00:00,23,21.7,21.7,0.0,0.0,0.0
2023-10-22 00:00:00,0,21.9,21.9,0.0,0.0,0.0
2023-10-22 01:00:00,1,21.4,21.4,0.0,0.0,0.0
2023-10-22 02:00:00,2,20.5,20.5,0.0,0.0,0.0
2023-10-22 03:00:00,3,20.2,20.2,0.0,0.0,0.0
2023-10-22 04:00:00,4,19.8,19.8,0.0,0.0,0.0
2023-10-22 05:00:00,5,20.1,20.1,0.0,0.0,0.0
2023-10-22 06:00:00,6,19.8,19.8,0.0,4.0,0.0
2023-10-22 07:00:00,7,21.5,23.0625,50.0,1.0,0.21207499999999999
2023-10-22 08:00:00,8,24.5,31.4375,222.0,7.0,0.9063360067499999
2023-10-22 09:00:00,9,27.2,40.2625,418.0,43.0,1.5245928329499998
2023-10-22 10:00:00,10,29.2,47.2625,578.0,8.0,2.2019446961999996
2023-10-22 11:00:00,11,30.5,52.375,700.0,12.0,2.5856558
2023-10-22 12:00:00,12,31.3,53.70625,717.0,3.0,2.6811654216375005
2023-10-22 13:00:00,13,31.9,54.3375,718.0,17.0,2.60183065485
2023-10-22 14:00:00,14,32.0,50.5625,594.0,16.0,2.193846039
2023-10-22 15:00:00,15,31.8,45.26875,431.0,10.0,1.6495760513749997
2023-10-22 16:00:00,16,31.3,40.3,288.0,24.0,1.0939348223999998
2023-10-22 17:00:00,17,27.8,30.70625,93.0,19.0,0.37155173883750003
2023-10-22 18:00:00,18,25.5,25.625,4.0,7.0,0.016720095000000004
2023-10-22 19:00:00,19,24.4,24.4,0.0,11.0,0.0
2023-10-22 20:00:00,20,24.2,24.2,0.0,1.0,0.0
2023-10-22 21:00:00,21,23.6,23.6,0.0,0.0,0.0
2023-10-22 22:00:00,22,22.9,22.9,0.0,0.0,0.0
2023-10-22 23:00:00,23,21.9,21.9,0.0,0.0,0.0
2023-10-23 00:00:00,0,21.2,21.2,0.0,0.0,0.0
2023-10-23 01:00:00,1,20.9,20.9,0.0,0.0,0.0
2023-10-23 02:00:00,2,20.3,20.3,0.0,0.0,0.0
2023-10-23 03:00:00,3,19.9,19.9,0.0,0.0,0.0
2023-10-23 04:00:00,4,19.5,19.5,0.0,0.0,0.0
2023-10-23 05:00:00,5,19.1,19.1,0.0,0.0,0.0
2023-10-23 06:00:00,6,19.7,19.7,0.0,0.0,0.0
2023-10-23 07:00:00,7,21.4,22.93125,49.0,0.0,0.20825
2023-10-23 08:00:00,8,25.0,31.875,220.0,0.0,0.9092875
2023-10-23 09:00:00,9,27.3,40.268750000000004,415.0,0.0,1.6560289687499998
2023-10-23 10:00:00,10,28.9,47.11875,583.0,10.0,2.213360447375
2023-10-23 11:00:00,11,29.7,50.1375,654.0,7.0,2.46502097715
2023-10-23 12:00:00,12,30.5,52.875,716.0,7.0,2.665853623
2023-10-23 13:00:00,13,31.0,52.8125,698.0,10.0,2.5837473375
2023-10-23 14:00:00,14,31.0,49.90625,605.0,17.0,2.2363761853125004
2023-10-23 15:00:00,15,30.6,44.19375,435.0,9.0,1.6760895988125
2023-10-23 16:00:00,16,30.2,38.825,276.0,9.0,1.0881867042
2023-10-23 17:00:00,17,28.5,31.75,104.0,7.0,0.424045076
2023-10-23 18:00:00,18,26.6,26.725,4.0,10.0,0.016545046
2023-10-23 19:00:00,19,25.1,25.1,0.0,1.0,0.0
2023-10-23 20:00:00,20,23.9,23.9,0.0,4.0,0.0
2023-10-23 21:00:00,21,23.1,23.1,0.0,1.0,0.0
2023-10-23 22:00:00,22,22.5,22.5,0.0,0.0,0.0
2023-10-23 23:00:00,23,22.7,22.7,0.0,0.0,0.0
2023-10-24 00:00:00,0,22.1,22.1,0.0,0.0,0.0
2023-10-24 01:00:00,1,20.6,20.6,0.0,0.0,0.0
2023-10-24 02:00:00,2,19.3,19.3,0.0,0.0,0.0
2023-10-24 03:00:00,3,18.7,18.7,0.0,0.0,0.0
2023-10-24 04:00:00,4,18.1,18.1,0.0,0.0,0.0
2023-10-24 05:00:00,5,18.4,18.4,0.0,0.0,0.0
2023-10-24 06:00:00,6,18.5,18.5,0.0,0.0,0.0
2023-10-24 07:00:00,7,21.1,22.6,48.0,0.0,0.204
2023-10-24 08:00:00,8,24.0,30.84375,219.0,0.0,0.9089937187499999
2023-10-24 09:00:00,9,26.5,39.46875,415.0,0.0,1.6616729687499998
2023-10-24 10:00:00,10,28.1,46.35,584.0,3.0,2.2564169767999993
2023-10-24 11:00:00,11,29.3,50.7375,686.0,5.0,2.58919578225
2023-10-24 12:00:00,12,30.3,52.33125,705.0,4.0,2.647335489
2023-10-24 13:00:00,13,30.8,51.9875,678.0,10.0,2.5190332334999996
2023-10-24 14:00:00,14,30.7,48.8875,582.0,5.0,2.2147855042499995
2023-10-24 15:00:00,15,30.4,44.99375,467.0,23.0,1.7420227162875
2023-10-24 16:00:00,16,29.6,38.225,276.0,1.0,1.1087264034
2023-10-24 17:00:00,17,27.3,30.45625,101.0,0.0,0.41988161874999996
2023-10-24 18:00:00,18,25.5,25.59375,3.0,9.0,0.0124907638125
2023-10-24 19:00:00,19,23.7,23.7,0.0,0.0,0.0
2023-10-24 20:00:00,20,22.0,22.0,0.0,0.0,0.0
2023-10-24 21:00:00,21,21.9,21.9,0.0,0.0,0.0
2023-10-24 22:00:00,22,22.3,22.3,0.0,0.0,0.0
2023-10-24 23:00:00,23,21.6,21.6,0.0,0.0,0.0
2023-10-25 00:00:00,0,20.6,20.6,0.0,0.0,0.0
2023-10-25 01:00:00,1,19.4,19.4,0.0,0.0,0.0
2023-10-25 02:00:00,2,18.8,18.8,0.0,0.0,0.0
2023-10-25 03:00:00,3,18.4,18.4,0.0,0.0,0.0
2023-10-25 04:00:00,4,17.9,17.9,0.0,0.0,0.0
2023-10-25 05:00:00,5,17.8,17.8,0.0,0.0,0.0
2023-10-25 06:00:00,6,18.2,18.2,0.0,0.0,0.0
2023-10-25 07:00:00,7,21.2,22.66875,47.0,0.0,0.19974999999999998
2023-10-25 08:00:00,8,24.7,31.54375,219.0,0.0,0.9063876187500001
2023-10-25 09:00:00,9,26.9,39.9,416.0,0.0,1.6626272
2023-10-25 10:00:00,10,28.5,46.75,584.0,0.0,2.266066
2023-10-25 11:00:00,11,29.8,51.58125,697.0,14.0,2.5731646832249995
2023-10-25 12:00:00,12,30.3,52.01875,695.0,18.0,2.5396806238749994
2023-10-25 13:00:00,13,30.7,51.98125,681.0,12.0,2.5199227550999996
2023-10-25 14:00:00,14,30.9,49.5875,598.0,19.0,2.2044648229499995
2023-10-25 15:00:00,15,30.7,44.7,448.0,5.0,1.736425152
2023-10-25 16:00:00,16,29.7,38.2625,274.0,2.0,1.0983123819
2023-10-25 17:00:00,17,28.1,30.7875,86.0,4.0,0.35418236559999994
2023-10-25 18:00:00,18,26.2,26.29375,3.0,4.0,0.012582546599999998
2023-10-25 19:00:00,19,25.2,25.2,0.0,4.0,0.0
2023-10-25 20:00:00,20,24.4,24.4,0.0,3.0,0.0
2023-10-25 21:00:00,21,23.3,23.3,0.0,0.0,0.0
2023-10-25 22:00:00,22,22.4,22.4,0.0,0.0,0.0
2023-10-25 23:00:00,23,21.8,21.8,0.0,0.0,0.0
2023-10-26 00:00:00,0,21.2,21.2,0.0,0.0,0.0
2023-10-26 01:00:00,1,20.7,20.7,0.0,0.0,0.0
2023-10-26 02:00:00,2,20.0,20.0,0.0,0.0,0.0
2023-10-26 03:00:00,3,19.1,19.1,0.0,0.0,0.0
2023-10-26 04:00:00,4,18.7,18.7,0.0,0.0,0.0
2023-10-26 05:00:00,5,18.2,18.2,0.0,0.0,0.0
2023-10-26 06:00:00,6,19.0,19.0,0.0,0.0,0.0
2023-10-26 07:00:00,7,20.9,22.3375,46.0,0.0,0.19549999999999998
2023-10-26 08:00:00,8,24.5,31.3125,218.0,0.0,0.903105875
2023-10-26 09:00:00,9,26.8,39.83125,417.0,0.0,1.66711126875
2023-10-26 10:00:00,10,28.3,46.675,588.0,0.0,2.2823367
2023-10-26 11:00:00,11,29.4,51.4,704.0,0.0,2.6760447999999997
2023-10-26 12:00:00,12,30.3,53.83125,753.0,0.0,2.83118116875
2023-10-26 13:00:00,13,30.8,53.64375,731.0,0.0,2.75079411875
2023-10-26 14:00:00,14,31.2,51.1375,638.0,0.0,2.4280126749999997
2023-10-26 15:00:00,15,30.7,45.95,488.0,0.0,1.9001987999999999
2023-10-26 16:00:00,16,29.9,39.11875,295.0,0.0,1.18294446875
2023-10-26 17:00:00,17,27.0,30.125,100.0,0.0,0.41628750000000003
2023-10-26 18:00:00,18,24.3,24.39375,3.0,0.0,0.01275
2023-10-26 19:00:00,19,23.2,23.2,0.0,0.0,0.0
2023-10-26 20:00:00,20,22.0,22.0,0.0,0.0,0.0
2023-10-26 21:00:00,21,21.2,21.2,0.0,0.0,0.0
2023-10-26 22:00:00,22,20.5,20.5,0.0,0.0,0.0
2023-10-26 23:00:00,23,19.9,19.9,0.0,0.0,0.0
2023-10-27 00:00:00,0,19.4,19.4,0.0,0.0,0.0
2023-10-27 01:00:00,1,18.7,18.7,0.0,0.0,0.0
2023-10-27 02:00:00,2,18.7,18.7,0.0,0.0,0.0
2023-10-27 03:00:00,3,18.4,18.4,0.0,0.0,0.0
2023-10-27 04:00:00,4,17.5,17.5,0.0,0.0,0.0
2023-10-27 05:00:00,5,16.9,16.9,0.0,0.0,0.0
2023-10-27 06:00:00,6,17.6,17.6,0.0,0.0,0.0
2023-10-27 07:00:00,7,20.3,21.7375,46.0,0.0,0.19549999999999998
2023-10-27 08:00:00,8,23.6,30.44375,219.0,0.0,0.91048291875
2023-10-27 09:00:00,9,26.5,39.5625,418.0,0.0,1.6730188749999997
2023-10-27 10:00:00,10,28.2,46.5125,586.0,0.0,2.2761924749999998
2023-10-27 11:00:00,11,29.3,51.175,700.0,0.0,2.6635175
2023-10-27 12:00:00,12,30.2,53.575,748.0,22.0,2.6917521268
2023-10-27 13:00:00,13,30.8,53.39375,723.0,100.0,2.179009935
2023-10-27 14:00:00,14,31.0,50.40625,621.0,87.0,1.9584759166874999
2023-10-27 15:00:00,15,30.8,45.51875,471.0,63.0,1.6059368662874998
2023-10-27 16:00:00,16,30.1,38.9125,282.0,72.0,0.9688237745999999
2023-10-27 17:00:00,17,27.4,30.36875,95.0,15.0,0.3832270846875
2023-10-27 18:00:00,18,25.7,25.7625,2.0,0.0,0.008474075000000001
2023-10-27 19:00:00,19,23.7,23.7,0.0,5.0,0.0
2023-10-27 20:00:00,20,23.0,23.0,0.0,53.0,0.0
2023-10-27 21:00:00,21,22.1,22.1,0.0,95.0,0.0
2023-10-27 22:00:00,22,21.5,21.5,0.0,97.0,0.0
2023-10-27 23:00:00,23,21.1,21.1,0.0,28.0,0.0
2023-10-28 00:00:00,0,19.8,19.8,0.0,0.0,0.0
2023-10-28 01:00:00,1,19.3,19.3,0.0,0.0,0.0
2023-10-28 02:00:00,2,19.2,19.2,0.0,0.0,0.0
2023-10-28 03:00:00,3,20.3,20.3,0.0,0.0,0.0
2023-10-28 04:00:00,4,22.1,22.1,0.0,0.0,0.0
2023-10-28 05:00:00,5,21.8,21.8,0.0,0.0,0.0
2023-10-28 06:00:00,6,21.9,21.9,0.0,0.0,0.0
2023-10-28 07:00:00,7,22.2,23.5125,42.0,0.0,0.09560460000000001
2023-10-28 08:00:00,8,24.0,30.375,204.0,0.0,0.44114694000000004
2023-10-28 09:00:00,9,26.5,38.3125,378.0,0.0,0.7908960150000001
2023-10-28 10:00:00,10,28.3,44.39375,515.0,0.0,1.0498580137500002
2023-10-28 11:00:00,11,29.1,44.31875,487.0,0.0,0.99310123575
2023-10-28 12:00:00,12,30.1,47.0375,542.0,0.0,1.0922321670000001
2023-10-28 13:00:00,13,30.5,45.90625,493.0,0.0,0.9984180537499999
2023-10-28 14:00:00,14,30.8,44.9875,454.0,0.0,0.9231229670000002
2023-10-28 15:00:00,15,30.6,41.1,336.0,0.0,0.694739136
2023-10-28 16:00:00,16,29.8,36.45625,213.0,0.0,0.44915879775
2023-10-28 17:00:00,17,29.4,31.80625,77.0,0.0,0.16553712175000004
2023-10-28 18:00:00,18,24.6,24.6625,2.0,0.0,0.00442
2023-10-28 19:00:00,19,23.3,23.3,0.0,0.0,0.0
2023-10-28 20:00:00,20,22.8,22.8,0.0,0.0,0.0
2023-10-28 21:00:00,21,22.5,22.5,0.0,0.0,0.0
2023-10-28 22:00:00,22,21.9,21.9,0.0,0.0,0.0
2023-10-28 23:00:00,23,21.8,21.8,0.0,0.0,0.0
2023-10-29 00:00:00,0,20.4,20.4,0.0,82.0,0.0
2023-10-29 01:00:00,1,20.2,20.2,0.0,64.0,0.0
2023-10-29 02:00:00,2,19.9,19.9,0.0,98.0,0.0
2023-10-29 03:00:00,3,20.4,20.4,0.0,100.0,0.0
2023-10-29 04:00:00,4,20.0,20.0,0.0,100.0,0.0
2023-10-29 05:00:00,5,19.6,19.6,0.0,0.0,0.0
2023-10-29 06:00:00,6,19.6,19.6,0.0,78.0,0.0
2023-10-29 07:00:00,7,20.9,22.18125,41.0,8.0,0.171462
2023-10-29 08:00:00,8,24.3,30.8,208.0,0.0,0.8634912
2023-10-29 09:00:00,9,27.2,39.79375,403.0,0.0,1.61139801875
2023-10-29 10:00:00,10,29.5,47.28125,569.0,0.0,2.2027234687499995
2023-10-29 11:00:00,11,30.9,52.2125,682.0,0.0,2.582998275
2023-10-29 12:00:00,12,31.9,54.68125,729.0,0.0,2.73041026875
2023-10-29 13:00:00,13,32.3,54.3625,706.0,0.0,2.648091275
2023-10-29 14:00:00,14,32.5,51.6875,614.0,0.0,2.3309358749999998
2023-10-29 15:00:00,15,32.1,46.63125,465.0,0.0,1.8052549687500001
2023-10-29 16:00:00,16,31.1,39.725,276.0,0.0,1.1039103000000001
2023-10-29 17:00:00,17,27.9,30.7125,90.0,0.0,0.37375987499999996
2023-10-29 18:00:00,18,27.6,27.6625,2.0,0.0,0.008409475
2023-10-29 19:00:00,19,25.5,25.5,0.0,0.0,0.0
2023-10-29 20:00:00,20,25.0,25.0,0.0,0.0,0.0
2023-10-29 21:00:00,21,24.8,24.8,0.0,0.0,0.0
2023-10-29 22:00:00,22,24.0,24.0,0.0,0.0,0.0
2023-10-29 23:00:00,23,23.3,23.3,0.0,0.0,0.0
2023-10-30 00:00:00,0,21.6,21.6,0.0,0.0,0.0
2023-10-30 01:00:00,1,21.0,21.0,0.0,0.0,0.0
2023-10-30 02:00:00,2,19.6,19.6,0.0,0.0,0.0
2023-10-30 03:00:00,3,20.5,20.5,0.0,0.0,0.0
2023-10-30 04:00:00,4,19.7,19.7,0.0,0.0,0.0
2023-10-30 05:00:00,5,19.5,19.5,0.0,0.0,0.0
2023-10-30 06:00:00,6,20.0,20.0,0.0,0.0,0.0
2023-10-30 07:00:00,7,21.2,22.45,40.0,0.0,0.17
2023-10-30 08:00:00,8,24.2,30.60625,205.0,0.0,0.8517122187499998
2023-10-30 09:00:00,9,27.3,39.76875,399.0,0.0,1.5955735687500001
2023-10-30 10:00:00,10,29.6,47.25625,565.0,0.0,2.1874787187499996
2023-10-30 11:00:00,11,31.4,52.5875,678.0,11.0,2.50712889255
2023-10-30 12:00:00,12,32.0,53.6875,694.0,15.0,2.5327135287499996
2023-10-30 13:00:00,13,32.2,52.91875,663.0,6.0,2.4730408355250004
2023-10-30 14:00:00,14,32.3,50.39375,579.0,8.0,2.1754265296499993
2023-10-30 15:00:00,15,31.9,45.61875,439.0,7.0,1.6879060569875
2023-10-30 16:00:00,16,30.6,38.63125,257.0,3.0,1.0264988983375
2023-10-30 17:00:00,17,28.1,30.6,80.0,4.0,0.32972492800000003
2023-10-30 18:00:00,18,25.4,25.4625,2.0,10.0,0.0083145895
2023-10-30 19:00:00,19,24.7,24.7,0.0,60.0,0.0
2023-10-30 20:00:00,20,23.8,23.8,0.0,98.0,0.0
2023-10-30 21:00:00,21,23.1,23.1,0.0,94.0,0.0
2023-10-30 22:00:00,22,22.3,22.3,0.0,98.0,0.0
2023-10-30 23:00:00,23,22.0,22.0,0.0,9.0,0.0
2023-10-31 00:00:00,0,21.7,21.7,0.0,40.0,0.0
2023-10-31 01:00:00,1,21.5,21.5,0.0,55.0,0.0
2023-10-31 02:00:00,2,21.0,21.0,0.0,77.0,0.0
2023-10-31 03:00:00,3,20.7,20.7,0.0,25.0,0.0
2023-10-31 04:00:00,4,20.1,20.1,0.0,8.0,0.0
2023-10-31 05:00:00,5,19.2,19.2,0.0,0.0,0.0
2023-10-31 06:00:00,6,19.8,19.8,0.0,0.0,0.0
2023-10-31 07:00:00,7,21.7,22.91875,39.0,0.0,0.16575
2023-10-31 08:00:00,8,25.2,31.5125,202.0,0.0,0.8361360749999999
2023-10-31 09:00:00,9,28.0,40.375,396.0,3.0,1.570018527
2023-10-31 10:00:00,10,30.1,47.6625,562.0,11.0,2.1241988605500004
2023-10-31 11:00:00,11,31.4,52.5875,678.0,23.0,2.4456042571500003
2023-10-31 12:00:00,12,32.2,54.79375,723.0,82.0,2.2626799956749997
2023-10-31 13:00:00,13,32.5,54.125,692.0,96.0,2.099485788
2023-10-31 14:00:00,14,32.4,51.11875,599.0,98.0,1.8329453460750003
2023-10-31 15:00:00,15,32.1,46.225,452.0,91.0,1.4379680078000001
2023-10-31 16:00:00,16,30.8,38.6125,250.0,49.0,0.9061914812499999
2023-10-31 17:00:00,17,28.2,30.7,80.0,55.0,0.29570072
2023-10-31 18:00:00,18,27.3,27.33125,1.0,100.0,0.0033682950000000003
2023-10-31 19:00:00,19,25.9,25.9,0.0,14.0,0.0
2023-10-31 20:00:00,20,23.5,23.5,0.0,0.0,0.0
2023-10-31 21:00:00,21,22.4,22.4,0.0,0.0,0.0
2023-10-31 22:00:00,22,22.1,22.1,0.0,0.0,0.0
2023-10-31 23:00:00,23,21.7,21.7,0.0,0.0,0.0
2023-11-01 00:00:00,0,21.4,21.4,0.0,0.0,0.0
2023-11-01 01:00:00,1,21.0,21.0,0.0,0.0,0.0
2023-11-01 02:00:00,2,20.6,20.6,0.0,0.0,0.0
2023-11-01 03:00:00,3,20.0,20.0,0.0,0.0,0.0
2023-11-01 04:00:00,4,19.6,19.6,0.0,0.0,0.0
2023-11-01 05:00:00,5,19.2,19.2,0.0,0.0,0.0
2023-11-01 06:00:00,6,19.6,19.6,0.0,0.0,0.0
2023-11-01 07:00:00,7,20.7,21.8875,38.0,0.0,0.10497500000000001
2023-11-01 08:00:00,8,23.5,29.71875,199.0,0.0,0.5393612046875002
2023-11-01 09:00:00,9,26.1,38.2875,390.0,0.0,1.0201125187500002
2023-11-01 10:00:00,10,28.1,45.44375,555.0,0.0,1.4078110921875002
2023-11-01 11:00:00,11,29.5,50.375,668.0,0.0,1.658046975
2023-11-01 12:00:00,12,30.6,52.88125,713.0,0.0,1.6799960540999999
2023-11-01 13:00:00,13,31.1,50.85,632.0,0.0,1.5497202006
2023-11-01 14:00:00,14,31.4,49.4625,578.0,0.0,1.4289615750799998
2023-11-01 15:00:00,15,31.2,44.98125,441.0,0.0,1.11192572673
2023-11-01 16:00:00,16,30.4,38.49375,259.0,0.0,0.667392895316875
2023-11-01 17:00:00,17,27.5,29.96875,79.0,0.0,0.20791082885624998
2023-11-01 18:00:00,18,26.3,26.33125,1.0,0.0,0.002731302949375
2023-11-01 19:00:00,19,24.7,24.7,0.0,0.0,0.0
2023-11-01 20:00:00,20,23.5,23.5,0.0,0.0,0.0
2023-11-01 21:00:00,21,22.1,22.1,0.0,0.0,0.0
2023-11-01 22:00:00,22,23.2,23.2,0.0,0.0,0.0
2023-11-01 23:00:00,23,21.4,21.4,0.0,0.0,0.0
2023-11-02 00:00:00,0,20.2,20.2,0.0,0.0,0.0
2023-11-02 01:00:00,1,21.0,21.0,0.0,0.0,0.0
2023-11-02 02:00:00,2,23.6,23.6,0.0,0.0,0.0
2023-11-02 03:00:00,3,23.6,23.6,0.0,0.0,0.0
2023-11-02 04:00:00,4,21.0,21.0,0.0,0.0,0.0
2023-11-02 05:00:00,5,18.5,18.5,0.0,0.0,0.0
2023-11-02 06:00:00,6,19.2,19.2,0.0,0.0,0.0
2023-11-02 07:00:00,7,20.4,21.55625,37.0,0.0,0.15725
2023-11-02 08:00:00,8,23.5,29.6875,198.0,0.0,0.8257218749999999
2023-11-02 09:00:00,9,26.3,38.55,392.0,0.0,1.5757028
2023-11-02 10:00:00,10,28.2,45.6375,558.0,0.0,2.1757326750000003
2023-11-02 11:00:00,11,29.5,50.46875,671.0,7.0,2.5253707771875002
2023-11-02 12:00:00,12,30.7,52.98125,713.0,23.0,2.5672991623874992
2023-11-02 13:00:00,13,31.0,51.0,640.0,17.0,2.3542579200000002
2023-11-02 14:00:00,14,31.0,47.5,528.0,17.0,1.97261064
2023-11-02 15:00:00,15,30.9,43.65,408.0,12.0,1.5661321536
2023-11-02 16:00:00,16,30.1,37.63125,241.0,16.0,0.9413797761500001
2023-11-02 17:00:00,17,27.1,29.5375,78.0,4.0,0.3228794088
2023-11-02 18:00:00,18,26.0,26.03125,1.0,4.0,0.004198609
2023-11-02 19:00:00,19,25.0,25.0,0.0,0.0,0.0
2023-11-02 20:00:00,20,24.3,24.3,0.0,0.0,0.0
2023-11-02 21:00:00,21,22.8,22.8,0.0,0.0,0.0
2023-11-02 22:00:00,22,22.0,22.0,0.0,0.0,0.0
2023-11-02 23:00:00,23,20.9,20.9,0.0,0.0,0.0
2023-11-03 00:00:00,0,20.7,20.7,0.0,0.0,0.0
2023-11-03 01:00:00,1,19.8,19.8,0.0,0.0,0.0
2023-11-03 02:00:00,2,22.5,22.5,0.0,0.0,0.0
2023-11-03 03:00:00,3,23.2,23.2,0.0,0.0,0.0
2023-11-03 04:00:00,4,22.7,22.7,0.0,0.0,0.0
2023-11-03 05:00:00,5,22.0,22.0,0.0,0.0,0.0
2023-11-03 06:00:00,6,18.4,18.4,0.0,0.0,0.0
2023-11-03 07:00:00,7,20.7,21.825,36.0,0.0,0.153
2023-11-03 08:00:00,8,23.7,29.85625,197.0,0.0,0.82098641875
2023-11-03 09:00:00,9,26.2,38.35625,389.0,0.0,1.56492511875
2023-11-03 10:00:00,10,28.6,45.9125,554.0,0.0,2.1575460750000004
2023-11-03 11:00:00,11,30.1,50.94375,667.0,20.0,2.4389508660000003
2023-11-03 12:00:00,12,30.9,51.49375,659.0,21.0,2.3987750169625
2023-11-03 13:00:00,13,31.2,50.6375,622.0,14.0,2.3059816209
2023-11-03 14:00:00,14,31.4,48.7125,554.0,8.0,2.0970768642
2023-11-03 15:00:00,15,31.0,44.125,420.0,31.0,1.5462437549999997
2023-11-03 16:00:00,16,30.1,37.5375,238.0,29.0,0.9050484250499998
2023-11-03 17:00:00,17,27.0,29.34375,75.0,20.0,0.30068324999999996
2023-11-03 18:00:00,18,26.1,26.13125,1.0,0.0,0.004230768750000001
2023-11-03 19:00:00,19,24.8,24.8,0.0,0.0,0.0
2023-11-03 20:00:00,20,23.5,23.5,0.0,0.0,0.0
2023-11-03 21:00:00,21,22.1,22.1,0.0,0.0,0.0
2023-11-03 22:00:00,22,21.1,21.1,0.0,0.0,0.0
2023-11-03 23:00:00,23,20.3,20.3,0.0,0.0,0.0
2023-11-04 00:00:00,0,19.2,19.2,0.0,0.0,0.0
2023-11-04 01:00:00,1,19.1,19.1,0.0,2.0,0.0
2023-11-04 02:00:00,2,19.0,19.0,0.0,18.0,0.0
2023-11-04 03:00:00,3,18.4,18.4,0.0,41.0,0.0
2023-11-04 04:00:00,4,17.6,17.6,0.0,43.0,0.0
2023-11-04 05:00:00,5,17.6,17.6,0.0,78.0,0.0
2023-11-04 06:00:00,6,18.4,18.4,0.0,96.0,0.0
2023-11-04 07:00:00,7,20.1,21.13125,33.0,100.0,0.11220000000000002
2023-11-04 08:00:00,8,22.8,28.175,172.0,100.0,0.5773730399999999
2023-11-04 09:00:00,9,25.6,36.9125,362.0,100.0,1.17215238
2023-11-04 10:00:00,10,27.6,43.81875,519.0,100.0,1.631769735
2023-11-04 11:00:00,11,28.8,47.4875,598.0,100.0,1.8503136599999999
2023-11-04 12:00:00,12,29.6,49.1,624.0,100.0,1.9170777600000002
2023-11-04 13:00:00,13,29.9,46.68125,537.0,98.0,1.6757947824750001
2023-11-04 14:00:00,14,30.3,46.05,504.0,28.0,1.8517915583999995
2023-11-04 15:00:00,15,30.0,41.875,380.0,24.0,1.4337001
2023-11-04 16:00:00,16,29.2,35.5125,202.0,50.0,0.7401600675
2023-11-04 17:00:00,17,29.0,30.8125,58.0,45.0,0.21909967625000001
2023-11-04 18:00:00,18,24.7,24.73125,1.0,2.0,0.004233000000000001
2023-11-04 19:00:00,19,22.5,22.5,0.0,0.0,0.0
2023-11-04 20:00:00,20,22.7,22.7,0.0,0.0,0.0
2023-11-04 21:00:00,21,21.7,21.7,0.0,0.0,0.0
2023-11-04 22:00:00,22,22.2,22.2,0.0,0.0,0.0
2023-11-04 23:00:00,23,20.8,20.8,0.0,0.0,0.0
2023-11-05 00:00:00,0,19.9,19.9,0.0,0.0,0.0
2023-11-05 01:00:00,1,19.4,19.4,0.0,0.0,0.0
2023-11-05 02:00:00,2,19.0,19.0,0.0,0.0,0.0
2023-11-05 03:00:00,3,19.7,19.7,0.0,0.0,0.0
2023-11-05 04:00:00,4,20.4,20.4,0.0,0.0,0.0
2023-11-05 05:00:00,5,21.8,21.8,0.0,0.0,0.0
2023-11-05 06:00:00,6,22.2,22.2,0.0,3.0,0.0
2023-11-05 07:00:00,7,21.3,22.33125,33.0,3.0,0.13940850000000002
2023-11-05 08:00:00,8,24.2,30.10625,189.0,2.0,0.783696244275
2023-11-05 09:00:00,9,26.4,38.2125,378.0,2.0,1.5155100891000002
2023-11-05 10:00:00,10,28.6,45.50625,541.0,0.0,2.1106540187499996
2023-11-05 11:00:00,11,30.0,50.40625,653.0,21.0,2.3885001795625
2023-11-05 12:00:00,12,30.6,50.56875,639.0,47.0,2.2088249818875005
2023-11-05 13:00:00,13,30.7,47.04375,523.0,20.0,1.945688658
2023-11-05 14:00:00,14,30.8,47.175,524.0,25.0,1.9279918449999998
2023-11-05 15:00:00,15,30.4,42.7125,394.0,26.0,1.4749568679
2023-11-05 16:00:00,16,29.6,36.69375,227.0,22.0,0.879160370725
2023-11-05 17:00:00,17,26.2,28.325,68.0,15.0,0.276601611
2023-11-05 18:00:00,18,23.6,23.63125,1.0,4.0,0.004216
2023-11-05 19:00:00,19,26.3,26.3,0.0,5.0,0.0
2023-11-05 20:00:00,20,21.9,21.9,0.0,1.0,0.0
2023-11-05 21:00:00,21,22.9,22.9,0.0,0.0,0.0
2023-11-05 22:00:00,22,21.9,21.9,0.0,0.0,0.0
2023-11-05 23:00:00,23,21.6,21.6,0.0,0.0,0.0
2023-11-06 00:00:00,0,20.8,20.8,0.0,0.0,0.0
2023-11-06 01:00:00,1,20.0,20.0,0.0,0.0,0.0
2023-11-06 02:00:00,2,19.9,19.9,0.0,0.0,0.0
2023-11-06 03:00:00,3,19.3,19.3,0.0,0.0,0.0
2023-11-06 04:00:00,4,18.6,18.6,0.0,0.0,0.0
2023-11-06 05:00:00,5,18.7,18.7,0.0,0.0,0.0
2023-11-06 06:00:00,6,19.6,19.6,0.0,0.0,0.0
2023-11-06 07:00:00,7,20.8,21.8,32.0,0.0,0.0884
2023-11-06 08:00:00,8,23.7,29.48125,185.0,0.0,0.5019017046875001
2023-11-06 09:00:00,9,26.3,37.95625,373.0,0.0,0.975057349443125
2023-11-06 10:00:00,10,28.3,45.01875,535.0,0.0,1.3568724713781253
2023-11-06 11:00:00,11,29.5,49.65625,645.0,0.0,1.6028690797031253
2023-11-06 12:00:00,12,30.2,51.29375,675.0,0.0,1.5350834728124998
2023-11-06 13:00:00,13,30.1,45.88125,505.0,0.0,1.2248412286906247
2023-11-06 14:00:00,14,30.4,46.74375,523.0,0.0,1.247894243399375
2023-11-06 15:00:00,15,30.2,42.10625,381.0,0.0,0.8922498422906251
2023-11-06 16:00:00,16,29.8,36.612500000000004,218.0,0.0,0.49730192781750004
2023-11-06 17:00:00,17,26.6,28.38125,57.0,0.0,0.15377949149062503
2023-11-06 18:00:00,18,24.2,24.2,0.0,0.0,0.0
2023-11-06 19:00:00,19,23.5,23.5,0.0,0.0,0.0
2023-11-06 20:00:00,20,22.7,22.7,0.0,0.0,0.0
2023-11-06 21:00:00,21,23.6,23.6,0.0,0.0,0.0
2023-11-06 22:00:00,22,20.4,20.4,0.0,0.0,0.0
2023-11-06 23:00:00,23,19.5,19.5,0.0,0.0,0.0
2023-11-07 00:00:00,0,19.4,19.4,0.0,0.0,0.0
2023-11-07 01:00:00,1,18.7,18.7,0.0,0.0,0.0
2023-11-07 02:00:00,2,18.7,18.7,0.0,0.0,0.0
2023-11-07 03:00:00,3,18.2,18.2,0.0,0.0,0.0
2023-11-07 04:00:00,4,18.2,18.2,0.0,0.0,0.0
2023-11-07 05:00:00,5,17.5,17.5,0.0,0.0,0.0
2023-11-07 06:00:00,6,18.7,18.7,0.0,0.0,0.0
2023-11-07 07:00:00,7,20.2,21.1375,30.0,0.0,0.1275
2023-11-07 08:00:00,8,23.1,28.7875,182.0,0.0,0.7617814749999999
2023-11-07 09:00:00,9,25.8,37.33125,369.0,0.0,1.49089606875
2023-11-07 10:00:00,10,27.9,44.49375,531.0,0.0,2.0807799187500002
2023-11-07 11:00:00,11,29.4,49.4625,642.0,0.0,2.461516275
2023-11-07 12:00:00,12,30.3,51.675,684.0,9.0,2.5500802842
2023-11-07 13:00:00,13,30.9,50.775,636.0,14.0,2.3564397204
2023-11-07 14:00:00,14,31.1,48.06875,543.0,9.0,2.0570959261125004
2023-11-07 15:00:00,15,31.0,43.78125,409.0,8.0,1.5819413452499997
2023-11-07 16:00:00,16,30.2,37.6375,238.0,21.0,0.9200331906499999
2023-11-07 17:00:00,17,27.3,29.4875,70.0,13.0,0.28456371825
2023-11-07 18:00:00,18,25.0,25.0,0.0,4.0,0.0
2023-11-07 19:00:00,19,23.1,23.1,0.0,4.0,0.0
2023-11-07 20:00:00,20,24.5,24.5,0.0,1.0,0.0
2023-11-07 21:00:00,21,25.1,25.1,0.0,0.0,0.0
2023-11-07 22:00:00,22,24.7,24.7,0.0,4.0,0.0
2023-11-07 23:00:00,23,20.6,20.6,0.0,7.0,0.0
2023-11-08 00:00:00,0,19.7,19.7,0.0,0.0,0.0
2023-11-08 01:00:00,1,19.4,19.4,0.0,0.0,0.0
2023-11-08 02:00:00,2,20.7,20.7,0.0,0.0,0.0
2023-11-08 03:00:00,3,22.9,22.9,0.0,4.0,0.0
2023-11-08 04:00:00,4,22.4,22.4,0.0,9.0,0.0
2023-11-08 05:00:00,5,21.7,21.7,0.0,10.0,0.0
2023-11-08 06:00:00,6,18.4,18.4,0.0,14.0,0.0
2023-11-08 07:00:00,7,19.8,20.7375,30.0,0.0,0.1275
2023-11-08 08:00:00,8,23.8,29.4875,182.0,3.0,0.75505798095
2023-11-08 09:00:00,9,27.0,38.5625,370.0,29.0,1.40093474625
2023-11-08 10:00:00,10,28.9,45.4625,530.0,65.0,1.7992756012500002
2023-11-08 11:00:00,11,30.3,50.1125,634.0,94.0,1.9681560296999998
2023-11-08 12:00:00,12,30.6,49.19375,595.0,56.0,2.0282188342499996
2023-11-08 13:00:00,13,30.8,49.7375,606.0,49.0,2.0932301560499997
2023-11-08 14:00:00,14,30.5,46.15625,501.0,14.0,1.8944884766249999
2023-11-08 15:00:00,15,30.3,42.8,400.0,33.0,1.47474864
2023-11-08 16:00:00,16,29.3,35.7375,206.0,54.0,0.7474043692999999
2023-11-08 17:00:00,17,26.7,28.60625,61.0,75.0,0.21718377093749996
2023-11-08 18:00:00,18,26.0,26.0,0.0,21.0,0.0
2023-11-08 19:00:00,19,25.1,25.1,0.0,32.0,0.0
2023-11-08 20:00:00,20,23.8,23.8,0.0,57.0,0.0
2023-11-08 21:00:00,21,23.6,23.6,0.0,72.0,0.0
2023-11-08 22:00:00,22,22.0,22.0,0.0,50.0,0.0
2023-11-08 23:00:00,23,20.8,20.8,0.0,50.0,0.0
2023-11-09 00:00:00,0,20.3,20.3,0.0,50.0,0.0
2023-11-09 01:00:00,1,21.8,21.8,0.0,25.0,0.0
2023-11-09 02:00:00,2,22.3,22.3,0.0,43.0,0.0
2023-11-09 03:00:00,3,22.4,22.4,0.0,34.0,0.0
2023-11-09 04:00:00,4,22.0,22.0,0.0,26.0,0.0
2023-11-09 05:00:00,5,22.1,22.1,0.0,13.0,0.0
2023-11-09 06:00:00,6,18.8,18.8,0.0,1.0,0.0
2023-11-09 07:00:00,7,20.4,21.275,28.0,3.0,0.118286
2023-11-09 08:00:00,8,23.6,29.13125,177.0,3.0,0.7353801543374999
2023-11-09 09:00:00,9,26.4,37.775,364.0,4.0,1.4562047136
2023-11-09 10:00:00,10,28.5,44.90625,525.0,5.0,2.0330508515624994
2023-11-09 11:00:00,11,29.8,49.675,636.0,51.0,2.1877200822
2023-11-09 12:00:00,12,30.4,49.2125,602.0,100.0,1.84856742
2023-11-09 13:00:00,13,30.7,48.10625,557.0,80.0,1.8047038117499998
2023-11-09 14:00:00,14,30.8,46.9875,518.0,20.0,1.9275629519999997
2023-11-09 15:00:00,15,30.4,42.65,392.0,24.0,1.4740581407999997
2023-11-09 16:00:00,16,29.4,36.30625,221.0,20.0,0.8609015219999999
2023-11-09 17:00:00,17,26.6,28.50625,61.0,27.0,0.2418108617375
2023-11-09 18:00:00,18,24.9,24.9,0.0,56.0,0.0
2023-11-09 19:00:00,19,24.0,24.0,0.0,31.0,0.0
2023-11-09 20:00:00,20,23.1,23.1,0.0,19.0,0.0
2023-11-09 21:00:00,21,22.5,22.5,0.0,23.0,0.0
2023-11-09 22:00:00,22,21.6,21.6,0.0,11.0,0.0
2023-11-09 23:00:00,23,20.8,20.8,0.0,13.0,0.0
2023-11-10 00:00:00,0,20.5,20.5,0.0,3.0,0.0
2023-11-10 01:00:00,1,20.0,20.0,0.0,1.0,0.0
2023-11-10 02:00:00,2,19.6,19.6,0.0,0.0,0.0
2023-11-10 03:00:00,3,19.1,19.1,0.0,3.0,0.0
2023-11-10 04:00:00,4,19.1,19.1,0.0,4.0,0.0
2023-11-10 05:00:00,5,18.5,18.5,0.0,13.0,0.0
2023-11-10 06:00:00,6,19.8,19.8,0.0,33.0,0.0
2023-11-10 07:00:00,7,20.1,20.7875,22.0,23.0,0.08919899999999999
2023-11-10 08:00:00,8,22.1,26.725,148.0,16.0,0.6046707832
2023-11-10 09:00:00,9,24.4,34.3375,318.0,28.0,1.2281642724
2023-11-10 10:00:00,10,26.6,41.25625,469.0,45.0,1.6959114160624997
2023-11-10 11:00:00,11,27.8,43.83125,513.0,73.0,1.7216833591125003
2023-11-10 12:00:00,12,28.7,45.48125,537.0,24.0,1.9947033886499999
2023-11-10 13:00:00,13,29.5,47.9375,590.0,52.0,2.04058344
2023-11-10 14:00:00,14,29.0,42.875,444.0,30.0,1.6469547299999998
2023-11-10 15:00:00,15,28.5,39.375,348.0,35.0,1.296380475
2023-11-10 16:00:00,16,27.9,34.11875,199.0,23.0,0.7774158103875001
2023-11-10 17:00:00,17,25.8,27.675,60.0,21.0,0.24167609699999998
2023-11-10 18:00:00,18,24.5,24.5,0.0,37.0,0.0
2023-11-10 19:00:00,19,22.8,22.8,0.0,30.0,0.0
2023-11-10 20:00:00,20,22.0,22.0,0.0,22.0,0.0
2023-11-10 21:00:00,21,20.8,20.8,0.0,0.0,0.0
2023-11-10 22:00:00,22,19.6,19.6,0.0,0.0,0.0
2023-11-10 23:00:00,23,18.7,18.7,0.0,0.0,0.0
2023-11-11 00:00:00,0,18.0,18.0,0.0,0.0,0.0
2023-11-11 01:00:00,1,17.1,17.1,0.0,0.0,0.0
2023-11-11 02:00:00,2,16.6,16.6,0.0,0.0,0.0
2023-11-11 03:00:00,3,15.8,15.8,0.0,0.0,0.0
2023-11-11 04:00:00,4,15.4,15.4,0.0,0.0,0.0
2023-11-11 05:00:00,5,15.0,15.0,0.0,0.0,0.0
2023-11-11 06:00:00,6,15.4,15.4,0.0,53.0,0.0
2023-11-11 07:00:00,7,15.7,16.5125,26.0,100.0,0.0884
2023-11-11 08:00:00,8,18.1,23.19375,163.0,16.0,0.670582
2023-11-11 09:00:00,9,20.2,30.7625,338.0,17.0,1.3556734600500002
2023-11-11 10:00:00,10,22.5,38.75,520.0,0.0,2.08845
2023-11-11 11:00:00,11,24.4,44.4,640.0,0.0,2.508928
2023-11-11 12:00:00,12,25.5,47.0,688.0,0.0,2.6666879999999997
2023-11-11 13:00:00,13,26.2,47.0125,666.0,0.0,2.581274475
2023-11-11 14:00:00,14,26.5,44.5,576.0,0.0,2.257056
2023-11-11 15:00:00,15,26.4,39.775,428.0,0.0,1.7114970999999999
2023-11-11 16:00:00,16,25.7,33.29375,243.0,0.0,0.9984885187499999
2023-11-11 17:00:00,17,23.5,25.59375,67.0,0.0,0.28407371875
2023-11-11 18:00:00,18,21.6,21.6,0.0,0.0,0.0
2023-11-11 19:00:00,19,20.6,20.6,0.0,0.0,0.0
2023-11-11 20:00:00,20,19.9,19.9,0.0,0.0,0.0
2023-11-11 21:00:00,21,19.1,19.1,0.0,0.0,0.0
2023-11-11 22:00:00,22,18.5,18.5,0.0,0.0,0.0
2023-11-11 23:00:00,23,18.0,18.0,0.0,0.0,0.0
2023-11-12 00:00:00,0,17.4,17.4,0.0,0.0,0.0
2023-11-12 01:00:00,1,16.6,16.6,0.0,0.0,0.0
2023-11-12 02:00:00,2,16.0,16.0,0.0,0.0,0.0
2023-11-12 03:00:00,3,15.4,15.4,0.0,0.0,0.0
2023-11-12 04:00:00,4,15.0,15.0,0.0,0.0,0.0
2023-11-12 05:00:00,5,14.5,14.5,0.0,0.0,0.0
2023-11-12 06:00:00,6,14.6,14.6,0.0,0.0,0.0
2023-11-12 07:00:00,7,15.5,16.3125,26.0,0.0,0.1105
2023-11-12 08:00:00,8,18.7,24.1375,174.0,0.0,0.7394999999999999
2023-11-12 09:00:00,9,21.1,32.44375,363.0,0.0,1.4968146187499998
2023-11-12 10:00:00,10,22.7,39.2,528.0,0.0,2.1165408
2023-11-12 11:00:00,11,24.0,44.03125,641.0,0.0,2.51686646875
2023-11-12 12:00:00,12,25.1,46.6625,690.0,0.0,2.6783988749999996
2023-11-12 13:00:00,13,25.9,46.80625,669.0,0.0,2.5952475187500004
2023-11-12 14:00:00,14,26.3,44.39375,579.0,0.0,2.2698573187499997
2023-11-12 15:00:00,15,26.2,39.6375,430.0,0.0,1.720499875
2023-11-12 16:00:00,16,25.6,33.225,244.0,1.0,1.0008769345999997
2023-11-12 17:00:00,17,22.2,24.29375,67.0,2.0,0.283611
2023-11-12 18:00:00,18,21.3,21.3,0.0,0.0,0.0
2023-11-12 19:00:00,19,20.3,20.3,0.0,0.0,0.0
2023-11-12 20:00:00,20,19.1,19.1,0.0,0.0,0.0
2023-11-12 21:00:00,21,18.0,18.0,0.0,1.0,0.0
2023-11-12 22:00:00,22,17.5,17.5,0.0,23.0,0.0
2023-11-12 23:00:00,23,17.1,17.1,0.0,1.0,0.0
2023-11-13 00:00:00,0,16.6,16.6,0.0,15.0,0.0
2023-11-13 01:00:00,1,16.1,16.1,0.0,0.0,0.0
2023-11-13 02:00:00,2,15.8,15.8,0.0,1.0,0.0
2023-11-13 03:00:00,3,15.3,15.3,0.0,55.0,0.0
2023-11-13 04:00:00,4,14.9,14.9,0.0,26.0,0.0
2023-11-13 05:00:00,5,14.5,14.5,0.0,52.0,0.0
2023-11-13 06:00:00,6,14.7,14.7,0.0,64.0,0.0
2023-11-13 07:00:00,7,15.9,16.68125,25.0,36.0,0.09860000000000001
2023-11-13 08:00:00,8,19.2,24.575,172.0,79.0,0.6155019999999999
2023-11-13 09:00:00,9,21.8,32.9875,358.0,71.0,1.2637379683499999
2023-11-13 10:00:00,10,23.4,39.7125,522.0,99.0,1.6745289025500003
2023-11-13 11:00:00,11,24.6,44.225,628.0,99.0,1.9759306278000002
2023-11-13 12:00:00,12,25.4,46.275,668.0,93.0,2.1142844953999997
2023-11-13 13:00:00,13,26.0,46.21875,647.0,100.0,2.013091975
2023-11-13 14:00:00,14,26.2,43.10625,541.0,100.0,1.7061814549999998
2023-11-13 15:00:00,15,26.1,37.5375,366.0,100.0,1.18199334
2023-11-13 16:00:00,16,25.6,32.2875,214.0,100.0,0.70639046
2023-11-13 17:00:00,17,22.9,24.68125,57.0,100.0,0.19380000000000003
2023-11-13 18:00:00,18,22.8,22.8,0.0,100.0,0.0
2023-11-13 19:00:00,19,21.5,21.5,0.0,100.0,0.0
2023-11-13 20:00:00,20,20.8,20.8,0.0,100.0,0.0
2023-11-13 21:00:00,21,20.3,20.3,0.0,100.0,0.0
2023-11-13 22:00:00,22,19.7,19.7,0.0,100.0,0.0
2023-11-13 23:00:00,23,19.4,19.4,0.0,100.0,0.0
2023-11-14 00:00:00,0,18.8,18.8,0.0,100.0,0.0
2023-11-14 01:00:00,1,18.6,18.6,0.0,100.0,0.0
2023-11-14 02:00:00,2,18.3,18.3,0.0,100.0,0.0
2023-11-14 03:00:00,3,18.0,18.0,0.0,100.0,0.0
2023-11-14 04:00:00,4,17.3,17.3,0.0,100.0,0.0
2023-11-14 05:00:00,5,17.0,17.0,0.0,100.0,0.0
2023-11-14 06:00:00,6,16.5,16.5,0.0,100.0,0.0
2023-11-14 07:00:00,7,17.4,17.86875,15.0,100.0,0.051000000000000004
2023-11-14 08:00:00,8,19.3,22.33125,97.0,100.0,0.32980000000000004
2023-11-14 09:00:00,9,21.6,29.31875,247.0,100.0,0.825292455
2023-11-14 10:00:00,10,23.1,35.4125,394.0,100.0,1.2838056600000003
2023-11-14 11:00:00,11,23.9,36.5875,406.0,100.0,1.3164184600000004
2023-11-14 12:00:00,12,24.6,39.225,468.0,100.0,1.5006607200000002
2023-11-14 13:00:00,13,24.9,38.43125,433.0,100.0,1.393106055
2023-11-14 14:00:00,14,25.3,38.2375,414.0,100.0,1.33306758
2023-11-14 15:00:00,15,25.3,36.39375,355.0,90.0,1.1807907493749998
2023-11-14 16:00:00,16,24.8,30.89375,195.0,87.0,0.6684092926875
2023-11-14 17:00:00,17,22.5,24.21875,55.0,100.0,0.18700000000000003
2023-11-14 18:00:00,18,21.7,21.7,0.0,100.0,0.0
2023-11-14 19:00:00,19,21.2,21.2,0.0,74.0,0.0
2023-11-14 20:00:00,20,20.2,20.2,0.0,1.0,0.0
2023-11-14 21:00:00,21,19.2,19.2,0.0,2.0,0.0
2023-11-14 22:00:00,22,18.4,18.4,0.0,0.0,0.0
2023-11-14 23:00:00,23,17.2,17.2,0.0,9.0,0.0
2023-11-15 00:00:00,0,16.7,16.7,0.0,2.0,0.0
2023-11-15 01:00:00,1,16.5,16.5,0.0,0.0,0.0
2023-11-15 02:00:00,2,16.0,16.0,0.0,0.0,0.0
2023-11-15 03:00:00,3,15.7,15.7,0.0,0.0,0.0
2023-11-15 04:00:00,4,15.3,15.3,0.0,0.0,0.0
2023-11-15 05:00:00,5,14.8,14.8,0.0,0.0,0.0
2023-11-15 06:00:00,6,14.3,14.3,0.0,0.0,0.0
2023-11-15 07:00:00,7,15.5,16.21875,23.0,0.0,0.09774999999999999
2023-11-15 08:00:00,8,19.1,24.2875,166.0,0.0,0.7055
2023-11-15 09:00:00,9,21.6,32.6625,354.0,0.0,1.458387075
2023-11-15 10:00:00,10,23.1,39.2875,518.0,0.0,2.0756842749999995
2023-11-15 11:00:00,11,24.3,44.05,632.0,0.0,2.4813267999999997
2023-11-15 12:00:00,12,25.3,46.58125,681.0,0.0,2.64440386875
2023-11-15 13:00:00,13,26.0,46.59375,659.0,0.0,2.55883521875
2023-11-15 14:00:00,14,26.3,44.05,568.0,0.0,2.2300531999999995
2023-11-15 15:00:00,15,26.2,39.35625,421.0,0.0,1.68650231875
2023-11-15 16:00:00,16,25.6,33.0375,238.0,0.0,0.9789802749999998
2023-11-15 17:00:00,17,22.4,24.4,64.0,0.0,0.272
2023-11-15 18:00:00,18,21.3,21.3,0.0,0.0,0.0
2023-11-15 19:00:00,19,20.0,20.0,0.0,0.0,0.0
2023-11-15 20:00:00,20,19.0,19.0,0.0,0.0,0.0
2023-11-15 21:00:00,21,17.9,17.9,0.0,0.0,0.0
2023-11-15 22:00:00,22,17.2,17.2,0.0,0.0,0.0
2023-11-15 23:00:00,23,15.9,15.9,0.0,0.0,0.0
2023-11-16 00:00:00,0,15.2,15.2,0.0,0.0,0.0
2023-11-16 01:00:00,1,14.9,14.9,0.0,0.0,0.0
2023-11-16 02:00:00,2,14.7,14.7,0.0,0.0,0.0
2023-11-16 03:00:00,3,14.3,14.3,0.0,0.0,0.0
2023-11-16 04:00:00,4,14.1,14.1,0.0,0.0,0.0
2023-11-16 05:00:00,5,13.9,13.9,0.0,0.0,0.0
2023-11-16 06:00:00,6,13.9,13.9,0.0,0.0,0.0
2023-11-16 07:00:00,7,15.3,15.9875,22.0,0.0,0.09349999999999999
2023-11-16 08:00:00,8,18.8,23.9875,166.0,0.0,0.7055
2023-11-16 09:00:00,9,21.4,32.43125,353.0,0.0,1.4556550687499998
2023-11-16 10:00:00,10,23.1,39.2875,518.0,0.0,2.0756842749999995
2023-11-16 11:00:00,11,24.1,43.7875,630.0,0.0,2.476285875
2023-11-16 12:00:00,12,25.0,46.1875,678.0,0.0,2.637292875
2023-11-16 13:00:00,13,25.6,46.13125,657.0,0.0,2.5562350687500004
2023-11-16 14:00:00,14,25.8,43.55,568.0,0.0,2.2348812
2023-11-16 15:00:00,15,25.6,38.75625,421.0,0.0,1.69079651875
2023-11-16 16:00:00,16,24.9,32.275,236.0,0.0,0.9738126999999999
2023-11-16 17:00:00,17,21.4,23.3375,62.0,0.0,0.2635
2023-11-16 18:00:00,18,20.6,20.6,0.0,0.0,0.0
2023-11-16 19:00:00,19,20.1,20.1,0.0,0.0,0.0
2023-11-16 20:00:00,20,19.1,19.1,0.0,0.0,0.0
2023-11-16 21:00:00,21,18.4,18.4,0.0,0.0,0.0
2023-11-16 22:00:00,22,17.8,17.8,0.0,0.0,0.0
2023-11-16 23:00:00,23,17.1,17.1,0.0,0.0,0.0
2023-11-17 00:00:00,0,16.6,16.6,0.0,0.0,0.0
2023-11-17 01:00:00,1,16.1,16.1,0.0,0.0,0.0
2023-11-17 02:00:00,2,15.4,15.4,0.0,0.0,0.0
2023-11-17 03:00:00,3,15.0,15.0,0.0,0.0,0.0
2023-11-17 04:00:00,4,14.7,14.7,0.0,0.0,0.0
2023-11-17 05:00:00,5,14.4,14.4,0.0,0.0,0.0
2023-11-17 06:00:00,6,14.2,14.2,0.0,0.0,0.0
2023-11-17 07:00:00,7,15.0,15.65625,21.0,0.0,0.08925000000000001
2023-11-17 08:00:00,8,18.3,23.3625,162.0,0.0,0.6885
2023-11-17 09:00:00,9,21.0,31.90625,349.0,0.0,1.4422752187499999
2023-11-17 10:00:00,10,22.4,38.4625,514.0,0.0,2.0668646750000006
2023-11-17 11:00:00,11,23.5,43.125,628.0,0.0,2.4754975
2023-11-17 12:00:00,12,24.4,45.55625,677.0,0.0,2.6406681187500003
2023-11-17 13:00:00,13,25.0,45.53125,657.0,0.0,2.5629364687500003
2023-11-17 14:00:00,14,25.3,43.05,568.0,0.0,2.2397091999999996
2023-11-17 15:00:00,15,25.3,38.45625,421.0,0.0,1.69294361875
2023-11-17 16:00:00,16,24.8,32.175,236.0,14.0,0.9469359108
2023-11-17 17:00:00,17,21.5,23.4375,62.0,86.0,0.218178
2023-11-17 18:00:00,18,21.0,21.0,0.0,42.0,0.0
2023-11-17 19:00:00,19,20.0,20.0,0.0,99.0,0.0
2023-11-17 20:00:00,20,18.7,18.7,0.0,90.0,0.0
2023-11-17 21:00:00,21,17.8,17.8,0.0,3.0,0.0
2023-11-17 22:00:00,22,16.6,16.6,0.0,0.0,0.0
2023-11-17 23:00:00,23,15.6,15.6,0.0,0.0,0.0
2023-11-18 00:00:00,0,17.6,17.6,0.0,0.0,0.0
2023-11-18 01:00:00,1,17.6,17.6,0.0,2.0,0.0
2023-11-18 02:00:00,2,17.4,17.4,0.0,19.0,0.0
2023-11-18 03:00:00,3,17.1,17.1,0.0,40.0,0.0
2023-11-18 04:00:00,4,16.9,16.9,0.0,26.0,0.0
2023-11-18 05:00:00,5,15.9,15.9,0.0,26.0,0.0
2023-11-18 06:00:00,6,15.3,15.3,0.0,59.0,0.0
2023-11-18 07:00:00,7,15.6,16.225,20.0,97.0,0.06851000000000002
2023-11-18 08:00:00,8,18.4,23.0875,150.0,90.0,0.5227499999999999
2023-11-18 09:00:00,9,21.0,31.65625,341.0,90.0,1.156744249375
2023-11-18 10:00:00,10,22.6,38.2875,502.0,90.0,1.6564856694999996
2023-11-18 11:00:00,11,23.7,42.79375,611.0,10.0,2.3636877923749995
2023-11-18 12:00:00,12,24.5,45.375,668.0,12.0,2.545038584
2023-11-18 13:00:00,13,25.1,45.25625,645.0,41.0,2.3125707208125
2023-11-18 14:00:00,14,25.3,42.3625,546.0,42.0,1.9779566079000006
2023-11-18 15:00:00,15,25.2,37.85625,405.0,87.0,1.3486388776875
2023-11-18 16:00:00,16,24.7,31.5125,218.0,37.0,0.83558968905
2023-11-18 17:00:00,17,21.4,23.24375,59.0,11.0,0.24523349999999997
2023-11-18 18:00:00,18,20.9,20.9,0.0,0.0,0.0
2023-11-18 19:00:00,19,18.6,18.6,0.0,0.0,0.0
2023-11-18 20:00:00,20,17.8,17.8,0.0,0.0,0.0
2023-11-18 21:00:00,21,17.9,17.9,0.0,0.0,0.0
2023-11-18 22:00:00,22,17.6,17.6,0.0,0.0,0.0
2023-11-18 23:00:00,23,15.5,15.5,0.0,0.0,0.0
2023-11-19 00:00:00,0,15.0,15.0,0.0,0.0,0.0
2023-11-19 01:00:00,1,14.3,14.3,0.0,0.0,0.0
2023-11-19 02:00:00,2,14.5,14.5,0.0,0.0,0.0
2023-11-19 03:00:00,3,14.4,14.4,0.0,0.0,0.0
2023-11-19 04:00:00,4,14.8,14.8,0.0,0.0,0.0
2023-11-19 05:00:00,5,14.1,14.1,0.0,0.0,0.0
2023-11-19 06:00:00,6,15.4,15.4,0.0,0.0,0.0
2023-11-19 07:00:00,7,14.9,15.49375,19.0,0.0,0.08075
2023-11-19 08:00:00,8,18.5,23.375,156.0,0.0,0.663
2023-11-19 09:00:00,9,21.6,32.225,340.0,0.0,1.4032395
2023-11-19 10:00:00,10,23.7,39.387499999999996,502.0,0.0,2.0107170749999996
2023-11-19 11:00:00,11,24.8,43.95625,613.0,0.0,2.4077069187499998
2023-11-19 12:00:00,12,25.6,46.225,660.0,0.0,2.5668555000000004
2023-11-19 13:00:00,13,26.1,46.0375,638.0,0.0,2.483327275
2023-11-19 14:00:00,14,26.3,43.4875,550.0,0.0,2.164641875
2023-11-19 15:00:00,15,26.1,38.75625,405.0,1.0,1.6232851423125
2023-11-19 16:00:00,16,25.6,32.63125,225.0,4.0,0.9196439849999999
2023-11-19 17:00:00,17,21.8,23.6125,58.0,0.0,0.24650000000000002
2023-11-19 18:00:00,18,19.9,19.9,0.0,0.0,0.0
2023-11-19 19:00:00,19,19.1,19.1,0.0,0.0,0.0
2023-11-19 20:00:00,20,18.3,18.3,0.0,0.0,0.0
2023-11-19 21:00:00,21,17.6,17.6,0.0,0.0,0.0
2023-11-19 22:00:00,22,16.7,16.7,0.0,0.0,0.0
2023-11-19 23:00:00,23,15.8,15.8,0.0,0.0,0.0
2023-11-20 00:00:00,0,15.6,15.6,0.0,0.0,0.0
2023-11-20 01:00:00,1,14.7,14.7,0.0,0.0,0.0
2023-11-20 02:00:00,2,14.6,14.6,0.0,0.0,0.0
2023-11-20 03:00:00,3,14.6,14.6,0.0,0.0,0.0
2023-11-20 04:00:00,4,14.3,14.3,0.0,0.0,0.0
2023-11-20 05:00:00,5,14.1,14.1,0.0,0.0,0.0
2023-11-20 06:00:00,6,14.4,14.4,0.0,0.0,0.0
2023-11-20 07:00:00,7,15.5,16.0625,18.0,0.0,0.0765
2023-11-20 08:00:00,8,18.9,23.65,152.0,0.0,0.646
2023-11-20 09:00:00,9,21.9,32.4,336.0,0.0,1.3857312000000002
2023-11-20 10:00:00,10,24.1,39.6625,498.0,0.0,1.9923672750000003
2023-11-20 11:00:00,11,25.4,44.4625,610.0,0.0,2.390673875
2023-11-20 12:00:00,12,26.1,46.69375,659.0,0.0,2.55771491875
2023-11-20 13:00:00,13,26.6,46.5375,638.0,0.0,2.477904275
2023-11-20 14:00:00,14,26.8,43.9875,550.0,0.0,2.159966875
2023-11-20 15:00:00,15,26.7,39.387499999999996,406.0,0.0,1.6261974750000003
2023-11-20 16:00:00,16,26.1,33.19375,227.0,0.0,0.93313031875
2023-11-20 17:00:00,17,22.5,24.3125,58.0,0.0,0.24650000000000002
2023-11-20 18:00:00,18,22.5,22.5,0.0,0.0,0.0
2023-11-20 19:00:00,19,22.6,22.6,0.0,0.0,0.0
2023-11-20 20:00:00,20,21.9,21.9,0.0,0.0,0.0
2023-11-20 21:00:00,21,17.8,17.8,0.0,0.0,0.0
2023-11-20 22:00:00,22,16.9,16.9,0.0,0.0,0.0
2023-11-20 23:00:00,23,16.5,16.5,0.0,0.0,0.0
2023-11-21 00:00:00,0,16.1,16.1,0.0,0.0,0.0
2023-11-21 01:00:00,1,15.8,15.8,0.0,0.0,0.0
2023-11-21 02:00:00,2,14.9,14.9,0.0,0.0,0.0
2023-11-21 03:00:00,3,14.5,14.5,0.0,0.0,0.0
2023-11-21 04:00:00,4,14.5,14.5,0.0,0.0,0.0
2023-11-21 05:00:00,5,14.5,14.5,0.0,0.0,0.0
2023-11-21 06:00:00,6,14.8,14.8,0.0,0.0,0.0
2023-11-21 07:00:00,7,15.4,15.93125,17.0,0.0,0.07225000000000001
2023-11-21 08:00:00,8,18.7,23.325,148.0,4.0,0.623968
2023-11-21 09:00:00,9,21.7,32.04375,331.0,10.0,1.3397725223749999
2023-11-21 10:00:00,10,23.5,38.84375,491.0,1.0,1.9672538263125001
2023-11-21 11:00:00,11,24.9,43.775,604.0,0.0,2.3742183
2023-11-21 12:00:00,12,25.9,46.275,652.0,47.0,2.2968802374
2023-11-21 13:00:00,13,26.5,46.125,628.0,25.0,2.3212960249999997
2023-11-21 14:00:00,14,26.8,43.51875,535.0,87.0,1.7389959461875002
2023-11-21 15:00:00,15,26.7,38.79375,387.0,57.0,1.3768448140125
2023-11-21 16:00:00,16,25.6,32.2875,214.0,1.0,0.88122209885
2023-11-21 17:00:00,17,22.6,24.38125,57.0,0.0,0.24225000000000002
2023-11-21 18:00:00,18,20.7,20.7,0.0,0.0,0.0
2023-11-21 19:00:00,19,20.3,20.3,0.0,0.0,0.0
2023-11-21 20:00:00,20,19.2,19.2,0.0,0.0,0.0
2023-11-21 21:00:00,21,18.3,18.3,0.0,0.0,0.0
2023-11-21 22:00:00,22,17.2,17.2,0.0,0.0,0.0
2023-11-21 23:00:00,23,16.5,16.5,0.0,0.0,0.0
2023-11-22 00:00:00,0,15.9,15.9,0.0,0.0,0.0
2023-11-22 01:00:00,1,15.4,15.4,0.0,0.0,0.0
2023-11-22 02:00:00,2,14.8,14.8,0.0,0.0,0.0
2023-11-22 03:00:00,3,14.2,14.2,0.0,0.0,0.0
2023-11-22 04:00:00,4,13.6,13.6,0.0,0.0,0.0
2023-11-22 05:00:00,5,12.9,12.9,0.0,0.0,0.0
2023-11-22 06:00:00,6,12.6,12.6,0.0,0.0,0.0
2023-11-22 07:00:00,7,13.7,14.23125,17.0,0.0,0.07225000000000001
2023-11-22 08:00:00,8,17.5,22.28125,153.0,0.0,0.65025
2023-11-22 09:00:00,9,20.9,31.55625,341.0,0.0,1.41124341875
2023-11-22 10:00:00,10,22.4,38.2125,506.0,0.0,2.036846075
2023-11-22 11:00:00,11,23.6,42.975,620.0,0.0,2.4455435
2023-11-22 12:00:00,12,24.5,45.46875,671.0,0.0,2.6182629687500003
2023-11-22 13:00:00,13,25.3,45.675,652.0,0.0,2.5418382999999998
2023-11-22 14:00:00,14,25.6,43.225,564.0,0.0,2.2222587
2023-11-22 15:00:00,15,25.5,38.5625,418.0,0.0,1.6801248749999997
2023-11-22 16:00:00,16,24.5,31.8125,234.0,0.0,0.967399875
2023-11-22 17:00:00,17,20.7,22.54375,59.0,0.0,0.25075
2023-11-22 18:00:00,18,19.5,19.5,0.0,0.0,0.0
2023-11-22 19:00:00,19,19.5,19.5,0.0,0.0,0.0
2023-11-22 20:00:00,20,19.5,19.5,0.0,0.0,0.0
2023-11-22 21:00:00,21,17.3,17.3,0.0,0.0,0.0
2023-11-22 22:00:00,22,16.6,16.6,0.0,0.0,0.0
2023-11-22 23:00:00,23,16.7,16.7,0.0,0.0,0.0
2023-11-23 00:00:00,0,16.1,16.1,0.0,0.0,0.0
2023-11-23 01:00:00,1,15.3,15.3,0.0,0.0,0.0
2023-11-23 02:00:00,2,14.6,14.6,0.0,0.0,0.0
2023-11-23 03:00:00,3,14.0,14.0,0.0,0.0,0.0
2023-11-23 04:00:00,4,13.5,13.5,0.0,0.0,0.0
2023-11-23 05:00:00,5,12.9,12.9,0.0,0.0,0.0
2023-11-23 06:00:00,6,12.6,12.6,0.0,0.0,0.0
2023-11-23 07:00:00,7,13.8,14.3,16.0,0.0,0.068
2023-11-23 08:00:00,8,17.4,22.0875,150.0,0.0,0.6375
2023-11-23 09:00:00,9,20.5,31.03125,337.0,0.0,1.39769696875
2023-11-23 10:00:00,10,23.0,38.65625,501.0,0.0,2.0129397187499998
2023-11-23 11:00:00,11,24.6,43.7875,614.0,0.0,2.4133960749999996
2023-11-23 12:00:00,12,25.5,46.1875,662.0,0.0,2.575055875
2023-11-23 13:00:00,13,26.0,46.0,640.0,0.0,2.4915200000000004
2023-11-23 14:00:00,14,26.2,43.45,552.0,0.0,2.1728652
2023-11-23 15:00:00,15,26.0,38.75,408.0,0.0,1.6386299999999998
2023-11-23 16:00:00,16,25.2,32.29375,227.0,0.0,0.93660341875
2023-11-23 17:00:00,17,20.9,22.68125,57.0,0.0,0.24225000000000002
2023-11-23 18:00:00,18,19.8,19.8,0.0,0.0,0.0
2023-11-23 19:00:00,19,18.9,18.9,0.0,0.0,0.0
2023-11-23 20:00:00,20,18.4,18.4,0.0,0.0,0.0
2023-11-23 21:00:00,21,21.2,21.2,0.0,0.0,0.0
2023-11-23 22:00:00,22,20.9,20.9,0.0,0.0,0.0
2023-11-23 23:00:00,23,16.0,16.0,0.0,0.0,0.0
2023-11-24 00:00:00,0,14.5,14.5,0.0,0.0,0.0
2023-11-24 01:00:00,1,14.5,14.5,0.0,0.0,0.0
2023-11-24 02:00:00,2,14.1,14.1,0.0,0.0,0.0
2023-11-24 03:00:00,3,13.8,13.8,0.0,0.0,0.0
2023-11-24 04:00:00,4,15.6,15.6,0.0,0.0,0.0
2023-11-24 05:00:00,5,14.7,14.7,0.0,0.0,0.0
2023-11-24 06:00:00,6,13.2,13.2,0.0,0.0,0.0
2023-11-24 07:00:00,7,13.8,14.26875,15.0,0.0,0.06375
2023-11-24 08:00:00,8,17.3,21.76875,143.0,0.0,0.60775
2023-11-24 09:00:00,9,20.5,30.625,324.0,0.0,1.3460175
2023-11-24 10:00:00,10,22.9,38.05625,485.0,0.0,1.9536012187499998
2023-11-24 11:00:00,11,24.5,43.1875,598.0,0.0,2.3566058749999996
2023-11-24 12:00:00,12,25.5,45.75,648.0,0.0,2.525418
2023-11-24 13:00:00,13,26.1,45.75625,629.0,0.0,2.45130341875
2023-11-24 14:00:00,14,26.3,43.3,544.0,42.0,1.9627696256000005
2023-11-24 15:00:00,15,26.2,38.73125,401.0,40.0,1.4817925432499999
2023-11-24 16:00:00,16,25.6,32.5375,222.0,0.0,0.915053475
2023-11-24 17:00:00,17,24.6,26.35,56.0,0.0,0.23671480000000003
2023-11-24 18:00:00,18,19.9,19.9,0.0,0.0,0.0
2023-11-24 19:00:00,19,21.6,21.6,0.0,0.0,0.0
2023-11-24 20:00:00,20,20.9,20.9,0.0,0.0,0.0
2023-11-24 21:00:00,21,18.8,18.8,0.0,0.0,0.0
2023-11-24 22:00:00,22,16.7,16.7,0.0,0.0,0.0
2023-11-24 23:00:00,23,15.8,15.8,0.0,0.0,0.0
2023-11-25 00:00:00,0,15.4,15.4,0.0,0.0,0.0
2023-11-25 01:00:00,1,15.1,15.1,0.0,0.0,0.0
2023-11-25 02:00:00,2,14.8,14.8,0.0,0.0,0.0
2023-11-25 03:00:00,3,14.5,14.5,0.0,0.0,0.0
2023-11-25 04:00:00,4,13.9,13.9,0.0,0.0,0.0
2023-11-25 05:00:00,5,13.3,13.3,0.0,0.0,0.0
2023-11-25 06:00:00,6,13.4,13.4,0.0,5.0,0.0
2023-11-25 07:00:00,7,14.3,14.7375,14.0,0.0,0.059500000000000004
2023-11-25 08:00:00,8,17.6,22.00625,141.0,2.0,0.596853
2023-11-25 09:00:00,9,20.4,30.49375,323.0,100.0,1.074067055
2023-11-25 10:00:00,10,22.4,36.74375,459.0,100.0,1.4872908150000002
2023-11-25 11:00:00,11,24.0,40.71875,535.0,100.0,1.704630375
2023-11-25 12:00:00,12,25.0,42.71875,567.0,100.0,1.791167175
2023-11-25 13:00:00,13,25.1,38.75625,437.0,98.0,1.4110640742750002
2023-11-25 14:00:00,14,25.5,40.46875,479.0,95.0,1.5469282546875003
2023-11-25 15:00:00,15,25.4,37.775,396.0,92.0,1.3031509391999998
2023-11-25 16:00:00,16,24.6,31.06875,207.0,35.0,0.7983064839374999
2023-11-25 17:00:00,17,20.5,22.21875,55.0,4.0,0.23188
2023-11-25 18:00:00,18,19.8,19.8,0.0,35.0,0.0
2023-11-25 19:00:00,19,18.7,18.7,0.0,100.0,0.0
2023-11-25 20:00:00,20,18.4,18.4,0.0,99.0,0.0
2023-11-25 21:00:00,21,18.0,18.0,0.0,100.0,0.0
2023-11-25 22:00:00,22,17.7,17.7,0.0,100.0,0.0
2023-11-25 23:00:00,23,16.8,16.8,0.0,100.0,0.0
2023-11-26 00:00:00,0,17.0,17.0,0.0,99.0,0.0
2023-11-26 01:00:00,1,16.7,16.7,0.0,100.0,0.0
2023-11-26 02:00:00,2,15.9,15.9,0.0,100.0,0.0
2023-11-26 03:00:00,3,16.2,16.2,0.0,100.0,0.0
2023-11-26 04:00:00,4,15.9,15.9,0.0,100.0,0.0
2023-11-26 05:00:00,5,16.0,16.0,0.0,98.0,0.0
2023-11-26 06:00:00,6,14.8,14.8,0.0,80.0,0.0
2023-11-26 07:00:00,7,15.1,15.50625,13.0,80.0,0.04641
2023-11-26 08:00:00,8,17.5,21.71875,135.0,32.0,0.5370299999999999
2023-11-26 09:00:00,9,20.4,30.15,312.0,20.0,1.2467370240000002
2023-11-26 10:00:00,10,22.7,37.16875,463.0,100.0,1.497575815
2023-11-26 11:00:00,11,24.3,40.89375,531.0,100.0,1.6906216950000006
2023-11-26 12:00:00,12,24.9,41.05625,517.0,100.0,1.644905295
2023-11-26 13:00:00,13,25.2,39.3875,454.0,100.0,1.4547658200000002
2023-11-26 14:00:00,14,25.0,36.4375,366.0,100.0,1.1874687000000002
2023-11-26 15:00:00,15,24.4,32.4625,258.0,100.0,0.85101558
2023-11-26 16:00:00,16,23.5,28.09375,147.0,100.0,0.49361497500000007
2023-11-26 17:00:00,17,21.7,22.575,28.0,100.0,0.0952
2023-11-26 18:00:00,18,20.7,20.7,0.0,100.0,0.0
2023-11-26 19:00:00,19,19.3,19.3,0.0,100.0,0.0
2023-11-26 20:00:00,20,19.3,19.3,0.0,100.0,0.0
2023-11-26 21:00:00,21,18.7,18.7,0.0,100.0,0.0
2023-11-26 22:00:00,22,18.0,18.0,0.0,100.0,0.0
2023-11-26 23:00:00,23,17.3,17.3,0.0,100.0,0.0
2023-11-27 00:00:00,0,17.6,17.6,0.0,100.0,0.0
2023-11-27 01:00:00,1,17.7,17.7,0.0,100.0,0.0
2023-11-27 02:00:00,2,17.0,17.0,0.0,100.0,0.0
2023-11-27 03:00:00,3,16.6,16.6,0.0,100.0,0.0
2023-11-27 04:00:00,4,16.5,16.5,0.0,100.0,0.0
2023-11-27 05:00:00,5,16.5,16.5,0.0,100.0,0.0
2023-11-27 06:00:00,6,15.7,15.7,0.0,100.0,0.0
2023-11-27 07:00:00,7,15.3,15.4875,6.0,49.0,0.023001
2023-11-27 08:00:00,8,17.1,20.31875,103.0,32.0,0.40973399999999993
2023-11-27 09:00:00,9,19.1,27.975,284.0,97.0,0.9612651801999998
2023-11-27 10:00:00,10,20.5,31.78125,361.0,93.0,1.2150036435625
2023-11-27 11:00:00,11,21.4,34.05625,405.0,95.0,1.3437071521875004
2023-11-27 12:00:00,12,21.9,35.3375,430.0,69.0,1.5101661382499998
2023-11-27 13:00:00,13,21.4,38.4625,546.0,36.0,2.0374621176000005
2023-11-27 14:00:00,14,21.5,36.3125,474.0,97.0,1.55021516325
2023-11-27 15:00:00,15,21.3,31.3,320.0,90.0,1.08709696
2023-11-27 16:00:00,16,20.5,26.34375,187.0,61.0,0.6940398760625001
2023-11-27 17:00:00,17,18.5,19.90625,45.0,100.0,0.153
2023-11-27 18:00:00,18,18.4,18.4,0.0,26.0,0.0
2023-11-27 19:00:00,19,17.1,17.1,0.0,26.0,0.0
2023-11-27 20:00:00,20,16.2,16.2,0.0,14.0,0.0
2023-11-27 21:00:00,21,15.8,15.8,0.0,34.0,0.0
2023-11-27 22:00:00,22,15.6,15.6,0.0,37.0,0.0
2023-11-27 23:00:00,23,15.3,15.3,0.0,44.0,0.0
2023-11-28 00:00:00,0,14.9,14.9,0.0,11.0,0.0
2023-11-28 01:00:00,1,14.1,14.1,0.0,47.0,0.0
2023-11-28 02:00:00,2,14.6,14.6,0.0,91.0,0.0
2023-11-28 03:00:00,3,14.6,14.6,0.0,95.0,0.0
2023-11-28 04:00:00,4,14.9,14.9,0.0,100.0,0.0
2023-11-28 05:00:00,5,15.3,15.3,0.0,100.0,0.0
2023-11-28 06:00:00,6,15.4,15.4,0.0,100.0,0.0
2023-11-28 07:00:00,7,15.8,15.9875,6.0,100.0,0.0204
2023-11-28 08:00:00,8,16.7,19.7,96.0,100.0,0.3264
2023-11-28 09:00:00,9,17.9,23.775,188.0,58.0,0.7063159999999999
2023-11-28 10:00:00,10,19.3,29.64375,331.0,95.0,1.1183018911875
2023-11-28 11:00:00,11,20.3,30.08125,313.0,100.0,1.0425701349999998
2023-11-28 12:00:00,12,20.4,27.30625,221.0,100.0,0.744468335
2023-11-28 13:00:00,13,20.0,25.84375,187.0,90.0,0.649495529375
2023-11-28 14:00:00,14,20.6,29.06875,271.0,24.0,1.07862101585
2023-11-28 15:00:00,15,20.6,29.44375,283.0,23.0,1.1270280472874998
2023-11-28 16:00:00,16,20.1,25.19375,163.0,26.0,0.656218036575
2023-11-28 17:00:00,17,18.5,19.90625,45.0,26.0,0.18130499999999997
2023-11-28 18:00:00,18,17.2,17.2,0.0,16.0,0.0
2023-11-28 19:00:00,19,16.6,16.6,0.0,18.0,0.0
2023-11-28 20:00:00,20,16.3,16.3,0.0,14.0,0.0
2023-11-28 21:00:00,21,15.8,15.8,0.0,14.0,0.0
2023-11-28 22:00:00,22,15.3,15.3,0.0,14.0,0.0
2023-11-28 23:00:00,23,14.9,14.9,0.0,16.0,0.0
2023-11-29 00:00:00,0,14.6,14.6,0.0,15.0,0.0
2023-11-29 01:00:00,1,14.4,14.4,0.0,6.0,0.0
2023-11-29 02:00:00,2,14.3,14.3,0.0,2.0,0.0
2023-11-29 03:00:00,3,14.1,14.1,0.0,0.0,0.0
2023-11-29 04:00:00,4,14.0,14.0,0.0,23.0,0.0
2023-11-29 05:00:00,5,13.9,13.9,0.0,0.0,0.0
2023-11-29 06:00:00,6,14.1,14.1,0.0,3.0,0.0
2023-11-29 07:00:00,7,14.4,14.74375,11.0,1.0,0.04665649999999999
2023-11-29 08:00:00,8,16.9,20.8375,126.0,0.0,0.5355
2023-11-29 09:00:00,9,19.5,28.875,300.0,13.0,1.222601325
2023-11-29 10:00:00,10,21.2,35.48125,457.0,22.0,1.778945037325
2023-11-29 11:00:00,11,22.1,38.44375,523.0,32.0,1.96861543515
2023-11-29 12:00:00,12,22.7,39.85625,549.0,36.0,2.0365856622
2023-11-29 13:00:00,13,23.1,39.6,528.0,12.0,2.0622395904000004
2023-11-29 14:00:00,14,23.3,38.081250000000004,473.0,15.0,1.8479117586874996
2023-11-29 15:00:00,15,23.2,34.54375,363.0,9.0,1.4571461194124997
2023-11-29 16:00:00,16,22.6,28.88125,201.0,7.0,0.8292139399875
2023-11-29 17:00:00,17,19.5,21.0625,50.0,9.0,0.208675
2023-11-29 18:00:00,18,17.9,17.9,0.0,7.0,0.0
2023-11-29 19:00:00,19,17.4,17.4,0.0,6.0,0.0
2023-11-29 20:00:00,20,17.0,17.0,0.0,5.0,0.0
2023-11-29 21:00:00,21,16.5,16.5,0.0,2.0,0.0
2023-11-29 22:00:00,22,15.9,15.9,0.0,1.0,0.0
2023-11-29 23:00:00,23,15.4,15.4,0.0,0.0,0.0
2023-11-30 00:00:00,0,15.2,15.2,0.0,1.0,0.0
2023-11-30 01:00:00,1,15.3,15.3,0.0,0.0,0.0
2023-11-30 02:00:00,2,15.0,15.0,0.0,0.0,0.0
2023-11-30 03:00:00,3,14.7,14.7,0.0,0.0,0.0
2023-11-30 04:00:00,4,14.5,14.5,0.0,0.0,0.0
2023-11-30 05:00:00,5,14.3,14.3,0.0,0.0,0.0
2023-11-30 06:00:00,6,15.3,15.3,0.0,18.0,0.0
2023-11-30 07:00:00,7,15.6,15.88125,9.0,19.0,0.036796499999999996
2023-11-30 08:00:00,8,17.3,20.8625,114.0,8.0,0.47674800000000006
2023-11-30 09:00:00,9,19.4,28.30625,285.0,2.0,1.1904502938749997
2023-11-30 10:00:00,10,21.2,35.2,448.0,2.0,1.8190115328
2023-11-30 11:00:00,11,22.3,39.425,548.0,28.0,2.0717181648
2023-11-30 12:00:00,12,23.2,41.1375,574.0,24.0,2.1724928217999997
2023-11-30 13:00:00,13,23.9,41.55625,565.0,19.0,2.1570225844374997
2023-11-30 14:00:00,14,24.1,39.5375,494.0,11.0,1.9339109653499997
2023-11-30 15:00:00,15,24.1,35.725,372.0,3.0,1.5040960494
2023-11-30 16:00:00,16,23.5,30.0625,210.0,1.0,0.8726780212499999
2023-11-30 17:00:00,17,20.6,22.25625,53.0,0.0,0.22525
2023-11-30 18:00:00,18,19.3,19.3,0.0,9.0,0.0
2023-11-30 19:00:00,19,18.3,18.3,0.0,4.0,0.0
2023-11-30 20:00:00,20,17.2,17.2,0.0,1.0,0.0
2023-11-30 21:00:00,21,16.6,16.6,0.0,0.0,0.0
2023-11-30 22:00:00,22,16.1,16.1,0.0,0.0,0.0
2023-11-30 23:00:00,23,15.6,15.6,0.0,0.0,0.0
2023-12-01 00:00:00,0,15.2,15.2,0.0,4.0,0.0
2023-12-01 01:00:00,1,15.0,15.0,0.0,4.0,0.0
2023-12-01 02:00:00,2,14.4,14.4,0.0,0.0,0.0
2023-12-01 03:00:00,3,14.3,14.3,0.0,1.0,0.0
2023-12-01 04:00:00,4,14.2,14.2,0.0,0.0,0.0
2023-12-01 05:00:00,5,14.2,14.2,0.0,0.0,0.0
2023-12-01 06:00:00,6,15.1,15.1,0.0,0.0,0.0
2023-12-01 07:00:00,7,15.3,15.58125,9.0,13.0,0.0372555
2023-12-01 08:00:00,8,16.8,20.4875,118.0,7.0,0.49447899999999995
2023-12-01 09:00:00,9,18.9,27.99375,291.0,8.0,1.2023888800499998
2023-12-01 10:00:00,10,20.8,35.01875,455.0,17.0,1.7931422998124997
2023-12-01 11:00:00,11,22.1,38.75625,533.0,11.0,2.0935113171374997
2023-12-01 12:00:00,12,23.1,41.1,576.0,12.0,2.2353804287999997
2023-12-01 13:00:00,13,23.8,41.76875,575.0,25.0,2.1658436953124998
2023-12-01 14:00:00,14,24.0,38.625,468.0,16.0,1.820420316
2023-12-01 15:00:00,15,24.0,35.25,360.0,19.0,1.4115137399999997
2023-12-01 16:00:00,16,23.4,29.65,200.0,7.0,0.8225113399999999
2023-12-01 17:00:00,17,20.3,21.8625,50.0,14.0,0.20654999999999998
2023-12-01 18:00:00,18,18.3,18.3,0.0,2.0,0.0
2023-12-01 19:00:00,19,16.8,16.8,0.0,0.0,0.0
2023-12-01 20:00:00,20,16.3,16.3,0.0,0.0,0.0
2023-12-01 21:00:00,21,15.9,15.9,0.0,0.0,0.0
2023-12-01 22:00:00,22,15.5,15.5,0.0,0.0,0.0
2023-12-01 23:00:00,23,15.3,15.3,0.0,0.0,0.0
2023-12-02 00:00:00,0,15.2,15.2,0.0,0.0,0.0
2023-12-02 01:00:00,1,15.0,15.0,0.0,0.0,0.0
2023-12-02 02:00:00,2,14.8,14.8,0.0,0.0,0.0
2023-12-02 03:00:00,3,14.8,14.8,0.0,0.0,0.0
2023-12-02 04:00:00,4,14.6,14.6,0.0,0.0,0.0
2023-12-02 05:00:00,5,14.5,14.5,0.0,0.0,0.0
2023-12-02 06:00:00,6,15.0,15.0,0.0,0.0,0.0
2023-12-02 07:00:00,7,15.2,15.48125,9.0,24.0,0.036413999999999995
2023-12-02 08:00:00,8,17.2,20.5125,106.0,31.0,0.422569
2023-12-02 09:00:00,9,19.6,28.00625,269.0,10.0,1.1069123703750001
2023-12-02 10:00:00,10,21.3,34.518750000000004,423.0,24.0,1.6462942366499997
2023-12-02 11:00:00,11,22.6,39.5375,542.0,4.0,2.1521950632
2023-12-02 12:00:00,12,23.4,42.3375,606.0,7.0,2.3633326279499998
2023-12-02 13:00:00,13,23.9,42.55625,597.0,0.0,2.35907161875
2023-12-02 14:00:00,14,23.9,38.74375,475.0,2.0,1.9001381418749999
2023-12-02 15:00:00,15,23.7,35.1375,366.0,1.0,1.4894396260500002
2023-12-02 16:00:00,16,23.0,29.34375,203.0,2.0,0.8443686798750001
2023-12-02 17:00:00,17,20.7,22.29375,51.0,2.0,0.215883
2023-12-02 18:00:00,18,19.9,19.9,0.0,27.0,0.0
2023-12-02 19:00:00,19,18.9,18.9,0.0,2.0,0.0
2023-12-02 20:00:00,20,18.2,18.2,0.0,1.0,0.0
2023-12-02 21:00:00,21,17.6,17.6,0.0,1.0,0.0
2023-12-02 22:00:00,22,17.1,17.1,0.0,2.0,0.0
2023-12-02 23:00:00,23,16.5,16.5,0.0,2.0,0.0
2023-12-03 00:00:00,0,16.0,16.0,0.0,0.0,0.0
2023-12-03 01:00:00,1,15.7,15.7,0.0,1.0,0.0
2023-12-03 02:00:00,2,15.3,15.3,0.0,3.0,0.0
2023-12-03 03:00:00,3,15.1,15.1,0.0,5.0,0.0
2023-12-03 04:00:00,4,15.0,15.0,0.0,7.0,0.0
2023-12-03 05:00:00,5,15.0,15.0,0.0,0.0,0.0
2023-12-03 06:00:00,6,15.3,15.3,0.0,18.0,0.0
2023-12-03 07:00:00,7,15.3,15.55,8.0,29.0,0.032028
2023-12-03 08:00:00,8,17.4,20.525,100.0,22.0,0.4063
2023-12-03 09:00:00,9,19.4,27.3375,254.0,32.0,1.0009646477999998
2023-12-03 10:00:00,10,21.1,33.0375,382.0,31.0,1.47388359755
2023-12-03 11:00:00,11,22.3,37.2375,478.0,34.0,1.8006781259
2023-12-03 12:00:00,12,23.1,37.7875,470.0,98.0,1.5238436114999998
2023-12-03 13:00:00,13,22.9,32.15,296.0,80.0,1.026497808
2023-12-03 14:00:00,14,23.0,33.875,348.0,99.0,1.144049391
2023-12-03 15:00:00,15,21.9,25.86875,127.0,100.0,0.430299495
2023-12-03 16:00:00,16,21.1,22.81875,55.0,99.0,0.1874675
2023-12-03 17:00:00,17,19.9,20.525,20.0,100.0,0.068
2023-12-03 18:00:00,18,17.6,17.6,0.0,100.0,0.0
2023-12-03 19:00:00,19,17.3,17.3,0.0,85.0,0.0
2023-12-03 20:00:00,20,17.0,17.0,0.0,100.0,0.0
2023-12-03 21:00:00,21,17.0,17.0,0.0,72.0,0.0
2023-12-03 22:00:00,22,16.3,16.3,0.0,28.0,0.0
2023-12-03 23:00:00,23,15.4,15.4,0.0,11.0,0.0
2023-12-04 00:00:00,0,15.0,15.0,0.0,8.0,0.0
2023-12-04 01:00:00,1,14.7,14.7,0.0,2.0,0.0
2023-12-04 02:00:00,2,14.3,14.3,0.0,1.0,0.0
2023-12-04 03:00:00,3,14.1,14.1,0.0,11.0,0.0
2023-12-04 04:00:00,4,14.0,14.0,0.0,30.0,0.0
2023-12-04 05:00:00,5,13.8,13.8,0.0,23.0,0.0
2023-12-04 06:00:00,6,14.5,14.5,0.0,28.0,0.0
2023-12-04 07:00:00,7,14.7,14.91875,7.0,20.0,0.028560000000000002
2023-12-04 08:00:00,8,16.0,19.34375,107.0,12.0,0.44383599999999995
2023-12-04 09:00:00,9,18.1,26.85,280.0,5.0,1.1693820600000002
2023-12-04 10:00:00,10,20.0,33.71875,439.0,10.0,1.7646683293749996
2023-12-04 11:00:00,11,21.3,38.14375,539.0,13.0,2.1138856594625
2023-12-04 12:00:00,12,22.4,40.93125,593.0,54.0,2.1048051853249996
2023-12-04 13:00:00,13,22.5,37.59375,483.0,38.0,1.8011926721249998
2023-12-04 14:00:00,14,22.3,36.2375,446.0,36.0,1.6799558712
2023-12-04 15:00:00,15,21.9,31.24375,299.0,28.0,1.1696282896999999
2023-12-04 16:00:00,16,21.2,26.575,172.0,21.0,0.6958861225999998
2023-12-04 17:00:00,17,19.2,20.6375,46.0,21.0,0.18728899999999998
2023-12-04 18:00:00,18,18.0,18.0,0.0,30.0,0.0
2023-12-04 19:00:00,19,17.2,17.2,0.0,17.0,0.0
2023-12-04 20:00:00,20,16.3,16.3,0.0,26.0,0.0
2023-12-04 21:00:00,21,15.8,15.8,0.0,4.0,0.0
2023-12-04 22:00:00,22,15.1,15.1,0.0,0.0,0.0
2023-12-04 23:00:00,23,14.6,14.6,0.0,0.0,0.0
2023-12-05 00:00:00,0,14.2,14.2,0.0,0.0,0.0
2023-12-05 01:00:00,1,14.0,14.0,0.0,0.0,0.0
2023-12-05 02:00:00,2,13.8,13.8,0.0,0.0,0.0
2023-12-05 03:00:00,3,13.8,13.8,0.0,0.0,0.0
2023-12-05 04:00:00,4,13.7,13.7,0.0,0.0,0.0
2023-12-05 05:00:00,5,13.2,13.2,0.0,0.0,0.0
2023-12-05 06:00:00,6,13.4,13.4,0.0,0.0,0.0
2023-12-05 07:00:00,7,13.5,13.75,8.0,0.0,0.0221
2023-12-05 08:00:00,8,15.6,19.25625,117.0,0.0,0.3232125
2023-12-05 09:00:00,9,18.4,27.61875,295.0,0.0,0.8064010296874999
2023-12-05 10:00:00,10,20.4,34.68125,457.0,0.0,1.2135736396875
2023-12-05 11:00:00,11,21.6,39.44375,571.0,0.0,1.4862539371874997
2023-12-05 12:00:00,12,22.3,41.8,624.0,0.0,1.60796064
2023-12-05 13:00:00,13,22.8,41.8625,610.0,0.0,1.57146331875
2023-12-05 14:00:00,14,22.9,39.43125,529.0,0.0,1.3770053496874999
2023-12-05 15:00:00,15,22.7,34.95,392.0,0.0,1.03980058
2023-12-05 16:00:00,16,21.9,28.68125,217.0,0.0,0.5906354146874999
2023-12-05 17:00:00,17,18.6,20.2875,54.0,0.0,0.149175
2023-12-05 18:00:00,18,18.0,18.0,0.0,0.0,0.0
2023-12-05 19:00:00,19,17.1,17.1,0.0,0.0,0.0
2023-12-05 20:00:00,20,16.0,16.0,0.0,0.0,0.0
2023-12-05 21:00:00,21,15.1,15.1,0.0,0.0,0.0
2023-12-05 22:00:00,22,14.7,14.7,0.0,0.0,0.0
2023-12-05 23:00:00,23,14.3,14.3,0.0,0.0,0.0
2023-12-06 00:00:00,0,13.8,13.8,0.0,4.0,0.0
2023-12-06 01:00:00,1,13.5,13.5,0.0,0.0,0.0
2023-12-06 02:00:00,2,13.5,13.5,0.0,0.0,0.0
2023-12-06 03:00:00,3,13.5,13.5,0.0,0.0,0.0
2023-12-06 04:00:00,4,12.9,12.9,0.0,0.0,0.0
2023-12-06 05:00:00,5,12.5,12.5,0.0,0.0,0.0
2023-12-06 06:00:00,6,12.4,12.4,0.0,0.0,0.0
2023-12-06 07:00:00,7,12.5,12.71875,7.0,0.0,0.029750000000000002
2023-12-06 08:00:00,8,15.4,19.11875,119.0,0.0,0.5057499999999999
2023-12-06 09:00:00,9,18.5,27.8125,298.0,0.0,1.252251875
2023-12-06 10:00:00,10,20.2,34.6375,462.0,0.0,1.887807075
2023-12-06 11:00:00,11,21.1,39.19375,579.0,0.0,2.3210409187499996
2023-12-06 12:00:00,12,21.8,41.55,632.0,0.0,2.5081868
2023-12-06 13:00:00,13,22.2,41.5125,618.0,0.0,2.4530196749999993
2023-12-06 14:00:00,14,22.4,39.2125,538.0,0.0,2.1565124750000004
2023-12-06 15:00:00,15,22.2,34.66875,399.0,0.0,1.6301668687500002
2023-12-06 16:00:00,16,21.3,28.26875,223.0,0.0,0.93535816875
2023-12-06 17:00:00,17,17.6,19.35,56.0,0.0,0.23800000000000002
2023-12-06 18:00:00,18,17.2,17.2,0.0,0.0,0.0
2023-12-06 19:00:00,19,16.1,16.1,0.0,0.0,0.0
2023-12-06 20:00:00,20,15.2,15.2,0.0,0.0,0.0
2023-12-06 21:00:00,21,14.1,14.1,0.0,0.0,0.0
2023-12-06 22:00:00,22,13.7,13.7,0.0,0.0,0.0
2023-12-06 23:00:00,23,13.5,13.5,0.0,0.0,0.0
2023-12-07 00:00:00,0,13.2,13.2,0.0,0.0,0.0
2023-12-07 01:00:00,1,13.4,13.4,0.0,0.0,0.0
2023-12-07 02:00:00,2,13.4,13.4,0.0,0.0,0.0
2023-12-07 03:00:00,3,13.2,13.2,0.0,0.0,0.0
2023-12-07 04:00:00,4,13.2,13.2,0.0,6.0,0.0
2023-12-07 05:00:00,5,13.1,13.1,0.0,18.0,0.0
2023-12-07 06:00:00,6,12.9,12.9,0.0,2.0,0.0
2023-12-07 07:00:00,7,13.1,13.31875,7.0,0.0,0.029750000000000002
2023-12-07 08:00:00,8,15.5,19.03125,113.0,2.0,0.478329
2023-12-07 09:00:00,9,18.3,27.3,288.0,5.0,1.200611808
2023-12-07 10:00:00,10,20.7,34.7,448.0,0.0,1.8301248
2023-12-07 11:00:00,11,22.0,39.65625,565.0,0.0,2.2604767187499997
2023-12-07 12:00:00,12,22.7,42.04375,619.0,0.0,2.45139861875
2023-12-07 13:00:00,13,23.2,42.1375,606.0,0.0,2.3989494749999998
2023-12-07 14:00:00,14,23.4,39.8375,526.0,0.0,2.102823075
2023-12-07 15:00:00,15,23.3,35.51875,391.0,0.0,1.5918318687500002
2023-12-07 16:00:00,16,22.8,29.6125,218.0,0.0,0.909406075
2023-12-07 17:00:00,17,21.8,23.51875,55.0,0.0,0.23375
2023-12-07 18:00:00,18,18.5,18.5,0.0,0.0,0.0
2023-12-07 19:00:00,19,17.4,17.4,0.0,0.0,0.0
2023-12-07 20:00:00,20,16.1,16.1,0.0,0.0,0.0
2023-12-07 21:00:00,21,15.2,15.2,0.0,0.0,0.0
2023-12-07 22:00:00,22,14.9,14.9,0.0,0.0,0.0
2023-12-07 23:00:00,23,14.9,14.9,0.0,0.0,0.0
2023-12-08 00:00:00,0,14.6,14.6,0.0,0.0,0.0
2023-12-08 01:00:00,1,14.0,14.0,0.0,0.0,0.0
2023-12-08 02:00:00,2,13.4,13.4,0.0,0.0,0.0
2023-12-08 03:00:00,3,13.1,13.1,0.0,0.0,0.0
2023-12-08 04:00:00,4,12.9,12.9,0.0,0.0,0.0
2023-12-08 05:00:00,5,12.4,12.4,0.0,0.0,0.0
2023-12-08 06:00:00,6,13.7,13.7,0.0,24.0,0.0
2023-12-08 07:00:00,7,13.8,13.9875,6.0,53.0,0.022796999999999998
2023-12-08 08:00:00,8,16.5,19.71875,103.0,15.0,0.4246175
2023-12-08 09:00:00,9,20.0,28.6875,278.0,0.0,1.164072875
2023-12-08 10:00:00,10,21.7,35.60625,445.0,0.0,1.81101371875
2023-12-08 11:00:00,11,22.8,40.3,560.0,0.0,2.234344
2023-12-08 12:00:00,12,23.7,42.8875,614.0,20.0,2.3258786639999998
2023-12-08 13:00:00,13,24.0,42.375,588.0,29.0,2.190450969
2023-12-08 14:00:00,14,24.2,40.16875,511.0,49.0,1.8400611200125
2023-12-08 15:00:00,15,24.2,35.85625,373.0,53.0,1.3556710037625
2023-12-08 16:00:00,16,23.4,29.61875,199.0,64.0,0.7238687983500001
2023-12-08 17:00:00,17,20.5,22.03125,49.0,97.0,0.1678495
2023-12-08 18:00:00,18,19.7,19.7,0.0,100.0,0.0
2023-12-08 19:00:00,19,18.1,18.1,0.0,39.0,0.0
2023-12-08 20:00:00,20,17.2,17.2,0.0,17.0,0.0
2023-12-08 21:00:00,21,17.3,17.3,0.0,7.0,0.0
2023-12-08 22:00:00,22,15.8,15.8,0.0,13.0,0.0
2023-12-08 23:00:00,23,15.4,15.4,0.0,14.0,0.0
2023-12-09 00:00:00,0,13.7,13.7,0.0,0.0,0.0
2023-12-09 01:00:00,1,13.1,13.1,0.0,0.0,0.0
2023-12-09 02:00:00,2,12.5,12.5,0.0,0.0,0.0
2023-12-09 03:00:00,3,12.6,12.6,0.0,0.0,0.0
2023-12-09 04:00:00,4,12.7,12.7,0.0,0.0,0.0
2023-12-09 05:00:00,5,13.1,13.1,0.0,0.0,0.0
2023-12-09 06:00:00,6,12.4,12.4,0.0,0.0,0.0
2023-12-09 07:00:00,7,13.8,13.9875,6.0,0.0,0.0255
2023-12-09 08:00:00,8,17.1,20.5375,110.0,0.0,0.4675
2023-12-09 09:00:00,9,20.5,29.4375,286.0,0.0,1.193924875
2023-12-09 10:00:00,10,22.4,36.4,448.0,0.0,1.8171776000000002
2023-12-09 11:00:00,11,23.2,40.825,564.0,0.0,2.2452699
2023-12-09 12:00:00,12,23.7,43.075,620.0,0.0,2.4444894999999995
2023-12-09 13:00:00,13,24.1,43.06875,607.0,0.0,2.39329856875
2023-12-09 14:00:00,14,24.1,40.63125,529.0,0.0,2.10767816875
2023-12-09 15:00:00,15,23.9,36.2125,394.0,0.0,1.5993986750000002
2023-12-09 16:00:00,16,22.9,29.80625,221.0,0.0,0.9211929187499999
2023-12-09 17:00:00,17,21.1,22.85,56.0,0.0,0.23800000000000002
2023-12-09 18:00:00,18,20.7,20.7,0.0,0.0,0.0
2023-12-09 19:00:00,19,19.7,19.7,0.0,0.0,0.0
2023-12-09 20:00:00,20,18.6,18.6,0.0,0.0,0.0
2023-12-09 21:00:00,21,15.3,15.3,0.0,0.0,0.0
2023-12-09 22:00:00,22,14.7,14.7,0.0,0.0,0.0
2023-12-09 23:00:00,23,13.2,13.2,0.0,4.0,0.0
2023-12-10 00:00:00,0,13.0,13.0,0.0,0.0,0.0
2023-12-10 01:00:00,1,12.7,12.7,0.0,0.0,0.0
2023-12-10 02:00:00,2,12.2,12.2,0.0,0.0,0.0
2023-12-10 03:00:00,3,11.8,11.8,0.0,24.0,0.0
2023-12-10 04:00:00,4,10.9,10.9,0.0,15.0,0.0
2023-12-10 05:00:00,5,11.0,11.0,0.0,8.0,0.0
2023-12-10 06:00:00,6,11.1,11.1,0.0,42.0,0.0
2023-12-10 07:00:00,7,11.5,11.6875,6.0,37.0,0.023613
2023-12-10 08:00:00,8,14.8,18.3,112.0,0.0,0.47600000000000003
2023-12-10 09:00:00,9,19.2,28.35625,293.0,0.0,1.2285325187499998
2023-12-10 10:00:00,10,21.3,35.6125,458.0,0.0,1.8638710749999998
2023-12-10 11:00:00,11,22.6,40.63125,577.0,0.0,2.2989230687499997
2023-12-10 12:00:00,12,23.3,43.08125,633.0,0.0,2.49567766875
2023-12-10 13:00:00,13,23.7,43.1375,622.0,16.0,2.3732592246
2023-12-10 14:00:00,14,23.8,40.76875,543.0,94.0,1.7556971990250003
2023-12-10 15:00:00,15,23.5,36.09375,403.0,99.0,1.3126708684375001
2023-12-10 16:00:00,16,22.1,29.0375,222.0,4.0,0.9208363752000001
2023-12-10 17:00:00,17,19.4,21.24375,59.0,0.0,0.25075
2023-12-10 18:00:00,18,18.8,18.8,0.0,0.0,0.0
2023-12-10 19:00:00,19,15.9,15.9,0.0,0.0,0.0
2023-12-10 20:00:00,20,14.7,14.7,0.0,0.0,0.0
2023-12-10 21:00:00,21,14.2,14.2,0.0,0.0,0.0
2023-12-10 22:00:00,22,13.7,13.7,0.0,0.0,0.0
2023-12-10 23:00:00,23,13.9,13.9,0.0,0.0,0.0
2023-12-11 00:00:00,0,12.3,12.3,0.0,0.0,0.0
2023-12-11 01:00:00,1,12.2,12.2,0.0,0.0,0.0
2023-12-11 02:00:00,2,11.8,11.8,0.0,0.0,0.0
2023-12-11 03:00:00,3,11.7,11.7,0.0,0.0,0.0
2023-12-11 04:00:00,4,11.3,11.3,0.0,0.0,0.0
2023-12-11 05:00:00,5,10.9,10.9,0.0,0.0,0.0
2023-12-11 06:00:00,6,10.6,10.6,0.0,0.0,0.0
2023-12-11 07:00:00,7,10.7,10.85625,5.0,0.0,0.02125
2023-12-11 08:00:00,8,13.5,16.875,108.0,0.0,0.459
2023-12-11 09:00:00,9,16.7,25.575,284.0,0.0,1.2042239
2023-12-11 10:00:00,10,19.3,33.2375,446.0,0.0,1.8330432749999999
2023-12-11 11:00:00,11,21.0,38.625,564.0,0.0,2.2663634999999998
2023-12-11 12:00:00,12,22.1,41.475,620.0,0.0,2.4613535
2023-12-11 13:00:00,13,22.8,41.83125,609.0,0.0,2.41399606875
2023-12-11 14:00:00,14,23.0,39.59375,531.0,0.0,2.1250122187500002
2023-12-11 15:00:00,15,22.9,35.275,396.0,0.0,1.6138287
2023-12-11 16:00:00,16,22.0,28.96875,223.0,0.0,0.93270446875
2023-12-11 17:00:00,17,17.7,19.48125,57.0,0.0,0.24225000000000002
2023-12-11 18:00:00,18,16.9,16.9,0.0,0.0,0.0
2023-12-11 19:00:00,19,15.7,15.7,0.0,0.0,0.0
2023-12-11 20:00:00,20,15.4,15.4,0.0,0.0,0.0
2023-12-11 21:00:00,21,15.1,15.1,0.0,0.0,0.0
2023-12-11 22:00:00,22,13.5,13.5,0.0,0.0,0.0
2023-12-11 23:00:00,23,16.3,16.3,0.0,0.0,0.0
2023-12-12 00:00:00,0,12.9,12.9,0.0,0.0,0.0
2023-12-12 01:00:00,1,15.9,15.9,0.0,0.0,0.0
2023-12-12 02:00:00,2,11.3,11.3,0.0,0.0,0.0
2023-12-12 03:00:00,3,11.6,11.6,0.0,4.0,0.0
2023-12-12 04:00:00,4,11.6,11.6,0.0,0.0,0.0
2023-12-12 05:00:00,5,12.7,12.7,0.0,2.0,0.0
2023-12-12 06:00:00,6,11.8,11.8,0.0,0.0,0.0
2023-12-12 07:00:00,7,12.9,13.05625,5.0,0.0,0.02125
2023-12-12 08:00:00,8,14.0,17.3125,106.0,0.0,0.4505
2023-12-12 09:00:00,9,16.9,25.68125,281.0,0.0,1.1909956687500003
2023-12-12 10:00:00,10,19.3,33.175000000000004,444.0,5.0,1.807042149
2023-12-12 11:00:00,11,21.0,38.53125,561.0,0.0,2.2552024687500003
2023-12-12 12:00:00,12,22.2,41.48125,617.0,0.0,2.4493781687499996
2023-12-12 13:00:00,13,22.8,41.76875,607.0,0.0,2.4067132687500004
2023-12-12 14:00:00,14,23.1,39.63125,529.0,0.0,2.11667116875
2023-12-12 15:00:00,15,23.0,35.34375,395.0,5.0,1.5931988015625
2023-12-12 16:00:00,16,22.1,29.0375,222.0,2.0,0.9245494251
2023-12-12 17:00:00,17,17.9,19.68125,57.0,4.0,0.24031200000000003
2023-12-12 18:00:00,18,17.5,17.5,0.0,0.0,0.0
2023-12-12 19:00:00,19,15.7,15.7,0.0,15.0,0.0
2023-12-12 20:00:00,20,15.4,15.4,0.0,6.0,0.0
2023-12-12 21:00:00,21,15.3,15.3,0.0,19.0,0.0
2023-12-12 22:00:00,22,14.4,14.4,0.0,12.0,0.0
2023-12-12 23:00:00,23,13.6,13.6,0.0,19.0,0.0
2023-12-13 00:00:00,0,13.6,13.6,0.0,0.0,0.0
2023-12-13 01:00:00,1,12.4,12.4,0.0,0.0,0.0
2023-12-13 02:00:00,2,12.9,12.9,0.0,0.0,0.0
2023-12-13 03:00:00,3,12.0,12.0,0.0,0.0,0.0
2023-12-13 04:00:00,4,11.1,11.1,0.0,0.0,0.0
2023-12-13 05:00:00,5,10.8,10.8,0.0,0.0,0.0
2023-12-13 06:00:00,6,13.9,13.9,0.0,0.0,0.0
2023-12-13 07:00:00,7,12.9,13.025,4.0,0.0,0.017
2023-12-13 08:00:00,8,14.8,18.01875,103.0,0.0,0.43775
2023-12-13 09:00:00,9,17.9,26.5875,278.0,0.0,1.173997475
2023-12-13 10:00:00,10,20.3,34.08125,441.0,0.0,1.80616786875
2023-12-13 11:00:00,11,21.9,39.36875,559.0,0.0,2.2392037687500004
2023-12-13 12:00:00,12,22.8,42.08125,617.0,0.0,2.44308476875
2023-12-13 13:00:00,13,23.2,42.1375,606.0,0.0,2.3989494749999998
2023-12-13 14:00:00,14,23.4,39.9625,530.0,0.0,2.1176878750000006
2023-12-13 15:00:00,15,23.2,35.60625,397.0,0.0,1.6156684187500001
2023-12-13 16:00:00,16,22.3,29.3,224.0,0.0,0.9356256000000001
2023-12-13 17:00:00,17,18.2,20.0125,58.0,0.0,0.24650000000000002
2023-12-13 18:00:00,18,18.0,18.0,0.0,0.0,0.0
2023-12-13 19:00:00,19,16.8,16.8,0.0,0.0,0.0
2023-12-13 20:00:00,20,15.9,15.9,0.0,10.0,0.0
2023-12-13 21:00:00,21,15.0,15.0,0.0,22.0,0.0
2023-12-13 22:00:00,22,15.0,15.0,0.0,84.0,0.0
2023-12-13 23:00:00,23,14.1,14.1,0.0,100.0,0.0
2023-12-14 00:00:00,0,12.7,12.7,0.0,99.0,0.0
2023-12-14 01:00:00,1,12.5,12.5,0.0,100.0,0.0
2023-12-14 02:00:00,2,12.5,12.5,0.0,98.0,0.0
2023-12-14 03:00:00,3,11.8,11.8,0.0,96.0,0.0
2023-12-14 04:00:00,4,10.6,10.6,0.0,81.0,0.0
2023-12-14 05:00:00,5,10.0,10.0,0.0,11.0,0.0
2023-12-14 06:00:00,6,12.0,12.0,0.0,0.0,0.0
2023-12-14 07:00:00,7,13.9,14.025,4.0,0.0,0.017
2023-12-14 08:00:00,8,14.8,18.01875,103.0,0.0,0.43775
2023-12-14 09:00:00,9,17.8,26.51875,279.0,3.0,1.1714752893375
2023-12-14 10:00:00,10,20.1,33.94375,443.0,6.0,1.7936098833249998
2023-12-14 11:00:00,11,21.7,39.2625,562.0,23.0,2.1486332155500003
2023-12-14 12:00:00,12,22.7,42.04375,619.0,46.0,2.225869945825
2023-12-14 13:00:00,13,23.2,42.2625,610.0,7.0,2.3796990447499993
2023-12-14 14:00:00,14,23.3,39.9875,534.0,0.0,2.133443475
2023-12-14 15:00:00,15,23.2,35.7,400.0,8.0,1.6012041599999998
2023-12-14 16:00:00,16,22.2,29.29375,227.0,0.0,0.94818041875
2023-12-14 17:00:00,17,18.0,19.875,60.0,0.0,0.255
2023-12-14 18:00:00,18,17.3,17.3,0.0,0.0,0.0
2023-12-14 19:00:00,19,16.4,16.4,0.0,0.0,0.0
2023-12-14 20:00:00,20,15.6,15.6,0.0,0.0,0.0
2023-12-14 21:00:00,21,14.8,14.8,0.0,0.0,0.0
2023-12-14 22:00:00,22,14.9,14.9,0.0,0.0,0.0
2023-12-14 23:00:00,23,12.4,12.4,0.0,0.0,0.0
2023-12-15 00:00:00,0,11.9,11.9,0.0,0.0,0.0
2023-12-15 01:00:00,1,15.6,15.6,0.0,0.0,0.0
2023-12-15 02:00:00,2,13.9,13.9,0.0,0.0,0.0
2023-12-15 03:00:00,3,15.6,15.6,0.0,0.0,0.0
2023-12-15 04:00:00,4,15.7,15.7,0.0,0.0,0.0
2023-12-15 05:00:00,5,15.3,15.3,0.0,0.0,0.0
2023-12-15 06:00:00,6,13.9,13.9,0.0,0.0,0.0
2023-12-15 07:00:00,7,12.6,12.725,4.0,0.0,0.017
2023-12-15 08:00:00,8,14.0,17.25,104.0,0.0,0.442
2023-12-15 09:00:00,9,17.0,25.8125,282.0,0.0,1.194604875
2023-12-15 10:00:00,10,19.3,33.26875,447.0,0.0,1.83691576875
2023-12-15 11:00:00,11,20.9,38.55625,565.0,0.0,2.27104221875
2023-12-15 12:00:00,12,21.9,41.36875,623.0,0.0,2.4743885687500002
2023-12-15 13:00:00,13,22.4,41.525,612.0,0.0,2.4290738999999997
2023-12-15 14:00:00,14,22.6,39.31875,535.0,20.0,2.0577801300000003
2023-12-15 15:00:00,15,22.5,35.0,400.0,43.0,1.4916479999999999
2023-12-15 16:00:00,16,21.8,28.8625,226.0,3.0,0.93998631335
2023-12-15 17:00:00,17,17.7,19.575,60.0,3.0,0.25347000000000003
2023-12-15 18:00:00,18,16.8,16.8,0.0,3.0,0.0
2023-12-15 19:00:00,19,16.2,16.2,0.0,0.0,0.0
2023-12-15 20:00:00,20,14.7,14.7,0.0,0.0,0.0
2023-12-15 21:00:00,21,14.3,14.3,0.0,0.0,0.0
2023-12-15 22:00:00,22,13.3,13.3,0.0,2.0,0.0
2023-12-15 23:00:00,23,13.2,13.2,0.0,23.0,0.0
2023-12-16 00:00:00,0,12.1,12.1,0.0,23.0,0.0
2023-12-16 01:00:00,1,11.6,11.6,0.0,9.0,0.0
2023-12-16 02:00:00,2,12.7,12.7,0.0,0.0,0.0
2023-12-16 03:00:00,3,13.4,13.4,0.0,0.0,0.0
2023-12-16 04:00:00,4,13.2,13.2,0.0,5.0,0.0
2023-12-16 05:00:00,5,12.3,12.3,0.0,2.0,0.0
2023-12-16 06:00:00,6,10.4,10.4,0.0,0.0,0.0
2023-12-16 07:00:00,7,10.6,10.725,4.0,0.0,0.017
2023-12-16 08:00:00,8,14.2,17.29375,99.0,0.0,0.42075
2023-12-16 09:00:00,9,17.5,25.96875,271.0,0.0,1.14728696875
2023-12-16 10:00:00,10,20.0,33.5625,434.0,0.0,1.7813258749999998
2023-12-16 11:00:00,11,21.6,38.88125,553.0,0.0,2.21975236875
2023-12-16 12:00:00,12,22.5,41.59375,611.0,0.0,2.42439071875
2023-12-16 13:00:00,13,23.1,41.94375,603.0,0.0,2.3890596187499997
2023-12-16 14:00:00,14,23.3,39.8,528.0,1.0,2.1069328896000004
2023-12-16 15:00:00,15,23.1,35.475,396.0,0.0,1.6124823
2023-12-16 16:00:00,16,22.4,29.4,224.0,11.0,0.9146694144
2023-12-16 17:00:00,17,19.1,20.94375,59.0,7.0,0.24723949999999997
2023-12-16 18:00:00,18,17.0,17.0,0.0,7.0,0.0
2023-12-16 19:00:00,19,15.8,15.8,0.0,6.0,0.0
2023-12-16 20:00:00,20,15.4,15.4,0.0,0.0,0.0
2023-12-16 21:00:00,21,14.9,14.9,0.0,0.0,0.0
2023-12-16 22:00:00,22,13.2,13.2,0.0,0.0,0.0
2023-12-16 23:00:00,23,11.7,11.7,0.0,0.0,0.0
2023-12-17 00:00:00,0,11.8,11.8,0.0,0.0,0.0
2023-12-17 01:00:00,1,11.7,11.7,0.0,0.0,0.0
2023-12-17 02:00:00,2,11.7,11.7,0.0,0.0,0.0
2023-12-17 03:00:00,3,11.4,11.4,0.0,0.0,0.0
2023-12-17 04:00:00,4,11.1,11.1,0.0,0.0,0.0
2023-12-17 05:00:00,5,10.9,10.9,0.0,0.0,0.0
2023-12-17 06:00:00,6,10.0,10.0,0.0,0.0,0.0
2023-12-17 07:00:00,7,10.2,10.29375,3.0,0.0,0.01275
2023-12-17 08:00:00,8,13.4,16.43125,97.0,0.0,0.41225
2023-12-17 09:00:00,9,16.9,25.3375,270.0,0.0,1.145950875
2023-12-17 10:00:00,10,19.6,33.1625,434.0,0.0,1.7842770749999999
2023-12-17 11:00:00,11,21.3,38.64375,555.0,0.0,2.23002121875
2023-12-17 12:00:00,12,22.6,41.81875,615.0,0.0,2.43790996875
2023-12-17 13:00:00,13,23.4,42.36875,607.0,0.0,2.4005218687500003
2023-12-17 14:00:00,14,23.7,40.35625,533.0,2.0,2.117602590675
2023-12-17 15:00:00,15,23.6,36.1,400.0,6.0,1.60502576
2023-12-17 16:00:00,16,22.6,29.6625,226.0,17.0,0.9105387280499999
2023-12-17 17:00:00,17,18.7,20.60625,61.0,23.0,0.24732449999999997
2023-12-17 18:00:00,18,17.8,17.8,0.0,40.0,0.0
2023-12-17 19:00:00,19,17.4,17.4,0.0,19.0,0.0
2023-12-17 20:00:00,20,16.6,16.6,0.0,25.0,0.0
2023-12-17 21:00:00,21,16.5,16.5,0.0,15.0,0.0
2023-12-17 22:00:00,22,15.9,15.9,0.0,72.0,0.0
2023-12-17 23:00:00,23,14.6,14.6,0.0,56.0,0.0
2023-12-18 00:00:00,0,14.0,14.0,0.0,34.0,0.0
2023-12-18 01:00:00,1,13.6,13.6,0.0,60.0,0.0
2023-12-18 02:00:00,2,13.1,13.1,0.0,61.0,0.0
2023-12-18 03:00:00,3,12.7,12.7,0.0,64.0,0.0
2023-12-18 04:00:00,4,12.2,12.2,0.0,34.0,0.0
2023-12-18 05:00:00,5,11.7,11.7,0.0,1.0,0.0
2023-12-18 06:00:00,6,11.6,11.6,0.0,0.0,0.0
2023-12-18 07:00:00,7,11.5,11.59375,3.0,0.0,0.01275
2023-12-18 08:00:00,8,14.0,17.03125,97.0,0.0,0.41225
2023-12-18 09:00:00,9,17.4,25.99375,275.0,1.0,1.1617760103124999
2023-12-18 10:00:00,10,19.9,33.80625,445.0,13.0,1.7771903200625
2023-12-18 11:00:00,11,21.3,39.1125,570.0,56.0,2.0297458889999995
2023-12-18 12:00:00,12,21.9,41.5875,630.0,9.0,2.45485061325
2023-12-18 13:00:00,13,22.3,41.83125,625.0,31.0,2.3238180546875
2023-12-18 14:00:00,14,22.3,39.45625,549.0,7.0,2.1675532012875
2023-12-18 15:00:00,15,22.0,34.9375,414.0,0.0,1.6895598749999998
2023-12-18 16:00:00,16,21.0,28.4375,238.0,0.0,0.9975918749999998
2023-12-18 17:00:00,17,17.1,19.13125,65.0,0.0,0.27625
2023-12-18 18:00:00,18,15.8,15.8,0.0,0.0,0.0
2023-12-18 19:00:00,19,14.6,14.6,0.0,0.0,0.0
2023-12-18 20:00:00,20,13.8,13.8,0.0,0.0,0.0
2023-12-18 21:00:00,21,13.6,13.6,0.0,0.0,0.0
2023-12-18 22:00:00,22,12.9,12.9,0.0,0.0,0.0
2023-12-18 23:00:00,23,11.9,11.9,0.0,0.0,0.0
2023-12-19 00:00:00,0,11.2,11.2,0.0,0.0,0.0
2023-12-19 01:00:00,1,11.2,11.2,0.0,0.0,0.0
2023-12-19 02:00:00,2,11.1,11.1,0.0,0.0,0.0
2023-12-19 03:00:00,3,10.6,10.6,0.0,0.0,0.0
2023-12-19 04:00:00,4,10.4,10.4,0.0,0.0,0.0
2023-12-19 05:00:00,5,10.2,10.2,0.0,0.0,0.0
2023-12-19 06:00:00,6,9.4,9.4,0.0,0.0,0.0
2023-12-19 07:00:00,7,9.2,9.29375,3.0,0.0,0.01275
2023-12-19 08:00:00,8,12.0,15.125,100.0,0.0,0.425
2023-12-19 09:00:00,9,15.6,24.38125,281.0,0.0,1.1942500000000003
2023-12-19 10:00:00,10,18.0,32.09375,451.0,0.0,1.86236221875
2023-12-19 11:00:00,11,19.5,37.4375,574.0,7.0,2.2856809867499996
2023-12-19 12:00:00,12,20.7,40.575,636.0,3.0,2.5193954814
2023-12-19 13:00:00,13,21.6,41.19375,627.0,1.0,2.4871565371125
2023-12-19 14:00:00,14,22.0,39.21875,551.0,7.0,2.1776430871875
2023-12-19 15:00:00,15,22.0,35.0,416.0,0.0,1.69728
2023-12-19 16:00:00,16,21.2,28.66875,239.0,0.0,1.0008438687499999
2023-12-19 17:00:00,17,16.7,18.7625,66.0,46.0,0.25469400000000003
2023-12-19 18:00:00,18,16.1,16.1,0.0,0.0,0.0
2023-12-19 19:00:00,19,14.7,14.7,0.0,25.0,0.0
2023-12-19 20:00:00,20,13.8,13.8,0.0,43.0,0.0
2023-12-19 21:00:00,21,13.2,13.2,0.0,30.0,0.0
2023-12-19 22:00:00,22,12.6,12.6,0.0,57.0,0.0
2023-12-19 23:00:00,23,12.1,12.1,0.0,97.0,0.0
2023-12-20 00:00:00,0,12.1,12.1,0.0,100.0,0.0
2023-12-20 01:00:00,1,11.8,11.8,0.0,37.0,0.0
2023-12-20 02:00:00,2,11.1,11.1,0.0,100.0,0.0
2023-12-20 03:00:00,3,11.1,11.1,0.0,98.0,0.0
2023-12-20 04:00:00,4,10.8,10.8,0.0,100.0,0.0
2023-12-20 05:00:00,5,10.5,10.5,0.0,100.0,0.0
2023-12-20 06:00:00,6,9.8,9.8,0.0,100.0,0.0
2023-12-20 07:00:00,7,9.9,9.99375,3.0,100.0,0.0102
2023-12-20 08:00:00,8,12.1,14.475,76.0,100.0,0.2584
2023-12-20 09:00:00,9,15.5,22.84375,235.0,100.0,0.7989999999999999
2023-12-20 10:00:00,10,17.6,28.88125,361.0,100.0,1.208344615
2023-12-20 11:00:00,11,18.8,32.64375,443.0,100.0,1.4601479350000002
2023-12-20 12:00:00,12,19.9,37.11875,551.0,100.0,1.7825869350000003
2023-12-20 13:00:00,13,20.7,38.45,568.0,100.0,1.8273014399999998
2023-12-20 14:00:00,14,20.9,34.43125,433.0,100.0,1.4166612550000002
2023-12-20 15:00:00,15,20.8,30.26875,303.0,100.0,1.0084885350000001
2023-12-20 16:00:00,16,20.4,26.7125,202.0,100.0,0.68209542
2023-12-20 17:00:00,17,19.5,21.25,56.0,100.0,0.1904
2023-12-20 18:00:00,18,17.0,17.0,0.0,100.0,0.0
2023-12-20 19:00:00,19,14.9,14.9,0.0,100.0,0.0
2023-12-20 20:00:00,20,14.1,14.1,0.0,100.0,0.0
2023-12-20 21:00:00,21,13.6,13.6,0.0,100.0,0.0
2023-12-20 22:00:00,22,13.9,13.9,0.0,100.0,0.0
2023-12-20 23:00:00,23,13.4,13.4,0.0,100.0,0.0
2023-12-21 00:00:00,0,12.9,12.9,0.0,100.0,0.0
2023-12-21 01:00:00,1,12.0,12.0,0.0,100.0,0.0
2023-12-21 02:00:00,2,11.5,11.5,0.0,100.0,0.0
2023-12-21 03:00:00,3,11.2,11.2,0.0,100.0,0.0
2023-12-21 04:00:00,4,10.8,10.8,0.0,100.0,0.0
2023-12-21 05:00:00,5,10.5,10.5,0.0,100.0,0.0
2023-12-21 06:00:00,6,10.3,10.3,0.0,100.0,0.0
2023-12-21 07:00:00,7,9.6,9.69375,3.0,100.0,0.0102
2023-12-21 08:00:00,8,12.2,14.6375,78.0,100.0,0.26520000000000005
2023-12-21 09:00:00,9,15.6,22.94375,235.0,100.0,0.7989999999999999
2023-12-21 10:00:00,10,18.2,30.85625,405.0,100.0,1.3447437750000002
2023-12-21 11:00:00,11,20.0,36.34375,523.0,100.0,1.6975141750000002
2023-12-21 12:00:00,12,21.3,38.95625,565.0,100.0,1.8137601749999999
2023-12-21 13:00:00,13,22.3,40.55,584.0,100.0,1.86209568
2023-12-21 14:00:00,14,22.8,37.8625,482.0,100.0,1.5544837400000002
2023-12-21 15:00:00,15,22.9,33.43125,337.0,100.0,1.107157895
2023-12-21 16:00:00,16,22.1,28.94375,219.0,100.0,0.7328539350000001
2023-12-21 17:00:00,17,21.6,23.6,64.0,100.0,0.21760000000000002
2023-12-21 18:00:00,18,20.1,20.1,0.0,100.0,0.0
2023-12-21 19:00:00,19,15.6,15.6,0.0,100.0,0.0
2023-12-21 20:00:00,20,13.6,13.6,0.0,97.0,0.0
2023-12-21 21:00:00,21,12.6,12.6,0.0,79.0,0.0
2023-12-21 22:00:00,22,12.1,12.1,0.0,100.0,0.0
2023-12-21 23:00:00,23,11.9,11.9,0.0,100.0,0.0
2023-12-22 00:00:00,0,11.8,11.8,0.0,89.0,0.0
2023-12-22 01:00:00,1,11.0,11.0,0.0,99.0,0.0
2023-12-22 02:00:00,2,11.2,11.2,0.0,0.0,0.0
2023-12-22 03:00:00,3,11.0,11.0,0.0,0.0,0.0
2023-12-22 04:00:00,4,9.8,9.8,0.0,0.0,0.0
2023-12-22 05:00:00,5,10.0,10.0,0.0,0.0,0.0
2023-12-22 06:00:00,6,9.1,9.1,0.0,100.0,0.0
2023-12-22 07:00:00,7,9.2,9.2625,2.0,100.0,0.0068000000000000005
2023-12-22 08:00:00,8,12.3,15.175,92.0,96.0,0.315928
2023-12-22 09:00:00,9,16.0,24.34375,267.0,95.0,0.9191475
2023-12-22 10:00:00,10,18.7,32.325,436.0,63.0,1.5720700053999999
2023-12-22 11:00:00,11,20.7,38.29375,563.0,88.0,1.8667847874499996
2023-12-22 12:00:00,12,22.0,41.21875,615.0,72.0,2.0922206212499996
2023-12-22 13:00:00,13,22.8,41.925,612.0,100.0,1.93992984
2023-12-22 14:00:00,14,23.3,40.08125,537.0,4.0,2.1274166826
2023-12-22 15:00:00,15,23.1,35.975,412.0,24.0,1.5937728071999997
2023-12-22 16:00:00,16,21.9,29.3375,238.0,11.0,0.9720835645499999
2023-12-22 17:00:00,17,17.8,19.89375,67.0,20.0,0.27336
2023-12-22 18:00:00,18,16.4,16.4,0.0,93.0,0.0
2023-12-22 19:00:00,19,15.7,15.7,0.0,6.0,0.0
2023-12-22 20:00:00,20,16.3,16.3,0.0,4.0,0.0
2023-12-22 21:00:00,21,17.6,17.6,0.0,99.0,0.0
2023-12-22 22:00:00,22,14.5,14.5,0.0,80.0,0.0
2023-12-22 23:00:00,23,13.8,13.8,0.0,41.0,0.0
2023-12-23 00:00:00,0,13.0,13.0,0.0,63.0,0.0
2023-12-23 01:00:00,1,12.3,12.3,0.0,69.0,0.0
2023-12-23 02:00:00,2,12.7,12.7,0.0,35.0,0.0
2023-12-23 03:00:00,3,12.0,12.0,0.0,10.0,0.0
2023-12-23 04:00:00,4,11.4,11.4,0.0,92.0,0.0
2023-12-23 05:00:00,5,12.8,12.8,0.0,66.0,0.0
2023-12-23 06:00:00,6,12.7,12.7,0.0,54.0,0.0
2023-12-23 07:00:00,7,12.7,12.7625,2.0,57.0,0.007531
2023-12-23 08:00:00,8,14.1,16.2875,70.0,4.0,0.29512000000000005
2023-12-23 09:00:00,9,16.2,24.075,252.0,1.0,1.0688579999999999
2023-12-23 10:00:00,10,18.3,31.643749999999997,427.0,0.0,1.7665230187499998
2023-12-23 11:00:00,11,20.0,37.03125,545.0,0.0,2.20478046875
2023-12-23 12:00:00,12,21.3,40.3625,610.0,0.0,2.4331908749999998
2023-12-23 13:00:00,13,22.4,41.36875,607.0,0.0,2.4108408687500003
2023-12-23 14:00:00,14,23.1,39.9125,538.0,0.0,2.1501102750000003
2023-12-23 15:00:00,15,23.3,36.05,408.0,0.0,1.6573571999999999
2023-12-23 16:00:00,16,22.6,30.0375,238.0,0.0,0.9911182749999998
2023-12-23 17:00:00,17,19.0,21.125,68.0,0.0,0.28900000000000003
2023-12-23 18:00:00,18,17.5,17.5,0.0,0.0,0.0
2023-12-23 19:00:00,19,16.2,16.2,0.0,0.0,0.0
2023-12-23 20:00:00,20,15.5,15.5,0.0,0.0,0.0
2023-12-23 21:00:00,21,14.4,14.4,0.0,0.0,0.0
2023-12-23 22:00:00,22,13.4,13.4,0.0,0.0,0.0
2023-12-23 23:00:00,23,12.9,12.9,0.0,0.0,0.0
2023-12-24 00:00:00,0,12.5,12.5,0.0,0.0,0.0
2023-12-24 01:00:00,1,12.0,12.0,0.0,0.0,0.0
2023-12-24 02:00:00,2,11.7,11.7,0.0,0.0,0.0
2023-12-24 03:00:00,3,11.3,11.3,0.0,0.0,0.0
2023-12-24 04:00:00,4,10.9,10.9,0.0,0.0,0.0
2023-12-24 05:00:00,5,10.5,10.5,0.0,0.0,0.0
2023-12-24 06:00:00,6,10.3,10.3,0.0,0.0,0.0
2023-12-24 07:00:00,7,9.9,9.9625,2.0,0.0,0.0085
2023-12-24 08:00:00,8,12.3,15.05,88.0,0.0,0.37399999999999994
2023-12-24 09:00:00,9,15.0,23.09375,259.0,0.0,1.10075
2023-12-24 10:00:00,10,17.3,30.58125,425.0,0.0,1.76592546875
2023-12-24 11:00:00,11,19.2,36.41875,551.0,1.0,2.2303209876125
2023-12-24 12:00:00,12,20.9,40.11875,615.0,67.0,2.1266218839375
2023-12-24 13:00:00,13,22.0,40.96875,607.0,32.0,2.26041048675
2023-12-24 14:00:00,14,22.7,39.5125,538.0,100.0,1.7230149400000003
2023-12-24 15:00:00,15,22.8,34.3,368.0,100.0,1.20465536
2023-12-24 16:00:00,16,22.3,29.1125,218.0,63.0,0.79644043155
2023-12-24 17:00:00,17,18.0,20.125,68.0,0.0,0.28900000000000003
2023-12-24 18:00:00,18,16.2,16.2,0.0,0.0,0.0
2023-12-24 19:00:00,19,16.2,16.2,0.0,0.0,0.0
2023-12-24 20:00:00,20,14.7,14.7,0.0,0.0,0.0
2023-12-24 21:00:00,21,13.9,13.9,0.0,31.0,0.0
2023-12-24 22:00:00,22,12.9,12.9,0.0,0.0,0.0
2023-12-24 23:00:00,23,12.2,12.2,0.0,96.0,0.0
2023-12-25 00:00:00,0,11.8,11.8,0.0,0.0,0.0
2023-12-25 01:00:00,1,11.3,11.3,0.0,2.0,0.0
2023-12-25 02:00:00,2,10.6,10.6,0.0,32.0,0.0
2023-12-25 03:00:00,3,10.3,10.3,0.0,100.0,0.0
2023-12-25 04:00:00,4,11.4,11.4,0.0,85.0,0.0
2023-12-25 05:00:00,5,13.2,13.2,0.0,82.0,0.0
2023-12-25 06:00:00,6,10.3,10.3,0.0,41.0,0.0
2023-12-25 07:00:00,7,9.9,9.9625,2.0,12.0,0.008296
2023-12-25 08:00:00,8,12.6,15.35,88.0,8.0,0.36801599999999995
2023-12-25 09:00:00,9,16.5,24.6875,262.0,18.0,1.0734139999999999
2023-12-25 10:00:00,10,19.0,32.25,424.0,75.0,1.4872807
2023-12-25 11:00:00,11,20.9,37.86875,543.0,89.0,1.7993239435125001
2023-12-25 12:00:00,12,22.4,41.2125,602.0,54.0,2.1341824972999994
2023-12-25 13:00:00,13,23.5,42.3125,602.0,14.0,2.3146468064999994
2023-12-25 14:00:00,14,24.1,40.975,540.0,9.0,2.109679209
2023-12-25 15:00:00,15,24.1,36.94375,411.0,2.0,1.6566458226749998
2023-12-25 16:00:00,16,23.3,30.8,240.0,88.0,0.8209808639999999
2023-12-25 17:00:00,17,18.8,20.9875,70.0,100.0,0.23800000000000004
2023-12-25 18:00:00,18,16.8,16.8,0.0,2.0,0.0
2023-12-25 19:00:00,19,15.7,15.7,0.0,41.0,0.0
2023-12-25 20:00:00,20,14.9,14.9,0.0,2.0,0.0
2023-12-25 21:00:00,21,13.5,13.5,0.0,0.0,0.0
2023-12-25 22:00:00,22,15.8,15.8,0.0,2.0,0.0
2023-12-25 23:00:00,23,15.6,15.6,0.0,20.0,0.0
2023-12-26 00:00:00,0,15.6,15.6,0.0,4.0,0.0
2023-12-26 01:00:00,1,15.4,15.4,0.0,7.0,0.0
2023-12-26 02:00:00,2,12.4,12.4,0.0,0.0,0.0
2023-12-26 03:00:00,3,11.4,11.4,0.0,0.0,0.0
2023-12-26 04:00:00,4,10.9,10.9,0.0,0.0,0.0
2023-12-26 05:00:00,5,10.0,10.0,0.0,0.0,0.0
2023-12-26 06:00:00,6,10.1,10.1,0.0,0.0,0.0
2023-12-26 07:00:00,7,10.3,10.3625,2.0,0.0,0.0085
2023-12-26 08:00:00,8,14.7,17.48125,89.0,0.0,0.37825
2023-12-26 09:00:00,9,18.5,26.8125,266.0,0.0,1.122303875
2023-12-26 10:00:00,10,21.1,34.6625,434.0,1.0,1.76966365485
2023-12-26 11:00:00,11,23.0,40.46875,559.0,18.0,2.1485154518750003
2023-12-26 12:00:00,12,24.2,43.66875,623.0,36.0,2.2736271614000003
2023-12-26 13:00:00,13,24.9,44.2125,618.0,52.0,2.1724895135999995
2023-12-26 14:00:00,14,25.1,42.225,548.0,74.0,1.8475891788
2023-12-26 15:00:00,15,24.8,37.8,416.0,97.0,1.3520475904000002
2023-12-26 16:00:00,16,23.8,31.425,244.0,27.0,0.9557902485999997
2023-12-26 17:00:00,17,19.0,21.28125,73.0,10.0,0.30404499999999995
2023-12-26 18:00:00,18,17.2,17.2,0.0,43.0,0.0
2023-12-26 19:00:00,19,16.9,16.9,0.0,79.0,0.0
2023-12-26 20:00:00,20,15.8,15.8,0.0,26.0,0.0
2023-12-26 21:00:00,21,14.8,14.8,0.0,67.0,0.0
2023-12-26 22:00:00,22,14.2,14.2,0.0,68.0,0.0
2023-12-26 23:00:00,23,13.7,13.7,0.0,41.0,0.0
2023-12-27 00:00:00,0,12.8,12.8,0.0,76.0,0.0
2023-12-27 01:00:00,1,12.1,12.1,0.0,52.0,0.0
2023-12-27 02:00:00,2,11.6,11.6,0.0,38.0,0.0
2023-12-27 03:00:00,3,11.2,11.2,0.0,26.0,0.0
2023-12-27 04:00:00,4,11.0,11.0,0.0,5.0,0.0
2023-12-27 05:00:00,5,10.5,10.5,0.0,0.0,0.0
2023-12-27 06:00:00,6,10.6,10.6,0.0,1.0,0.0
2023-12-27 07:00:00,7,9.9,9.9625,2.0,0.0,0.0085
2023-12-27 08:00:00,8,13.4,16.15,88.0,1.0,0.3732519999999999
2023-12-27 09:00:00,9,16.7,24.91875,263.0,7.0,1.1021015
2023-12-27 10:00:00,10,19.2,32.6375,430.0,28.0,1.672456362
2023-12-27 11:00:00,11,21.4,38.7125,554.0,63.0,1.9449608599500003
2023-12-27 12:00:00,12,22.9,42.2125,618.0,63.0,2.1375116251499997
2023-12-27 13:00:00,13,23.8,43.01875,615.0,42.0,2.221633395375
2023-12-27 14:00:00,14,24.4,41.49375,547.0,29.0,2.0454348908625
2023-12-27 15:00:00,15,24.5,37.5625,418.0,6.0,1.6669841044999998
2023-12-27 16:00:00,16,23.8,31.55,248.0,63.0,0.8970606648
2023-12-27 17:00:00,17,19.4,21.7125,74.0,100.0,0.2516
2023-12-27 18:00:00,18,18.6,18.63125,1.0,95.0,0.0034425000000000007
2023-12-27 19:00:00,19,17.1,17.1,0.0,18.0,0.0
2023-12-27 20:00:00,20,15.8,15.8,0.0,96.0,0.0
2023-12-27 21:00:00,21,14.6,14.6,0.0,0.0,0.0
2023-12-27 22:00:00,22,13.5,13.5,0.0,0.0,0.0
2023-12-27 23:00:00,23,12.6,12.6,0.0,0.0,0.0
2023-12-28 00:00:00,0,11.7,11.7,0.0,0.0,0.0
2023-12-28 01:00:00,1,11.2,11.2,0.0,0.0,0.0
2023-12-28 02:00:00,2,10.9,10.9,0.0,0.0,0.0
2023-12-28 03:00:00,3,10.8,10.8,0.0,0.0,0.0
2023-12-28 04:00:00,4,10.7,10.7,0.0,0.0,0.0
2023-12-28 05:00:00,5,10.8,10.8,0.0,0.0,0.0
2023-12-28 06:00:00,6,10.7,10.7,0.0,0.0,0.0
2023-12-28 07:00:00,7,10.4,10.4625,2.0,0.0,0.0085
2023-12-28 08:00:00,8,12.4,15.15,88.0,0.0,0.37399999999999994
2023-12-28 09:00:00,9,15.2,23.5125,266.0,0.0,1.1305
2023-12-28 10:00:00,10,18.0,31.625,436.0,0.0,1.8038955
2023-12-28 11:00:00,11,20.2,37.7625,562.0,0.0,2.266567075
2023-12-28 12:00:00,12,21.6,41.1625,626.0,0.0,2.4884986749999998
2023-12-28 13:00:00,13,22.5,42.0,624.0,0.0,2.471664
2023-12-28 14:00:00,14,23.0,40.28125,553.0,0.0,2.20659096875
2023-12-28 15:00:00,15,22.9,36.11875,423.0,0.0,1.7177950687499997
2023-12-28 16:00:00,16,22.2,30.0125,250.0,0.0,1.041196875
2023-12-28 17:00:00,17,18.6,21.00625,77.0,0.0,0.32725
2023-12-28 18:00:00,18,16.2,16.23125,1.0,0.0,0.00425
2023-12-28 19:00:00,19,15.2,15.2,0.0,0.0,0.0
2023-12-28 20:00:00,20,14.5,14.5,0.0,0.0,0.0
2023-12-28 21:00:00,21,13.4,13.4,0.0,0.0,0.0
2023-12-28 22:00:00,22,12.6,12.6,0.0,0.0,0.0
2023-12-28 23:00:00,23,12.0,12.0,0.0,0.0,0.0
2023-12-29 00:00:00,0,11.3,11.3,0.0,0.0,0.0
2023-12-29 01:00:00,1,10.8,10.8,0.0,0.0,0.0
2023-12-29 02:00:00,2,10.3,10.3,0.0,5.0,0.0
2023-12-29 03:00:00,3,9.9,9.9,0.0,100.0,0.0
2023-12-29 04:00:00,4,10.2,10.2,0.0,100.0,0.0
2023-12-29 05:00:00,5,10.4,10.4,0.0,100.0,0.0
2023-12-29 06:00:00,6,11.3,11.3,0.0,100.0,0.0
2023-12-29 07:00:00,7,11.2,11.23125,1.0,100.0,0.0034000000000000002
2023-12-29 08:00:00,8,11.5,12.84375,43.0,100.0,0.14619999999999997
2023-12-29 09:00:00,9,11.9,16.43125,145.0,100.0,0.493
2023-12-29 10:00:00,10,14.3,24.2375,318.0,24.0,1.2866279999999999
2023-12-29 11:00:00,11,16.9,33.65,536.0,32.0,2.0584336031999997
2023-12-29 12:00:00,12,19.2,38.35625,613.0,44.0,2.2490508411
2023-12-29 13:00:00,13,20.8,40.1125,618.0,61.0,2.16666524985
2023-12-29 14:00:00,14,21.5,38.71875,551.0,29.0,2.0848781735624997
2023-12-29 15:00:00,15,21.5,34.5625,418.0,35.0,1.5889504537499999
2023-12-29 16:00:00,16,20.7,28.3875,246.0,5.0,1.0210201402499999
2023-12-29 17:00:00,17,17.8,20.175,76.0,0.0,0.323
2023-12-29 18:00:00,18,14.6,14.63125,1.0,0.0,0.00425
2023-12-29 19:00:00,19,13.5,13.5,0.0,55.0,0.0
2023-12-29 20:00:00,20,12.4,12.4,0.0,76.0,0.0
2023-12-29 21:00:00,21,11.5,11.5,0.0,95.0,0.0
2023-12-29 22:00:00,22,10.8,10.8,0.0,94.0,0.0
2023-12-29 23:00:00,23,10.4,10.4,0.0,100.0,0.0
2023-12-30 00:00:00,0,10.2,10.2,0.0,96.0,0.0
2023-12-30 01:00:00,1,9.9,9.9,0.0,96.0,0.0
2023-12-30 02:00:00,2,9.4,9.4,0.0,99.0,0.0
2023-12-30 03:00:00,3,9.1,9.1,0.0,100.0,0.0
2023-12-30 04:00:00,4,9.3,9.3,0.0,100.0,0.0
2023-12-30 05:00:00,5,9.8,9.8,0.0,100.0,0.0
2023-12-30 06:00:00,6,9.5,9.5,0.0,100.0,0.0
2023-12-30 07:00:00,7,9.5,9.53125,1.0,100.0,0.0034000000000000002
2023-12-30 08:00:00,8,9.8,11.3,48.0,100.0,0.1632
2023-12-30 09:00:00,9,10.9,16.05625,165.0,100.0,0.561
2023-12-30 10:00:00,10,13.6,23.85,328.0,97.0,1.1235640000000002
2023-12-30 11:00:00,11,16.4,31.86875,495.0,73.0,1.7472408463125002
2023-12-30 12:00:00,12,18.8,37.08125,585.0,50.0,2.1294917718749997
2023-12-30 13:00:00,13,20.3,38.8625,594.0,17.0,2.3034429148499997
2023-12-30 14:00:00,14,21.2,37.8875,534.0,34.0,2.0061367803
2023-12-30 15:00:00,15,21.3,34.143750000000004,411.0,35.0,1.5650622354375
2023-12-30 16:00:00,16,20.8,28.51875,247.0,19.0,0.9956457275374999
2023-12-30 17:00:00,17,17.8,20.175,76.0,42.0,0.295868
2023-12-30 18:00:00,18,15.3,15.33125,1.0,80.0,0.0035700000000000003
2023-12-30 19:00:00,19,13.9,13.9,0.0,60.0,0.0
2023-12-30 20:00:00,20,12.8,12.8,0.0,15.0,0.0
2023-12-30 21:00:00,21,12.0,12.0,0.0,0.0,0.0
2023-12-30 22:00:00,22,11.4,11.4,0.0,1.0,0.0
2023-12-30 23:00:00,23,10.9,10.9,0.0,5.0,0.0
2023-12-31 00:00:00,0,10.5,10.5,0.0,4.0,0.0
2023-12-31 01:00:00,1,10.1,10.1,0.0,0.0,0.0
2023-12-31 02:00:00,2,9.8,9.8,0.0,1.0,0.0
2023-12-31 03:00:00,3,9.6,9.6,0.0,0.0,0.0
2023-12-31 04:00:00,4,9.2,9.2,0.0,27.0,0.0
2023-12-31 05:00:00,5,9.0,9.0,0.0,45.0,0.0
2023-12-31 06:00:00,6,9.2,9.2,0.0,12.0,0.0
2023-12-31 07:00:00,7,8.8,8.83125,1.0,46.0,0.0038590000000000005
2023-12-31 08:00:00,8,9.9,12.30625,77.0,33.0,0.30565149999999996
2023-12-31 09:00:00,9,12.4,19.993750000000002,243.0,5.0,1.0224224999999998
2023-12-31 10:00:00,10,15.3,28.393750000000004,419.0,0.0,1.7565763187499999
2023-12-31 11:00:00,11,17.8,34.8625,546.0,0.0,2.2289562750000003
2023-12-31 12:00:00,12,19.6,38.75625,613.0,0.0,2.46189611875
2023-12-31 13:00:00,13,20.7,39.85625,613.0,0.0,2.4504330187499996
2023-12-31 14:00:00,14,21.3,38.3625,546.0,0.0,2.1964692750000006
2023-12-31 15:00:00,15,21.3,34.425,420.0,0.0,1.7177055
2023-12-31 16:00:00,16,20.7,28.54375,251.0,0.0,1.0516288187499998
2023-12-31 17:00:00,17,18.0,20.5,80.0,0.0,0.34
2023-12-31 18:00:00,18,14.6,14.63125,1.0,0.0,0.00425
2023-12-31 19:00:00,19,12.9,12.9,0.0,0.0,0.0
2023-12-31 20:00:00,20,11.8,11.8,0.0,0.0,0.0
2023-12-31 21:00:00,21,11.0,11.0,0.0,0.0,0.0
2023-12-31 22:00:00,22,10.5,10.5,0.0,0.0,0.0
2023-12-31 23:00:00,23,10.1,10.1,0.0,0.0,0.0
