timestamp,hour_of_day,ambient_temp_c,module_temp_c,solar_irradiance_w_m2,cloud_cover_pct,energy_yield_kwh,predicted_yield_kwh,efficiency_residual
2023-01-01 00:00:00,0,10.2,10.2,0.0,0.0,0.0,0.0,0.0
2023-01-01 01:00:00,1,9.7,9.7,0.0,0.0,0.0,0.0,0.0
2023-01-01 02:00:00,2,8.9,8.9,0.0,0.0,0.0,0.0,0.0
2023-01-01 03:00:00,3,8.5,8.5,0.0,0.0,0.0,0.0,0.0
2023-01-01 04:00:00,4,8.1,8.1,0.0,0.0,0.0,0.0,0.0
2023-01-01 05:00:00,5,8.0,8.0,0.0,0.0,0.0,0.0,0.0
2023-01-01 06:00:00,6,7.9,7.9,0.0,0.0,0.0,0.0,0.0
2023-01-01 07:00:00,7,7.6,7.63125,1.0,0.0,0.0027625,0.012,-0.009
2023-01-01 08:00:00,8,10.1,12.725,84.0,0.0,0.23205,0.347,-0.115
2023-01-01 09:00:00,9,13.4,21.61875,263.0,0.0,0.7265375000000001,0.965,-0.238
2023-01-01 10:00:00,10,15.6,29.225,436.0,0.0,1.184094795,1.426,-0.242
2023-01-01 11:00:00,11,17.2,34.85625,565.0,0.0,1.4992774671874995,1.766,-0.267
2023-01-01 12:00:00,12,18.4,38.2125,634.0,0.0,1.65886218875,1.988,-0.329
2023-01-01 13:00:00,13,19.2,39.04375,635.0,0.0,1.6556460171875005,1.961,-0.305
2023-01-01 14:00:00,14,19.6,37.2875,566.0,0.0,1.4867252887499998,2.138,-0.651
2023-01-01 15:00:00,15,19.6,33.225,436.0,0.0,1.164823595,1.422,-0.257
2023-01-01 16:00:00,16,19.1,27.31875,263.0,0.0,0.7197988646875001,0.888,-0.168
2023-01-01 17:00:00,17,17.3,19.925,84.0,0.0,0.23205,0.333,-0.101
2023-01-01 18:00:00,18,14.8,14.83125,1.0,0.0,0.0027625,0.005,-0.002
2023-01-01 19:00:00,19,12.9,12.9,0.0,0.0,0.0,0.0,0.0
2023-01-01 20:00:00,20,13.4,13.4,0.0,0.0,0.0,0.0,0.0
2023-01-01 21:00:00,21,11.8,11.8,0.0,0.0,0.0,0.0,0.0
2023-01-01 22:00:00,22,10.1,10.1,0.0,0.0,0.0,0.0,0.0
2023-01-01 23:00:00,23,9.0,9.0,0.0,0.0,0.0,0.0,0.0
2023-01-02 00:00:00,0,8.8,8.8,0.0,0.0,0.0,0.0,0.0
2023-01-02 01:00:00,1,8.1,8.1,0.0,0.0,0.0,0.0,0.0
2023-01-02 02:00:00,2,8.1,8.1,0.0,0.0,0.0,0.0,0.0
2023-01-02 03:00:00,3,7.7,7.7,0.0,0.0,0.0,0.0,0.0
2023-01-02 04:00:00,4,7.5,7.5,0.0,0.0,0.0,0.0,0.0
2023-01-02 05:00:00,5,7.2,7.2,0.0,0.0,0.0,0.0,0.0
2023-01-02 06:00:00,6,7.3,7.3,0.0,15.0,0.0,0.0,0.0
2023-01-02 07:00:00,7,7.2,7.23125,1.0,7.0,0.0041905,0.012,-0.008
2023-01-02 08:00:00,8,9.8,12.3625,82.0,0.0,0.3485,0.347,0.001
2023-01-02 09:00:00,9,12.8,20.83125,257.0,0.0,1.0922500000000002,0.989,0.103
2023-01-02 10:00:00,10,15.0,28.375,428.0,0.0,1.7944435,1.734,0.06
2023-01-02 11:00:00,11,16.6,33.975,556.0,0.0,2.2781683,2.261,0.017
2023-01-02 12:00:00,12,17.8,37.3,624.0,0.0,2.5215216000000003,2.37,0.152
2023-01-02 13:00:00,13,18.6,38.1,624.0,0.0,2.5130352,2.072,0.441
2023-01-02 14:00:00,14,18.9,36.275,556.0,0.0,2.2564287,2.229,0.027
2023-01-02 15:00:00,15,18.8,32.20625,429.0,0.0,1.77069481875,1.745,0.026
2023-01-02 16:00:00,16,18.2,26.29375,259.0,0.0,1.09505361875,1.054,0.041
2023-01-02 17:00:00,17,15.7,18.325,84.0,0.0,0.357,0.334,0.023
2023-01-02 18:00:00,18,13.9,13.93125,1.0,0.0,0.00425,0.005,-0.001
2023-01-02 19:00:00,19,12.9,12.9,0.0,0.0,0.0,0.0,0.0
2023-01-02 20:00:00,20,11.7,11.7,0.0,0.0,0.0,0.0,0.0
2023-01-02 21:00:00,21,10.9,10.9,0.0,0.0,0.0,0.0,0.0
2023-01-02 22:00:00,22,10.0,10.0,0.0,0.0,0.0,0.0,0.0
2023-01-02 23:00:00,23,9.2,9.2,0.0,24.0,0.0,0.0,0.0
2023-01-03 00:00:00,0,8.7,8.7,0.0,3.0,0.0,0.0,0.0
2023-01-03 01:00:00,1,8.4,8.4,0.0,17.0,0.0,0.0,0.0
2023-01-03 02:00:00,2,8.1,8.1,0.0,0.0,0.0,0.0,0.0
2023-01-03 03:00:00,3,8.0,8.0,0.0,0.0,0.0,0.0,0.0
2023-01-03 04:00:00,4,7.7,7.7,0.0,0.0,0.0,0.0,0.0
2023-01-03 05:00:00,5,7.2,7.2,0.0,0.0,0.0,0.0,0.0
2023-01-03 06:00:00,6,7.2,7.2,0.0,0.0,0.0,0.0,0.0
2023-01-03 07:00:00,7,7.0,7.03125,1.0,16.0,0.004114,0.012,-0.008
2023-01-03 08:00:00,8,9.5,12.03125,81.0,81.0,0.2884815,0.299,-0.011
2023-01-03 09:00:00,9,12.2,19.95,248.0,0.0,1.054,1.019,0.035
2023-01-03 10:00:00,10,14.6,27.9125,426.0,0.0,1.7894076749999996,1.744,0.045
2023-01-03 11:00:00,11,16.4,33.775,556.0,0.0,2.2800587,2.234,0.046
2023-01-03 12:00:00,12,17.6,37.19375,627.0,0.0,2.53477681875,2.474,0.061
2023-01-03 13:00:00,13,18.6,38.25625,629.0,0.0,2.53150091875,2.198,0.334
2023-01-03 14:00:00,14,19.1,36.69375,563.0,0.0,2.2808291187499994,2.226,0.055
2023-01-03 15:00:00,15,19.2,32.825,436.0,0.0,1.7950011,1.706,0.089
2023-01-03 16:00:00,16,18.7,26.98125,265.0,0.0,1.11732446875,1.028,0.089
2023-01-03 17:00:00,17,14.4,17.11875,87.0,0.0,0.3697499999999999,0.358,0.012
2023-01-03 18:00:00,18,12.4,12.4625,2.0,0.0,0.0085,0.005,0.004
2023-01-03 19:00:00,19,11.9,11.9,0.0,0.0,0.0,0.0,0.0
2023-01-03 20:00:00,20,11.0,11.0,0.0,0.0,0.0,0.0,0.0
2023-01-03 21:00:00,21,10.1,10.1,0.0,0.0,0.0,0.0,0.0
2023-01-03 22:00:00,22,9.3,9.3,0.0,0.0,0.0,0.0,0.0
2023-01-03 23:00:00,23,8.8,8.8,0.0,0.0,0.0,0.0,0.0
2023-01-04 00:00:00,0,8.1,8.1,0.0,0.0,0.0,0.0,0.0
2023-01-04 01:00:00,1,7.2,7.2,0.0,0.0,0.0,0.0,0.0
2023-01-04 02:00:00,2,6.7,6.7,0.0,0.0,0.0,0.0,0.0
2023-01-04 03:00:00,3,6.5,6.5,0.0,0.0,0.0,0.0,0.0
2023-01-04 04:00:00,4,6.3,6.3,0.0,0.0,0.0,0.0,0.0
2023-01-04 05:00:00,5,5.3,5.3,0.0,0.0,0.0,0.0,0.0
2023-01-04 06:00:00,6,5.2,5.2,0.0,0.0,0.0,0.0,0.0
2023-01-04 07:00:00,7,5.3,5.33125,1.0,0.0,0.00425,0.012,-0.008
2023-01-04 08:00:00,8,7.7,10.3875,86.0,0.0,0.3654999999999999,0.354,0.011
2023-01-04 09:00:00,9,10.9,19.30625,269.0,0.0,1.14325,0.951,0.192
2023-01-04 10:00:00,10,13.6,27.6,448.0,0.0,1.8841984000000005,1.799,0.085
2023-01-04 11:00:00,11,15.6,33.7875,582.0,0.0,2.3865564749999995,2.346,0.041
2023-01-04 12:00:00,12,16.9,37.30625,653.0,0.0,2.6386383187500004,2.562,0.077
2023-01-04 13:00:00,13,17.7,38.1375,654.0,0.0,2.633437275,2.626,0.007
2023-01-04 14:00:00,14,18.0,36.28125,585.0,0.0,2.37405796875,2.408,-0.034
2023-01-04 15:00:00,15,17.8,31.9875,454.0,0.0,1.875570475,1.862,0.014
2023-01-04 16:00:00,16,17.0,25.6875,278.0,0.0,1.178250875,1.14,0.038
2023-01-04 17:00:00,17,13.4,16.30625,93.0,0.0,0.39525,0.375,0.02
2023-01-04 18:00:00,18,11.9,11.9625,2.0,0.0,0.0085,0.005,0.004
2023-01-04 19:00:00,19,10.8,10.8,0.0,0.0,0.0,0.0,0.0
2023-01-04 20:00:00,20,9.6,9.6,0.0,0.0,0.0,0.0,0.0
2023-01-04 21:00:00,21,8.3,8.3,0.0,0.0,0.0,0.0,0.0
2023-01-04 22:00:00,22,7.6,7.6,0.0,0.0,0.0,0.0,0.0
2023-01-04 23:00:00,23,7.0,7.0,0.0,0.0,0.0,0.0,0.0
2023-01-05 00:00:00,0,6.5,6.5,0.0,0.0,0.0,0.0,0.0
2023-01-05 01:00:00,1,6.2,6.2,0.0,0.0,0.0,0.0,0.0
2023-01-05 02:00:00,2,5.9,5.9,0.0,0.0,0.0,0.0,0.0
2023-01-05 03:00:00,3,5.6,5.6,0.0,0.0,0.0,0.0,0.0
2023-01-05 04:00:00,4,5.3,5.3,0.0,0.0,0.0,0.0,0.0
2023-01-05 05:00:00,5,4.2,4.2,0.0,0.0,0.0,0.0,0.0
2023-01-05 06:00:00,6,3.6,3.6,0.0,0.0,0.0,0.0,0.0
2023-01-05 07:00:00,7,3.4,3.43125,1.0,2.0,0.004233,0.011,-0.007
2023-01-05 08:00:00,8,5.9,8.49375,83.0,43.0,0.3224135,0.327,-0.005
2023-01-05 09:00:00,9,8.5,16.4375,254.0,51.0,0.969391,0.925,0.044
2023-01-05 10:00:00,10,11.3,24.925000000000004,436.0,1.0,1.849294,1.661,0.188
2023-01-05 11:00:00,11,13.9,32.18125,585.0,0.0,2.41483246875,2.386,0.029
2023-01-05 12:00:00,12,15.9,36.4,656.0,0.0,2.6608672,2.672,-0.011
2023-01-05 13:00:00,13,17.5,38.09375,659.0,0.0,2.65406071875,2.606,0.048
2023-01-05 14:00:00,14,18.4,36.9,592.0,0.0,2.3962384,2.372,0.024
2023-01-05 15:00:00,15,18.5,32.90625,461.0,0.0,1.89728871875,1.894,0.003
2023-01-05 16:00:00,16,18.0,26.84375,283.0,0.0,1.1938797187499997,1.18,0.014
2023-01-05 17:00:00,17,12.6,15.6,96.0,0.0,0.408,0.401,0.007
2023-01-05 18:00:00,18,10.4,10.4625,2.0,0.0,0.0085,0.005,0.004
2023-01-05 19:00:00,19,9.1,9.1,0.0,0.0,0.0,0.0,0.0
2023-01-05 20:00:00,20,8.4,8.4,0.0,0.0,0.0,0.0,0.0
2023-01-05 21:00:00,21,8.0,8.0,0.0,0.0,0.0,0.0,0.0
2023-01-05 22:00:00,22,7.5,7.5,0.0,0.0,0.0,0.0,0.0
2023-01-05 23:00:00,23,6.8,6.8,0.0,0.0,0.0,0.0,0.0
2023-01-06 00:00:00,0,6.0,6.0,0.0,0.0,0.0,0.0,0.0
2023-01-06 01:00:00,1,5.7,5.7,0.0,0.0,0.0,0.0,0.0
2023-01-06 02:00:00,2,5.6,5.6,0.0,0.0,0.0,0.0,0.0
2023-01-06 03:00:00,3,4.8,4.8,0.0,0.0,0.0,0.0,0.0
2023-01-06 04:00:00,4,3.9,3.9,0.0,0.0,0.0,0.0,0.0
2023-01-06 05:00:00,5,4.7,4.7,0.0,0.0,0.0,0.0,0.0
2023-01-06 06:00:00,6,5.0,5.0,0.0,100.0,0.0,0.0,0.0
2023-01-06 07:00:00,7,5.6,5.63125,1.0,100.0,0.0034,0.011,-0.008
2023-01-06 08:00:00,8,6.0,7.5,48.0,100.0,0.1632,0.167,-0.004
2023-01-06 09:00:00,9,6.8,11.3625,146.0,100.0,0.4963999999999999,0.502,-0.006
2023-01-06 10:00:00,10,10.3,21.6125,362.0,67.0,1.332341,1.324,0.008
2023-01-06 11:00:00,11,13.7,31.41875,567.0,21.0,2.2492687226624994,2.146,0.103
2023-01-06 12:00:00,12,16.3,36.8,656.0,0.0,2.6564064000000003,2.739,-0.083
2023-01-06 13:00:00,13,17.8,38.45625,661.0,41.0,2.4400826650125,2.456,-0.016
2023-01-06 14:00:00,14,18.4,36.86875,591.0,0.0,2.39250466875,2.372,0.021
2023-01-06 15:00:00,15,18.3,32.7375,462.0,0.0,1.902729675,1.888,0.015
2023-01-06 16:00:00,16,17.5,26.40625,285.0,0.0,1.2044367187499998,1.162,0.042
2023-01-06 17:00:00,17,13.2,16.2625,98.0,0.0,0.4165,0.406,0.011
2023-01-06 18:00:00,18,10.7,10.7625,2.0,37.0,0.007871,0.004,0.004
2023-01-06 19:00:00,19,9.5,9.5,0.0,11.0,0.0,0.0,0.0
2023-01-06 20:00:00,20,8.9,8.9,0.0,0.0,0.0,0.0,0.0
2023-01-06 21:00:00,21,8.3,8.3,0.0,0.0,0.0,0.0,0.0
2023-01-06 22:00:00,22,7.4,7.4,0.0,0.0,0.0,0.0,0.0
2023-01-06 23:00:00,23,6.8,6.8,0.0,0.0,0.0,0.0,0.0
2023-01-07 00:00:00,0,6.2,6.2,0.0,0.0,0.0,0.0,0.0
2023-01-07 01:00:00,1,5.5,5.5,0.0,0.0,0.0,0.0,0.0
2023-01-07 02:00:00,2,4.9,4.9,0.0,0.0,0.0,0.0,0.0
2023-01-07 03:00:00,3,4.4,4.4,0.0,0.0,0.0,0.0,0.0
2023-01-07 04:00:00,4,4.3,4.3,0.0,100.0,0.0,0.0,0.0
2023-01-07 05:00:00,5,5.2,5.2,0.0,100.0,0.0,0.0,0.0
2023-01-07 06:00:00,6,5.5,5.5,0.0,100.0,0.0,0.0,0.0
2023-01-07 07:00:00,7,5.3,5.33125,1.0,100.0,0.0034,0.011,-0.008
2023-01-07 08:00:00,8,6.8,8.675,60.0,100.0,0.204,0.203,0.001
2023-01-07 09:00:00,9,10.0,16.03125,193.0,91.0,0.6709645,0.671,-0.0
2023-01-07 10:00:00,10,13.6,25.85,392.0,0.0,1.6603356,1.571,0.089
2023-01-07 11:00:00,11,17.0,35.5,592.0,0.0,2.410328,2.39,0.02
2023-01-07 12:00:00,12,18.9,39.3375,654.0,0.0,2.620095675,2.611,0.009
2023-01-07 13:00:00,13,20.0,40.46875,655.0,0.0,2.6115054687500003,2.618,-0.006
2023-01-07 14:00:00,14,20.6,38.9125,586.0,0.0,2.3519036749999995,2.35,0.002
2023-01-07 15:00:00,15,20.7,34.95,456.0,0.0,1.8608676,1.779,0.082
2023-01-07 16:00:00,16,20.1,28.88125,281.0,0.0,1.17570926875,1.151,0.025
2023-01-07 17:00:00,17,15.9,18.9625,98.0,0.0,0.4165,0.398,0.018
2023-01-07 18:00:00,18,12.9,12.99375,3.0,100.0,0.0102,0.007,0.003
2023-01-07 19:00:00,19,12.5,12.5,0.0,99.0,0.0,0.0,0.0
2023-01-07 20:00:00,20,13.8,13.8,0.0,99.0,0.0,0.0,0.0
2023-01-07 21:00:00,21,10.3,10.3,0.0,36.0,0.0,0.0,0.0
2023-01-07 22:00:00,22,9.1,9.1,0.0,4.0,0.0,0.0,0.0
2023-01-07 23:00:00,23,8.4,8.4,0.0,13.0,0.0,0.0,0.0
2023-01-08 00:00:00,0,7.8,7.8,0.0,0.0,0.0,0.0,0.0
2023-01-08 01:00:00,1,7.2,7.2,0.0,0.0,0.0,0.0,0.0
2023-01-08 02:00:00,2,7.3,7.3,0.0,0.0,0.0,0.0,0.0
2023-01-08 03:00:00,3,9.4,9.4,0.0,0.0,0.0,0.0,0.0
2023-01-08 04:00:00,4,9.1,9.1,0.0,0.0,0.0,0.0,0.0
2023-01-08 05:00:00,5,7.1,7.1,0.0,0.0,0.0,0.0,0.0
2023-01-08 06:00:00,6,7.4,7.4,0.0,0.0,0.0,0.0,0.0
2023-01-08 07:00:00,7,6.9,6.93125,1.0,0.0,0.00425,0.012,-0.008
2023-01-08 08:00:00,8,9.8,12.3625,82.0,64.0,0.303892,0.302,0.002
2023-01-08 09:00:00,9,13.7,21.85625,261.0,0.0,1.10925,1.05,0.059
2023-01-08 10:00:00,10,16.9,30.68125,441.0,0.0,1.83165766875,1.818,0.014
2023-01-08 11:00:00,11,19.5,37.4375,574.0,0.0,2.318134875,2.328,-0.01
2023-01-08 12:00:00,12,21.4,41.61875,647.0,0.0,2.56696036875,2.58,-0.013
2023-01-08 13:00:00,13,22.6,42.94375,651.0,0.0,2.56816651875,2.579,-0.011
2023-01-08 14:00:00,14,23.2,41.48125,585.0,0.0,2.32234396875,2.275,0.047
2023-01-08 15:00:00,15,23.2,37.48125,457.0,0.0,1.84528316875,1.823,0.022
2023-01-08 16:00:00,16,22.3,31.14375,283.0,0.0,1.1731924187499998,1.167,0.006
2023-01-08 17:00:00,17,21.0,24.09375,99.0,0.0,0.42075,0.4,0.021
2023-01-08 18:00:00,18,19.9,19.99375,3.0,0.0,0.01275,0.009,0.004
2023-01-08 19:00:00,19,18.6,18.6,0.0,0.0,0.0,0.0,0.0
2023-01-08 20:00:00,20,13.4,13.4,0.0,0.0,0.0,0.0,0.0
2023-01-08 21:00:00,21,12.4,12.4,0.0,0.0,0.0,0.0,0.0
2023-01-08 22:00:00,22,11.6,11.6,0.0,0.0,0.0,0.0,0.0
2023-01-08 23:00:00,23,11.3,11.3,0.0,0.0,0.0,0.0,0.0
2023-01-09 00:00:00,0,10.6,10.6,0.0,0.0,0.0,0.0,0.0
2023-01-09 01:00:00,1,9.9,9.9,0.0,4.0,0.0,0.0,0.0
2023-01-09 02:00:00,2,9.4,9.4,0.0,5.0,0.0,0.0,0.0
2023-01-09 03:00:00,3,8.9,8.9,0.0,73.0,0.0,0.0,0.0
2023-01-09 04:00:00,4,9.2,9.2,0.0,17.0,0.0,0.0,0.0
2023-01-09 05:00:00,5,11.2,11.2,0.0,18.0,0.0,0.0,0.0
2023-01-09 06:00:00,6,12.1,12.1,0.0,27.0,0.0,0.0,0.0
2023-01-09 07:00:00,7,12.2,12.23125,1.0,90.0,0.003485,0.012,-0.009
2023-01-09 08:00:00,8,12.9,15.30625,77.0,28.0,0.308924,0.31,-0.001
2023-01-09 09:00:00,9,16.0,23.84375,251.0,2.0,1.0624829999999998,1.063,-0.001
2023-01-09 10:00:00,10,18.8,32.05,424.0,27.0,1.6566196856,1.69,-0.033
2023-01-09 11:00:00,11,21.0,38.3125,554.0,27.0,2.10875023975,2.109,-0.0
2023-01-09 12:00:00,12,22.4,41.9,624.0,48.0,2.2353432192,2.177,0.058
2023-01-09 13:00:00,13,23.3,42.8,624.0,68.0,2.1281854464000003,2.092,0.036
2023-01-09 14:00:00,14,23.7,41.2625,562.0,80.0,1.875827583,1.858,0.018
2023-01-09 15:00:00,15,23.5,36.96875,431.0,99.0,1.3987320849374998,1.373,0.026
2023-01-09 16:00:00,16,22.8,30.925,260.0,95.0,0.873837315,0.891,-0.017
2023-01-09 17:00:00,17,19.4,22.18125,89.0,99.0,0.3033565,0.297,0.006
2023-01-09 18:00:00,18,17.1,17.19375,3.0,100.0,0.0102,0.008,0.002
2023-01-09 19:00:00,19,16.2,16.2,0.0,99.0,0.0,0.0,0.0
2023-01-09 20:00:00,20,15.2,15.2,0.0,100.0,0.0,0.0,0.0
2023-01-09 21:00:00,21,14.4,14.4,0.0,86.0,0.0,0.0,0.0
2023-01-09 22:00:00,22,13.9,13.9,0.0,85.0,0.0,0.0,0.0
2023-01-09 23:00:00,23,13.5,13.5,0.0,59.0,0.0,0.0,0.0
2023-01-10 00:00:00,0,12.2,12.2,0.0,47.0,0.0,0.0,0.0
2023-01-10 01:00:00,1,11.2,11.2,0.0,0.0,0.0,0.0,0.0
2023-01-10 02:00:00,2,10.5,10.5,0.0,0.0,0.0,0.0,0.0
2023-01-10 03:00:00,3,10.4,10.4,0.0,0.0,0.0,0.0,0.0
2023-01-10 04:00:00,4,10.0,10.0,0.0,0.0,0.0,0.0,0.0
2023-01-10 05:00:00,5,9.7,9.7,0.0,0.0,0.0,0.0,0.0
2023-01-10 06:00:00,6,8.8,8.8,0.0,23.0,0.0,0.0,0.0
2023-01-10 07:00:00,7,9.0,9.03125,1.0,44.0,0.003876,0.012,-0.008
2023-01-10 08:00:00,8,11.4,13.61875,71.0,50.0,0.2715749999999999,0.291,-0.019
2023-01-10 09:00:00,9,15.5,22.75,232.0,0.0,0.986,0.953,0.033
2023-01-10 10:00:00,10,18.4,31.275,412.0,0.0,1.7070499,1.738,-0.031
2023-01-10 11:00:00,11,20.5,37.875,556.0,0.0,2.2413055,2.211,0.03
2023-01-10 12:00:00,12,22.0,41.78125,633.0,0.0,2.50966696875,2.386,0.124
2023-01-10 13:00:00,13,23.1,43.00625,637.0,0.0,2.51226031875,2.435,0.077
2023-01-10 14:00:00,14,23.6,41.5375,574.0,0.0,2.278127075,2.279,-0.001
2023-01-10 15:00:00,15,23.7,37.79375,451.0,0.0,1.81866031875,1.779,0.04
2023-01-10 16:00:00,16,23.1,31.88125,281.0,0.0,1.1613782687500005,1.168,-0.007
2023-01-10 17:00:00,17,19.0,22.15625,101.0,0.0,0.4292499999999999,0.418,0.011
2023-01-10 18:00:00,18,16.9,16.99375,3.0,0.0,0.01275,0.009,0.004
2023-01-10 19:00:00,19,15.4,15.4,0.0,0.0,0.0,0.0,0.0
2023-01-10 20:00:00,20,15.0,15.0,0.0,0.0,0.0,0.0,0.0
2023-01-10 21:00:00,21,14.1,14.1,0.0,0.0,0.0,0.0,0.0
2023-01-10 22:00:00,22,13.2,13.2,0.0,0.0,0.0,0.0,0.0
2023-01-10 23:00:00,23,12.3,12.3,0.0,0.0,0.0,0.0,0.0
2023-01-11 00:00:00,0,11.7,11.7,0.0,0.0,0.0,0.0,0.0
2023-01-11 01:00:00,1,10.9,10.9,0.0,0.0,0.0,0.0,0.0
2023-01-11 02:00:00,2,10.1,10.1,0.0,5.0,0.0,0.0,0.0
2023-01-11 03:00:00,3,9.5,9.5,0.0,23.0,0.0,0.0,0.0
2023-01-11 04:00:00,4,9.7,9.7,0.0,34.0,0.0,0.0,0.0
2023-01-11 05:00:00,5,9.2,9.2,0.0,6.0,0.0,0.0,0.0
2023-01-11 06:00:00,6,10.4,10.4,0.0,33.0,0.0,0.0,0.0
2023-01-11 07:00:00,7,10.7,10.73125,1.0,47.0,0.0038505,0.012,-0.008
2023-01-11 08:00:00,8,12.6,15.06875,79.0,0.0,0.33575,0.327,0.009
2023-01-11 09:00:00,9,15.7,23.6375,254.0,31.0,1.012571,1.022,-0.009
2023-01-11 10:00:00,10,17.9,31.18125,425.0,0.0,1.76159046875,1.758,0.004
2023-01-11 11:00:00,11,20.0,37.375,556.0,0.0,2.2460315,2.199,0.047
2023-01-11 12:00:00,12,21.3,40.95625,629.0,0.0,2.50262981875,2.455,0.048
2023-01-11 13:00:00,13,22.4,42.24375,635.0,0.0,2.51260371875,2.432,0.081
2023-01-11 14:00:00,14,23.1,41.0375,574.0,0.0,2.283006075,2.281,0.002
2023-01-11 15:00:00,15,23.0,37.125,452.0,0.0,1.8278315,1.777,0.051
2023-01-11 16:00:00,16,22.3,31.08125,281.0,0.0,1.1651998687500005,1.163,0.002
2023-01-11 17:00:00,17,20.2,23.35625,101.0,0.0,0.4292499999999999,0.422,0.007
2023-01-11 18:00:00,18,17.9,18.025,4.0,0.0,0.017,0.014,0.003
2023-01-11 19:00:00,19,16.6,16.6,0.0,0.0,0.0,0.0,0.0
2023-01-11 20:00:00,20,15.8,15.8,0.0,0.0,0.0,0.0,0.0
2023-01-11 21:00:00,21,14.9,14.9,0.0,0.0,0.0,0.0,0.0
2023-01-11 22:00:00,22,14.2,14.2,0.0,4.0,0.0,0.0,0.0
2023-01-11 23:00:00,23,14.0,14.0,0.0,3.0,0.0,0.0,0.0
2023-01-12 00:00:00,0,15.6,15.6,0.0,20.0,0.0,0.0,0.0
2023-01-12 01:00:00,1,16.2,16.2,0.0,42.0,0.0,0.0,0.0
2023-01-12 02:00:00,2,13.3,13.3,0.0,54.0,0.0,0.0,0.0
2023-01-12 03:00:00,3,13.2,13.2,0.0,57.0,0.0,0.0,0.0
2023-01-12 04:00:00,4,12.8,12.8,0.0,81.0,0.0,0.0,0.0
2023-01-12 05:00:00,5,13.7,13.7,0.0,100.0,0.0,0.0,0.0
2023-01-12 06:00:00,6,13.8,13.8,0.0,100.0,0.0,0.0,0.0
2023-01-12 07:00:00,7,14.6,14.6,0.0,62.0,0.0,0.014,-0.014
2023-01-12 08:00:00,8,15.1,16.94375,59.0,6.0,0.2477409999999999,0.249,-0.001
2023-01-12 09:00:00,9,17.4,25.30625,253.0,1.0,1.0717849531125,1.086,-0.014
2023-01-12 10:00:00,10,19.6,32.81875,423.0,14.0,1.6927626584249995,1.723,-0.03
2023-01-12 11:00:00,11,21.1,37.63125,529.0,21.0,2.0450015676625,2.045,0.0
2023-01-12 12:00:00,12,22.4,41.55625,613.0,17.0,2.3500049299125,2.361,-0.011
2023-01-12 13:00:00,13,23.1,41.85,600.0,25.0,2.2592235,2.268,-0.009
2023-01-12 14:00:00,14,23.4,38.43125,481.0,23.0,1.8454392259875,1.849,-0.004
2023-01-12 15:00:00,15,23.3,36.08125,409.0,68.0,1.4352785874,1.422,0.013
2023-01-12 16:00:00,16,22.7,28.6375,190.0,48.0,0.7193587910000001,0.744,-0.025
2023-01-12 17:00:00,17,20.4,22.99375,83.0,13.0,0.3435785,0.346,-0.002
2023-01-12 18:00:00,18,18.3,18.425,4.0,7.0,0.016762,0.014,0.003
2023-01-12 19:00:00,19,17.3,17.3,0.0,4.0,0.0,0.0,0.0
2023-01-12 20:00:00,20,15.4,15.4,0.0,6.0,0.0,0.0,0.0
2023-01-12 21:00:00,21,14.1,14.1,0.0,9.0,0.0,0.0,0.0
2023-01-12 22:00:00,22,13.8,13.8,0.0,65.0,0.0,0.0,0.0
2023-01-12 23:00:00,23,14.5,14.5,0.0,100.0,0.0,0.0,0.0
2023-01-13 00:00:00,0,15.1,15.1,0.0,100.0,0.0,0.0,0.0
2023-01-13 01:00:00,1,14.5,14.5,0.0,41.0,0.0,0.0,0.0
2023-01-13 02:00:00,2,13.0,13.0,0.0,59.0,0.0,0.0,0.0
2023-01-13 03:00:00,3,12.9,12.9,0.0,67.0,0.0,0.0,0.0
2023-01-13 04:00:00,4,14.1,14.1,0.0,21.0,0.0,0.0,0.0
2023-01-13 05:00:00,5,13.1,13.1,0.0,32.0,0.0,0.0,0.0
2023-01-13 06:00:00,6,14.2,14.2,0.0,25.0,0.0,0.0,0.0
2023-01-13 07:00:00,7,13.4,13.43125,1.0,12.0,0.004148,0.013,-0.009
2023-01-13 08:00:00,8,14.6,17.0375,78.0,2.0,0.330174,0.333,-0.003
2023-01-13 09:00:00,9,17.0,24.65625,245.0,0.0,1.04125,1.051,-0.01
2023-01-13 10:00:00,10,19.3,32.7375,430.0,2.0,1.7638551194999998,1.764,-0.0
2023-01-13 11:00:00,11,21.2,38.7,560.0,27.0,2.128098896,2.135,-0.007
2023-01-13 12:00:00,12,22.4,41.4,608.0,17.0,2.3323969536,2.337,-0.005
2023-01-13 13:00:00,13,23.1,42.6,624.0,11.0,2.4110626176,2.384,0.027
2023-01-13 14:00:00,14,23.3,41.20625,573.0,10.0,2.231837220375,2.27,-0.038
2023-01-13 15:00:00,15,23.0,37.34375,459.0,2.0,1.847013991875,1.846,0.001
2023-01-13 16:00:00,16,22.1,31.2875,294.0,3.0,1.21076662455,1.199,0.012
2023-01-13 17:00:00,17,20.2,23.66875,111.0,1.0,0.4708065,0.45,0.021
2023-01-13 18:00:00,18,18.1,18.225,4.0,2.0,0.016932,0.014,0.003
2023-01-13 19:00:00,19,17.0,17.0,0.0,3.0,0.0,0.0,0.0
2023-01-13 20:00:00,20,16.3,16.3,0.0,0.0,0.0,0.0,0.0
2023-01-13 21:00:00,21,15.3,15.3,0.0,0.0,0.0,0.0,0.0
2023-01-13 22:00:00,22,14.3,14.3,0.0,1.0,0.0,0.0,0.0
2023-01-13 23:00:00,23,13.5,13.5,0.0,0.0,0.0,0.0,0.0
2023-01-14 00:00:00,0,12.7,12.7,0.0,9.0,0.0,0.0,0.0
2023-01-14 01:00:00,1,11.9,11.9,0.0,0.0,0.0,0.0,0.0
2023-01-14 02:00:00,2,11.3,11.3,0.0,0.0,0.0,0.0,0.0
2023-01-14 03:00:00,3,10.7,10.7,0.0,0.0,0.0,0.0,0.0
2023-01-14 04:00:00,4,10.3,10.3,0.0,0.0,0.0,0.0,0.0
2023-01-14 05:00:00,5,9.7,9.7,0.0,0.0,0.0,0.0,0.0
2023-01-14 06:00:00,6,9.1,9.1,0.0,0.0,0.0,0.0,0.0
2023-01-14 07:00:00,7,8.4,8.43125,1.0,0.0,0.00425,0.012,-0.008
2023-01-14 08:00:00,8,9.8,12.45625,85.0,0.0,0.36125,0.354,0.007
2023-01-14 09:00:00,9,12.1,20.5375,270.0,0.0,1.1475,1.059,0.088
2023-01-14 10:00:00,10,14.3,28.45625,453.0,0.0,1.89863341875,1.895,0.004
2023-01-14 11:00:00,11,15.6,34.1625,594.0,0.0,2.431977075,2.38,0.052
2023-01-14 12:00:00,12,16.7,37.7625,674.0,0.0,2.718267275,2.707,0.011
2023-01-14 13:00:00,13,17.4,38.74375,683.0,0.0,2.74317131875,2.718,0.025
2023-01-14 14:00:00,14,17.8,37.20625,621.0,0.0,2.51038861875,2.501,0.009
2023-01-14 15:00:00,15,17.8,33.20625,493.0,0.0,2.02647341875,1.892,0.134
2023-01-14 16:00:00,16,17.2,27.075,316.0,0.0,1.3318531,1.008,0.324
2023-01-14 17:00:00,17,14.2,17.98125,121.0,0.0,0.51425,0.482,0.032
2023-01-14 18:00:00,18,12.0,12.15625,5.0,0.0,0.02125,0.018,0.003
2023-01-14 19:00:00,19,10.8,10.8,0.0,0.0,0.0,0.0,0.0
2023-01-14 20:00:00,20,9.9,9.9,0.0,0.0,0.0,0.0,0.0
2023-01-14 21:00:00,21,9.3,9.3,0.0,0.0,0.0,0.0,0.0
2023-01-14 22:00:00,22,8.6,8.6,0.0,0.0,0.0,0.0,0.0
2023-01-14 23:00:00,23,7.8,7.8,0.0,0.0,0.0,0.0,0.0
2023-01-15 00:00:00,0,7.2,7.2,0.0,0.0,0.0,0.0,0.0
2023-01-15 01:00:00,1,6.7,6.7,0.0,0.0,0.0,0.0,0.0
2023-01-15 02:00:00,2,6.4,6.4,0.0,0.0,0.0,0.0,0.0
2023-01-15 03:00:00,3,6.1,6.1,0.0,0.0,0.0,0.0,0.0
2023-01-15 04:00:00,4,5.6,5.6,0.0,0.0,0.0,0.0,0.0
2023-01-15 05:00:00,5,4.9,4.9,0.0,0.0,0.0,0.0,0.0
2023-01-15 06:00:00,6,4.4,4.4,0.0,0.0,0.0,0.0,0.0
2023-01-15 07:00:00,7,3.9,3.93125,1.0,0.0,0.00425,0.012,-0.008
2023-01-15 08:00:00,8,6.1,8.88125,89.0,0.0,0.37825,0.357,0.021
2023-01-15 09:00:00,9,9.4,18.24375,283.0,0.0,1.2027499999999998,1.103,0.1
2023-01-15 10:00:00,10,11.7,26.41875,471.0,0.0,1.99039006875,1.642,0.348
2023-01-15 11:00:00,11,13.3,32.425,612.0,0.0,2.5237503,2.501,0.023
2023-01-15 12:00:00,12,14.7,36.2625,690.0,0.0,2.800390875,2.743,0.057
2023-01-15 13:00:00,13,15.8,37.55,696.0,0.0,2.8095084,2.243,0.567
2023-01-15 14:00:00,14,16.5,36.15625,629.0,0.0,2.55395621875,2.531,0.023
2023-01-15 15:00:00,15,16.7,32.23125,497.0,0.0,2.05115316875,2.041,0.01
2023-01-15 16:00:00,16,16.3,26.2375,318.0,46.0,1.2210875481,1.217,0.004
2023-01-15 17:00:00,17,14.1,17.88125,121.0,0.0,0.51425,0.482,0.032
2023-01-15 18:00:00,18,12.0,12.1875,6.0,0.0,0.0255,0.02,0.006
2023-01-15 19:00:00,19,10.6,10.6,0.0,0.0,0.0,0.0,0.0
2023-01-15 20:00:00,20,9.2,9.2,0.0,0.0,0.0,0.0,0.0
2023-01-15 21:00:00,21,8.6,8.6,0.0,0.0,0.0,0.0,0.0
2023-01-15 22:00:00,22,8.0,8.0,0.0,0.0,0.0,0.0,0.0
2023-01-15 23:00:00,23,7.3,7.3,0.0,0.0,0.0,0.0,0.0
2023-01-16 00:00:00,0,6.9,6.9,0.0,0.0,0.0,0.0,0.0
2023-01-16 01:00:00,1,6.2,6.2,0.0,0.0,0.0,0.0,0.0
2023-01-16 02:00:00,2,5.5,5.5,0.0,0.0,0.0,0.0,0.0
2023-01-16 03:00:00,3,5.0,5.0,0.0,0.0,0.0,0.0,0.0
2023-01-16 04:00:00,4,4.5,4.5,0.0,0.0,0.0,0.0,0.0
2023-01-16 05:00:00,5,4.3,4.3,0.0,0.0,0.0,0.0,0.0
2023-01-16 06:00:00,6,4.0,4.0,0.0,0.0,0.0,0.0,0.0
2023-01-16 07:00:00,7,3.5,3.53125,1.0,0.0,0.0027625,0.012,-0.009
2023-01-16 08:00:00,8,6.8,9.51875,87.0,0.0,0.2403374999999999,0.336,-0.096
2023-01-16 09:00:00,9,11.1,19.75625,277.0,0.0,0.7652125000000001,0.94,-0.175
2023-01-16 10:00:00,10,13.5,27.9375,462.0,0.0,1.26127876875,1.492,-0.231
2023-01-16 11:00:00,11,14.9,33.7125,602.0,0.0,1.6050685787499996,1.814,-0.209
2023-01-16 12:00:00,12,16.0,37.25,680.0,0.0,1.7864535,1.98,-0.194
2023-01-16 13:00:00,13,16.9,38.4,688.0,0.0,1.79872784,1.979,-0.18
2023-01-16 14:00:00,14,17.5,37.0,624.0,0.0,1.6410576,1.867,-0.226
2023-01-16 15:00:00,15,17.8,33.3,496.0,0.0,1.3247093600000002,1.543,-0.218
2023-01-16 16:00:00,16,17.5,27.46875,319.0,0.0,0.8725352796875001,0.982,-0.109
2023-01-16 17:00:00,17,16.7,20.575,124.0,0.0,0.34255,0.488,-0.145
2023-01-16 18:00:00,18,15.2,15.3875,6.0,0.0,0.016575,0.021,-0.004
2023-01-16 19:00:00,19,10.1,10.1,0.0,0.0,0.0,0.0,0.0
2023-01-16 20:00:00,20,10.2,10.2,0.0,0.0,0.0,0.0,0.0
2023-01-16 21:00:00,21,9.4,9.4,0.0,0.0,0.0,0.0,0.0
2023-01-16 22:00:00,22,8.5,8.5,0.0,0.0,0.0,0.0,0.0
2023-01-16 23:00:00,23,7.4,7.4,0.0,0.0,0.0,0.0,0.0
2023-01-17 00:00:00,0,6.5,6.5,0.0,0.0,0.0,0.0,0.0
2023-01-17 01:00:00,1,5.9,5.9,0.0,0.0,0.0,0.0,0.0
2023-01-17 02:00:00,2,5.3,5.3,0.0,0.0,0.0,0.0,0.0
2023-01-17 03:00:00,3,5.0,5.0,0.0,0.0,0.0,0.0,0.0
2023-01-17 04:00:00,4,4.6,4.6,0.0,0.0,0.0,0.0,0.0
2023-01-17 05:00:00,5,4.3,4.3,0.0,0.0,0.0,0.0,0.0
2023-01-17 06:00:00,6,4.0,4.0,0.0,0.0,0.0,0.0,0.0
2023-01-17 07:00:00,7,3.9,3.93125,1.0,0.0,0.00425,0.012,-0.008
2023-01-17 08:00:00,8,7.1,9.85,88.0,0.0,0.3739999999999999,0.364,0.01
2023-01-17 09:00:00,9,11.5,20.25,280.0,0.0,1.1900000000000002,1.153,0.037
2023-01-17 10:00:00,10,13.7,28.2625,466.0,0.0,1.954654475,1.912,0.043
2023-01-17 11:00:00,11,15.2,34.16875,607.0,0.0,2.48513766875,2.436,0.049
2023-01-17 12:00:00,12,16.5,37.90625,685.0,0.0,2.76095671875,2.662,0.099
2023-01-17 13:00:00,13,17.4,38.99375,691.0,0.0,2.77236541875,2.746,0.026
2023-01-17 14:00:00,14,18.0,37.59375,627.0,0.0,2.5305132187499995,2.464,0.067
2023-01-17 15:00:00,15,18.2,33.7625,498.0,6.0,2.0178088749000005,1.995,0.023
2023-01-17 16:00:00,16,17.9,27.9,320.0,0.0,1.344224,1.229,0.115
2023-01-17 17:00:00,17,16.8,20.70625,125.0,0.0,0.53125,0.505,0.026
2023-01-17 18:00:00,18,15.3,15.51875,7.0,0.0,0.02975,0.027,0.003
2023-01-17 19:00:00,19,13.9,13.9,0.0,0.0,0.0,0.0,0.0
2023-01-17 20:00:00,20,11.3,11.3,0.0,0.0,0.0,0.0,0.0
2023-01-17 21:00:00,21,9.6,9.6,0.0,0.0,0.0,0.0,0.0
2023-01-17 22:00:00,22,7.4,7.4,0.0,0.0,0.0,0.0,0.0
2023-01-17 23:00:00,23,7.6,7.6,0.0,0.0,0.0,0.0,0.0
2023-01-18 00:00:00,0,7.1,7.1,0.0,0.0,0.0,0.0,0.0
2023-01-18 01:00:00,1,7.0,7.0,0.0,0.0,0.0,0.0,0.0
2023-01-18 02:00:00,2,6.2,6.2,0.0,0.0,0.0,0.0,0.0
2023-01-18 03:00:00,3,5.9,5.9,0.0,0.0,0.0,0.0,0.0
2023-01-18 04:00:00,4,5.5,5.5,0.0,0.0,0.0,0.0,0.0
2023-01-18 05:00:00,5,5.2,5.2,0.0,0.0,0.0,0.0,0.0
2023-01-18 06:00:00,6,4.9,4.9,0.0,0.0,0.0,0.0,0.0
2023-01-18 07:00:00,7,4.8,4.83125,1.0,0.0,0.00425,0.012,-0.008
2023-01-18 08:00:00,8,8.3,10.9875,86.0,0.0,0.3654999999999999,0.354,0.011
2023-01-18 09:00:00,9,12.0,20.53125,273.0,0.0,1.1602500000000002,1.108,0.052
2023-01-18 10:00:00,10,14.4,28.65,456.0,0.0,1.9097052000000003,1.863,0.047
2023-01-18 11:00:00,11,15.9,34.49375,595.0,0.0,2.43272071875,2.39,0.043
2023-01-18 12:00:00,12,17.0,37.96875,671.0,0.0,2.70381546875,2.668,0.036
2023-01-18 13:00:00,13,17.8,38.9875,678.0,0.0,2.720280075,2.667,0.053
2023-01-18 14:00:00,14,18.3,37.58125,617.0,0.0,2.49028526875,2.485,0.005
2023-01-18 15:00:00,15,18.5,33.875,492.0,0.0,2.0167695,1.965,0.052
2023-01-18 16:00:00,16,18.1,28.00625,317.0,0.0,1.33104931875,1.292,0.039
2023-01-18 17:00:00,17,15.3,19.20625,125.0,0.0,0.53125,0.503,0.028
2023-01-18 18:00:00,18,13.0,13.21875,7.0,0.0,0.02975,0.026,0.004
2023-01-18 19:00:00,19,11.4,11.4,0.0,0.0,0.0,0.0,0.0
2023-01-18 20:00:00,20,9.9,9.9,0.0,0.0,0.0,0.0,0.0
2023-01-18 21:00:00,21,9.8,9.8,0.0,0.0,0.0,0.0,0.0
2023-01-18 22:00:00,22,9.4,9.4,0.0,0.0,0.0,0.0,0.0
2023-01-18 23:00:00,23,10.0,10.0,0.0,0.0,0.0,0.0,0.0
2023-01-19 00:00:00,0,10.7,10.7,0.0,0.0,0.0,0.0,0.0
2023-01-19 01:00:00,1,10.6,10.6,0.0,0.0,0.0,0.0,0.0
2023-01-19 02:00:00,2,8.1,8.1,0.0,0.0,0.0,0.0,0.0
2023-01-19 03:00:00,3,7.5,7.5,0.0,0.0,0.0,0.0,0.0
2023-01-19 04:00:00,4,6.8,6.8,0.0,0.0,0.0,0.0,0.0
2023-01-19 05:00:00,5,7.2,7.2,0.0,0.0,0.0,0.0,0.0
2023-01-19 06:00:00,6,7.2,7.2,0.0,0.0,0.0,0.0,0.0
2023-01-19 07:00:00,7,6.6,6.63125,1.0,0.0,0.00425,0.012,-0.008
2023-01-19 08:00:00,8,9.0,11.59375,83.0,0.0,0.35275,0.347,0.006
2023-01-19 09:00:00,9,12.3,20.6125,266.0,7.0,1.114673,1.066,0.049
2023-01-19 10:00:00,10,15.0,28.9375,446.0,17.0,1.80221391525,1.818,-0.016
2023-01-19 11:00:00,11,17.1,35.31875,583.0,48.0,2.1474347053500003,2.1,0.047
2023-01-19 12:00:00,12,18.5,39.09375,659.0,71.0,2.2675719226875,2.235,0.033
2023-01-19 13:00:00,13,19.4,40.18125,665.0,97.0,2.1396285308125003,2.112,0.028
2023-01-19 14:00:00,14,19.9,38.74375,603.0,76.0,2.0537396703,2.052,0.002
2023-01-19 15:00:00,15,19.7,34.60625,477.0,90.0,1.5984693933749996,1.58,0.018
2023-01-19 16:00:00,16,18.9,28.525,308.0,95.0,1.045339911,1.016,0.029
2023-01-19 17:00:00,17,16.8,20.64375,123.0,99.0,0.4192455,0.402,0.017
2023-01-19 18:00:00,18,14.6,14.81875,7.0,85.0,0.0246925,0.026,-0.001
2023-01-19 19:00:00,19,13.6,13.6,0.0,71.0,0.0,0.0,0.0
2023-01-19 20:00:00,20,12.5,12.5,0.0,89.0,0.0,0.0,0.0
2023-01-19 21:00:00,21,11.8,11.8,0.0,85.0,0.0,0.0,0.0
2023-01-19 22:00:00,22,10.8,10.8,0.0,91.0,0.0,0.0,0.0
2023-01-19 23:00:00,23,10.3,10.3,0.0,96.0,0.0,0.0,0.0
2023-01-20 00:00:00,0,9.9,9.9,0.0,73.0,0.0,0.0,0.0
2023-01-20 01:00:00,1,9.4,9.4,0.0,98.0,0.0,0.0,0.0
2023-01-20 02:00:00,2,9.1,9.1,0.0,94.0,0.0,0.0,0.0
2023-01-20 03:00:00,3,9.0,9.0,0.0,99.0,0.0,0.0,0.0
2023-01-20 04:00:00,4,8.6,8.6,0.0,97.0,0.0,0.0,0.0
2023-01-20 05:00:00,5,8.5,8.5,0.0,89.0,0.0,0.0,0.0
2023-01-20 06:00:00,6,8.9,8.9,0.0,14.0,0.0,0.0,0.0
2023-01-20 07:00:00,7,8.8,8.83125,1.0,4.0,0.004216,0.012,-0.008
2023-01-20 08:00:00,8,10.5,13.125,84.0,0.0,0.357,0.347,0.01
2023-01-20 09:00:00,9,13.3,21.6125,266.0,0.0,1.1305,1.015,0.116
2023-01-20 10:00:00,10,15.6,29.50625,445.0,0.0,1.8571602187500005,1.773,0.084
2023-01-20 11:00:00,11,17.4,35.5875,582.0,2.0,2.3592722858999995,2.342,0.017
2023-01-20 12:00:00,12,18.7,39.2625,658.0,0.0,2.636959675,2.62,0.017
2023-01-20 13:00:00,13,19.6,40.44375,667.0,0.0,2.65963331875,2.657,0.003
2023-01-20 14:00:00,14,20.0,38.96875,607.0,0.0,2.43560646875,2.391,0.045
2023-01-20 15:00:00,15,20.1,35.225,484.0,0.0,1.9728687,1.939,0.034
2023-01-20 16:00:00,16,19.6,29.38125,313.0,0.0,1.30693736875,1.182,0.125
2023-01-20 17:00:00,17,17.3,21.2375,126.0,0.0,0.5355,0.505,0.031
2023-01-20 18:00:00,18,14.7,14.95,8.0,0.0,0.034,0.028,0.006
2023-01-20 19:00:00,19,13.9,13.9,0.0,0.0,0.0,0.0,0.0
2023-01-20 20:00:00,20,13.1,13.1,0.0,0.0,0.0,0.0,0.0
2023-01-20 21:00:00,21,12.4,12.4,0.0,0.0,0.0,0.0,0.0
2023-01-20 22:00:00,22,11.8,11.8,0.0,0.0,0.0,0.0,0.0
2023-01-20 23:00:00,23,11.1,11.1,0.0,0.0,0.0,0.0,0.0
2023-01-21 00:00:00,0,10.8,10.8,0.0,0.0,0.0,0.0,0.0
2023-01-21 01:00:00,1,10.7,10.7,0.0,0.0,0.0,0.0,0.0
2023-01-21 02:00:00,2,10.4,10.4,0.0,0.0,0.0,0.0,0.0
2023-01-21 03:00:00,3,10.0,10.0,0.0,4.0,0.0,0.0,0.0
2023-01-21 04:00:00,4,9.7,9.7,0.0,4.0,0.0,0.0,0.0
2023-01-21 05:00:00,5,9.0,9.0,0.0,2.0,0.0,0.0,0.0
2023-01-21 06:00:00,6,8.9,8.9,0.0,0.0,0.0,0.0,0.0
2023-01-21 07:00:00,7,8.6,8.63125,1.0,0.0,0.00425,0.012,-0.008
2023-01-21 08:00:00,8,10.8,13.45625,85.0,0.0,0.36125,0.354,0.007
2023-01-21 09:00:00,9,14.1,22.50625,269.0,0.0,1.14325,1.114,0.029
2023-01-21 10:00:00,10,16.9,30.9625,450.0,0.0,1.866886875,1.906,-0.039
2023-01-21 11:00:00,11,18.6,36.9125,586.0,1.0,2.36708401965,2.379,-0.012
2023-01-21 12:00:00,12,19.7,40.41875,663.0,6.0,2.612237685525,2.641,-0.029
2023-01-21 13:00:00,13,20.5,41.375,668.0,4.0,2.631821136,2.641,-0.009
2023-01-21 14:00:00,14,21.0,40.03125,609.0,0.0,2.43263146875,2.441,-0.008
2023-01-21 15:00:00,15,21.2,36.41875,487.0,6.0,1.951511598725,1.927,0.025
2023-01-21 16:00:00,16,20.7,30.575,316.0,3.0,1.3051727934,1.255,0.05
2023-01-21 17:00:00,17,18.7,22.7,128.0,2.0,0.5418240000000001,0.548,-0.006
2023-01-21 18:00:00,18,15.8,16.05,8.0,34.0,0.031688,0.028,0.004
2023-01-21 19:00:00,19,15.7,15.7,0.0,76.0,0.0,0.0,0.0
2023-01-21 20:00:00,20,16.0,16.0,0.0,20.0,0.0,0.0,0.0
2023-01-21 21:00:00,21,14.3,14.3,0.0,13.0,0.0,0.0,0.0
2023-01-21 22:00:00,22,13.4,13.4,0.0,0.0,0.0,0.0,0.0
2023-01-21 23:00:00,23,12.8,12.8,0.0,3.0,0.0,0.0,0.0
2023-01-22 00:00:00,0,12.6,12.6,0.0,44.0,0.0,0.0,0.0
2023-01-22 01:00:00,1,13.0,13.0,0.0,98.0,0.0,0.0,0.0
2023-01-22 02:00:00,2,13.1,13.1,0.0,77.0,0.0,0.0,0.0
2023-01-22 03:00:00,3,13.2,13.2,0.0,26.0,0.0,0.0,0.0
2023-01-22 04:00:00,4,11.7,11.7,0.0,32.0,0.0,0.0,0.0
2023-01-22 05:00:00,5,11.7,11.7,0.0,32.0,0.0,0.0,0.0
2023-01-22 06:00:00,6,11.4,11.4,0.0,0.0,0.0,0.0,0.0
2023-01-22 07:00:00,7,11.0,11.03125,1.0,6.0,0.004199,0.013,-0.009
2023-01-22 08:00:00,8,12.8,15.39375,83.0,20.0,0.33864,0.345,-0.006
2023-01-22 09:00:00,9,15.5,23.46875,255.0,30.0,1.018725,1.027,-0.008
2023-01-22 10:00:00,10,17.7,30.6375,414.0,41.0,1.57879776645,1.603,-0.024
2023-01-22 11:00:00,11,19.2,35.2625,514.0,31.0,1.96494704595,1.975,-0.01
2023-01-22 12:00:00,12,20.1,36.88125,537.0,46.0,1.973797750425,1.974,-0.0
2023-01-22 13:00:00,13,20.7,38.1375,558.0,39.0,2.07162121635,2.066,0.006
2023-01-22 14:00:00,14,20.3,34.050000000000004,440.0,72.0,1.542773936,1.485,0.058
2023-01-22 15:00:00,15,19.8,30.4875,342.0,60.0,1.251004194,1.3,-0.049
2023-01-22 16:00:00,16,20.0,27.90625,253.0,44.0,0.9692281995,0.981,-0.012
2023-01-22 17:00:00,17,18.2,21.66875,111.0,35.0,0.4387275,0.429,0.01
2023-01-22 18:00:00,18,15.9,16.18125,9.0,4.0,0.037944,0.032,0.006
2023-01-22 19:00:00,19,15.0,15.0,0.0,2.0,0.0,0.0,0.0
2023-01-22 20:00:00,20,14.4,14.4,0.0,15.0,0.0,0.0,0.0
2023-01-22 21:00:00,21,14.0,14.0,0.0,2.0,0.0,0.0,0.0
2023-01-22 22:00:00,22,13.4,13.4,0.0,2.0,0.0,0.0,0.0
2023-01-22 23:00:00,23,12.8,12.8,0.0,2.0,0.0,0.0,0.0
2023-01-23 00:00:00,0,12.2,12.2,0.0,3.0,0.0,0.0,0.0
2023-01-23 01:00:00,1,11.8,11.8,0.0,0.0,0.0,0.0,0.0
2023-01-23 02:00:00,2,11.4,11.4,0.0,0.0,0.0,0.0,0.0
2023-01-23 03:00:00,3,11.1,11.1,0.0,0.0,0.0,0.0,0.0
2023-01-23 04:00:00,4,10.7,10.7,0.0,0.0,0.0,0.0,0.0
2023-01-23 05:00:00,5,10.2,10.2,0.0,0.0,0.0,0.0,0.0
2023-01-23 06:00:00,6,10.4,10.4,0.0,0.0,0.0,0.0,0.0
2023-01-23 07:00:00,7,10.1,10.13125,1.0,0.0,0.00425,0.013,-0.009
2023-01-23 08:00:00,8,12.5,15.21875,87.0,0.0,0.3697499999999999,0.368,0.002
2023-01-23 09:00:00,9,15.7,24.16875,271.0,0.0,1.15175,1.114,0.038
2023-01-23 10:00:00,10,18.2,32.23125,449.0,0.0,1.85305386875,1.876,-0.023
2023-01-23 11:00:00,11,19.7,37.95,584.0,0.0,2.3534323999999995,2.339,0.014
2023-01-23 12:00:00,12,21.0,41.5625,658.0,24.0,2.485892745,2.547,-0.061
2023-01-23 13:00:00,13,21.8,42.33125,657.0,47.0,2.3544016054875003,2.36,-0.006
2023-01-23 14:00:00,14,21.7,39.1375,558.0,82.0,1.8704594403,1.871,-0.001
2023-01-23 15:00:00,15,21.4,33.74375,395.0,73.0,1.3835105038125,1.367,0.017
2023-01-23 16:00:00,16,20.8,27.33125,209.0,45.0,0.8007700325624999,0.802,-0.001
2023-01-23 17:00:00,17,19.5,21.84375,75.0,64.0,0.27795,0.271,0.007
2023-01-23 18:00:00,18,17.4,17.5875,6.0,60.0,0.0224399999999999,0.021,0.001
2023-01-23 19:00:00,19,16.5,16.5,0.0,37.0,0.0,0.0,0.0
2023-01-23 20:00:00,20,17.1,17.1,0.0,55.0,0.0,0.0,0.0
2023-01-23 21:00:00,21,16.9,16.9,0.0,25.0,0.0,0.0,0.0
2023-01-23 22:00:00,22,14.6,14.6,0.0,20.0,0.0,0.0,0.0
2023-01-23 23:00:00,23,14.1,14.1,0.0,14.0,0.0,0.0,0.0
2023-01-24 00:00:00,0,13.3,13.3,0.0,25.0,0.0,0.0,0.0
2023-01-24 01:00:00,1,12.8,12.8,0.0,64.0,0.0,0.0,0.0
2023-01-24 02:00:00,2,13.0,13.0,0.0,84.0,0.0,0.0,0.0
2023-01-24 03:00:00,3,13.7,13.7,0.0,38.0,0.0,0.0,0.0
2023-01-24 04:00:00,4,13.4,13.4,0.0,39.0,0.0,0.0,0.0
2023-01-24 05:00:00,5,12.3,12.3,0.0,12.0,0.0,0.0,0.0
2023-01-24 06:00:00,6,12.0,12.0,0.0,8.0,0.0,0.0,0.0
2023-01-24 07:00:00,7,11.9,11.93125,1.0,10.0,0.004165,0.012,-0.008
2023-01-24 08:00:00,8,14.2,16.7625,82.0,7.0,0.343621,0.353,-0.009
2023-01-24 09:00:00,9,17.0,25.0625,258.0,19.0,1.05456929175,1.06,-0.005
2023-01-24 10:00:00,10,18.9,31.2125,394.0,56.0,1.4500051434,1.478,-0.028
2023-01-24 11:00:00,11,20.1,35.31875,487.0,38.0,1.833512667525,1.831,0.003
2023-01-24 12:00:00,12,21.3,39.51875,583.0,35.0,2.1704848419375,2.173,-0.003
2023-01-24 13:00:00,13,21.8,39.95625,581.0,33.0,2.1683063289125,2.167,0.001
2023-01-24 14:00:00,14,21.0,37.71875,535.0,40.0,1.98542713125,2.004,-0.019
2023-01-24 15:00:00,15,21.2,34.1375,414.0,31.0,1.5900884779499995,1.595,-0.005
2023-01-24 16:00:00,16,21.3,30.6125,298.0,14.0,1.2034011969,1.206,-0.003
2023-01-24 17:00:00,17,17.3,21.175,124.0,19.0,0.506974,0.514,-0.007
2023-01-24 18:00:00,18,17.0,17.28125,9.0,21.0,0.0366434999999999,0.032,0.005
2023-01-24 19:00:00,19,16.7,16.7,0.0,1.0,0.0,0.0,0.0
2023-01-24 20:00:00,20,16.2,16.2,0.0,1.0,0.0,0.0,0.0
2023-01-24 21:00:00,21,15.5,15.5,0.0,0.0,0.0,0.0,0.0
2023-01-24 22:00:00,22,15.0,15.0,0.0,0.0,0.0,0.0,0.0
2023-01-24 23:00:00,23,12.4,12.4,0.0,0.0,0.0,0.0,0.0
2023-01-25 00:00:00,0,12.3,12.3,0.0,0.0,0.0,0.0,0.0
2023-01-25 01:00:00,1,11.8,11.8,0.0,0.0,0.0,0.0,0.0
2023-01-25 02:00:00,2,11.3,11.3,0.0,0.0,0.0,0.0,0.0
2023-01-25 03:00:00,3,11.0,11.0,0.0,0.0,0.0,0.0,0.0
2023-01-25 04:00:00,4,10.8,10.8,0.0,0.0,0.0,0.0,0.0
2023-01-25 05:00:00,5,11.4,11.4,0.0,0.0,0.0,0.0,0.0
2023-01-25 06:00:00,6,11.3,11.3,0.0,100.0,0.0,0.0,0.0
2023-01-25 07:00:00,7,11.0,11.03125,1.0,100.0,0.0034,0.011,-0.008
2023-01-25 08:00:00,8,11.6,13.81875,71.0,100.0,0.2413999999999999,0.251,-0.01
2023-01-25 09:00:00,9,13.8,21.45625,245.0,0.0,1.04125,1.039,0.002
2023-01-25 10:00:00,10,17.0,31.125,452.0,0.0,1.8739355,1.906,-0.032
2023-01-25 11:00:00,11,18.9,37.525,596.0,0.0,2.4060967,2.398,0.008
2023-01-25 12:00:00,12,19.9,41.05625,677.0,0.0,2.6924586187500004,2.697,-0.005
2023-01-25 13:00:00,13,20.5,42.03125,689.0,0.0,2.72876296875,2.678,0.051
2023-01-25 14:00:00,14,20.8,40.51875,631.0,0.0,2.51528036875,2.468,0.047
2023-01-25 15:00:00,15,20.8,36.675,508.0,0.0,2.0581747,2.038,0.02
2023-01-25 16:00:00,16,20.4,30.86875,335.0,0.0,1.39032746875,1.253,0.137
2023-01-25 17:00:00,17,18.0,22.4375,142.0,0.0,0.6034999999999999,0.557,0.047
2023-01-25 18:00:00,18,15.2,15.54375,11.0,0.0,0.0467499999999999,0.041,0.006
2023-01-25 19:00:00,19,14.1,14.1,0.0,0.0,0.0,0.0,0.0
2023-01-25 20:00:00,20,13.3,13.3,0.0,0.0,0.0,0.0,0.0
2023-01-25 21:00:00,21,12.9,12.9,0.0,0.0,0.0,0.0,0.0
2023-01-25 22:00:00,22,12.3,12.3,0.0,0.0,0.0,0.0,0.0
2023-01-25 23:00:00,23,11.7,11.7,0.0,4.0,0.0,0.0,0.0
2023-01-26 00:00:00,0,11.5,11.5,0.0,14.0,0.0,0.0,0.0
2023-01-26 01:00:00,1,11.1,11.1,0.0,13.0,0.0,0.0,0.0
2023-01-26 02:00:00,2,10.7,10.7,0.0,5.0,0.0,0.0,0.0
2023-01-26 03:00:00,3,10.4,10.4,0.0,10.0,0.0,0.0,0.0
2023-01-26 04:00:00,4,10.1,10.1,0.0,7.0,0.0,0.0,0.0
2023-01-26 05:00:00,5,10.0,10.0,0.0,0.0,0.0,0.0,0.0
2023-01-26 06:00:00,6,10.2,10.2,0.0,0.0,0.0,0.0,0.0
2023-01-26 07:00:00,7,9.7,9.73125,1.0,0.0,0.00425,0.012,-0.008
2023-01-26 08:00:00,8,11.2,14.10625,93.0,0.0,0.39525,0.385,0.01
2023-01-26 09:00:00,9,14.0,22.96875,287.0,0.0,1.21975,1.209,0.011
2023-01-26 10:00:00,10,16.3,31.20625,477.0,0.0,1.97692351875,1.976,0.001
2023-01-26 11:00:00,11,17.7,37.1375,622.0,0.0,2.515158075,2.543,-0.028
2023-01-26 12:00:00,12,18.6,40.6,704.0,0.0,2.8052991999999994,2.831,-0.026
2023-01-26 13:00:00,13,19.4,41.775,716.0,0.0,2.8388147000000004,2.808,0.031
2023-01-26 14:00:00,14,19.9,40.3375,654.0,0.0,2.608977675,2.611,-0.002
2023-01-26 15:00:00,15,20.1,36.56875,527.0,0.0,2.136105568750001,2.126,0.01
2023-01-26 16:00:00,16,19.7,30.60625,349.0,0.0,1.44998811875,1.435,0.015
2023-01-26 17:00:00,17,17.0,21.65625,149.0,0.0,0.63325,0.611,0.022
2023-01-26 18:00:00,18,14.3,14.70625,13.0,0.0,0.05525,0.047,0.008
2023-01-26 19:00:00,19,13.1,13.1,0.0,0.0,0.0,0.0,0.0
2023-01-26 20:00:00,20,12.2,12.2,0.0,0.0,0.0,0.0,0.0
2023-01-26 21:00:00,21,11.5,11.5,0.0,0.0,0.0,0.0,0.0
2023-01-26 22:00:00,22,10.6,10.6,0.0,0.0,0.0,0.0,0.0
2023-01-26 23:00:00,23,9.7,9.7,0.0,0.0,0.0,0.0,0.0
2023-01-27 00:00:00,0,8.7,8.7,0.0,0.0,0.0,0.0,0.0
2023-01-27 01:00:00,1,7.8,7.8,0.0,0.0,0.0,0.0,0.0
2023-01-27 02:00:00,2,7.2,7.2,0.0,0.0,0.0,0.0,0.0
2023-01-27 03:00:00,3,6.8,6.8,0.0,0.0,0.0,0.0,0.0
2023-01-27 04:00:00,4,6.4,6.4,0.0,0.0,0.0,0.0,0.0
2023-01-27 05:00:00,5,6.4,6.4,0.0,0.0,0.0,0.0,0.0
2023-01-27 06:00:00,6,6.1,6.1,0.0,0.0,0.0,0.0,0.0
2023-01-27 07:00:00,7,6.2,6.2625,2.0,0.0,0.0085,0.013,-0.005
2023-01-27 08:00:00,8,9.1,12.13125,97.0,0.0,0.41225,0.414,-0.002
2023-01-27 09:00:00,9,12.5,21.75,296.0,0.0,1.258,1.211,0.047
2023-01-27 10:00:00,10,14.8,30.05,488.0,0.0,2.0321052,2.007,0.025
2023-01-27 11:00:00,11,16.6,36.4125,634.0,0.0,2.571496075,2.528,0.043
2023-01-27 12:00:00,12,18.3,40.675,716.0,0.0,2.8522039,2.812,0.04
2023-01-27 13:00:00,13,19.6,42.35,728.0,0.0,2.8792764,2.861,0.018
2023-01-27 14:00:00,14,20.4,41.24375,667.0,0.0,2.65056211875,2.633,0.018
2023-01-27 15:00:00,15,20.7,37.5125,538.0,0.0,2.172060675,2.149,0.023
2023-01-27 16:00:00,16,20.2,31.3875,358.0,0.0,1.4826256750000002,1.503,-0.02
2023-01-27 17:00:00,17,16.4,21.24375,155.0,0.0,0.65875,0.608,0.051
2023-01-27 18:00:00,18,13.2,13.6375,14.0,0.0,0.0595,0.047,0.013
2023-01-27 19:00:00,19,12.3,12.3,0.0,0.0,0.0,0.0,0.0
2023-01-27 20:00:00,20,11.6,11.6,0.0,0.0,0.0,0.0,0.0
2023-01-27 21:00:00,21,10.6,10.6,0.0,0.0,0.0,0.0,0.0
2023-01-27 22:00:00,22,9.7,9.7,0.0,0.0,0.0,0.0,0.0
2023-01-27 23:00:00,23,9.2,9.2,0.0,0.0,0.0,0.0,0.0
2023-01-28 00:00:00,0,8.8,8.8,0.0,0.0,0.0,0.0,0.0
2023-01-28 01:00:00,1,8.6,8.6,0.0,0.0,0.0,0.0,0.0
2023-01-28 02:00:00,2,8.6,8.6,0.0,0.0,0.0,0.0,0.0
2023-01-28 03:00:00,3,8.2,8.2,0.0,0.0,0.0,0.0,0.0
2023-01-28 04:00:00,4,7.8,7.8,0.0,0.0,0.0,0.0,0.0
2023-01-28 05:00:00,5,7.9,7.9,0.0,0.0,0.0,0.0,0.0
2023-01-28 06:00:00,6,6.8,6.8,0.0,0.0,0.0,0.0,0.0
2023-01-28 07:00:00,7,6.9,6.9625,2.0,0.0,0.0085,0.013,-0.005
2023-01-28 08:00:00,8,8.6,11.6625,98.0,0.0,0.4165,0.414,0.002
2023-01-28 09:00:00,9,12.5,21.78125,297.0,0.0,1.26225,1.211,0.051
2023-01-28 10:00:00,10,16.4,31.7125,490.0,0.0,2.026584875,2.059,-0.032
2023-01-28 11:00:00,11,18.8,38.76875,639.0,0.0,2.5661800687500005,2.417,0.149
2023-01-28 12:00:00,12,20.3,42.925,724.0,0.0,2.8563791,2.847,0.009
2023-01-28 13:00:00,13,21.5,44.5,736.0,0.0,2.884016,2.855,0.029
2023-01-28 14:00:00,14,22.1,43.13125,673.0,0.0,2.6528103687500004,2.654,-0.001
2023-01-28 15:00:00,15,22.1,39.06875,543.0,0.0,2.1778813687500005,2.139,0.039
2023-01-28 16:00:00,16,21.4,32.65,360.0,0.0,1.4831819999999998,1.44,0.043
2023-01-28 17:00:00,17,18.0,22.84375,155.0,0.0,0.65875,0.619,0.04
2023-01-28 18:00:00,18,15.1,15.5375,14.0,0.0,0.0595,0.047,0.013
2023-01-28 19:00:00,19,13.3,13.3,0.0,2.0,0.0,0.0,0.0
2023-01-28 20:00:00,20,12.5,12.5,0.0,12.0,0.0,0.0,0.0
2023-01-28 21:00:00,21,12.5,12.5,0.0,3.0,0.0,0.0,0.0
2023-01-28 22:00:00,22,14.9,14.9,0.0,22.0,0.0,0.0,0.0
2023-01-28 23:00:00,23,15.1,15.1,0.0,0.0,0.0,0.0,0.0
2023-01-29 00:00:00,0,15.2,15.2,0.0,96.0,0.0,0.0,0.0
2023-01-29 01:00:00,1,12.8,12.8,0.0,100.0,0.0,0.0,0.0
2023-01-29 02:00:00,2,12.4,12.4,0.0,100.0,0.0,0.0,0.0
2023-01-29 03:00:00,3,13.1,13.1,0.0,100.0,0.0,0.0,0.0
2023-01-29 04:00:00,4,12.9,12.9,0.0,100.0,0.0,0.0,0.0
2023-01-29 05:00:00,5,12.4,12.4,0.0,100.0,0.0,0.0,0.0
2023-01-29 06:00:00,6,12.6,12.6,0.0,100.0,0.0,0.0,0.0
2023-01-29 07:00:00,7,12.3,12.33125,1.0,100.0,0.0034,0.011,-0.008
2023-01-29 08:00:00,8,12.6,13.4125,26.0,98.0,0.088842,0.116,-0.027
2023-01-29 09:00:00,9,13.8,18.55,152.0,100.0,0.5168,0.524,-0.007
2023-01-29 10:00:00,10,14.7,20.54375,187.0,100.0,0.6358000000000001,0.617,0.019
2023-01-29 11:00:00,11,14.2,16.29375,67.0,100.0,0.2278,0.258,-0.03
2023-01-29 12:00:00,12,15.4,21.68125,201.0,79.0,0.7192785,0.718,0.001
2023-01-29 13:00:00,13,18.3,34.20625,509.0,99.0,1.6710378316374996,1.699,-0.028
2023-01-29 14:00:00,14,18.1,25.85,248.0,99.0,0.8424339528000001,0.849,-0.007
2023-01-29 15:00:00,15,18.2,26.5125,266.0,100.0,0.8989283800000001,0.917,-0.018
2023-01-29 16:00:00,16,17.9,22.11875,135.0,57.0,0.5083425,0.54,-0.032
2023-01-29 17:00:00,17,16.8,20.39375,115.0,99.0,0.3919775,0.382,0.01
2023-01-29 18:00:00,18,15.0,15.3125,10.0,100.0,0.034,0.033,0.001
2023-01-29 19:00:00,19,14.8,14.8,0.0,100.0,0.0,0.0,0.0
2023-01-29 20:00:00,20,14.1,14.1,0.0,100.0,0.0,0.0,0.0
2023-01-29 21:00:00,21,13.8,13.8,0.0,100.0,0.0,0.0,0.0
2023-01-29 22:00:00,22,13.5,13.5,0.0,100.0,0.0,0.0,0.0
2023-01-29 23:00:00,23,13.4,13.4,0.0,100.0,0.0,0.0,0.0
2023-01-30 00:00:00,0,13.3,13.3,0.0,79.0,0.0,0.0,0.0
2023-01-30 01:00:00,1,12.9,12.9,0.0,99.0,0.0,0.0,0.0
2023-01-30 02:00:00,2,13.0,13.0,0.0,49.0,0.0,0.0,0.0
2023-01-30 03:00:00,3,12.3,12.3,0.0,32.0,0.0,0.0,0.0
2023-01-30 04:00:00,4,12.0,12.0,0.0,100.0,0.0,0.0,0.0
2023-01-30 05:00:00,5,11.3,11.3,0.0,99.0,0.0,0.0,0.0
2023-01-30 06:00:00,6,11.8,11.8,0.0,97.0,0.0,0.0,0.0
2023-01-30 07:00:00,7,11.6,11.63125,1.0,43.0,0.0038845,0.012,-0.008
2023-01-30 08:00:00,8,12.4,15.0875,86.0,8.0,0.3596519999999999,0.359,0.001
2023-01-30 09:00:00,9,14.2,22.41875,263.0,24.0,1.064098,1.062,0.002
2023-01-30 10:00:00,10,16.0,30.03125,449.0,94.0,1.518315332625,1.475,0.043
2023-01-30 11:00:00,11,17.0,32.34375,491.0,35.0,1.8836700984375,1.893,-0.009
2023-01-30 12:00:00,12,18.8,39.4875,662.0,100.0,2.12036614,2.112,0.008
2023-01-30 13:00:00,13,19.4,35.80625,525.0,100.0,1.707843375,1.693,0.015
2023-01-30 14:00:00,14,19.1,27.69375,275.0,38.0,1.068288808125,1.011,0.057
2023-01-30 15:00:00,15,19.3,30.05,344.0,40.0,1.3178701919999998,1.334,-0.016
2023-01-30 16:00:00,16,19.1,28.13125,289.0,46.0,1.1012824812249995,1.081,0.02
2023-01-30 17:00:00,17,18.8,22.83125,129.0,29.0,0.5164515,0.532,-0.016
2023-01-30 18:00:00,18,15.6,16.0375,14.0,35.0,0.055335,0.048,0.007
2023-01-30 19:00:00,19,14.8,14.8,0.0,16.0,0.0,0.0,0.0
2023-01-30 20:00:00,20,14.4,14.4,0.0,33.0,0.0,0.0,0.0
2023-01-30 21:00:00,21,13.9,13.9,0.0,28.0,0.0,0.0,0.0
2023-01-30 22:00:00,22,13.3,13.3,0.0,10.0,0.0,0.0,0.0
2023-01-30 23:00:00,23,11.9,11.9,0.0,3.0,0.0,0.0,0.0
2023-01-31 00:00:00,0,11.1,11.1,0.0,0.0,0.0,0.0,0.0
2023-01-31 01:00:00,1,11.1,11.1,0.0,0.0,0.0,0.0,0.0
2023-01-31 02:00:00,2,10.8,10.8,0.0,14.0,0.0,0.0,0.0
2023-01-31 03:00:00,3,10.6,10.6,0.0,100.0,0.0,0.0,0.0
2023-01-31 04:00:00,4,10.9,10.9,0.0,100.0,0.0,0.0,0.0
2023-01-31 05:00:00,5,11.6,11.6,0.0,100.0,0.0,0.0,0.0
2023-01-31 06:00:00,6,12.0,12.0,0.0,0.0,0.0,0.0,0.0
2023-01-31 07:00:00,7,11.8,11.8625,2.0,0.0,0.0085,0.013,-0.005
2023-01-31 08:00:00,8,12.9,15.80625,93.0,0.0,0.39525,0.385,0.01
2023-01-31 09:00:00,9,14.6,23.2875,278.0,2.0,1.176774,1.154,0.023
2023-01-31 10:00:00,10,16.6,31.2875,470.0,3.0,1.93557929775,1.961,-0.025
2023-01-31 11:00:00,11,18.3,37.76875,623.0,0.0,2.5125161687500004,2.516,-0.003
2023-01-31 12:00:00,12,19.5,41.625,708.0,0.0,2.8089015,2.813,-0.004
2023-01-31 13:00:00,13,20.2,42.79375,723.0,0.0,2.85404701875,2.897,-0.043
2023-01-31 14:00:00,14,20.5,41.28125,665.0,0.0,2.64219046875,2.647,-0.005
2023-01-31 15:00:00,15,20.5,37.375,540.0,0.0,2.1813975,2.134,0.047
2023-01-31 16:00:00,16,19.9,31.24375,363.0,0.0,1.50421981875,1.5,0.004
2023-01-31 17:00:00,17,17.5,22.5625,162.0,0.0,0.6885,0.62,0.068
2023-01-31 18:00:00,18,14.8,15.33125,17.0,0.0,0.07225,0.061,0.011
2023-01-31 19:00:00,19,13.7,13.7,0.0,0.0,0.0,0.0,0.0
2023-01-31 20:00:00,20,12.7,12.7,0.0,0.0,0.0,0.0,0.0
2023-01-31 21:00:00,21,11.6,11.6,0.0,0.0,0.0,0.0,0.0
2023-01-31 22:00:00,22,10.9,10.9,0.0,0.0,0.0,0.0,0.0
2023-01-31 23:00:00,23,10.1,10.1,0.0,0.0,0.0,0.0,0.0
2023-02-01 00:00:00,0,9.7,9.7,0.0,0.0,0.0,0.0,0.0
2023-02-01 01:00:00,1,9.3,9.3,0.0,0.0,0.0,0.0,0.0
2023-02-01 02:00:00,2,9.2,9.2,0.0,0.0,0.0,0.0,0.0
2023-02-01 03:00:00,3,9.2,9.2,0.0,0.0,0.0,0.0,0.0
2023-02-01 04:00:00,4,9.1,9.1,0.0,0.0,0.0,0.0,0.0
2023-02-01 05:00:00,5,8.7,8.7,0.0,0.0,0.0,0.0,0.0
2023-02-01 06:00:00,6,8.6,8.6,0.0,0.0,0.0,0.0,0.0
2023-02-01 07:00:00,7,8.4,8.4625,2.0,0.0,0.0085,0.013,-0.005
2023-02-01 08:00:00,8,10.2,13.45,104.0,0.0,0.442,0.444,-0.002
2023-02-01 09:00:00,9,13.0,22.5625,306.0,0.0,1.3005,1.269,0.031
2023-02-01 10:00:00,10,15.9,31.525,500.0,0.0,2.0695375,2.049,0.021
2023-02-01 11:00:00,11,18.2,38.45,648.0,0.0,2.6058348,2.599,0.007
2023-02-01 12:00:00,12,19.8,42.64375,731.0,0.0,2.88749111875,2.862,0.025
2023-02-01 13:00:00,13,20.9,44.0875,742.0,0.0,2.9127302749999995,2.922,-0.009
2023-02-01 14:00:00,14,21.4,42.65,680.0,0.0,2.685966,2.605,0.081
2023-02-01 15:00:00,15,21.4,38.61875,551.0,0.0,2.21418316875,2.163,0.051
2023-02-01 16:00:00,16,20.9,32.49375,371.0,0.0,1.52948691875,1.449,0.08
2023-02-01 17:00:00,17,17.7,22.91875,167.0,0.0,0.70975,0.666,0.044
2023-02-01 18:00:00,18,14.5,15.0625,18.0,0.0,0.0765,0.067,0.009
2023-02-01 19:00:00,19,13.3,13.3,0.0,0.0,0.0,0.0,0.0
2023-02-01 20:00:00,20,12.7,12.7,0.0,0.0,0.0,0.0,0.0
2023-02-01 21:00:00,21,12.7,12.7,0.0,0.0,0.0,0.0,0.0
2023-02-01 22:00:00,22,12.0,12.0,0.0,0.0,0.0,0.0,0.0
2023-02-01 23:00:00,23,11.2,11.2,0.0,0.0,0.0,0.0,0.0
2023-02-02 00:00:00,0,10.7,10.7,0.0,0.0,0.0,0.0,0.0
2023-02-02 01:00:00,1,10.5,10.5,0.0,0.0,0.0,0.0,0.0
2023-02-02 02:00:00,2,10.4,10.4,0.0,0.0,0.0,0.0,0.0
2023-02-02 03:00:00,3,10.1,10.1,0.0,0.0,0.0,0.0,0.0
2023-02-02 04:00:00,4,10.0,10.0,0.0,0.0,0.0,0.0,0.0
2023-02-02 05:00:00,5,9.1,9.1,0.0,0.0,0.0,0.0,0.0
2023-02-02 06:00:00,6,8.5,8.5,0.0,0.0,0.0,0.0,0.0
2023-02-02 07:00:00,7,8.2,8.29375,3.0,0.0,0.01275,0.014,-0.001
2023-02-02 08:00:00,8,11.1,14.35,104.0,0.0,0.442,0.444,-0.002
2023-02-02 09:00:00,9,14.6,24.1,304.0,0.0,1.292,1.26,0.032
2023-02-02 10:00:00,10,17.6,33.13125,497.0,0.0,2.04354906875,2.024,0.02
2023-02-02 11:00:00,11,19.7,39.79375,643.0,0.0,2.57103951875,2.425,0.146
2023-02-02 12:00:00,12,21.2,43.91875,727.0,0.0,2.85593316875,2.835,0.021
2023-02-02 13:00:00,13,22.2,45.29375,739.0,0.0,2.88579961875,2.808,0.078
2023-02-02 14:00:00,14,23.0,44.1875,678.0,0.0,2.660344875,2.571,0.089
2023-02-02 15:00:00,15,23.3,40.4875,550.0,0.0,2.192691875,2.047,0.146
2023-02-02 16:00:00,16,23.0,34.5625,370.0,0.0,1.512351875,1.41,0.102
2023-02-02 17:00:00,17,20.9,26.15,168.0,0.0,0.7107156,0.657,0.054
2023-02-02 18:00:00,18,19.4,19.99375,19.0,0.0,0.08075,0.067,0.014
2023-02-02 19:00:00,19,14.7,14.7,0.0,0.0,0.0,0.0,0.0
2023-02-02 20:00:00,20,14.4,14.4,0.0,0.0,0.0,0.0,0.0
2023-02-02 21:00:00,21,14.3,14.3,0.0,0.0,0.0,0.0,0.0
2023-02-02 22:00:00,22,13.3,13.3,0.0,0.0,0.0,0.0,0.0
2023-02-02 23:00:00,23,12.2,12.2,0.0,0.0,0.0,0.0,0.0
2023-02-03 00:00:00,0,11.3,11.3,0.0,0.0,0.0,0.0,0.0
2023-02-03 01:00:00,1,10.5,10.5,0.0,0.0,0.0,0.0,0.0
2023-02-03 02:00:00,2,10.2,10.2,0.0,0.0,0.0,0.0,0.0
2023-02-03 03:00:00,3,10.0,10.0,0.0,0.0,0.0,0.0,0.0
2023-02-03 04:00:00,4,9.7,9.7,0.0,0.0,0.0,0.0,0.0
2023-02-03 05:00:00,5,9.5,9.5,0.0,0.0,0.0,0.0,0.0
2023-02-03 06:00:00,6,9.5,9.5,0.0,0.0,0.0,0.0,0.0
2023-02-03 07:00:00,7,9.8,9.89375,3.0,0.0,0.0082875,0.014,-0.006
2023-02-03 08:00:00,8,13.1,16.35,104.0,0.0,0.2873,0.444,-0.157
2023-02-03 09:00:00,9,17.7,27.16875,303.0,0.0,0.8297761996874999,1.008,-0.178
2023-02-03 10:00:00,10,20.4,35.8375,494.0,0.0,1.30551633875,1.455,-0.149
2023-02-03 11:00:00,11,21.9,41.93125,641.0,0.0,1.6508376096875,2.052,-0.401
2023-02-03 12:00:00,12,23.1,45.75625,725.0,0.0,1.8365289921875,2.013,-0.176
2023-02-03 13:00:00,13,23.8,46.8625,738.0,0.0,1.86043849875,2.052,-0.192
2023-02-03 14:00:00,14,24.1,45.2875,678.0,0.0,1.7209830787499998,2.01,-0.289
2023-02-03 15:00:00,15,24.1,41.35,552.0,0.0,1.42517154,1.872,-0.447
2023-02-03 16:00:00,16,23.4,35.0875,374.0,0.0,0.9914863887500002,1.328,-0.337
2023-02-03 17:00:00,17,20.3,25.64375,171.0,0.0,0.4711711021875,0.63,-0.159
2023-02-03 18:00:00,18,17.3,17.925,20.0,0.0,0.05525,0.07,-0.015
2023-02-03 19:00:00,19,15.6,15.6,0.0,0.0,0.0,0.0,0.0
2023-02-03 20:00:00,20,14.5,14.5,0.0,0.0,0.0,0.0,0.0
2023-02-03 21:00:00,21,13.8,13.8,0.0,0.0,0.0,0.0,0.0
2023-02-03 22:00:00,22,13.8,13.8,0.0,0.0,0.0,0.0,0.0
2023-02-03 23:00:00,23,13.2,13.2,0.0,0.0,0.0,0.0,0.0
2023-02-04 00:00:00,0,12.8,12.8,0.0,0.0,0.0,0.0,0.0
2023-02-04 01:00:00,1,11.9,11.9,0.0,0.0,0.0,0.0,0.0
2023-02-04 02:00:00,2,12.1,12.1,0.0,0.0,0.0,0.0,0.0
2023-02-04 03:00:00,3,12.4,12.4,0.0,0.0,0.0,0.0,0.0
2023-02-04 04:00:00,4,12.1,12.1,0.0,0.0,0.0,0.0,0.0
2023-02-04 05:00:00,5,11.4,11.4,0.0,0.0,0.0,0.0,0.0
2023-02-04 06:00:00,6,10.8,10.8,0.0,0.0,0.0,0.0,0.0
2023-02-04 07:00:00,7,11.0,11.09375,3.0,0.0,0.01275,0.014,-0.001
2023-02-04 08:00:00,8,14.5,17.75,104.0,0.0,0.442,0.445,-0.003
2023-02-04 09:00:00,9,18.7,28.075,300.0,0.0,1.2593175,1.232,0.027
2023-02-04 10:00:00,10,20.9,36.15,488.0,0.0,1.9814996,1.916,0.065
2023-02-04 11:00:00,11,22.5,42.25,632.0,0.0,2.5006660000000003,2.465,0.036
2023-02-04 12:00:00,12,23.7,46.0125,714.0,0.0,2.7794502750000003,2.484,0.295
2023-02-04 13:00:00,13,24.3,47.01875,727.0,0.0,2.8176202687499994,2.739,0.079
2023-02-04 14:00:00,14,24.6,45.475,668.0,0.0,2.6064859,2.56,0.046
2023-02-04 15:00:00,15,24.6,41.56875,543.0,0.0,2.1548038687500006,2.019,0.136
2023-02-04 16:00:00,16,24.2,35.7,368.0,0.0,1.4970608,1.434,0.063
2023-02-04 17:00:00,17,22.0,27.28125,169.0,0.0,0.7116959687500001,0.651,0.061
2023-02-04 18:00:00,18,19.2,19.825,20.0,0.0,0.085,0.07,0.015
2023-02-04 19:00:00,19,17.3,17.3,0.0,0.0,0.0,0.0,0.0
2023-02-04 20:00:00,20,16.1,16.1,0.0,0.0,0.0,0.0,0.0
2023-02-04 21:00:00,21,15.9,15.9,0.0,0.0,0.0,0.0,0.0
2023-02-04 22:00:00,22,16.1,16.1,0.0,0.0,0.0,0.0,0.0
2023-02-04 23:00:00,23,15.0,15.0,0.0,0.0,0.0,0.0,0.0
2023-02-05 00:00:00,0,14.2,14.2,0.0,0.0,0.0,0.0,0.0
2023-02-05 01:00:00,1,14.3,14.3,0.0,0.0,0.0,0.0,0.0
2023-02-05 02:00:00,2,13.9,13.9,0.0,0.0,0.0,0.0,0.0
2023-02-05 03:00:00,3,13.3,13.3,0.0,0.0,0.0,0.0,0.0
2023-02-05 04:00:00,4,12.9,12.9,0.0,0.0,0.0,0.0,0.0
2023-02-05 05:00:00,5,12.2,12.2,0.0,0.0,0.0,0.0,0.0
2023-02-05 06:00:00,6,12.4,12.4,0.0,0.0,0.0,0.0,0.0
2023-02-05 07:00:00,7,12.7,12.79375,3.0,0.0,0.01275,0.014,-0.001
2023-02-05 08:00:00,8,15.5,18.78125,105.0,0.0,0.44625,0.43,0.016
2023-02-05 09:00:00,9,20.1,29.5375,302.0,0.0,1.260204475,1.21,0.05
2023-02-05 10:00:00,10,22.5,37.84375,491.0,0.0,1.97954321875,1.961,0.019
2023-02-05 11:00:00,11,23.9,43.775,636.0,0.0,2.5000047,2.438,0.062
2023-02-05 12:00:00,12,24.9,47.3375,718.0,0.0,2.778848475,2.692,0.087
2023-02-05 13:00:00,13,25.4,48.2125,730.0,0.0,2.814432875,2.731,0.083
2023-02-05 14:00:00,14,25.6,46.56875,671.0,0.0,2.6057152687500005,2.594,0.012
2023-02-05 15:00:00,15,25.5,42.59375,547.0,0.0,2.1611457187500003,2.15,0.011
2023-02-05 16:00:00,16,25.0,36.59375,371.0,0.0,1.50362821875,1.414,0.09
2023-02-05 17:00:00,17,22.8,28.175,172.0,0.0,0.7217162999999999,0.677,0.045
2023-02-05 18:00:00,18,19.8,20.45625,21.0,0.0,0.08925,0.076,0.013
2023-02-05 19:00:00,19,18.5,18.5,0.0,0.0,0.0,0.0,0.0
2023-02-05 20:00:00,20,18.2,18.2,0.0,0.0,0.0,0.0,0.0
2023-02-05 21:00:00,21,16.5,16.5,0.0,0.0,0.0,0.0,0.0
2023-02-05 22:00:00,22,16.6,16.6,0.0,0.0,0.0,0.0,0.0
2023-02-05 23:00:00,23,15.2,15.2,0.0,0.0,0.0,0.0,0.0
2023-02-06 00:00:00,0,14.9,14.9,0.0,0.0,0.0,0.0,0.0
2023-02-06 01:00:00,1,13.8,13.8,0.0,0.0,0.0,0.0,0.0
2023-02-06 02:00:00,2,13.2,13.2,0.0,0.0,0.0,0.0,0.0
2023-02-06 03:00:00,3,13.2,13.2,0.0,0.0,0.0,0.0,0.0
2023-02-06 04:00:00,4,12.8,12.8,0.0,4.0,0.0,0.0,0.0
2023-02-06 05:00:00,5,13.2,13.2,0.0,0.0,0.0,0.0,0.0
2023-02-06 06:00:00,6,12.0,12.0,0.0,0.0,0.0,0.0,0.0
2023-02-06 07:00:00,7,12.3,12.39375,3.0,0.0,0.01275,0.014,-0.001
2023-02-06 08:00:00,8,16.0,19.28125,105.0,0.0,0.44625,0.427,0.019
2023-02-06 09:00:00,9,19.1,28.44375,299.0,0.0,1.25324541875,1.216,0.037
2023-02-06 10:00:00,10,21.6,36.85,488.0,0.0,1.9756924,1.938,0.038
2023-02-06 11:00:00,11,23.6,43.4125,634.0,0.0,2.496050075,2.469,0.027
2023-02-06 12:00:00,12,25.0,47.4375,718.0,0.0,2.777627875,2.692,0.086
2023-02-06 13:00:00,13,25.8,48.70625,733.0,0.0,2.81984641875,2.685,0.135
2023-02-06 14:00:00,14,26.2,47.325,676.0,0.0,2.6164411,2.53,0.086
2023-02-06 15:00:00,15,26.0,43.1875,550.0,10.0,2.1240979375,2.11,0.014
2023-02-06 16:00:00,16,26.0,37.46875,367.0,14.0,1.440462659625,1.431,0.009
2023-02-06 17:00:00,17,23.4,28.80625,173.0,26.0,0.6864049161749999,0.655,0.031
2023-02-06 18:00:00,18,20.4,21.05625,21.0,15.0,0.0865725,0.078,0.009
2023-02-06 19:00:00,19,20.2,20.2,0.0,0.0,0.0,0.0,0.0
2023-02-06 20:00:00,20,19.2,19.2,0.0,0.0,0.0,0.0,0.0
2023-02-06 21:00:00,21,18.1,18.1,0.0,0.0,0.0,0.0,0.0
2023-02-06 22:00:00,22,16.8,16.8,0.0,0.0,0.0,0.0,0.0
2023-02-06 23:00:00,23,16.3,16.3,0.0,0.0,0.0,0.0,0.0
2023-02-07 00:00:00,0,16.5,16.5,0.0,0.0,0.0,0.0,0.0
2023-02-07 01:00:00,1,15.5,15.5,0.0,0.0,0.0,0.0,0.0
2023-02-07 02:00:00,2,15.1,15.1,0.0,0.0,0.0,0.0,0.0
2023-02-07 03:00:00,3,14.6,14.6,0.0,0.0,0.0,0.0,0.0
2023-02-07 04:00:00,4,13.8,13.8,0.0,0.0,0.0,0.0,0.0
2023-02-07 05:00:00,5,13.2,13.2,0.0,0.0,0.0,0.0,0.0
2023-02-07 06:00:00,6,12.7,12.7,0.0,0.0,0.0,0.0,0.0
2023-02-07 07:00:00,7,12.3,12.425,4.0,0.0,0.017,0.02,-0.003
2023-02-07 08:00:00,8,14.1,17.662499999999998,114.0,0.0,0.4845,0.464,0.021
2023-02-07 09:00:00,9,16.8,26.7375,318.0,0.0,1.342107075,1.285,0.057
2023-02-07 10:00:00,10,19.4,35.4,512.0,0.0,2.0854784000000004,2.05,0.035
2023-02-07 11:00:00,11,21.8,42.33125,657.0,0.0,2.5986772687500004,2.617,-0.018
2023-02-07 12:00:00,12,23.5,46.59375,739.0,0.0,2.86946771875,2.773,0.096
2023-02-07 13:00:00,13,24.6,48.1,752.0,0.0,2.9006896,2.885,0.016
2023-02-07 14:00:00,14,25.1,46.7875,694.0,0.0,2.6924510749999992,2.651,0.041
2023-02-07 15:00:00,15,25.0,42.8125,570.0,0.0,2.2498968749999992,2.223,0.027
2023-02-07 16:00:00,16,24.1,36.25625,389.0,0.0,1.57881241875,1.48,0.099
2023-02-07 17:00:00,17,22.2,27.91875,183.0,0.0,0.76866976875,0.737,0.032
2023-02-07 18:00:00,18,18.8,19.55,24.0,0.0,0.102,0.089,0.013
2023-02-07 19:00:00,19,17.4,17.4,0.0,0.0,0.0,0.0,0.0
2023-02-07 20:00:00,20,16.8,16.8,0.0,0.0,0.0,0.0,0.0
2023-02-07 21:00:00,21,16.1,16.1,0.0,0.0,0.0,0.0,0.0
2023-02-07 22:00:00,22,15.3,15.3,0.0,0.0,0.0,0.0,0.0
2023-02-07 23:00:00,23,14.6,14.6,0.0,0.0,0.0,0.0,0.0
2023-02-08 00:00:00,0,14.1,14.1,0.0,0.0,0.0,0.0,0.0
2023-02-08 01:00:00,1,13.4,13.4,0.0,0.0,0.0,0.0,0.0
2023-02-08 02:00:00,2,12.8,12.8,0.0,0.0,0.0,0.0,0.0
2023-02-08 03:00:00,3,12.4,12.4,0.0,0.0,0.0,0.0,0.0
2023-02-08 04:00:00,4,12.0,12.0,0.0,0.0,0.0,0.0,0.0
2023-02-08 05:00:00,5,11.2,11.2,0.0,0.0,0.0,0.0,0.0
2023-02-08 06:00:00,6,11.1,11.1,0.0,0.0,0.0,0.0,0.0
2023-02-08 07:00:00,7,11.2,11.325,4.0,0.0,0.017,0.02,-0.003
2023-02-08 08:00:00,8,14.4,17.900000000000002,112.0,0.0,0.476,0.464,0.012
2023-02-08 09:00:00,9,18.7,28.48125,313.0,0.0,1.31172626875,1.175,0.137
2023-02-08 10:00:00,10,21.3,37.05,504.0,0.0,2.0387556,1.967,0.072
2023-02-08 11:00:00,11,22.9,43.24375,651.0,0.0,2.56484641875,2.564,0.001
2023-02-08 12:00:00,12,24.0,47.0,736.0,0.0,2.852736,2.774,0.079
2023-02-08 13:00:00,13,24.8,48.26875,751.0,0.0,2.89467786875,2.886,0.009
2023-02-08 14:00:00,14,25.3,46.925,692.0,0.0,2.6830743,2.65,0.033
2023-02-08 15:00:00,15,25.3,42.9875,566.0,0.0,2.232424275,2.122,0.11
2023-02-08 16:00:00,16,24.7,36.825,388.0,0.0,1.5710023,1.428,0.143
2023-02-08 17:00:00,17,21.9,27.61875,183.0,0.0,0.7696030687500001,0.711,0.059
2023-02-08 18:00:00,18,18.8,19.58125,25.0,0.0,0.10625,0.097,0.009
2023-02-08 19:00:00,19,17.1,17.1,0.0,0.0,0.0,0.0,0.0
2023-02-08 20:00:00,20,15.4,15.4,0.0,1.0,0.0,0.0,0.0
2023-02-08 21:00:00,21,17.1,17.1,0.0,1.0,0.0,0.0,0.0
2023-02-08 22:00:00,22,15.9,15.9,0.0,1.0,0.0,0.0,0.0
2023-02-08 23:00:00,23,13.7,13.7,0.0,1.0,0.0,0.0,0.0
2023-02-09 00:00:00,0,13.9,13.9,0.0,0.0,0.0,0.0,0.0
2023-02-09 01:00:00,1,13.8,13.8,0.0,0.0,0.0,0.0,0.0
2023-02-09 02:00:00,2,13.7,13.7,0.0,0.0,0.0,0.0,0.0
2023-02-09 03:00:00,3,14.9,14.9,0.0,0.0,0.0,0.0,0.0
2023-02-09 04:00:00,4,14.9,14.9,0.0,0.0,0.0,0.0,0.0
2023-02-09 05:00:00,5,12.0,12.0,0.0,0.0,0.0,0.0,0.0
2023-02-09 06:00:00,6,12.8,12.8,0.0,0.0,0.0,0.0,0.0
2023-02-09 07:00:00,7,13.5,13.625,4.0,0.0,0.01105,0.02,-0.009
2023-02-09 08:00:00,8,15.5,19.0625,114.0,0.0,0.31429515,0.432,-0.118
2023-02-09 09:00:00,9,18.8,28.55,312.0,0.0,0.8496610200000001,1.112,-0.262
2023-02-09 10:00:00,10,21.2,36.85625,501.0,0.0,1.3183757071875,1.707,-0.389
2023-02-09 11:00:00,11,23.3,43.45625,645.0,0.0,1.6502701921874998,1.989,-0.339
2023-02-09 12:00:00,12,24.7,47.48125,729.0,0.0,1.8327659146875,2.104,-0.271
2023-02-09 13:00:00,13,25.6,48.81875,743.0,0.0,1.8569819896875,2.171,-0.314
2023-02-09 14:00:00,14,26.1,47.50625,685.0,0.0,1.7219570671875002,2.052,-0.33
2023-02-09 15:00:00,15,26.2,43.7625,562.0,0.0,1.4360079987500003,1.791,-0.355
2023-02-09 16:00:00,16,25.4,37.4625,386.0,0.0,1.0131686987500002,1.29,-0.277
2023-02-09 17:00:00,17,23.9,29.61875,183.0,0.0,0.4961976946875,0.643,-0.147
2023-02-09 18:00:00,18,21.2,21.98125,25.0,0.0,0.0690625,0.097,-0.028
2023-02-09 19:00:00,19,20.1,20.1,0.0,0.0,0.0,0.0,0.0
2023-02-09 20:00:00,20,19.0,19.0,0.0,0.0,0.0,0.0,0.0
2023-02-09 21:00:00,21,17.9,17.9,0.0,0.0,0.0,0.0,0.0
2023-02-09 22:00:00,22,17.4,17.4,0.0,0.0,0.0,0.0,0.0
2023-02-09 23:00:00,23,17.1,17.1,0.0,0.0,0.0,0.0,0.0
2023-02-10 00:00:00,0,16.3,16.3,0.0,2.0,0.0,0.0,0.0
2023-02-10 01:00:00,1,15.8,15.8,0.0,0.0,0.0,0.0,0.0
2023-02-10 02:00:00,2,15.6,15.6,0.0,0.0,0.0,0.0,0.0
2023-02-10 03:00:00,3,15.7,15.7,0.0,1.0,0.0,0.0,0.0
2023-02-10 04:00:00,4,15.7,15.7,0.0,0.0,0.0,0.0,0.0
2023-02-10 05:00:00,5,14.9,14.9,0.0,0.0,0.0,0.0,0.0
2023-02-10 06:00:00,6,14.7,14.7,0.0,0.0,0.0,0.0,0.0
2023-02-10 07:00:00,7,14.7,14.85625,5.0,0.0,0.02125,0.025,-0.004
2023-02-10 08:00:00,8,17.2,20.85625,117.0,9.0,0.4882995,0.493,-0.005
2023-02-10 09:00:00,9,20.5,30.4375,318.0,0.0,1.322104875,1.272,0.05
2023-02-10 10:00:00,10,22.9,38.8375,510.0,1.0,2.04343381725,2.032,0.011
2023-02-10 11:00:00,11,24.7,45.23125,657.0,4.0,2.5457568714,2.547,-0.001
2023-02-10 12:00:00,12,26.1,49.2875,742.0,29.0,2.682003501449999,2.667,0.015
2023-02-10 13:00:00,13,26.9,50.525,756.0,0.0,2.8849527000000004,2.838,0.047
2023-02-10 14:00:00,14,28.0,49.78125,697.0,0.0,2.6686169687499994,2.613,0.056
2023-02-10 15:00:00,15,28.2,46.04375,571.0,0.0,2.22247831875,2.141,0.081
2023-02-10 16:00:00,16,27.5,39.78125,393.0,0.0,1.57149646875,1.506,0.065
2023-02-10 17:00:00,17,25.4,31.275,188.0,0.0,0.7789451,0.731,0.048
2023-02-10 18:00:00,18,21.6,22.44375,27.0,0.0,0.11475,0.101,0.014
2023-02-10 19:00:00,19,20.7,20.7,0.0,0.0,0.0,0.0,0.0
2023-02-10 20:00:00,20,20.0,20.0,0.0,1.0,0.0,0.0,0.0
2023-02-10 21:00:00,21,19.4,19.4,0.0,0.0,0.0,0.0,0.0
2023-02-10 22:00:00,22,19.2,19.2,0.0,0.0,0.0,0.0,0.0
2023-02-10 23:00:00,23,19.2,19.2,0.0,0.0,0.0,0.0,0.0
2023-02-11 00:00:00,0,18.8,18.8,0.0,1.0,0.0,0.0,0.0
2023-02-11 01:00:00,1,18.1,18.1,0.0,1.0,0.0,0.0,0.0
2023-02-11 02:00:00,2,17.5,17.5,0.0,0.0,0.0,0.0,0.0
2023-02-11 03:00:00,3,17.0,17.0,0.0,0.0,0.0,0.0,0.0
2023-02-11 04:00:00,4,16.0,16.0,0.0,0.0,0.0,0.0,0.0
2023-02-11 05:00:00,5,16.4,16.4,0.0,0.0,0.0,0.0,0.0
2023-02-11 06:00:00,6,16.3,16.3,0.0,0.0,0.0,0.0,0.0
2023-02-11 07:00:00,7,15.8,15.95625,5.0,0.0,0.02125,0.025,-0.004
2023-02-11 08:00:00,8,17.7,21.45,120.0,0.0,0.51,0.499,0.011
2023-02-11 09:00:00,9,20.9,31.05625,325.0,0.0,1.34778921875,1.335,0.013
2023-02-11 10:00:00,10,23.7,39.98125,521.0,0.0,2.08156106875,2.08,0.002
2023-02-11 11:00:00,11,25.2,46.1375,670.0,0.0,2.6067438750000003,2.625,-0.018
2023-02-11 12:00:00,12,26.5,50.1875,758.0,0.0,2.896933875,2.872,0.025
2023-02-11 13:00:00,13,27.2,51.35625,773.0,0.0,2.93890251875,2.693,0.246
2023-02-11 14:00:00,14,27.5,49.78125,713.0,0.0,2.72987646875,2.652,0.078
2023-02-11 15:00:00,15,27.4,45.68125,585.0,0.0,2.28057496875,2.223,0.058
2023-02-11 16:00:00,16,26.7,39.29375,403.0,0.0,1.61482351875,1.578,0.037
2023-02-11 17:00:00,17,24.7,30.79375,195.0,0.0,0.8095437187500001,0.766,0.044
2023-02-11 18:00:00,18,21.2,22.075,28.0,0.0,0.119,0.117,0.002
2023-02-11 19:00:00,19,19.5,19.5,0.0,0.0,0.0,0.0,0.0
2023-02-11 20:00:00,20,18.3,18.3,0.0,0.0,0.0,0.0,0.0
2023-02-11 21:00:00,21,17.1,17.1,0.0,0.0,0.0,0.0,0.0
2023-02-11 22:00:00,22,16.5,16.5,0.0,0.0,0.0,0.0,0.0
2023-02-11 23:00:00,23,16.1,16.1,0.0,0.0,0.0,0.0,0.0
2023-02-12 00:00:00,0,15.5,15.5,0.0,0.0,0.0,0.0,0.0
2023-02-12 01:00:00,1,15.3,15.3,0.0,0.0,0.0,0.0,0.0
2023-02-12 02:00:00,2,14.7,14.7,0.0,0.0,0.0,0.0,0.0
2023-02-12 03:00:00,3,14.0,14.0,0.0,0.0,0.0,0.0,0.0
2023-02-12 04:00:00,4,13.3,13.3,0.0,0.0,0.0,0.0,0.0
2023-02-12 05:00:00,5,12.2,12.2,0.0,0.0,0.0,0.0,0.0
2023-02-12 06:00:00,6,11.7,11.7,0.0,0.0,0.0,0.0,0.0
2023-02-12 07:00:00,7,11.5,11.6875,6.0,0.0,0.0255,0.026,-0.001
2023-02-12 08:00:00,8,14.4,18.275,124.0,0.0,0.527,0.52,0.007
2023-02-12 09:00:00,9,18.2,28.575,332.0,0.0,1.3908227,1.315,0.076
2023-02-12 10:00:00,10,21.0,37.5,528.0,0.0,2.1318,2.078,0.054
2023-02-12 11:00:00,11,22.7,43.91875,679.0,0.0,2.66737086875,2.637,0.03
2023-02-12 12:00:00,12,23.7,47.66875,767.0,0.0,2.96417216875,2.625,0.339
2023-02-12 13:00:00,13,24.2,48.66875,783.0,0.0,3.01269526875,2.998,0.015
2023-02-12 14:00:00,14,24.7,47.325,724.0,0.0,2.8022239,2.437,0.365
2023-02-12 15:00:00,15,24.3,42.95625,597.0,0.0,2.35501201875,2.318,0.037
2023-02-12 16:00:00,16,23.5,36.5,416.0,0.0,1.686672,1.69,-0.003
2023-02-12 17:00:00,17,21.9,28.2125,202.0,0.0,0.8474682749999999,0.803,0.044
2023-02-12 18:00:00,18,18.8,19.7375,30.0,0.0,0.1275,0.115,0.012
2023-02-12 19:00:00,19,17.5,17.5,0.0,0.0,0.0,0.0,0.0
2023-02-12 20:00:00,20,16.3,16.3,0.0,0.0,0.0,0.0,0.0
2023-02-12 21:00:00,21,15.1,15.1,0.0,0.0,0.0,0.0,0.0
2023-02-12 22:00:00,22,14.1,14.1,0.0,0.0,0.0,0.0,0.0
2023-02-12 23:00:00,23,13.3,13.3,0.0,0.0,0.0,0.0,0.0
2023-02-13 00:00:00,0,12.6,12.6,0.0,0.0,0.0,0.0,0.0
2023-02-13 01:00:00,1,11.9,11.9,0.0,0.0,0.0,0.0,0.0
2023-02-13 02:00:00,2,11.5,11.5,0.0,0.0,0.0,0.0,0.0
2023-02-13 03:00:00,3,10.9,10.9,0.0,0.0,0.0,0.0,0.0
2023-02-13 04:00:00,4,10.5,10.5,0.0,0.0,0.0,0.0,0.0
2023-02-13 05:00:00,5,10.0,10.0,0.0,0.0,0.0,0.0,0.0
2023-02-13 06:00:00,6,9.7,9.7,0.0,0.0,0.0,0.0,0.0
2023-02-13 07:00:00,7,9.6,9.7875,6.0,0.0,0.0255,0.026,-0.001
2023-02-13 08:00:00,8,11.7,15.7625,130.0,0.0,0.5525,0.542,0.011
2023-02-13 09:00:00,9,14.9,25.61875,343.0,0.0,1.4541420687500002,1.437,0.017
2023-02-13 10:00:00,10,17.7,34.60625,541.0,0.0,2.2109013187499995,2.123,0.088
2023-02-13 11:00:00,11,20.1,41.725,692.0,0.0,2.7442471,2.778,-0.034
2023-02-13 12:00:00,12,21.9,46.15,776.0,0.0,3.0189892,2.868,0.151
2023-02-13 13:00:00,13,23.2,47.79375,787.0,0.0,3.03979241875,3.017,0.023
2023-02-13 14:00:00,14,24.0,46.6875,726.0,0.0,2.817832875,2.433,0.385
2023-02-13 15:00:00,15,24.1,42.75625,597.0,0.0,2.35704181875,2.329,0.028
2023-02-13 16:00:00,16,23.6,36.50625,413.0,0.0,1.67446461875,1.668,0.006
2023-02-13 17:00:00,17,21.8,28.1125,202.0,10.0,0.8308554415,0.812,0.019
2023-02-13 18:00:00,18,18.4,19.36875,31.0,1.0,0.1314865,0.126,0.005
2023-02-13 19:00:00,19,16.8,16.8,0.0,3.0,0.0,0.0,0.0
2023-02-13 20:00:00,20,15.6,15.6,0.0,0.0,0.0,0.0,0.0
2023-02-13 21:00:00,21,14.8,14.8,0.0,0.0,0.0,0.0,0.0
2023-02-13 22:00:00,22,14.3,14.3,0.0,0.0,0.0,0.0,0.0
2023-02-13 23:00:00,23,13.8,13.8,0.0,0.0,0.0,0.0,0.0
2023-02-14 00:00:00,0,13.6,13.6,0.0,0.0,0.0,0.0,0.0
2023-02-14 01:00:00,1,13.1,13.1,0.0,0.0,0.0,0.0,0.0
2023-02-14 02:00:00,2,13.0,13.0,0.0,0.0,0.0,0.0,0.0
2023-02-14 03:00:00,3,12.7,12.7,0.0,0.0,0.0,0.0,0.0
2023-02-14 04:00:00,4,12.5,12.5,0.0,6.0,0.0,0.0,0.0
2023-02-14 05:00:00,5,12.2,12.2,0.0,8.0,0.0,0.0,0.0
2023-02-14 06:00:00,6,12.0,12.0,0.0,6.0,0.0,0.0,0.0
2023-02-14 07:00:00,7,12.4,12.5875,6.0,0.0,0.0255,0.026,-0.001
2023-02-14 08:00:00,8,15.6,19.56875,127.0,0.0,0.53975,0.521,0.019
2023-02-14 09:00:00,9,19.2,29.60625,333.0,3.0,1.3808389746374998,1.352,0.029
2023-02-14 10:00:00,10,22.2,38.7,528.0,5.0,2.099818512,2.097,0.003
2023-02-14 11:00:00,11,24.1,45.225,676.0,1.0,2.6352931514000004,2.599,0.036
2023-02-14 12:00:00,12,25.4,49.2125,762.0,0.0,2.924851275,2.904,0.021
2023-02-14 13:00:00,13,26.4,50.61875,775.0,1.0,2.9503105228124995,2.948,0.002
2023-02-14 14:00:00,14,27.0,49.34375,715.0,0.0,2.74285171875,2.689,0.054
2023-02-14 15:00:00,15,27.0,45.375,588.0,0.0,2.2953315,1.918,0.377
2023-02-14 16:00:00,16,26.7,39.45,408.0,0.0,1.6337748,1.607,0.027
2023-02-14 17:00:00,17,24.6,30.85,200.0,0.0,0.83011,0.778,0.052
2023-02-14 18:00:00,18,20.5,21.46875,31.0,0.0,0.13175,0.123,0.009
2023-02-14 19:00:00,19,19.1,19.1,0.0,0.0,0.0,0.0,0.0
2023-02-14 20:00:00,20,18.2,18.2,0.0,0.0,0.0,0.0,0.0
2023-02-14 21:00:00,21,17.3,17.3,0.0,0.0,0.0,0.0,0.0
2023-02-14 22:00:00,22,17.1,17.1,0.0,0.0,0.0,0.0,0.0
2023-02-14 23:00:00,23,17.1,17.1,0.0,0.0,0.0,0.0,0.0
2023-02-15 00:00:00,0,16.1,16.1,0.0,0.0,0.0,0.0,0.0
2023-02-15 01:00:00,1,15.4,15.4,0.0,0.0,0.0,0.0,0.0
2023-02-15 02:00:00,2,15.2,15.2,0.0,0.0,0.0,0.0,0.0
2023-02-15 03:00:00,3,15.3,15.3,0.0,0.0,0.0,0.0,0.0
2023-02-15 04:00:00,4,15.4,15.4,0.0,0.0,0.0,0.0,0.0
2023-02-15 05:00:00,5,15.1,15.1,0.0,0.0,0.0,0.0,0.0
2023-02-15 06:00:00,6,14.8,14.8,0.0,1.0,0.0,0.0,0.0
2023-02-15 07:00:00,7,15.0,15.21875,7.0,0.0,0.02975,0.033,-0.003
2023-02-15 08:00:00,8,18.0,22.09375,131.0,0.0,0.55675,0.561,-0.004
2023-02-15 09:00:00,9,21.5,32.09375,339.0,0.0,1.39986871875,1.437,-0.037
2023-02-15 10:00:00,10,24.5,41.25,536.0,0.0,2.1299300000000003,2.056,0.074
2023-02-15 11:00:00,11,26.5,47.9375,686.0,0.0,2.648002875,2.641,0.007
2023-02-15 12:00:00,12,28.0,52.125,772.0,0.0,2.9250115,2.876,0.049
2023-02-15 13:00:00,13,29.0,53.53125,785.0,0.0,2.95550046875,2.922,0.034
2023-02-15 14:00:00,14,29.8,52.45625,725.0,0.0,2.74285171875,2.598,0.145
2023-02-15 15:00:00,15,29.9,48.5875,598.0,0.0,2.301709475,2.135,0.167
2023-02-15 16:00:00,16,29.3,42.3,416.0,0.0,1.6456544000000002,1.538,0.108
2023-02-15 17:00:00,17,27.2,33.6375,206.0,0.0,0.845251475,0.778,0.067
2023-02-15 18:00:00,18,23.2,24.23125,33.0,0.0,0.14025,0.126,0.014
2023-02-15 19:00:00,19,21.5,21.5,0.0,0.0,0.0,0.0,0.0
2023-02-15 20:00:00,20,20.1,20.1,0.0,0.0,0.0,0.0,0.0
2023-02-15 21:00:00,21,19.1,19.1,0.0,0.0,0.0,0.0,0.0
2023-02-15 22:00:00,22,18.3,18.3,0.0,0.0,0.0,0.0,0.0
2023-02-15 23:00:00,23,17.8,17.8,0.0,0.0,0.0,0.0,0.0
2023-02-16 00:00:00,0,17.6,17.6,0.0,0.0,0.0,0.0,0.0
2023-02-16 01:00:00,1,17.0,17.0,0.0,0.0,0.0,0.0,0.0
2023-02-16 02:00:00,2,16.5,16.5,0.0,0.0,0.0,0.0,0.0
2023-02-16 03:00:00,3,16.2,16.2,0.0,0.0,0.0,0.0,0.0
2023-02-16 04:00:00,4,16.0,16.0,0.0,5.0,0.0,0.0,0.0
2023-02-16 05:00:00,5,15.8,15.8,0.0,46.0,0.0,0.0,0.0
2023-02-16 06:00:00,6,15.4,15.4,0.0,14.0,0.0,0.0,0.0
2023-02-16 07:00:00,7,14.9,15.15,8.0,10.0,0.03332,0.034,-0.001
2023-02-16 08:00:00,8,18.2,22.41875,135.0,0.0,0.57375,0.566,0.008
2023-02-16 09:00:00,9,22.0,32.8125,346.0,2.0,1.4188486875,1.45,-0.031
2023-02-16 10:00:00,10,25.0,42.0,544.0,4.0,2.137545728,2.15,-0.012
2023-02-16 11:00:00,11,27.1,48.7875,694.0,1.0,2.6635173648499992,2.692,-0.028
2023-02-16 12:00:00,12,28.7,53.04375,779.0,0.0,2.93936661875,2.867,0.072
2023-02-16 13:00:00,13,29.9,54.65,792.0,0.0,2.9667924,2.904,0.063
2023-02-16 14:00:00,14,30.7,53.54375,731.0,0.0,2.75203681875,2.662,0.09
2023-02-16 15:00:00,15,31.0,49.8125,602.0,0.0,2.3045688749999997,2.242,0.063
2023-02-16 16:00:00,16,30.6,43.69375,419.0,0.0,1.6475944187499998,1.501,0.147
2023-02-16 17:00:00,17,28.0,34.5,208.0,0.0,0.8504079999999999,0.792,0.058
2023-02-16 18:00:00,18,22.8,23.8625,34.0,0.0,0.1445,0.127,0.017
2023-02-16 19:00:00,19,21.2,21.2,0.0,0.0,0.0,0.0,0.0
2023-02-16 20:00:00,20,20.3,20.3,0.0,35.0,0.0,0.0,0.0
2023-02-16 21:00:00,21,19.6,19.6,0.0,16.0,0.0,0.0,0.0
2023-02-16 22:00:00,22,18.5,18.5,0.0,78.0,0.0,0.0,0.0
2023-02-16 23:00:00,23,17.6,17.6,0.0,78.0,0.0,0.0,0.0
2023-02-17 00:00:00,0,16.6,16.6,0.0,73.0,0.0,0.0,0.0
2023-02-17 01:00:00,1,15.9,15.9,0.0,51.0,0.0,0.0,0.0
2023-02-17 02:00:00,2,15.7,15.7,0.0,22.0,0.0,0.0,0.0
2023-02-17 03:00:00,3,15.6,15.6,0.0,4.0,0.0,0.0,0.0
2023-02-17 04:00:00,4,15.4,15.4,0.0,9.0,0.0,0.0,0.0
2023-02-17 05:00:00,5,14.7,14.7,0.0,48.0,0.0,0.0,0.0
2023-02-17 06:00:00,6,14.6,14.6,0.0,20.0,0.0,0.0,0.0
2023-02-17 07:00:00,7,15.0,15.25,8.0,25.0,0.0323,0.034,-0.002
2023-02-17 08:00:00,8,18.5,22.78125,137.0,14.0,0.565947,0.576,-0.01
2023-02-17 09:00:00,9,22.2,33.075,348.0,3.0,1.4226409301999998,1.451,-0.028
2023-02-17 10:00:00,10,24.8,41.89375,547.0,0.0,2.167655018750001,2.111,0.057
2023-02-17 11:00:00,11,26.6,48.38125,697.0,0.0,2.68520556875,2.715,-0.03
2023-02-17 12:00:00,12,27.9,52.36875,783.0,0.0,2.96344456875,2.895,0.068
2023-02-17 13:00:00,13,29.0,53.84375,795.0,0.0,2.98892671875,2.922,0.067
2023-02-17 14:00:00,14,29.7,52.6375,734.0,0.0,2.774639275,2.485,0.29
2023-02-17 15:00:00,15,30.1,48.975,604.0,0.0,2.3208247,2.18,0.141
2023-02-17 16:00:00,16,29.8,42.9875,422.0,0.0,1.664457675,1.532,0.132
2023-02-17 17:00:00,17,28.6,35.19375,211.0,0.0,0.86018501875,0.792,0.068
2023-02-17 18:00:00,18,26.8,27.89375,35.0,0.0,0.14702821875,0.133,0.014
2023-02-17 19:00:00,19,24.7,24.7,0.0,0.0,0.0,0.0,0.0
2023-02-17 20:00:00,20,20.1,20.1,0.0,0.0,0.0,0.0,0.0
2023-02-17 21:00:00,21,20.0,20.0,0.0,0.0,0.0,0.0,0.0
2023-02-17 22:00:00,22,18.7,18.7,0.0,0.0,0.0,0.0,0.0
2023-02-17 23:00:00,23,17.6,17.6,0.0,0.0,0.0,0.0,0.0
2023-02-18 00:00:00,0,16.8,16.8,0.0,0.0,0.0,0.0,0.0
2023-02-18 01:00:00,1,16.1,16.1,0.0,0.0,0.0,0.0,0.0
2023-02-18 02:00:00,2,15.6,15.6,0.0,0.0,0.0,0.0,0.0
2023-02-18 03:00:00,3,15.2,15.2,0.0,0.0,0.0,0.0,0.0
2023-02-18 04:00:00,4,14.8,14.8,0.0,0.0,0.0,0.0,0.0
2023-02-18 05:00:00,5,14.8,14.8,0.0,0.0,0.0,0.0,0.0
2023-02-18 06:00:00,6,14.5,14.5,0.0,0.0,0.0,0.0,0.0
2023-02-18 07:00:00,7,14.8,15.08125,9.0,0.0,0.03825,0.038,0.0
2023-02-18 08:00:00,8,18.5,22.875,140.0,0.0,0.5950000000000001,0.571,0.024
2023-02-18 09:00:00,9,22.2,33.2,352.0,0.0,1.4469311999999996,1.43,0.017
2023-02-18 10:00:00,10,24.9,42.0875,550.0,0.0,2.177731875,2.157,0.021
2023-02-18 11:00:00,11,26.8,48.70625,701.0,0.0,2.69674261875,2.693,0.004
2023-02-18 12:00:00,12,28.2,52.7625,786.0,0.0,2.969537475,2.948,0.022
2023-02-18 13:00:00,13,29.2,54.10625,797.0,0.0,2.9928894187500004,2.9,0.093
2023-02-18 14:00:00,14,30.0,52.96875,735.0,0.0,2.77428046875,2.546,0.228
2023-02-18 15:00:00,15,30.2,49.1375,606.0,0.0,2.326835475,2.18,0.147
2023-02-18 16:00:00,16,30.0,43.25,424.0,0.0,1.670454,1.505,0.165
2023-02-18 17:00:00,17,28.4,35.05625,213.0,0.0,0.8688363187499999,0.788,0.081
2023-02-18 18:00:00,18,25.0,26.125,36.0,0.0,0.1523115,0.135,0.017
2023-02-18 19:00:00,19,22.8,22.8,0.0,0.0,0.0,0.0,0.0
2023-02-18 20:00:00,20,20.6,20.6,0.0,0.0,0.0,0.0,0.0
2023-02-18 21:00:00,21,19.7,19.7,0.0,0.0,0.0,0.0,0.0
2023-02-18 22:00:00,22,18.7,18.7,0.0,0.0,0.0,0.0,0.0
2023-02-18 23:00:00,23,17.9,17.9,0.0,0.0,0.0,0.0,0.0
2023-02-19 00:00:00,0,17.5,17.5,0.0,0.0,0.0,0.0,0.0
2023-02-19 01:00:00,1,17.4,17.4,0.0,0.0,0.0,0.0,0.0
2023-02-19 02:00:00,2,16.5,16.5,0.0,0.0,0.0,0.0,0.0
2023-02-19 03:00:00,3,16.2,16.2,0.0,0.0,0.0,0.0,0.0
2023-02-19 04:00:00,4,15.6,15.6,0.0,0.0,0.0,0.0,0.0
2023-02-19 05:00:00,5,14.6,14.6,0.0,0.0,0.0,0.0,0.0
2023-02-19 06:00:00,6,14.3,14.3,0.0,0.0,0.0,0.0,0.0
2023-02-19 07:00:00,7,16.0,16.3125,10.0,0.0,0.0425,0.044,-0.001
2023-02-19 08:00:00,8,19.7,24.2,144.0,0.0,0.612,0.606,0.006
2023-02-19 09:00:00,9,23.2,34.325,356.0,0.0,1.4565651,1.432,0.025
2023-02-19 10:00:00,10,25.8,43.1125,554.0,0.0,2.183916475,2.133,0.051
2023-02-19 11:00:00,11,27.5,49.53125,705.0,8.0,2.65900708125,2.672,-0.013
2023-02-19 12:00:00,12,28.7,53.35625,789.0,63.0,2.5983212587875,2.65,-0.052
2023-02-19 13:00:00,13,29.5,54.46875,799.0,41.0,2.7498469393125,2.746,0.004
2023-02-19 14:00:00,14,29.9,52.9625,738.0,41.0,2.55725651205,2.586,-0.029
2023-02-19 15:00:00,15,29.9,48.86875,607.0,12.0,2.2774456079,2.282,-0.005
2023-02-19 16:00:00,16,29.4,42.68125,425.0,0.0,1.67850296875,1.445,0.234
2023-02-19 17:00:00,17,28.3,34.9875,214.0,2.0,0.8696728131,0.83,0.04
2023-02-19 18:00:00,18,24.7,25.8875,38.0,17.0,0.15545516805,0.141,0.014
2023-02-19 19:00:00,19,23.2,23.2,0.0,13.0,0.0,0.0,0.0
2023-02-19 20:00:00,20,22.0,22.0,0.0,80.0,0.0,0.0,0.0
2023-02-19 21:00:00,21,20.0,20.0,0.0,0.0,0.0,0.0,0.0
2023-02-19 22:00:00,22,19.5,19.5,0.0,40.0,0.0,0.0,0.0
2023-02-19 23:00:00,23,19.3,19.3,0.0,88.0,0.0,0.0,0.0
2023-02-20 00:00:00,0,18.7,18.7,0.0,86.0,0.0,0.0,0.0
2023-02-20 01:00:00,1,18.0,18.0,0.0,67.0,0.0,0.0,0.0
2023-02-20 02:00:00,2,17.8,17.8,0.0,55.0,0.0,0.0,0.0
2023-02-20 03:00:00,3,17.4,17.4,0.0,54.0,0.0,0.0,0.0
2023-02-20 04:00:00,4,17.6,17.6,0.0,62.0,0.0,0.0,0.0
2023-02-20 05:00:00,5,17.8,17.8,0.0,35.0,0.0,0.0,0.0
2023-02-20 06:00:00,6,17.5,17.5,0.0,0.0,0.0,0.0,0.0
2023-02-20 07:00:00,7,17.5,17.8125,10.0,0.0,0.0425,0.044,-0.001
2023-02-20 08:00:00,8,20.4,24.9,144.0,0.0,0.612,0.592,0.02
2023-02-20 09:00:00,9,23.9,34.99375,355.0,0.0,1.44843771875,1.422,0.026
2023-02-20 10:00:00,10,27.3,44.58125,553.0,0.0,2.16616666875,1.829,0.337
2023-02-20 11:00:00,11,29.4,51.43125,705.0,62.0,2.347217006625,2.337,0.01
2023-02-20 12:00:00,12,30.8,55.51875,791.0,72.0,2.5263678996500003,2.525,0.001
2023-02-20 13:00:00,13,31.6,56.7875,806.0,76.0,2.5354756284,2.548,-0.013
2023-02-20 14:00:00,14,31.8,55.175,748.0,73.0,2.3871816738,2.397,-0.01
2023-02-20 15:00:00,15,31.6,50.88125,617.0,62.0,2.059284654225,2.044,0.015
2023-02-20 16:00:00,16,31.0,44.5,432.0,32.0,1.584453312,1.572,0.012
2023-02-20 17:00:00,17,29.5,36.34375,219.0,49.0,0.8014425313125,0.801,0.0
2023-02-20 18:00:00,18,25.9,27.11875,39.0,25.0,0.1561280053124999,0.153,0.003
2023-02-20 19:00:00,19,24.5,24.5,0.0,6.0,0.0,0.0,0.0
2023-02-20 20:00:00,20,22.5,22.5,0.0,36.0,0.0,0.0,0.0
2023-02-20 21:00:00,21,21.1,21.1,0.0,0.0,0.0,0.0,0.0
2023-02-20 22:00:00,22,20.6,20.6,0.0,0.0,0.0,0.0,0.0
2023-02-20 23:00:00,23,20.3,20.3,0.0,40.0,0.0,0.0,0.0
2023-02-21 00:00:00,0,19.5,19.5,0.0,61.0,0.0,0.0,0.0
2023-02-21 01:00:00,1,19.2,19.2,0.0,97.0,0.0,0.0,0.0
2023-02-21 02:00:00,2,19.5,19.5,0.0,70.0,0.0,0.0,0.0
2023-02-21 03:00:00,3,19.5,19.5,0.0,54.0,0.0,0.0,0.0
2023-02-21 04:00:00,4,19.7,19.7,0.0,94.0,0.0,0.0,0.0
2023-02-21 05:00:00,5,19.6,19.6,0.0,16.0,0.0,0.0,0.0
2023-02-21 06:00:00,6,18.9,18.9,0.0,0.0,0.0,0.0,0.0
2023-02-21 07:00:00,7,18.7,19.04375,11.0,0.0,0.0467499999999999,0.047,-0.0
2023-02-21 08:00:00,8,20.8,25.33125,145.0,0.0,0.6154334687499999,0.61,0.005
2023-02-21 09:00:00,9,23.5,34.5625,354.0,0.0,1.446952875,1.428,0.019
2023-02-21 10:00:00,10,26.4,43.55625,549.0,0.0,2.16006451875,2.124,0.036
2023-02-21 11:00:00,11,28.7,50.5125,698.0,0.0,2.663768675,2.557,0.107
2023-02-21 12:00:00,12,30.2,54.7,784.0,0.0,2.9361584,2.743,0.193
2023-02-21 13:00:00,13,31.1,56.00625,797.0,0.0,2.96714631875,2.828,0.139
2023-02-21 14:00:00,14,31.3,54.3625,738.0,0.0,2.768118075,2.748,0.02
2023-02-21 15:00:00,15,31.1,50.1625,610.0,0.0,2.331564875,2.235,0.097
2023-02-21 16:00:00,16,30.5,43.875,428.0,0.0,1.6816655,1.469,0.213
2023-02-21 17:00:00,17,29.0,35.78125,217.0,0.0,0.88247796875,0.797,0.085
2023-02-21 18:00:00,18,25.9,27.15,40.0,0.0,0.168538,0.149,0.02
2023-02-21 19:00:00,19,24.8,24.8,0.0,0.0,0.0,0.0,0.0
2023-02-21 20:00:00,20,23.0,23.0,0.0,0.0,0.0,0.0,0.0
2023-02-21 21:00:00,21,22.2,22.2,0.0,0.0,0.0,0.0,0.0
2023-02-21 22:00:00,22,21.2,21.2,0.0,0.0,0.0,0.0,0.0
2023-02-21 23:00:00,23,19.7,19.7,0.0,0.0,0.0,0.0,0.0
2023-02-22 00:00:00,0,19.0,19.0,0.0,0.0,0.0,0.0,0.0
2023-02-22 01:00:00,1,19.6,19.6,0.0,0.0,0.0,0.0,0.0
2023-02-22 02:00:00,2,19.4,19.4,0.0,0.0,0.0,0.0,0.0
2023-02-22 03:00:00,3,18.5,18.5,0.0,0.0,0.0,0.0,0.0
2023-02-22 04:00:00,4,18.1,18.1,0.0,0.0,0.0,0.0,0.0
2023-02-22 05:00:00,5,17.3,17.3,0.0,0.0,0.0,0.0,0.0
2023-02-22 06:00:00,6,17.6,17.6,0.0,100.0,0.0,0.0,0.0
2023-02-22 07:00:00,7,18.0,18.34375,11.0,100.0,0.0373999999999999,0.039,-0.002
2023-02-22 08:00:00,8,20.8,25.05,136.0,100.0,0.4623075200000001,0.456,0.006
2023-02-22 09:00:00,9,24.2,34.60625,333.0,99.0,1.0914169530375,1.103,-0.012
2023-02-22 10:00:00,10,26.6,43.475,540.0,54.0,1.895856354,1.921,-0.025
2023-02-22 11:00:00,11,28.3,50.1125,698.0,26.0,2.5297522910999994,2.559,-0.029
2023-02-22 12:00:00,12,29.4,53.93125,785.0,60.0,2.5961429725000005,2.608,-0.012
2023-02-22 13:00:00,13,30.0,54.6875,790.0,100.0,2.3670375,2.412,-0.045
2023-02-22 14:00:00,14,30.2,52.23125,705.0,100.0,2.135906775,2.13,0.006
2023-02-22 15:00:00,15,30.1,47.94375,571.0,100.0,1.7632280149999997,1.786,-0.023
2023-02-22 16:00:00,16,29.6,42.25625,405.0,100.0,1.281952575,1.276,0.006
2023-02-22 17:00:00,17,28.1,34.6625,210.0,77.0,0.72587212425,0.723,0.003
2023-02-22 18:00:00,18,24.8,26.05,40.0,36.0,0.157097408,0.154,0.003
2023-02-22 19:00:00,19,22.6,22.6,0.0,37.0,0.0,0.0,0.0
2023-02-22 20:00:00,20,21.1,21.1,0.0,6.0,0.0,0.0,0.0
2023-02-22 21:00:00,21,21.0,21.0,0.0,17.0,0.0,0.0,0.0
2023-02-22 22:00:00,22,21.6,21.6,0.0,5.0,0.0,0.0,0.0
2023-02-22 23:00:00,23,19.7,19.7,0.0,8.0,0.0,0.0,0.0
2023-02-23 00:00:00,0,17.5,17.5,0.0,0.0,0.0,0.0,0.0
2023-02-23 01:00:00,1,17.3,17.3,0.0,6.0,0.0,0.0,0.0
2023-02-23 02:00:00,2,17.6,17.6,0.0,0.0,0.0,0.0,0.0
2023-02-23 03:00:00,3,17.3,17.3,0.0,0.0,0.0,0.0,0.0
2023-02-23 04:00:00,4,16.8,16.8,0.0,0.0,0.0,0.0,0.0
2023-02-23 05:00:00,5,16.6,16.6,0.0,0.0,0.0,0.0,0.0
2023-02-23 06:00:00,6,16.3,16.3,0.0,0.0,0.0,0.0,0.0
2023-02-23 07:00:00,7,16.5,16.875,12.0,0.0,0.051,0.049,0.002
2023-02-23 08:00:00,8,19.6,24.225,148.0,0.0,0.629,0.612,0.017
2023-02-23 09:00:00,9,23.3,34.45625,357.0,0.0,1.45986001875,1.432,0.028
2023-02-23 10:00:00,10,25.6,42.88125,553.0,0.0,2.18214836875,2.121,0.061
2023-02-23 11:00:00,11,27.1,49.00625,701.0,0.0,2.69316751875,2.676,0.017
2023-02-23 12:00:00,12,28.3,52.8,784.0,0.0,2.9614816,2.936,0.025
2023-02-23 13:00:00,13,29.1,54.00625,797.0,0.0,2.9942443187500003,2.938,0.056
2023-02-23 14:00:00,14,29.6,52.6,736.0,0.0,2.7826688,2.626,0.157
2023-02-23 15:00:00,15,29.7,48.73125,609.0,2.0,2.333190127275,2.304,0.029
2023-02-23 16:00:00,16,29.4,42.7125,426.0,9.0,1.6519460056499995,1.667,-0.015
2023-02-23 17:00:00,17,28.0,34.78125,217.0,5.0,0.8773052990624999,0.822,0.055
2023-02-23 18:00:00,18,24.9,26.18125,41.0,12.0,0.1692644287,0.156,0.013
2023-02-23 19:00:00,19,22.0,22.0,0.0,35.0,0.0,0.0,0.0
2023-02-23 20:00:00,20,21.6,21.6,0.0,77.0,0.0,0.0,0.0
2023-02-23 21:00:00,21,20.8,20.8,0.0,64.0,0.0,0.0,0.0
2023-02-23 22:00:00,22,20.4,20.4,0.0,71.0,0.0,0.0,0.0
2023-02-23 23:00:00,23,19.9,19.9,0.0,72.0,0.0,0.0,0.0
2023-02-24 00:00:00,0,19.0,19.0,0.0,95.0,0.0,0.0,0.0
2023-02-24 01:00:00,1,18.4,18.4,0.0,100.0,0.0,0.0,0.0
2023-02-24 02:00:00,2,18.0,18.0,0.0,100.0,0.0,0.0,0.0
2023-02-24 03:00:00,3,17.5,17.5,0.0,100.0,0.0,0.0,0.0
2023-02-24 04:00:00,4,17.3,17.3,0.0,100.0,0.0,0.0,0.0
2023-02-24 05:00:00,5,16.7,16.7,0.0,100.0,0.0,0.0,0.0
2023-02-24 06:00:00,6,17.0,17.0,0.0,100.0,0.0,0.0,0.0
2023-02-24 07:00:00,7,17.4,17.775,12.0,100.0,0.0408,0.041,-0.0
2023-02-24 08:00:00,8,20.3,24.26875,127.0,100.0,0.4317999999999999,0.444,-0.012
2023-02-24 09:00:00,9,23.2,32.79375,307.0,100.0,1.0112595349999998,1.039,-0.028
2023-02-24 10:00:00,10,25.0,40.125,484.0,100.0,1.5460412,1.561,-0.015
2023-02-24 11:00:00,11,26.5,46.84375,651.0,100.0,2.020004175,2.023,-0.003
2023-02-24 12:00:00,12,27.7,50.825,740.0,100.0,2.2560972,2.248,0.008
2023-02-24 13:00:00,13,28.2,49.825,692.0,100.0,2.11916696,2.133,-0.014
2023-02-24 14:00:00,14,28.6,47.85,616.0,100.0,1.90297184,1.916,-0.013
2023-02-24 15:00:00,15,28.5,43.09375,467.0,95.0,1.4912940121875002,1.495,-0.004
2023-02-24 16:00:00,16,28.3,40.20625,381.0,3.0,1.5116345640375,1.444,0.068
2023-02-24 17:00:00,17,26.8,33.925,228.0,21.0,0.8951616186000001,0.871,0.024
2023-02-24 18:00:00,18,23.3,24.64375,43.0,21.0,0.1750744999999999,0.15,0.025
2023-02-24 19:00:00,19,21.9,21.9,0.0,13.0,0.0,0.0,0.0
2023-02-24 20:00:00,20,20.2,20.2,0.0,15.0,0.0,0.0,0.0
2023-02-24 21:00:00,21,21.7,21.7,0.0,32.0,0.0,0.0,0.0
2023-02-24 22:00:00,22,23.3,23.3,0.0,84.0,0.0,0.0,0.0
2023-02-24 23:00:00,23,23.1,23.1,0.0,51.0,0.0,0.0,0.0
2023-02-25 00:00:00,0,21.1,21.1,0.0,0.0,0.0,0.0,0.0
2023-02-25 01:00:00,1,20.6,20.6,0.0,0.0,0.0,0.0,0.0
2023-02-25 02:00:00,2,17.6,17.6,0.0,0.0,0.0,0.0,0.0
2023-02-25 03:00:00,3,16.6,16.6,0.0,0.0,0.0,0.0,0.0
2023-02-25 04:00:00,4,16.1,16.1,0.0,0.0,0.0,0.0,0.0
2023-02-25 05:00:00,5,16.5,16.5,0.0,0.0,0.0,0.0,0.0
2023-02-25 06:00:00,6,18.1,18.1,0.0,0.0,0.0,0.0,0.0
2023-02-25 07:00:00,7,18.7,19.1375,14.0,0.0,0.038675,0.054,-0.015
2023-02-25 08:00:00,8,21.6,26.50625,157.0,0.0,0.4310993821875,0.631,-0.2
2023-02-25 09:00:00,9,24.5,36.03125,369.0,0.0,0.9743831296875,1.277,-0.303
2023-02-25 10:00:00,10,26.3,43.9875,566.0,0.0,1.44482147875,2.066,-0.621
2023-02-25 11:00:00,11,27.9,50.2125,714.0,0.0,1.77350593875,1.932,-0.158
2023-02-25 12:00:00,12,28.9,53.86875,799.0,0.0,1.9523567496875,2.168,-0.216
2023-02-25 13:00:00,13,29.6,54.9125,810.0,0.0,1.9698931687500003,2.093,-0.123
2023-02-25 14:00:00,14,29.9,53.30625,749.0,0.0,1.831167562713125,2.517,-0.686
2023-02-25 15:00:00,15,29.9,49.24375,619.0,0.0,1.541073139263125,1.86,-0.319
2023-02-25 16:00:00,16,29.4,42.9625,434.0,0.0,1.05936869129,1.231,-0.172
2023-02-25 17:00:00,17,28.0,34.84375,219.0,0.0,0.53932215675,0.785,-0.246
2023-02-25 18:00:00,18,25.3,26.6125,42.0,0.0,0.11435442564,0.15,-0.036
2023-02-25 19:00:00,19,23.3,23.3,0.0,0.0,0.0,0.0,0.0
2023-02-25 20:00:00,20,21.2,21.2,0.0,0.0,0.0,0.0,0.0
2023-02-25 21:00:00,21,20.6,20.6,0.0,0.0,0.0,0.0,0.0
2023-02-25 22:00:00,22,20.2,20.2,0.0,0.0,0.0,0.0,0.0
2023-02-25 23:00:00,23,19.6,19.6,0.0,0.0,0.0,0.0,0.0
2023-02-26 00:00:00,0,17.8,17.8,0.0,0.0,0.0,0.0,0.0
2023-02-26 01:00:00,1,21.2,21.2,0.0,0.0,0.0,0.0,0.0
2023-02-26 02:00:00,2,17.0,17.0,0.0,0.0,0.0,0.0,0.0
2023-02-26 03:00:00,3,16.3,16.3,0.0,0.0,0.0,0.0,0.0
2023-02-26 04:00:00,4,14.9,14.9,0.0,0.0,0.0,0.0,0.0
2023-02-26 05:00:00,5,15.2,15.2,0.0,0.0,0.0,0.0,0.0
2023-02-26 06:00:00,6,15.7,15.7,0.0,2.0,0.0,0.0,0.0
2023-02-26 07:00:00,7,16.6,17.06875,15.0,3.0,0.0633675,0.063,0.0
2023-02-26 08:00:00,8,20.4,25.30625,157.0,20.0,0.639775314,0.642,-0.002
2023-02-26 09:00:00,9,23.6,35.1,368.0,7.0,1.4798029983999998,1.47,0.01
2023-02-26 10:00:00,10,26.2,43.825,564.0,1.0,2.2120728882,2.198,0.014
2023-02-26 11:00:00,11,28.0,50.25,712.0,9.0,2.671407268,2.644,0.027
2023-02-26 12:00:00,12,28.9,53.86875,799.0,16.0,2.90750974415,2.875,0.033
2023-02-26 13:00:00,13,29.5,53.625,772.0,27.0,2.748437923,2.733,0.015
2023-02-26 14:00:00,14,29.7,51.04375,683.0,17.0,2.5119439141125,2.506,0.006
2023-02-26 15:00:00,15,29.7,48.1375,590.0,44.0,2.075192958,2.091,-0.016
2023-02-26 16:00:00,16,29.3,42.26875,415.0,75.0,1.3956311234374998,1.398,-0.002
2023-02-26 17:00:00,17,28.3,34.675,204.0,91.0,0.6817597277999999,0.689,-0.007
2023-02-26 18:00:00,18,25.6,26.88125,41.0,74.0,0.147343830975,0.142,0.005
2023-02-26 19:00:00,19,24.0,24.0,0.0,98.0,0.0,0.0,0.0
2023-02-26 20:00:00,20,22.8,22.8,0.0,67.0,0.0,0.0,0.0
2023-02-26 21:00:00,21,21.6,21.6,0.0,7.0,0.0,0.0,0.0
2023-02-26 22:00:00,22,20.0,20.0,0.0,1.0,0.0,0.0,0.0
2023-02-26 23:00:00,23,19.3,19.3,0.0,2.0,0.0,0.0,0.0
2023-02-27 00:00:00,0,18.8,18.8,0.0,0.0,0.0,0.0,0.0
2023-02-27 01:00:00,1,19.5,19.5,0.0,0.0,0.0,0.0,0.0
2023-02-27 02:00:00,2,18.1,18.1,0.0,0.0,0.0,0.0,0.0
2023-02-27 03:00:00,3,18.7,18.7,0.0,0.0,0.0,0.0,0.0
2023-02-27 04:00:00,4,18.2,18.2,0.0,0.0,0.0,0.0,0.0
2023-02-27 05:00:00,5,17.7,17.7,0.0,0.0,0.0,0.0,0.0
2023-02-27 06:00:00,6,16.3,16.3,0.0,0.0,0.0,0.0,0.0
2023-02-27 07:00:00,7,17.1,17.6,16.0,0.0,0.0435812,0.062,-0.018
2023-02-27 08:00:00,8,20.6,25.6,160.0,0.0,0.4197741184,0.608,-0.188
2023-02-27 09:00:00,9,24.5,36.0625,370.0,0.0,0.97689596875,1.27,-0.293
2023-02-27 10:00:00,10,27.0,44.65625,565.0,0.0,1.4380936171874998,1.74,-0.302
2023-02-27 11:00:00,11,28.7,50.98125,713.0,0.0,1.7649653246874997,2.112,-0.347
2023-02-27 12:00:00,12,29.7,54.60625,797.0,0.0,1.9370927477931248,2.19,-0.253
2023-02-27 13:00:00,13,30.2,54.85625,789.0,0.0,1.9077964035243749,2.212,-0.304
2023-02-27 14:00:00,14,30.6,53.975,748.0,0.0,1.8049377145800003,2.168,-0.363
2023-02-27 15:00:00,15,30.4,49.68125,617.0,0.0,1.450162831065,2.025,-0.575
2023-02-27 16:00:00,16,29.4,41.9,400.0,0.0,0.95818086,1.092,-0.134
2023-02-27 17:00:00,17,28.5,35.125,212.0,0.0,0.5473209644500001,0.792,-0.245
2023-02-27 18:00:00,18,25.9,27.18125,41.0,0.0,0.1102533475631249,0.149,-0.039
2023-02-27 19:00:00,19,23.8,23.8,0.0,0.0,0.0,0.0,0.0
2023-02-27 20:00:00,20,21.8,21.8,0.0,0.0,0.0,0.0,0.0
2023-02-27 21:00:00,21,21.1,21.1,0.0,0.0,0.0,0.0,0.0
2023-02-27 22:00:00,22,20.5,20.5,0.0,0.0,0.0,0.0,0.0
2023-02-27 23:00:00,23,19.5,19.5,0.0,0.0,0.0,0.0,0.0
2023-02-28 00:00:00,0,18.6,18.6,0.0,0.0,0.0,0.0,0.0
2023-02-28 01:00:00,1,18.9,18.9,0.0,0.0,0.0,0.0,0.0
2023-02-28 02:00:00,2,18.9,18.9,0.0,0.0,0.0,0.0,0.0
2023-02-28 03:00:00,3,17.8,17.8,0.0,0.0,0.0,0.0,0.0
2023-02-28 04:00:00,4,17.5,17.5,0.0,0.0,0.0,0.0,0.0
2023-02-28 05:00:00,5,16.6,16.6,0.0,0.0,0.0,0.0,0.0
2023-02-28 06:00:00,6,17.4,17.4,0.0,0.0,0.0,0.0,0.0
2023-02-28 07:00:00,7,17.9,18.43125,17.0,0.0,0.07225,0.067,0.005
2023-02-28 08:00:00,8,21.3,26.425,164.0,0.0,0.6930271,0.621,0.072
2023-02-28 09:00:00,9,24.3,36.01875,375.0,0.0,1.52350546875,1.334,0.19
2023-02-28 10:00:00,10,26.7,44.5125,570.0,0.0,2.233423875,2.12,0.113
2023-02-28 11:00:00,11,28.3,50.76875,719.0,0.0,2.74077856875,2.624,0.117
2023-02-28 12:00:00,12,29.3,54.39375,803.0,7.0,2.9693349758875005,2.938,0.031
2023-02-28 13:00:00,13,29.9,54.49375,787.0,16.0,2.85574821895,2.897,-0.041
2023-02-28 14:00:00,14,30.0,51.1875,678.0,18.0,2.4867950115,2.464,0.023
2023-02-28 15:00:00,15,29.9,48.525,596.0,12.0,2.2395732272,2.27,-0.03
2023-02-28 16:00:00,16,29.5,43.0,432.0,13.0,1.659508992,1.649,0.011
2023-02-28 17:00:00,17,28.3,35.05,216.0,21.0,0.8440903512,0.815,0.029
2023-02-28 18:00:00,18,24.3,25.675,44.0,10.0,0.1827651979999999,0.154,0.029
2023-02-28 19:00:00,19,23.2,23.2,0.0,4.0,0.0,0.0,0.0
2023-02-28 20:00:00,20,21.8,21.8,0.0,3.0,0.0,0.0,0.0
2023-02-28 21:00:00,21,20.2,20.2,0.0,1.0,0.0,0.0,0.0
2023-02-28 22:00:00,22,20.4,20.4,0.0,0.0,0.0,0.0,0.0
2023-02-28 23:00:00,23,19.8,19.8,0.0,0.0,0.0,0.0,0.0
2023-03-01 00:00:00,0,18.6,18.6,0.0,0.0,0.0,0.0,0.0
2023-03-01 01:00:00,1,18.1,18.1,0.0,0.0,0.0,0.0,0.0
2023-03-01 02:00:00,2,17.7,17.7,0.0,0.0,0.0,0.0,0.0
2023-03-01 03:00:00,3,17.6,17.6,0.0,0.0,0.0,0.0,0.0
2023-03-01 04:00:00,4,17.6,17.6,0.0,0.0,0.0,0.0,0.0
2023-03-01 05:00:00,5,17.0,17.0,0.0,0.0,0.0,0.0,0.0
2023-03-01 06:00:00,6,17.5,17.5,0.0,0.0,0.0,0.0,0.0
2023-03-01 07:00:00,7,18.3,18.8625,18.0,0.0,0.0765,0.074,0.002
2023-03-01 08:00:00,8,21.4,26.5875,166.0,0.0,0.7010200750000001,0.682,0.019
2023-03-01 09:00:00,9,24.5,36.28125,377.0,0.0,1.52994846875,1.387,0.143
2023-03-01 10:00:00,10,27.0,44.84375,571.0,0.0,2.23412671875,1.949,0.285
2023-03-01 11:00:00,11,28.6,51.00625,717.0,0.0,2.73025981875,2.601,0.129
2023-03-01 12:00:00,12,28.9,53.9,800.0,40.0,2.7664032,2.752,0.014
2023-03-01 13:00:00,13,28.5,51.375,732.0,60.0,2.44885476,2.404,0.045
2023-03-01 14:00:00,14,28.9,48.11875,615.0,76.0,2.0114928615000003,2.044,-0.033
2023-03-01 15:00:00,15,28.4,44.61875,519.0,75.0,1.7277557034375002,1.713,0.015
2023-03-01 16:00:00,16,28.5,39.4375,350.0,46.0,1.2726499625,1.275,-0.002
2023-03-01 17:00:00,17,28.3,35.33125,225.0,33.0,0.8562285928125,0.853,0.003
2023-03-01 18:00:00,18,25.6,26.94375,43.0,21.0,0.1737132957624999,0.157,0.017
2023-03-01 19:00:00,19,23.6,23.6,0.0,11.0,0.0,0.0,0.0
2023-03-01 20:00:00,20,20.9,20.9,0.0,2.0,0.0,0.0,0.0
2023-03-01 21:00:00,21,20.3,20.3,0.0,0.0,0.0,0.0,0.0
2023-03-01 22:00:00,22,20.3,20.3,0.0,0.0,0.0,0.0,0.0
2023-03-01 23:00:00,23,19.5,19.5,0.0,0.0,0.0,0.0,0.0
2023-03-02 00:00:00,0,18.9,18.9,0.0,0.0,0.0,0.0,0.0
2023-03-02 01:00:00,1,18.5,18.5,0.0,0.0,0.0,0.0,0.0
2023-03-02 02:00:00,2,18.4,18.4,0.0,0.0,0.0,0.0,0.0
2023-03-02 03:00:00,3,18.1,18.1,0.0,0.0,0.0,0.0,0.0
2023-03-02 04:00:00,4,17.6,17.6,0.0,0.0,0.0,0.0,0.0
2023-03-02 05:00:00,5,17.2,17.2,0.0,0.0,0.0,0.0,0.0
2023-03-02 06:00:00,6,17.8,17.8,0.0,0.0,0.0,0.0,0.0
2023-03-02 07:00:00,7,18.6,19.19375,19.0,0.0,0.08075,0.074,0.007
2023-03-02 08:00:00,8,21.8,27.08125,169.0,0.0,0.71227056875,0.682,0.03
2023-03-02 09:00:00,9,25.0,36.875,380.0,0.0,1.5382875,1.458,0.08
2023-03-02 10:00:00,10,27.3,45.3,576.0,0.0,2.2492224000000003,2.092,0.157
2023-03-02 11:00:00,11,28.9,51.49375,723.0,0.0,2.74711531875,2.726,0.021
2023-03-02 12:00:00,12,30.0,55.21875,807.0,1.0,3.0091486108125,3.013,-0.004
2023-03-02 13:00:00,13,30.8,56.01875,807.0,29.0,2.8299599501625,2.827,0.003
2023-03-02 14:00:00,14,31.0,53.15625,709.0,16.0,2.58831847175,2.612,-0.024
2023-03-02 15:00:00,15,31.0,50.09375,611.0,6.0,2.3080680041249995,2.314,-0.006
2023-03-02 16:00:00,16,30.6,44.0375,430.0,9.0,1.6579458292499998,1.679,-0.021
2023-03-02 17:00:00,17,29.5,36.5,224.0,1.0,0.906391584,0.882,0.024
2023-03-02 18:00:00,18,26.5,28.0,48.0,2.0,0.2007457919999999,0.182,0.019
2023-03-02 19:00:00,19,24.3,24.3,0.0,4.0,0.0,0.0,0.0
2023-03-02 20:00:00,20,23.6,23.6,0.0,4.0,0.0,0.0,0.0
2023-03-02 21:00:00,21,23.2,23.2,0.0,9.0,0.0,0.0,0.0
2023-03-02 22:00:00,22,21.4,21.4,0.0,60.0,0.0,0.0,0.0
2023-03-02 23:00:00,23,20.7,20.7,0.0,35.0,0.0,0.0,0.0
2023-03-03 00:00:00,0,20.3,20.3,0.0,46.0,0.0,0.0,0.0
2023-03-03 01:00:00,1,19.5,19.5,0.0,10.0,0.0,0.0,0.0
2023-03-03 02:00:00,2,19.0,19.0,0.0,0.0,0.0,0.0,0.0
2023-03-03 03:00:00,3,18.4,18.4,0.0,0.0,0.0,0.0,0.0
2023-03-03 04:00:00,4,17.8,17.8,0.0,0.0,0.0,0.0,0.0
2023-03-03 05:00:00,5,17.7,17.7,0.0,0.0,0.0,0.0,0.0
2023-03-03 06:00:00,6,17.6,17.6,0.0,0.0,0.0,0.0,0.0
2023-03-03 07:00:00,7,18.5,19.125,20.0,0.0,0.085,0.076,0.009
2023-03-03 08:00:00,8,21.9,27.2125,170.0,0.0,0.716105875,0.68,0.036
2023-03-03 09:00:00,9,25.0,36.90625,381.0,0.0,1.54213321875,1.458,0.084
2023-03-03 10:00:00,10,27.2,45.1375,574.0,0.0,2.242998275,2.096,0.147
2023-03-03 11:00:00,11,28.9,51.4,720.0,0.0,2.736864,2.726,0.011
2023-03-03 12:00:00,12,30.1,55.225,804.0,0.0,3.0038847000000004,2.836,0.168
2023-03-03 13:00:00,13,30.9,56.24375,811.0,8.0,2.96773654005,2.978,-0.01
2023-03-03 14:00:00,14,31.4,54.525,740.0,14.0,2.695915386,2.696,-0.0
2023-03-03 15:00:00,15,31.5,50.3125,602.0,15.0,2.2304683187499994,2.217,0.013
2023-03-03 16:00:00,16,31.3,44.7375,430.0,42.0,1.5418284895,1.544,-0.002
2023-03-03 17:00:00,17,30.1,36.31875,199.0,38.0,0.7460918099250001,0.763,-0.017
2023-03-03 18:00:00,18,27.3,28.675,44.0,38.0,0.1702480163999999,0.166,0.004
2023-03-03 19:00:00,19,24.9,24.9,0.0,5.0,0.0,0.0,0.0
2023-03-03 20:00:00,20,23.4,23.4,0.0,2.0,0.0,0.0,0.0
2023-03-03 21:00:00,21,22.2,22.2,0.0,0.0,0.0,0.0,0.0
2023-03-03 22:00:00,22,21.7,21.7,0.0,0.0,0.0,0.0,0.0
2023-03-03 23:00:00,23,20.8,20.8,0.0,0.0,0.0,0.0,0.0
2023-03-04 00:00:00,0,20.3,20.3,0.0,0.0,0.0,0.0,0.0
2023-03-04 01:00:00,1,20.0,20.0,0.0,11.0,0.0,0.0,0.0
2023-03-04 02:00:00,2,19.9,19.9,0.0,17.0,0.0,0.0,0.0
2023-03-04 03:00:00,3,19.5,19.5,0.0,18.0,0.0,0.0,0.0
2023-03-04 04:00:00,4,19.1,19.1,0.0,22.0,0.0,0.0,0.0
2023-03-04 05:00:00,5,19.6,19.6,0.0,12.0,0.0,0.0,0.0
2023-03-04 06:00:00,6,19.2,19.2,0.0,1.0,0.0,0.001,-0.001
2023-03-04 07:00:00,7,19.2,19.85625,21.0,0.0,0.08925,0.086,0.003
2023-03-04 08:00:00,8,21.6,26.94375,171.0,78.0,0.608607993825,0.617,-0.008
2023-03-04 09:00:00,9,24.0,32.40625,269.0,33.0,1.0361620583125,1.053,-0.017
2023-03-04 10:00:00,10,26.9,43.93125,545.0,12.0,2.0894715215,2.097,-0.008
2023-03-04 11:00:00,11,29.1,51.6,720.0,2.0,2.7234783359999994,2.739,-0.016
2023-03-04 12:00:00,12,30.3,55.70625,813.0,24.0,2.8853776906499995,2.883,0.002
2023-03-04 13:00:00,13,30.7,54.5125,762.0,10.0,2.7990711735,2.794,0.005
2023-03-04 14:00:00,14,31.2,54.2625,738.0,44.0,2.5256678796000003,2.569,-0.043
2023-03-04 15:00:00,15,30.2,46.3875,518.0,97.0,1.6226083100499995,1.627,-0.004
2023-03-04 16:00:00,16,29.0,38.34375,299.0,66.0,1.044137787875,1.047,-0.003
2023-03-04 17:00:00,17,26.9,32.68125,185.0,80.0,0.64015767375,0.622,0.018
2023-03-04 18:00:00,18,24.8,25.70625,29.0,43.0,0.1123322623375,0.121,-0.009
2023-03-04 19:00:00,19,22.2,22.2,0.0,1.0,0.0,0.0,0.0
2023-03-04 20:00:00,20,21.9,21.9,0.0,0.0,0.0,0.0,0.0
2023-03-04 21:00:00,21,21.2,21.2,0.0,20.0,0.0,0.0,0.0
2023-03-04 22:00:00,22,19.8,19.8,0.0,54.0,0.0,0.0,0.0
2023-03-04 23:00:00,23,19.9,19.9,0.0,87.0,0.0,0.0,0.0
2023-03-05 00:00:00,0,20.8,20.8,0.0,94.0,0.0,0.0,0.0
2023-03-05 01:00:00,1,20.8,20.8,0.0,48.0,0.0,0.0,0.0
2023-03-05 02:00:00,2,19.0,19.0,0.0,20.0,0.0,0.0,0.0
2023-03-05 03:00:00,3,17.3,17.3,0.0,3.0,0.0,0.0,0.0
2023-03-05 04:00:00,4,17.1,17.1,0.0,1.0,0.0,0.0,0.0
2023-03-05 05:00:00,5,20.7,20.7,0.0,0.0,0.0,0.0,0.0
2023-03-05 06:00:00,6,18.4,18.4,0.0,3.0,0.0,0.0,0.0
2023-03-05 07:00:00,7,19.0,19.71875,23.0,55.0,0.0869974999999999,0.09,-0.003
2023-03-05 08:00:00,8,22.1,27.6625,178.0,1.0,0.7469463884499999,0.719,0.028
2023-03-05 09:00:00,9,25.2,37.48125,393.0,0.0,1.58686276875,1.593,-0.006
2023-03-05 10:00:00,10,27.3,45.64375,587.0,0.0,2.28874601875,2.302,-0.013
2023-03-05 11:00:00,11,28.8,51.70625,733.0,1.0,2.7768984919125,2.764,0.013
2023-03-05 12:00:00,12,29.7,55.10625,813.0,23.0,2.899350548887499,2.851,0.048
2023-03-05 13:00:00,13,30.2,55.16875,799.0,16.0,2.89041689695,2.874,0.016
2023-03-05 14:00:00,14,30.4,52.8375,718.0,25.0,2.57612970125,2.583,-0.007
2023-03-05 15:00:00,15,30.4,49.43125,609.0,7.0,2.3026188829875003,2.328,-0.025
2023-03-05 16:00:00,16,29.7,43.41875,439.0,9.0,1.6971816331125,1.682,0.015
2023-03-05 17:00:00,17,27.9,35.0875,230.0,16.0,0.908040023,0.858,0.05
2023-03-05 18:00:00,18,25.6,27.1625,50.0,13.0,0.2051846662499999,0.189,0.016
2023-03-05 19:00:00,19,22.7,22.7,0.0,9.0,0.0,0.0,0.0
2023-03-05 20:00:00,20,22.3,22.3,0.0,4.0,0.0,0.0,0.0
2023-03-05 21:00:00,21,21.6,21.6,0.0,0.0,0.0,0.0,0.0
2023-03-05 22:00:00,22,20.5,20.5,0.0,0.0,0.0,0.0,0.0
2023-03-05 23:00:00,23,19.8,19.8,0.0,0.0,0.0,0.0,0.0
2023-03-06 00:00:00,0,18.9,18.9,0.0,0.0,0.0,0.0,0.0
2023-03-06 01:00:00,1,18.4,18.4,0.0,0.0,0.0,0.0,0.0
2023-03-06 02:00:00,2,19.0,19.0,0.0,0.0,0.0,0.0,0.0
2023-03-06 03:00:00,3,17.4,17.4,0.0,0.0,0.0,0.0,0.0
2023-03-06 04:00:00,4,16.9,16.9,0.0,2.0,0.0,0.0,0.0
2023-03-06 05:00:00,5,16.8,16.8,0.0,0.0,0.0,0.0,0.0
2023-03-06 06:00:00,6,16.6,16.6,0.0,0.0,0.0,0.0,0.0
2023-03-06 07:00:00,7,17.9,18.68125,25.0,0.0,0.10625,0.102,0.004
2023-03-06 08:00:00,8,21.9,27.7125,186.0,0.0,0.7819230749999999,0.774,0.008
2023-03-06 09:00:00,9,25.2,37.79375,403.0,0.0,1.62510001875,1.65,-0.025
2023-03-06 10:00:00,10,27.1,45.85,600.0,0.0,2.33733,2.311,0.026
2023-03-06 11:00:00,11,28.3,51.64375,747.0,2.0,2.825055414675,2.849,-0.024
2023-03-06 12:00:00,12,29.3,54.7375,814.0,4.0,3.0236085352,3.026,-0.002
2023-03-06 13:00:00,13,30.0,55.875,828.0,18.0,2.973364974,2.973,0.0
2023-03-06 14:00:00,14,30.2,54.73125,785.0,7.0,2.8983336581875,2.899,-0.001
2023-03-06 15:00:00,15,29.9,50.15,648.0,92.0,2.0211892416,2.014,0.007
2023-03-06 16:00:00,16,29.0,42.625,436.0,78.0,1.453674794,1.427,0.027
2023-03-06 17:00:00,17,28.5,34.71875,199.0,100.0,0.6502971750000002,0.66,-0.01
2023-03-06 18:00:00,18,26.0,27.375,44.0,100.0,0.1481788,0.137,0.011
2023-03-06 19:00:00,19,23.1,23.1,0.0,100.0,0.0,0.0,0.0
2023-03-06 20:00:00,20,21.9,21.9,0.0,100.0,0.0,0.0,0.0
2023-03-06 21:00:00,21,21.1,21.1,0.0,99.0,0.0,0.0,0.0
2023-03-06 22:00:00,22,20.4,20.4,0.0,96.0,0.0,0.0,0.0
2023-03-06 23:00:00,23,19.7,19.7,0.0,52.0,0.0,0.0,0.0
2023-03-07 00:00:00,0,18.4,18.4,0.0,95.0,0.0,0.0,0.0
2023-03-07 01:00:00,1,17.3,17.3,0.0,0.0,0.0,0.0,0.0
2023-03-07 02:00:00,2,17.3,17.3,0.0,98.0,0.0,0.0,0.0
2023-03-07 03:00:00,3,17.0,17.0,0.0,42.0,0.0,0.0,0.0
2023-03-07 04:00:00,4,16.6,16.6,0.0,87.0,0.0,0.0,0.0
2023-03-07 05:00:00,5,18.6,18.6,0.0,100.0,0.0,0.0,0.0
2023-03-07 06:00:00,6,17.3,17.3,0.0,100.0,0.0,0.0,0.0
2023-03-07 07:00:00,7,17.9,18.5875,22.0,100.0,0.0747999999999999,0.078,-0.003
2023-03-07 08:00:00,8,20.3,25.425,164.0,100.0,0.55665208,0.532,0.025
2023-03-07 09:00:00,9,23.0,33.84375,347.0,100.0,1.1380645749999998,1.15,-0.012
2023-03-07 10:00:00,10,25.7,43.41875,567.0,100.0,1.785769335,1.78,0.006
2023-03-07 11:00:00,11,27.7,50.3875,726.0,98.0,2.2288226499,2.225,0.004
2023-03-07 12:00:00,12,28.8,51.95625,741.0,43.0,2.5680494565375,2.587,-0.019
2023-03-07 13:00:00,13,29.5,53.21875,759.0,40.0,2.6327119912499994,2.634,-0.001
2023-03-07 14:00:00,14,29.7,51.60625,701.0,56.0,2.36401878705,2.361,0.003
2023-03-07 15:00:00,15,29.6,47.5375,574.0,66.0,1.9265946371,1.925,0.002
2023-03-07 16:00:00,16,28.8,40.83125,385.0,73.0,1.3088698363125,1.268,0.041
2023-03-07 17:00:00,17,27.7,33.45,184.0,96.0,0.6104992671999999,0.625,-0.015
2023-03-07 18:00:00,18,24.8,26.20625,45.0,65.0,0.1655846803124999,0.152,0.014
2023-03-07 19:00:00,19,23.2,23.2,0.0,28.0,0.0,0.0,0.0
2023-03-07 20:00:00,20,22.5,22.5,0.0,60.0,0.0,0.0,0.0
2023-03-07 21:00:00,21,23.8,23.8,0.0,19.0,0.0,0.0,0.0
2023-03-07 22:00:00,22,19.8,19.8,0.0,10.0,0.0,0.0,0.0
2023-03-07 23:00:00,23,18.6,18.6,0.0,3.0,0.0,0.0,0.0
2023-03-08 00:00:00,0,18.3,18.3,0.0,10.0,0.0,0.0,0.0
2023-03-08 01:00:00,1,17.3,17.3,0.0,5.0,0.0,0.0,0.0
2023-03-08 02:00:00,2,17.6,17.6,0.0,57.0,0.0,0.0,0.0
2023-03-08 03:00:00,3,17.7,17.7,0.0,100.0,0.0,0.0,0.0
2023-03-08 04:00:00,4,18.1,18.1,0.0,18.0,0.0,0.0,0.0
2023-03-08 05:00:00,5,18.1,18.1,0.0,54.0,0.0,0.0,0.0
2023-03-08 06:00:00,6,17.7,17.7,0.0,64.0,0.0,0.0,0.0
2023-03-08 07:00:00,7,19.0,19.75,24.0,50.0,0.0917999999999999,0.096,-0.004
2023-03-08 08:00:00,8,21.2,26.5125,170.0,37.0,0.66498733825,0.666,-0.001
2023-03-08 09:00:00,9,23.4,34.49375,355.0,67.0,1.2569602194374998,1.296,-0.039
2023-03-08 10:00:00,10,24.3,39.70625,493.0,65.0,1.7156373193124996,1.719,-0.003
2023-03-08 11:00:00,11,25.5,44.9375,622.0,42.0,2.2283356815,2.273,-0.045
2023-03-08 12:00:00,12,23.3,40.9875,566.0,72.0,1.9274280434,1.885,0.042
2023-03-08 13:00:00,13,24.4,44.3375,638.0,100.0,2.00141238,2.024,-0.023
2023-03-08 14:00:00,14,25.1,42.475,556.0,75.0,1.868152355,1.836,0.032
2023-03-08 15:00:00,15,25.2,42.41875,551.0,97.0,1.7559423864125,1.756,-0.0
2023-03-08 16:00:00,16,24.9,37.65,408.0,100.0,1.31700768,1.327,-0.01
2023-03-08 17:00:00,17,25.3,29.2375,126.0,67.0,0.4558825561499999,0.457,-0.001
2023-03-08 18:00:00,18,22.8,24.51875,55.0,24.0,0.22253,0.197,0.026
2023-03-08 19:00:00,19,21.2,21.2,0.0,29.0,0.0,0.0,0.0
2023-03-08 20:00:00,20,20.6,20.6,0.0,50.0,0.0,0.0,0.0
2023-03-08 21:00:00,21,19.4,19.4,0.0,7.0,0.0,0.0,0.0
2023-03-08 22:00:00,22,19.8,19.8,0.0,15.0,0.0,0.0,0.0
2023-03-08 23:00:00,23,18.7,18.7,0.0,16.0,0.0,0.0,0.0
2023-03-09 00:00:00,0,19.1,19.1,0.0,4.0,0.0,0.0,0.0
2023-03-09 01:00:00,1,19.0,19.0,0.0,1.0,0.0,0.0,0.0
2023-03-09 02:00:00,2,18.1,18.1,0.0,0.0,0.0,0.0,0.0
2023-03-09 03:00:00,3,15.9,15.9,0.0,0.0,0.0,0.0,0.0
2023-03-09 04:00:00,4,15.6,15.6,0.0,0.0,0.0,0.0,0.0
2023-03-09 05:00:00,5,17.2,17.2,0.0,0.0,0.0,0.0,0.0
2023-03-09 06:00:00,6,16.0,16.0,0.0,2.0,0.0,0.0,0.0
2023-03-09 07:00:00,7,16.6,17.475,28.0,2.0,0.118524,0.121,-0.002
2023-03-09 08:00:00,8,19.6,25.50625,189.0,3.0,0.7968136782374999,0.768,0.029
2023-03-09 09:00:00,9,22.9,35.43125,401.0,3.0,1.6233413277374995,1.583,0.04
2023-03-09 10:00:00,10,25.2,43.79375,595.0,4.0,2.319942009,2.352,-0.032
2023-03-09 11:00:00,11,26.5,49.375,732.0,12.0,2.74029324,2.728,0.012
2023-03-09 12:00:00,12,27.6,52.6,800.0,37.0,2.80081664,2.788,0.013
2023-03-09 13:00:00,13,28.4,53.05625,789.0,60.0,2.6196997365,2.652,-0.032
2023-03-09 14:00:00,14,28.6,49.06875,655.0,100.0,2.012595575,2.03,-0.017
2023-03-09 15:00:00,15,26.0,37.0,352.0,88.0,1.1735342079999995,1.163,0.011
2023-03-09 16:00:00,16,25.8,33.581250000000004,249.0,39.0,0.9422153743875,0.945,-0.003
2023-03-09 17:00:00,17,25.2,31.2625,194.0,9.0,0.7893770420499999,0.796,-0.007
2023-03-09 18:00:00,18,21.9,23.61875,55.0,21.0,0.2239325,0.197,0.027
2023-03-09 19:00:00,19,21.4,21.4,0.0,3.0,0.0,0.0,0.0
2023-03-09 20:00:00,20,19.6,19.6,0.0,0.0,0.0,0.0,0.0
2023-03-09 21:00:00,21,18.2,18.2,0.0,0.0,0.0,0.0,0.0
2023-03-09 22:00:00,22,16.8,16.8,0.0,0.0,0.0,0.0,0.0
2023-03-09 23:00:00,23,17.3,17.3,0.0,0.0,0.0,0.0,0.0
2023-03-10 00:00:00,0,18.5,18.5,0.0,0.0,0.0,0.0,0.0
2023-03-10 01:00:00,1,18.2,18.2,0.0,0.0,0.0,0.0,0.0
2023-03-10 02:00:00,2,19.1,19.1,0.0,0.0,0.0,0.0,0.0
2023-03-10 03:00:00,3,19.1,19.1,0.0,0.0,0.0,0.0,0.0
2023-03-10 04:00:00,4,16.8,16.8,0.0,0.0,0.0,0.0,0.0
2023-03-10 05:00:00,5,15.9,15.9,0.0,0.0,0.0,0.0,0.0
2023-03-10 06:00:00,6,15.9,15.9,0.0,0.0,0.0,0.0,0.0
2023-03-10 07:00:00,7,17.3,18.26875,31.0,0.0,0.13175,0.128,0.004
2023-03-10 08:00:00,8,21.1,27.31875,199.0,0.0,0.83790566875,0.801,0.037
2023-03-10 09:00:00,9,24.3,37.3,416.0,0.0,1.6810144,1.653,0.028
2023-03-10 10:00:00,10,26.0,45.15625,613.0,0.0,2.39520171875,2.268,0.127
2023-03-10 11:00:00,11,27.3,51.08125,761.0,0.0,2.89683686875,2.759,0.138
2023-03-10 12:00:00,12,28.3,54.64375,843.0,0.0,3.15792541875,3.057,0.101
2023-03-10 13:00:00,13,29.1,55.725,852.0,0.0,3.1759791,3.181,-0.005
2023-03-10 14:00:00,14,29.6,54.19375,787.0,0.0,2.95416681875,2.775,0.179
2023-03-10 15:00:00,15,29.6,49.94375,651.0,1.0,2.4857161237125003,2.443,0.043
2023-03-10 16:00:00,16,29.2,43.85625,469.0,0.0,1.8429091187499995,1.733,0.11
2023-03-10 17:00:00,17,27.9,35.80625,253.0,0.0,1.0287723187500002,0.895,0.134
2023-03-10 18:00:00,18,24.4,26.275,60.0,0.0,0.2536995,0.207,0.047
2023-03-10 19:00:00,19,22.3,22.3,0.0,0.0,0.0,0.0,0.0
2023-03-10 20:00:00,20,21.1,21.1,0.0,0.0,0.0,0.0,0.0
2023-03-10 21:00:00,21,20.8,20.8,0.0,0.0,0.0,0.0,0.0
2023-03-10 22:00:00,22,18.9,18.9,0.0,0.0,0.0,0.0,0.0
2023-03-10 23:00:00,23,18.5,18.5,0.0,0.0,0.0,0.0,0.0
2023-03-11 00:00:00,0,17.7,17.7,0.0,0.0,0.0,0.0,0.0
2023-03-11 01:00:00,1,18.9,18.9,0.0,0.0,0.0,0.0,0.0
2023-03-11 02:00:00,2,17.4,17.4,0.0,0.0,0.0,0.0,0.0
2023-03-11 03:00:00,3,16.4,16.4,0.0,0.0,0.0,0.0,0.0
2023-03-11 04:00:00,4,15.8,15.8,0.0,0.0,0.0,0.0,0.0
2023-03-11 05:00:00,5,16.5,16.5,0.0,0.0,0.0,0.0,0.0
2023-03-11 06:00:00,6,16.3,16.3,0.0,0.0,0.0,0.0,0.0
2023-03-11 07:00:00,7,18.1,19.13125,33.0,0.0,0.14025,0.128,0.012
2023-03-11 08:00:00,8,21.6,28.00625,205.0,0.0,0.8607732187499999,0.827,0.034
2023-03-11 09:00:00,9,24.3,37.51875,423.0,0.0,1.7077276687499998,1.678,0.03
2023-03-11 10:00:00,10,26.7,46.04375,619.0,0.0,2.40930661875,2.403,0.006
2023-03-11 11:00:00,11,28.2,52.10625,765.0,0.0,2.8987332187500003,2.892,0.007
2023-03-11 12:00:00,12,29.1,55.53750000000001,846.0,0.0,3.156309675,3.162,-0.006
2023-03-11 13:00:00,13,29.7,56.3875,854.0,0.0,3.173816275,3.163,0.011
2023-03-11 14:00:00,14,30.1,54.75625,789.0,0.0,2.95412941875,2.77,0.184
2023-03-11 15:00:00,15,30.2,50.7,656.0,15.0,2.426351792,2.43,-0.004
2023-03-11 16:00:00,16,30.0,44.625,468.0,56.0,1.627582788,1.616,0.012
2023-03-11 17:00:00,17,28.8,36.58125,249.0,33.0,0.9426176152125,0.937,0.006
2023-03-11 18:00:00,18,26.1,28.00625,61.0,0.0,0.25613251875,0.232,0.024
2023-03-11 19:00:00,19,23.9,23.9,0.0,0.0,0.0,0.0,0.0
2023-03-11 20:00:00,20,22.5,22.5,0.0,0.0,0.0,0.0,0.0
2023-03-11 21:00:00,21,20.9,20.9,0.0,0.0,0.0,0.0,0.0
2023-03-11 22:00:00,22,21.4,21.4,0.0,0.0,0.0,0.0,0.0
2023-03-11 23:00:00,23,22.1,22.1,0.0,0.0,0.0,0.0,0.0
2023-03-12 00:00:00,0,21.9,21.9,0.0,0.0,0.0,0.0,0.0
2023-03-12 01:00:00,1,22.0,22.0,0.0,0.0,0.0,0.0,0.0
2023-03-12 02:00:00,2,19.3,19.3,0.0,0.0,0.0,0.0,0.0
2023-03-12 03:00:00,3,21.4,21.4,0.0,0.0,0.0,0.0,0.0
2023-03-12 04:00:00,4,21.3,21.3,0.0,0.0,0.0,0.0,0.0
2023-03-12 05:00:00,5,20.9,20.9,0.0,0.0,0.0,0.0,0.0
2023-03-12 06:00:00,6,20.6,20.6,0.0,0.0,0.0,0.001,-0.001
2023-03-12 07:00:00,7,20.6,21.6625,34.0,0.0,0.1445,0.139,0.006
2023-03-12 08:00:00,8,22.6,29.0375,206.0,16.0,0.8337971333999998,0.806,0.028
2023-03-12 09:00:00,9,25.0,38.21875,423.0,0.0,1.7026939687499998,1.667,0.036
2023-03-12 10:00:00,10,27.3,46.64375,619.0,0.0,2.40299281875,2.379,0.024
2023-03-12 11:00:00,11,29.1,53.0375,766.0,25.0,2.74587589125,2.756,-0.01
2023-03-12 12:00:00,12,30.3,56.8,848.0,29.0,2.9631280704,2.974,-0.011
2023-03-12 13:00:00,13,31.1,57.85,856.0,68.0,2.7302113152,2.722,0.008
2023-03-12 14:00:00,14,31.5,56.125,788.0,100.0,2.3456396,2.351,-0.005
2023-03-12 15:00:00,15,31.7,51.2,624.0,97.0,1.9135007424,1.903,0.011
2023-03-12 16:00:00,16,31.5,45.15625,437.0,91.0,1.3967425409375,1.375,0.022
2023-03-12 17:00:00,17,30.9,38.11875,231.0,100.0,0.7441861350000001,0.74,0.004
2023-03-12 18:00:00,18,26.6,28.31875,55.0,100.0,0.184517575,0.189,-0.004
2023-03-12 19:00:00,19,25.6,25.6,0.0,99.0,0.0,0.0,0.0
2023-03-12 20:00:00,20,23.7,23.7,0.0,100.0,0.0,0.0,0.0
2023-03-12 21:00:00,21,24.9,24.9,0.0,100.0,0.0,0.0,0.0
2023-03-12 22:00:00,22,24.3,24.3,0.0,100.0,0.0,0.0,0.0
2023-03-12 23:00:00,23,24.5,24.5,0.0,100.0,0.0,0.0,0.0
2023-03-13 00:00:00,0,21.6,21.6,0.0,100.0,0.0,0.0,0.0
2023-03-13 01:00:00,1,21.3,21.3,0.0,100.0,0.0,0.0,0.0
2023-03-13 02:00:00,2,20.3,20.3,0.0,100.0,0.0,0.0,0.0
2023-03-13 03:00:00,3,20.1,20.1,0.0,100.0,0.0,0.0,0.0
2023-03-13 04:00:00,4,19.7,19.7,0.0,100.0,0.0,0.0,0.0
2023-03-13 05:00:00,5,20.9,20.9,0.0,100.0,0.0,0.0,0.0
2023-03-13 06:00:00,6,21.6,21.6,0.0,100.0,0.0,0.001,-0.001
2023-03-13 07:00:00,7,22.2,23.23125,33.0,9.0,0.1377255,0.148,-0.01
2023-03-13 08:00:00,8,25.0,30.84375,187.0,57.0,0.6876890288125,0.691,-0.003
2023-03-13 09:00:00,9,27.5,40.25,408.0,88.0,1.341658224,1.34,0.002
2023-03-13 10:00:00,10,29.4,46.99375,563.0,95.0,1.7676207331874998,1.763,0.005
2023-03-13 11:00:00,11,30.9,53.3375,718.0,100.0,2.1644899800000004,2.175,-0.011
2023-03-13 12:00:00,12,31.4,52.4625,674.0,99.0,2.0449674093500003,2.015,0.03
2023-03-13 13:00:00,13,32.3,54.8,720.0,58.0,2.382599232,2.38,0.003
2023-03-13 14:00:00,14,32.1,50.6625,594.0,40.0,2.084131269,2.082,0.002
2023-03-13 15:00:00,15,31.4,49.0875,566.0,75.0,1.84767056375,1.838,0.01
2023-03-13 16:00:00,16,30.9,39.80625,285.0,76.0,0.9663076334999996,0.988,-0.022
2023-03-13 17:00:00,17,28.2,34.04375,187.0,99.0,0.6143319348375,0.609,0.005
2023-03-13 18:00:00,18,25.8,27.20625,45.0,80.0,0.15923226375,0.154,0.005
2023-03-13 19:00:00,19,23.2,23.2,0.0,77.0,0.0,0.0,0.0
2023-03-13 20:00:00,20,22.6,22.6,0.0,97.0,0.0,0.0,0.0
2023-03-13 21:00:00,21,23.5,23.5,0.0,1.0,0.0,0.0,0.0
2023-03-13 22:00:00,22,24.1,24.1,0.0,12.0,0.0,0.0,0.0
2023-03-13 23:00:00,23,20.6,20.6,0.0,59.0,0.0,0.0,0.0
2023-03-14 00:00:00,0,19.6,19.6,0.0,43.0,0.0,0.0,0.0
2023-03-14 01:00:00,1,19.2,19.2,0.0,39.0,0.0,0.0,0.0
2023-03-14 02:00:00,2,19.8,19.8,0.0,50.0,0.0,0.0,0.0
2023-03-14 03:00:00,3,19.0,19.0,0.0,0.0,0.0,0.0,0.0
2023-03-14 04:00:00,4,18.0,18.0,0.0,1.0,0.0,0.0,0.0
2023-03-14 05:00:00,5,18.8,18.8,0.0,0.0,0.0,0.0,0.0
2023-03-14 06:00:00,6,19.4,19.4,0.0,5.0,0.0,0.001,-0.001
2023-03-14 07:00:00,7,20.6,21.6625,34.0,69.0,0.124559,0.124,0.001
2023-03-14 08:00:00,8,23.4,28.5875,166.0,44.0,0.6341829804,0.631,0.003
2023-03-14 09:00:00,9,26.0,38.3125,394.0,16.0,1.5346022229999998,1.578,-0.043
2023-03-14 10:00:00,10,28.8,48.26875,623.0,11.0,2.3484818340375004,2.314,0.034
2023-03-14 11:00:00,11,30.9,54.9625,770.0,15.0,2.79388214875,2.79,0.004
2023-03-14 12:00:00,12,31.9,57.65,824.0,12.0,2.9715674688,2.979,-0.007
2023-03-14 13:00:00,13,32.7,58.825,836.0,15.0,2.980110727,2.968,0.012
2023-03-14 14:00:00,14,32.6,55.225,724.0,41.0,2.4831814626,2.489,-0.006
2023-03-14 15:00:00,15,32.1,49.475,556.0,51.0,1.9142327454,1.899,0.015
2023-03-14 16:00:00,16,31.0,44.21875,423.0,51.0,1.4902740759374995,1.493,-0.003
2023-03-14 17:00:00,17,28.3,34.6125,202.0,73.0,0.70496903645,0.712,-0.007
2023-03-14 18:00:00,18,25.9,27.30625,45.0,42.0,0.173568918375,0.165,0.009
2023-03-14 19:00:00,19,24.5,24.5,0.0,26.0,0.0,0.0,0.0
2023-03-14 20:00:00,20,25.1,25.1,0.0,7.0,0.0,0.0,0.0
2023-03-14 21:00:00,21,23.3,23.3,0.0,0.0,0.0,0.0,0.0
2023-03-14 22:00:00,22,21.5,21.5,0.0,0.0,0.0,0.0,0.0
2023-03-14 23:00:00,23,21.3,21.3,0.0,0.0,0.0,0.0,0.0
2023-03-15 00:00:00,0,20.2,20.2,0.0,0.0,0.0,0.0,0.0
2023-03-15 01:00:00,1,19.0,19.0,0.0,0.0,0.0,0.0,0.0
2023-03-15 02:00:00,2,19.0,19.0,0.0,69.0,0.0,0.0,0.0
2023-03-15 03:00:00,3,19.2,19.2,0.0,88.0,0.0,0.0,0.0
2023-03-15 04:00:00,4,20.3,20.3,0.0,62.0,0.0,0.0,0.0
2023-03-15 05:00:00,5,19.3,19.3,0.0,100.0,0.0,0.0,0.0
2023-03-15 06:00:00,6,19.1,19.1,0.0,59.0,0.0,0.0,0.0
2023-03-15 07:00:00,7,20.3,21.51875,39.0,29.0,0.1561365,0.155,0.001
2023-03-15 08:00:00,8,23.7,30.075,204.0,81.0,0.7117971162,0.689,0.023
2023-03-15 09:00:00,9,26.9,39.18125,393.0,100.0,1.2604040550000002,1.279,-0.019
2023-03-15 10:00:00,10,29.2,46.575,556.0,100.0,1.7272584800000002,1.714,0.013
2023-03-15 11:00:00,11,30.7,52.1375,686.0,100.0,2.07921798,2.089,-0.01
2023-03-15 12:00:00,12,31.8,53.89375,707.0,100.0,2.125980815,2.133,-0.007
2023-03-15 13:00:00,13,31.3,48.01875,535.0,100.0,1.6515155750000003,1.672,-0.02
2023-03-15 14:00:00,14,31.7,49.98125,585.0,100.0,1.7902491749999996,1.808,-0.018
2023-03-15 15:00:00,15,31.9,49.55625,565.0,100.0,1.732309775,1.73,0.002
2023-03-15 16:00:00,16,30.7,41.575,348.0,100.0,1.10475384,1.112,-0.007
2023-03-15 17:00:00,17,30.3,36.89375,211.0,100.0,0.6832696949999999,0.689,-0.006
2023-03-15 18:00:00,18,28.0,29.59375,51.0,100.0,0.170213775,0.169,0.001
2023-03-15 19:00:00,19,26.1,26.1,0.0,100.0,0.0,0.0,0.0
2023-03-15 20:00:00,20,24.4,24.4,0.0,98.0,0.0,0.0,0.0
2023-03-15 21:00:00,21,25.2,25.2,0.0,97.0,0.0,0.0,0.0
2023-03-15 22:00:00,22,25.5,25.5,0.0,100.0,0.0,0.0,0.0
2023-03-15 23:00:00,23,23.2,23.2,0.0,100.0,0.0,0.0,0.0
2023-03-16 00:00:00,0,21.3,21.3,0.0,100.0,0.0,0.0,0.0
2023-03-16 01:00:00,1,22.0,22.0,0.0,100.0,0.0,0.0,0.0
2023-03-16 02:00:00,2,21.0,21.0,0.0,100.0,0.0,0.0,0.0
2023-03-16 03:00:00,3,21.0,21.0,0.0,100.0,0.0,0.0,0.0
2023-03-16 04:00:00,4,20.8,20.8,0.0,100.0,0.0,0.0,0.0
2023-03-16 05:00:00,5,21.8,21.8,0.0,100.0,0.0,0.0,0.0
2023-03-16 06:00:00,6,22.2,22.2,0.0,98.0,0.0,0.001,-0.001
2023-03-16 07:00:00,7,21.7,22.73125,33.0,100.0,0.1122,0.123,-0.011
2023-03-16 08:00:00,8,23.7,28.7,160.0,75.0,0.5694456,0.569,0.0
2023-03-16 09:00:00,9,26.3,37.7375,366.0,95.0,1.1957602927500002,1.194,0.002
2023-03-16 10:00:00,10,27.9,43.24375,491.0,100.0,1.547575535,1.555,-0.007
2023-03-16 11:00:00,11,28.8,43.925,484.0,38.0,1.7567874324,1.753,0.004
2023-03-16 12:00:00,12,30.6,56.28750000000001,822.0,14.0,2.970712397699999,2.964,0.007
2023-03-16 13:00:00,13,27.1,52.1625,802.0,100.0,2.43053318,2.402,0.029
2023-03-16 14:00:00,14,27.5,42.25,472.0,78.0,1.5762425839999998,1.567,0.009
2023-03-16 15:00:00,15,28.1,43.88125,505.0,85.0,1.6468482090624996,1.64,0.007
2023-03-16 16:00:00,16,27.0,37.59375,339.0,69.0,1.1793644525624998,1.194,-0.015
2023-03-16 17:00:00,17,27.6,32.725,164.0,35.0,0.6281803110000002,0.565,0.063
2023-03-16 18:00:00,18,24.7,26.5125,58.0,35.0,0.22785806775,0.202,0.026
2023-03-16 19:00:00,19,23.3,23.3,0.0,62.0,0.0,0.0,0.0
2023-03-16 20:00:00,20,22.2,22.2,0.0,30.0,0.0,0.0,0.0
2023-03-16 21:00:00,21,23.7,23.7,0.0,23.0,0.0,0.0,0.0
2023-03-16 22:00:00,22,22.8,22.8,0.0,94.0,0.0,0.0,0.0
2023-03-16 23:00:00,23,23.2,23.2,0.0,57.0,0.0,0.0,0.0
2023-03-17 00:00:00,0,22.7,22.7,0.0,87.0,0.0,0.0,0.0
2023-03-17 01:00:00,1,22.3,22.3,0.0,95.0,0.0,0.0,0.0
2023-03-17 02:00:00,2,21.5,21.5,0.0,47.0,0.0,0.0,0.0
2023-03-17 03:00:00,3,21.1,21.1,0.0,41.0,0.0,0.0,0.0
2023-03-17 04:00:00,4,21.1,21.1,0.0,24.0,0.0,0.0,0.0
2023-03-17 05:00:00,5,18.7,18.7,0.0,43.0,0.0,0.0,0.0
2023-03-17 06:00:00,6,18.6,18.6,0.0,89.0,0.0,0.0,0.0
2023-03-17 07:00:00,7,19.6,20.63125,33.0,60.0,0.12342,0.121,0.002
2023-03-17 08:00:00,8,22.3,27.64375,171.0,67.0,0.6227099598375,0.624,-0.001
2023-03-17 09:00:00,9,23.9,33.49375,307.0,40.0,1.1595874292499997,1.17,-0.01
2023-03-17 10:00:00,10,26.5,45.25,600.0,38.0,2.1653478,2.163,0.002
2023-03-17 11:00:00,11,28.0,52.09375,771.0,20.0,2.8047669299999995,2.823,-0.018
2023-03-17 12:00:00,12,29.1,55.1625,834.0,13.0,3.03581781705,3.052,-0.016
2023-03-17 13:00:00,13,30.0,56.25,840.0,23.0,2.9800575,2.989,-0.009
2023-03-17 14:00:00,14,29.4,52.80625,749.0,67.0,2.4500811542375,2.45,0.0
2023-03-17 15:00:00,15,23.1,38.56875,495.0,62.0,1.7428624166250002,1.753,-0.01
2023-03-17 16:00:00,16,25.5,36.5625,354.0,75.0,1.2196793437499998,1.207,0.013
2023-03-17 17:00:00,17,24.3,29.89375,179.0,38.0,0.689173086525,0.64,0.049
2023-03-17 18:00:00,18,23.3,24.9875,54.0,41.0,0.210681,0.196,0.015
2023-03-17 19:00:00,19,21.8,21.8,0.0,82.0,0.0,0.0,0.0
2023-03-17 20:00:00,20,19.6,19.6,0.0,40.0,0.0,0.0,0.0
2023-03-17 21:00:00,21,19.4,19.4,0.0,53.0,0.0,0.0,0.0
2023-03-17 22:00:00,22,19.0,19.0,0.0,100.0,0.0,0.0,0.0
2023-03-17 23:00:00,23,18.9,18.9,0.0,34.0,0.0,0.0,0.0
2023-03-18 00:00:00,0,17.9,17.9,0.0,0.0,0.0,0.0,0.0
2023-03-18 01:00:00,1,17.7,17.7,0.0,0.0,0.0,0.0,0.0
2023-03-18 02:00:00,2,16.7,16.7,0.0,0.0,0.0,0.0,0.0
2023-03-18 03:00:00,3,16.5,16.5,0.0,0.0,0.0,0.0,0.0
2023-03-18 04:00:00,4,16.1,16.1,0.0,0.0,0.0,0.0,0.0
2023-03-18 05:00:00,5,15.9,15.9,0.0,0.0,0.0,0.0,0.0
2023-03-18 06:00:00,6,16.8,16.8,0.0,0.0,0.0,0.0,0.0
2023-03-18 07:00:00,7,17.3,18.70625,45.0,0.0,0.1243124999999999,0.157,-0.033
2023-03-18 08:00:00,8,19.7,26.66875,223.0,0.0,0.6119254496875001,0.937,-0.325
2023-03-18 09:00:00,9,22.1,35.7875,438.0,0.0,1.0211483584575,1.382,-0.361
2023-03-18 10:00:00,10,24.3,43.8625,626.0,0.0,1.3110548915749998,1.778,-0.467
2023-03-18 11:00:00,11,25.9,50.025,772.0,0.0,1.53917573147,2.855,-1.316
2023-03-18 12:00:00,12,27.2,53.6375,846.0,0.0,1.6679066253525,1.71,-0.042
2023-03-18 13:00:00,13,27.6,52.75625000000001,805.0,0.0,1.5854848011843752,1.739,-0.154
2023-03-18 14:00:00,14,27.7,46.7,608.0,0.0,1.303739112,1.669,-0.365
2023-03-18 15:00:00,15,27.7,45.575,572.0,0.0,1.3572970210799995,2.097,-0.74
2023-03-18 16:00:00,16,27.0,40.375,428.0,0.0,0.9054625476,1.256,-0.351
2023-03-18 17:00:00,17,26.1,33.25625,229.0,0.0,0.48937637775,0.719,-0.23
2023-03-18 18:00:00,18,24.2,26.2,64.0,0.0,0.140761088,0.218,-0.077
2023-03-18 19:00:00,19,22.4,22.4,0.0,0.0,0.0,0.0,0.0
2023-03-18 20:00:00,20,21.2,21.2,0.0,0.0,0.0,0.0,0.0
2023-03-18 21:00:00,21,20.0,20.0,0.0,0.0,0.0,0.0,0.0
2023-03-18 22:00:00,22,19.2,19.2,0.0,0.0,0.0,0.0,0.0
2023-03-18 23:00:00,23,18.5,18.5,0.0,0.0,0.0,0.0,0.0
2023-03-19 00:00:00,0,18.1,18.1,0.0,31.0,0.0,0.0,0.0
2023-03-19 01:00:00,1,17.6,17.6,0.0,44.0,0.0,0.0,0.0
2023-03-19 02:00:00,2,17.2,17.2,0.0,17.0,0.0,0.0,0.0
2023-03-19 03:00:00,3,16.8,16.8,0.0,0.0,0.0,0.0,0.0
2023-03-19 04:00:00,4,16.6,16.6,0.0,2.0,0.0,0.0,0.0
2023-03-19 05:00:00,5,17.4,17.4,0.0,7.0,0.0,0.0,0.0
2023-03-19 06:00:00,6,17.5,17.5,0.0,24.0,0.0,0.0,0.0
2023-03-19 07:00:00,7,18.5,19.78125,41.0,15.0,0.1690225,0.151,0.018
2023-03-19 08:00:00,8,19.6,25.6,192.0,23.0,0.7765956864,0.786,-0.009
2023-03-19 09:00:00,9,21.7,33.2625,370.0,11.0,1.4870772397499998,1.471,0.016
2023-03-19 10:00:00,10,23.8,41.9875,582.0,12.0,2.2500954587999997,2.236,0.014
2023-03-19 11:00:00,11,25.4,48.275,732.0,26.0,2.6746548732,2.663,0.012
2023-03-19 12:00:00,12,26.5,52.03125,817.0,29.0,2.9171978165625,2.924,-0.007
2023-03-19 13:00:00,13,27.1,51.5375,782.0,100.0,2.37656838,2.405,-0.028
2023-03-19 14:00:00,14,27.7,48.23125,657.0,100.0,2.026224135,2.002,0.024
2023-03-19 15:00:00,15,23.3,36.51875,423.0,94.0,1.392513959025,1.397,-0.004
2023-03-19 16:00:00,16,23.9,30.24375,203.0,72.0,0.7230236688500001,0.728,-0.005
2023-03-19 17:00:00,17,22.0,27.53125,177.0,74.0,0.6344277153749999,0.611,0.023
2023-03-19 18:00:00,18,17.7,19.0125,42.0,100.0,0.1428,0.129,0.014
2023-03-19 19:00:00,19,18.2,18.2,0.0,94.0,0.0,0.0,0.0
2023-03-19 20:00:00,20,18.2,18.2,0.0,90.0,0.0,0.0,0.0
2023-03-19 21:00:00,21,17.9,17.9,0.0,100.0,0.0,0.0,0.0
2023-03-19 22:00:00,22,17.6,17.6,0.0,100.0,0.0,0.0,0.0
2023-03-19 23:00:00,23,17.4,17.4,0.0,100.0,0.0,0.0,0.0
2023-03-20 00:00:00,0,16.8,16.8,0.0,100.0,0.0,0.0,0.0
2023-03-20 01:00:00,1,16.5,16.5,0.0,98.0,0.0,0.0,0.0
2023-03-20 02:00:00,2,16.0,16.0,0.0,100.0,0.0,0.0,0.0
2023-03-20 03:00:00,3,15.7,15.7,0.0,100.0,0.0,0.0,0.0
2023-03-20 04:00:00,4,15.7,15.7,0.0,100.0,0.0,0.0,0.0
2023-03-20 05:00:00,5,16.6,16.6,0.0,100.0,0.0,0.0,0.0
2023-03-20 06:00:00,6,16.6,16.6,0.0,100.0,0.0,0.0,0.0
2023-03-20 07:00:00,7,17.5,18.9375,46.0,100.0,0.1563999999999999,0.135,0.021
2023-03-20 08:00:00,8,18.9,25.4625,210.0,62.0,0.7803836144999999,0.767,0.013
2023-03-20 09:00:00,9,20.6,32.50625,381.0,96.0,1.2690706711500002,1.265,0.004
2023-03-20 10:00:00,10,21.7,37.6375,510.0,100.0,1.6463463000000005,1.636,0.01
2023-03-20 11:00:00,11,22.5,37.34375,475.0,41.0,1.7617101328125,1.757,0.005
2023-03-20 12:00:00,12,24.6,50.0375,814.0,29.0,2.932475272649999,2.914,0.018
2023-03-20 13:00:00,13,24.3,47.925,756.0,100.0,2.33469432,2.34,-0.005
2023-03-20 14:00:00,14,18.0,26.625,276.0,90.0,0.95560791,0.952,0.004
2023-03-20 15:00:00,15,20.3,29.175,284.0,81.0,0.9945745177999996,1.006,-0.011
2023-03-20 16:00:00,16,21.4,31.2125,314.0,61.0,1.1425744786499998,1.157,-0.014
2023-03-20 17:00:00,17,23.8,30.2375,206.0,69.0,0.73887043305,0.704,0.035
2023-03-20 18:00:00,18,20.8,22.89375,67.0,51.0,0.2557055,0.239,0.017
2023-03-20 19:00:00,19,19.0,19.0,0.0,53.0,0.0,0.0,0.0
2023-03-20 20:00:00,20,18.2,18.2,0.0,37.0,0.0,0.0,0.0
2023-03-20 21:00:00,21,16.5,16.5,0.0,69.0,0.0,0.0,0.0
2023-03-20 22:00:00,22,16.3,16.3,0.0,7.0,0.0,0.0,0.0
2023-03-20 23:00:00,23,15.8,15.8,0.0,0.0,0.0,0.0,0.0
2023-03-21 00:00:00,0,15.4,15.4,0.0,0.0,0.0,0.0,0.0
2023-03-21 01:00:00,1,14.8,14.8,0.0,0.0,0.0,0.0,0.0
2023-03-21 02:00:00,2,14.1,14.1,0.0,0.0,0.0,0.0,0.0
2023-03-21 03:00:00,3,13.6,13.6,0.0,0.0,0.0,0.0,0.0
2023-03-21 04:00:00,4,14.1,14.1,0.0,0.0,0.0,0.0,0.0
2023-03-21 05:00:00,5,15.3,15.3,0.0,7.0,0.0,0.0,0.0
2023-03-21 06:00:00,6,15.4,15.4,0.0,0.0,0.0,0.0,0.0
2023-03-21 07:00:00,7,16.8,18.3625,50.0,0.0,0.2125,0.178,0.034
2023-03-21 08:00:00,8,19.5,26.6875,230.0,0.0,0.970901875,0.933,0.038
2023-03-21 09:00:00,9,22.2,36.35625,453.0,0.0,1.83779551875,1.822,0.016
2023-03-21 10:00:00,10,24.5,44.875,652.0,20.0,2.44867728,2.466,-0.017
2023-03-21 11:00:00,11,25.8,49.14375,747.0,23.0,2.7362136868875,2.722,0.014
2023-03-21 12:00:00,12,26.6,52.0375,814.0,12.0,3.0113065531999994,3.011,0.0
2023-03-21 13:00:00,13,27.4,53.056250000000006,821.0,10.0,3.035715540374999,3.01,0.026
2023-03-21 14:00:00,14,27.9,52.18125,777.0,7.0,2.9020078885875,2.905,-0.003
2023-03-21 15:00:00,15,28.2,48.575,652.0,7.0,2.4745589742,2.499,-0.024
2023-03-21 16:00:00,16,27.5,42.28125,473.0,8.0,1.84135080525,1.832,0.009
2023-03-21 17:00:00,17,26.3,34.20625,253.0,11.0,1.0128695325375,0.993,0.02
2023-03-21 18:00:00,18,23.8,25.9875,70.0,10.0,0.2903983775,0.265,0.025
2023-03-21 19:00:00,19,21.8,21.8,0.0,4.0,0.0,0.0,0.0
2023-03-21 20:00:00,20,20.3,20.3,0.0,2.0,0.0,0.0,0.0
2023-03-21 21:00:00,21,19.1,19.1,0.0,1.0,0.0,0.0,0.0
2023-03-21 22:00:00,22,18.2,18.2,0.0,1.0,0.0,0.0,0.0
2023-03-21 23:00:00,23,17.3,17.3,0.0,0.0,0.0,0.0,0.0
2023-03-22 00:00:00,0,16.6,16.6,0.0,0.0,0.0,0.0,0.0
2023-03-22 01:00:00,1,16.1,16.1,0.0,0.0,0.0,0.0,0.0
2023-03-22 02:00:00,2,15.3,15.3,0.0,0.0,0.0,0.0,0.0
2023-03-22 03:00:00,3,14.7,14.7,0.0,2.0,0.0,0.0,0.0
2023-03-22 04:00:00,4,15.0,15.0,0.0,98.0,0.0,0.0,0.0
2023-03-22 05:00:00,5,15.8,15.8,0.0,73.0,0.0,0.0,0.0
2023-03-22 06:00:00,6,16.3,16.3,0.0,0.0,0.0,0.0,0.0
2023-03-22 07:00:00,7,17.3,18.95625,53.0,0.0,0.22525,0.192,0.033
2023-03-22 08:00:00,8,19.6,27.00625,237.0,0.0,0.99916681875,0.943,0.056
2023-03-22 09:00:00,9,22.0,36.15625,453.0,0.0,1.83933571875,1.756,0.083
2023-03-22 10:00:00,10,24.1,44.19375,643.0,0.0,2.52294311875,2.371,0.152
2023-03-22 11:00:00,11,25.7,50.2,784.0,8.0,2.9481962496,2.935,0.013
2023-03-22 12:00:00,12,26.8,53.20625,845.0,14.0,3.096857336625,3.069,0.028
2023-03-22 13:00:00,13,27.6,53.50625,829.0,36.0,2.8967625966,2.867,0.03
2023-03-22 14:00:00,14,28.3,51.2375,734.0,100.0,2.23368678,2.242,-0.008
2023-03-22 15:00:00,15,27.2,36.60625,301.0,100.0,0.975888655,0.973,0.003
2023-03-22 16:00:00,16,25.3,34.45625,293.0,92.0,0.9776891096999998,0.985,-0.007
2023-03-22 17:00:00,17,23.8,30.175,204.0,43.0,0.7760345334,0.74,0.036
2023-03-22 18:00:00,18,20.9,22.9625,66.0,28.0,0.264792,0.25,0.015
2023-03-22 19:00:00,19,19.6,19.6,0.0,100.0,0.0,0.0,0.0
2023-03-22 20:00:00,20,19.2,19.2,0.0,99.0,0.0,0.0,0.0
2023-03-22 21:00:00,21,18.4,18.4,0.0,100.0,0.0,0.0,0.0
2023-03-22 22:00:00,22,17.8,17.8,0.0,98.0,0.0,0.0,0.0
2023-03-22 23:00:00,23,17.5,17.5,0.0,100.0,0.0,0.0,0.0
2023-03-23 00:00:00,0,17.3,17.3,0.0,3.0,0.0,0.0,0.0
2023-03-23 01:00:00,1,17.8,17.8,0.0,55.0,0.0,0.0,0.0
2023-03-23 02:00:00,2,19.0,19.0,0.0,24.0,0.0,0.0,0.0
2023-03-23 03:00:00,3,18.6,18.6,0.0,1.0,0.0,0.0,0.0
2023-03-23 04:00:00,4,19.1,19.1,0.0,2.0,0.0,0.0,0.0
2023-03-23 05:00:00,5,19.3,19.3,0.0,35.0,0.0,0.0,0.0
2023-03-23 06:00:00,6,16.9,16.9,0.0,0.0,0.0,0.0,0.0
2023-03-23 07:00:00,7,19.3,21.05,56.0,4.0,0.236096,0.211,0.025
2023-03-23 08:00:00,8,22.2,29.73125,241.0,0.0,1.0048660687500002,0.994,0.011
2023-03-23 09:00:00,9,24.4,38.68125,457.0,0.0,1.83596036875,1.812,0.024
2023-03-23 10:00:00,10,26.3,46.6125,650.0,2.0,2.5135871475,2.576,-0.062
2023-03-23 11:00:00,11,27.6,51.75625,773.0,22.0,2.804565689525,2.794,0.011
2023-03-23 12:00:00,12,28.6,53.31875,791.0,24.0,2.83786227585,2.847,-0.009
2023-03-23 13:00:00,13,29.0,53.6875,790.0,49.0,2.68094864125,2.81,-0.129
2023-03-23 14:00:00,14,29.0,51.09375,707.0,56.0,2.3897227462499995,2.383,0.007
2023-03-23 15:00:00,15,28.9,44.18125,489.0,82.0,1.6041136806749996,1.613,-0.009
2023-03-23 16:00:00,16,28.7,39.04375,331.0,100.0,1.062180655,1.053,0.009
2023-03-23 17:00:00,17,23.5,28.75,168.0,90.0,0.5766978,0.564,0.013
2023-03-23 18:00:00,18,23.3,25.20625,61.0,85.0,0.2149999785624999,0.196,0.019
2023-03-23 19:00:00,19,21.6,21.6,0.0,79.0,0.0,0.0,0.0
2023-03-23 20:00:00,20,20.5,20.5,0.0,99.0,0.0,0.0,0.0
2023-03-23 21:00:00,21,20.1,20.1,0.0,94.0,0.0,0.0,0.0
2023-03-23 22:00:00,22,19.4,19.4,0.0,97.0,0.0,0.0,0.0
2023-03-23 23:00:00,23,18.8,18.8,0.0,82.0,0.0,0.0,0.0
2023-03-24 00:00:00,0,18.4,18.4,0.0,99.0,0.0,0.0,0.0
2023-03-24 01:00:00,1,18.2,18.2,0.0,100.0,0.0,0.0,0.0
2023-03-24 02:00:00,2,18.6,18.6,0.0,100.0,0.0,0.0,0.0
2023-03-24 03:00:00,3,18.7,18.7,0.0,100.0,0.0,0.0,0.0
2023-03-24 04:00:00,4,18.8,18.8,0.0,60.0,0.0,0.0,0.0
2023-03-24 05:00:00,5,19.1,19.1,0.0,34.0,0.0,0.0,0.0
2023-03-24 06:00:00,6,18.6,18.6,0.0,91.0,0.0,0.0,0.0
2023-03-24 07:00:00,7,19.4,20.7125,42.0,17.0,0.172431,0.154,0.018
2023-03-24 08:00:00,8,21.3,28.45625,229.0,9.0,0.9425185120125,0.935,0.008
2023-03-24 09:00:00,9,24.1,38.0375,446.0,15.0,1.7427501847499998,1.79,-0.047
2023-03-24 10:00:00,10,26.4,46.3375,638.0,9.0,2.43543215245,2.467,-0.032
2023-03-24 11:00:00,11,28.1,52.5375,782.0,6.0,2.9219274773,2.956,-0.034
2023-03-24 12:00:00,12,29.1,54.35,808.0,50.0,2.72776356,2.731,-0.003
2023-03-24 13:00:00,13,29.5,52.5625,738.0,28.0,2.634421626,2.658,-0.024
2023-03-24 14:00:00,14,29.4,50.55625,677.0,39.0,2.3816395154875,2.408,-0.026
2023-03-24 15:00:00,15,29.0,47.75,600.0,64.0,2.0212524,2.033,-0.012
2023-03-24 16:00:00,16,28.9,38.99375,323.0,56.0,1.15076836305,1.155,-0.004
2023-03-24 17:00:00,17,24.6,31.13125,209.0,41.0,0.7954154839124999,0.798,-0.003
2023-03-24 18:00:00,18,24.4,26.11875,55.0,32.0,0.21781091475,0.204,0.014
2023-03-24 19:00:00,19,22.9,22.9,0.0,17.0,0.0,0.0,0.0
2023-03-24 20:00:00,20,22.2,22.2,0.0,3.0,0.0,0.0,0.0
2023-03-24 21:00:00,21,20.8,20.8,0.0,27.0,0.0,0.0,0.0
2023-03-24 22:00:00,22,20.5,20.5,0.0,24.0,0.0,0.0,0.0
2023-03-24 23:00:00,23,22.2,22.2,0.0,5.0,0.0,0.0,0.0
2023-03-25 00:00:00,0,20.2,20.2,0.0,88.0,0.0,0.0,0.0
2023-03-25 01:00:00,1,20.0,20.0,0.0,33.0,0.0,0.0,0.0
2023-03-25 02:00:00,2,18.5,18.5,0.0,20.0,0.0,0.0,0.0
2023-03-25 03:00:00,3,18.0,18.0,0.0,2.0,0.0,0.0,0.0
2023-03-25 04:00:00,4,17.0,17.0,0.0,0.0,0.0,0.0,0.0
2023-03-25 05:00:00,5,19.2,19.2,0.0,7.0,0.0,0.0,0.0
2023-03-25 06:00:00,6,17.2,17.2,0.0,26.0,0.0,0.0,0.0
2023-03-25 07:00:00,7,18.9,20.65,56.0,37.0,0.220388,0.204,0.016
2023-03-25 08:00:00,8,21.9,29.05625,229.0,6.0,0.945969510525,0.937,0.009
2023-03-25 09:00:00,9,24.2,37.41875,423.0,44.0,1.5581034530999998,1.562,-0.004
2023-03-25 10:00:00,10,25.8,44.05,584.0,1.0,2.2882858568,2.338,-0.05
2023-03-25 11:00:00,11,27.6,52.00625,781.0,28.0,2.7948894897,2.774,0.021
2023-03-25 12:00:00,12,28.5,54.34375,827.0,49.0,2.7981900093125,2.82,-0.022
2023-03-25 13:00:00,13,29.1,54.19375,803.0,60.0,2.6525189845000003,2.674,-0.021
2023-03-25 14:00:00,14,29.5,53.03125,753.0,68.0,2.454988581,2.431,0.024
2023-03-25 15:00:00,15,29.5,49.15625,629.0,59.0,2.1299834469375,2.114,0.016
2023-03-25 16:00:00,16,29.2,43.35625,453.0,39.0,1.6447452142875,1.65,-0.005
2023-03-25 17:00:00,17,26.7,34.29375,243.0,52.0,0.8909443368,0.898,-0.007
2023-03-25 18:00:00,18,25.3,27.39375,67.0,11.0,0.2758190013375,0.26,0.016
2023-03-25 19:00:00,19,22.9,22.9,0.0,15.0,0.0,0.0,0.0
2023-03-25 20:00:00,20,22.0,22.0,0.0,55.0,0.0,0.0,0.0
2023-03-25 21:00:00,21,21.8,21.8,0.0,28.0,0.0,0.0,0.0
2023-03-25 22:00:00,22,20.8,20.8,0.0,25.0,0.0,0.0,0.0
2023-03-25 23:00:00,23,19.6,19.6,0.0,9.0,0.0,0.0,0.0
2023-03-26 00:00:00,0,19.0,19.0,0.0,0.0,0.0,0.0,0.0
2023-03-26 01:00:00,1,18.9,18.9,0.0,0.0,0.0,0.0,0.0
2023-03-26 02:00:00,2,18.5,18.5,0.0,0.0,0.0,0.0,0.0
2023-03-26 03:00:00,3,18.1,18.1,0.0,26.0,0.0,0.0,0.0
2023-03-26 04:00:00,4,17.8,17.8,0.0,34.0,0.0,0.0,0.0
2023-03-26 05:00:00,5,18.8,18.8,0.0,18.0,0.0,0.0,0.0
2023-03-26 06:00:00,6,19.0,19.0,0.0,11.0,0.0,0.0,0.0
2023-03-26 07:00:00,7,20.1,21.88125,57.0,94.0,0.196707,0.192,0.005
2023-03-26 08:00:00,8,22.3,29.39375,227.0,87.0,0.7828782724875,0.763,0.02
2023-03-26 09:00:00,9,24.4,36.74375,395.0,70.0,1.375906018125,1.35,0.026
2023-03-26 10:00:00,10,26.1,45.2875,614.0,28.0,2.2634656868,2.257,0.006
2023-03-26 11:00:00,11,26.6,47.88125,681.0,54.0,2.3453835617250003,2.359,-0.014
2023-03-26 12:00:00,12,27.3,49.70625,717.0,19.0,2.6417535090375,2.669,-0.027
2023-03-26 13:00:00,13,28.0,51.65625,757.0,8.0,2.82822334725,2.882,-0.054
2023-03-26 14:00:00,14,28.6,52.975,780.0,15.0,2.8557299550000006,2.817,0.039
2023-03-26 15:00:00,15,28.7,48.98125,649.0,46.0,2.264247700825,2.294,-0.03
2023-03-26 16:00:00,16,28.4,40.93125,401.0,36.0,1.4807601085999995,1.459,0.022
2023-03-26 17:00:00,17,25.5,31.34375,187.0,23.0,0.7389523906875,0.745,-0.006
2023-03-26 18:00:00,18,24.4,26.4625,66.0,14.0,0.2710510209,0.256,0.015
2023-03-26 19:00:00,19,22.6,22.63125,1.0,29.0,0.0040035,0.0,0.004
2023-03-26 20:00:00,20,21.6,21.6,0.0,2.0,0.0,0.0,0.0
2023-03-26 21:00:00,21,21.1,21.1,0.0,6.0,0.0,0.0,0.0
2023-03-26 22:00:00,22,20.7,20.7,0.0,16.0,0.0,0.0,0.0
2023-03-26 23:00:00,23,19.4,19.4,0.0,28.0,0.0,0.0,0.0
2023-03-27 00:00:00,0,19.9,19.9,0.0,50.0,0.0,0.0,0.0
2023-03-27 01:00:00,1,19.7,19.7,0.0,6.0,0.0,0.0,0.0
2023-03-27 02:00:00,2,19.0,19.0,0.0,0.0,0.0,0.0,0.0
2023-03-27 03:00:00,3,18.6,18.6,0.0,2.0,0.0,0.0,0.0
2023-03-27 04:00:00,4,17.8,17.8,0.0,2.0,0.0,0.0,0.0
2023-03-27 05:00:00,5,18.2,18.2,0.0,9.0,0.0,0.0,0.0
2023-03-27 06:00:00,6,18.5,18.5,0.0,19.0,0.0,0.0,0.0
2023-03-27 07:00:00,7,19.4,21.4,64.0,16.0,0.263296,0.237,0.026
2023-03-27 08:00:00,8,22.6,30.63125,257.0,25.0,1.0142647153125002,1.023,-0.009
2023-03-27 09:00:00,9,25.0,39.375,460.0,19.0,1.772569175,1.777,-0.004
2023-03-27 10:00:00,10,26.6,47.4125,666.0,0.0,2.576745675,2.487,0.09
2023-03-27 11:00:00,11,28.0,53.46875,815.0,10.0,3.0079291593749997,3.021,-0.013
2023-03-27 12:00:00,12,29.2,56.45,872.0,0.0,3.2397852,3.236,0.004
2023-03-27 13:00:00,13,29.8,57.8625,898.0,0.0,3.314821075,3.332,-0.017
2023-03-27 14:00:00,14,29.8,55.55,824.0,0.0,3.0740556,3.062,0.012
2023-03-27 15:00:00,15,29.4,50.86875,687.0,1.0,2.612393611012501,2.601,0.011
2023-03-27 16:00:00,16,28.8,43.6125,474.0,0.0,1.864520475,1.758,0.107
2023-03-27 17:00:00,17,27.7,36.2,272.0,0.0,1.1042112000000002,0.974,0.13
2023-03-27 18:00:00,18,25.9,28.43125,81.0,0.0,0.33952516875,0.316,0.024
2023-03-27 19:00:00,19,24.1,24.13125,1.0,0.0,0.00425,0.0,0.004
2023-03-27 20:00:00,20,22.5,22.5,0.0,34.0,0.0,0.0,0.0
2023-03-27 21:00:00,21,22.2,22.2,0.0,23.0,0.0,0.0,0.0
2023-03-27 22:00:00,22,21.2,21.2,0.0,19.0,0.0,0.0,0.0
2023-03-27 23:00:00,23,20.5,20.5,0.0,99.0,0.0,0.0,0.0
2023-03-28 00:00:00,0,20.5,20.5,0.0,100.0,0.0,0.0,0.0
2023-03-28 01:00:00,1,19.8,19.8,0.0,100.0,0.0,0.0,0.0
2023-03-28 02:00:00,2,18.3,18.3,0.0,75.0,0.0,0.0,0.0
2023-03-28 03:00:00,3,17.5,17.5,0.0,100.0,0.0,0.0,0.0
2023-03-28 04:00:00,4,16.8,16.8,0.0,70.0,0.0,0.0,0.0
2023-03-28 05:00:00,5,16.7,16.7,0.0,79.0,0.0,0.0,0.0
2023-03-28 06:00:00,6,17.2,17.2,0.0,5.0,0.0,0.0,0.0
2023-03-28 07:00:00,7,19.9,22.0875,70.0,0.0,0.2975,0.274,0.024
2023-03-28 08:00:00,8,23.3,31.64375,267.0,10.0,1.0825021383749998,1.113,-0.03
2023-03-28 09:00:00,9,26.3,41.55,488.0,0.0,1.9367012,1.988,-0.051
2023-03-28 10:00:00,10,28.3,49.6125,682.0,0.0,2.613142675,2.583,0.03
2023-03-28 11:00:00,11,29.6,55.35,824.0,0.0,3.0768572,3.02,0.057
2023-03-28 12:00:00,12,30.6,58.725,900.0,0.0,3.3090075,3.27,0.039
2023-03-28 13:00:00,13,31.1,59.35,904.0,0.0,3.3141092000000003,3.299,0.015
2023-03-28 14:00:00,14,31.4,57.43125,833.0,0.0,3.08099106875,3.072,0.009
2023-03-28 15:00:00,15,31.2,52.91875,695.0,0.0,2.6238899687499995,2.654,-0.03
2023-03-28 16:00:00,16,30.9,46.61875,503.0,1.0,1.9489822926125,1.942,0.007
2023-03-28 17:00:00,17,29.5,38.3125,282.0,4.0,1.125602436,1.137,-0.011
2023-03-28 18:00:00,18,27.3,29.70625,77.0,3.0,0.3191629816374999,0.301,0.018
2023-03-28 19:00:00,19,24.4,24.43125,1.0,15.0,0.0041225,0.001,0.003
2023-03-28 20:00:00,20,23.0,23.0,0.0,1.0,0.0,0.0,0.0
2023-03-28 21:00:00,21,21.9,21.9,0.0,2.0,0.0,0.0,0.0
2023-03-28 22:00:00,22,21.0,21.0,0.0,0.0,0.0,0.0,0.0
2023-03-28 23:00:00,23,22.3,22.3,0.0,0.0,0.0,0.0,0.0
2023-03-29 00:00:00,0,21.2,21.2,0.0,0.0,0.0,0.0,0.0
2023-03-29 01:00:00,1,19.4,19.4,0.0,0.0,0.0,0.0,0.0
2023-03-29 02:00:00,2,18.8,18.8,0.0,0.0,0.0,0.0,0.0
2023-03-29 03:00:00,3,18.8,18.8,0.0,5.0,0.0,0.0,0.0
2023-03-29 04:00:00,4,18.6,18.6,0.0,0.0,0.0,0.0,0.0
2023-03-29 05:00:00,5,19.5,19.5,0.0,0.0,0.0,0.0,0.0
2023-03-29 06:00:00,6,19.3,19.3,0.0,0.0,0.0,0.0,0.0
2023-03-29 07:00:00,7,20.8,23.01875,71.0,0.0,0.3017499999999999,0.295,0.007
2023-03-29 08:00:00,8,23.7,31.91875,263.0,0.0,1.08681626875,1.068,0.019
2023-03-29 09:00:00,9,27.0,42.03125,481.0,92.0,1.5544681424999998,1.5,0.054
2023-03-29 10:00:00,10,29.1,47.94375,603.0,83.0,1.9411797180375,1.956,-0.015
2023-03-29 11:00:00,11,30.7,53.2625,722.0,99.0,2.18272807215,2.189,-0.006
2023-03-29 12:00:00,12,31.1,51.975,668.0,100.0,2.02613752,2.022,0.004
2023-03-29 13:00:00,13,31.5,52.15625,661.0,100.0,2.0032761750000003,1.997,0.006
2023-03-29 14:00:00,14,31.8,51.14375,619.0,83.0,1.9646031918375,1.968,-0.003
2023-03-29 15:00:00,15,32.0,50.34375,587.0,15.0,2.1745893771875,2.19,-0.015
2023-03-29 16:00:00,16,31.8,47.3625,498.0,100.0,1.5417432600000005,1.553,-0.011
2023-03-29 17:00:00,17,30.2,36.7625,210.0,77.0,0.7195296622499999,0.723,-0.003
2023-03-29 18:00:00,18,28.8,30.70625,61.0,21.0,0.2426926487624999,0.24,0.003
2023-03-29 19:00:00,19,25.9,25.93125,1.0,10.0,0.004149485375,0.001,0.003
2023-03-29 20:00:00,20,24.1,24.1,0.0,16.0,0.0,0.0,0.0
2023-03-29 21:00:00,21,23.5,23.5,0.0,23.0,0.0,0.0,0.0
2023-03-29 22:00:00,22,23.8,23.8,0.0,25.0,0.0,0.0,0.0
2023-03-29 23:00:00,23,22.9,22.9,0.0,1.0,0.0,0.0,0.0
2023-03-30 00:00:00,0,21.9,21.9,0.0,5.0,0.0,0.0,0.0
2023-03-30 01:00:00,1,21.3,21.3,0.0,1.0,0.0,0.0,0.0
2023-03-30 02:00:00,2,20.9,20.9,0.0,8.0,0.0,0.0,0.0
2023-03-30 03:00:00,3,20.0,20.0,0.0,17.0,0.0,0.0,0.0
2023-03-30 04:00:00,4,19.1,19.1,0.0,84.0,0.0,0.0,0.0
2023-03-30 05:00:00,5,19.1,19.1,0.0,9.0,0.0,0.0,0.0
2023-03-30 06:00:00,6,19.5,19.5,0.0,0.0,0.0,0.001,-0.001
2023-03-30 07:00:00,7,21.4,23.65,72.0,2.0,0.304776,0.298,0.007
2023-03-30 08:00:00,8,24.8,32.9875,262.0,98.0,0.8666506346999999,0.867,-0.0
2023-03-30 09:00:00,9,27.8,41.83125,449.0,42.0,1.6302757949750002,1.639,-0.009
2023-03-30 10:00:00,10,29.5,48.375,604.0,4.0,2.308369616,2.294,0.014
2023-03-30 11:00:00,11,31.3,55.8625,786.0,54.0,2.6118788253000003,2.616,-0.004
2023-03-30 12:00:00,12,26.7,49.2,720.0,82.0,2.3105301119999995,2.327,-0.016
2023-03-30 13:00:00,13,28.2,46.1375,574.0,95.0,1.80892462275,1.834,-0.025
2023-03-30 14:00:00,14,28.3,43.01875,471.0,100.0,1.485979095,1.47,0.016
2023-03-30 15:00:00,15,26.9,41.4,464.0,100.0,1.4741094400000003,1.395,0.079
2023-03-30 16:00:00,16,24.7,31.7,224.0,46.0,0.8412496512000001,0.845,-0.004
2023-03-30 17:00:00,17,27.9,33.5875,182.0,66.0,0.6483354787,0.652,-0.004
2023-03-30 18:00:00,18,26.1,28.31875,71.0,100.0,0.2381954149999999,0.235,0.003
2023-03-30 19:00:00,19,23.2,23.23125,1.0,100.0,0.0034,0.0,0.003
2023-03-30 20:00:00,20,19.4,19.4,0.0,100.0,0.0,0.0,0.0
2023-03-30 21:00:00,21,18.5,18.5,0.0,100.0,0.0,0.0,0.0
2023-03-30 22:00:00,22,18.2,18.2,0.0,92.0,0.0,0.0,0.0
2023-03-30 23:00:00,23,17.9,17.9,0.0,100.0,0.0,0.0,0.0
2023-03-31 00:00:00,0,17.9,17.9,0.0,93.0,0.0,0.0,0.0
2023-03-31 01:00:00,1,17.3,17.3,0.0,31.0,0.0,0.0,0.0
2023-03-31 02:00:00,2,16.7,16.7,0.0,1.0,0.0,0.0,0.0
2023-03-31 03:00:00,3,15.7,15.7,0.0,14.0,0.0,0.0,0.0
2023-03-31 04:00:00,4,15.7,15.7,0.0,8.0,0.0,0.0,0.0
2023-03-31 05:00:00,5,16.7,16.7,0.0,7.0,0.0,0.0,0.0
2023-03-31 06:00:00,6,16.1,16.1,0.0,33.0,0.0,0.0,0.0
2023-03-31 07:00:00,7,17.6,19.6625,66.0,23.0,0.267597,0.259,0.009
2023-03-31 08:00:00,8,19.4,26.99375,243.0,14.0,0.9958274318249998,1.019,-0.023
2023-03-31 09:00:00,9,21.3,35.58125,457.0,44.0,1.6963603731,1.593,0.103
2023-03-31 10:00:00,10,22.3,39.3,544.0,32.0,2.0402493696,2.046,-0.006
2023-03-31 11:00:00,11,23.7,45.8875,710.0,39.0,2.5496876207499994,2.522,0.028
2023-03-31 12:00:00,12,25.2,51.2,832.0,66.0,2.7475908096,2.744,0.004
2023-03-31 13:00:00,13,26.0,50.375,780.0,65.0,2.5913189250000004,2.584,0.007
2023-03-31 14:00:00,14,26.8,48.05,680.0,100.0,2.0988336000000003,2.064,0.035
2023-03-31 15:00:00,15,24.9,37.775,412.0,100.0,1.32921912,1.337,-0.008
2023-03-31 16:00:00,16,19.0,20.875,60.0,61.0,0.22389,0.24,-0.016
2023-03-31 17:00:00,17,19.9,27.2125,234.0,94.0,0.8003873241000001,0.764,0.036
2023-03-31 18:00:00,18,19.8,21.6125,58.0,98.0,0.198186,0.179,0.019
2023-03-31 19:00:00,19,18.6,18.63125,1.0,23.0,0.0040545,0.0,0.004
2023-03-31 20:00:00,20,18.2,18.2,0.0,26.0,0.0,0.0,0.0
2023-03-31 21:00:00,21,18.6,18.6,0.0,94.0,0.0,0.0,0.0
2023-03-31 22:00:00,22,17.5,17.5,0.0,10.0,0.0,0.0,0.0
2023-03-31 23:00:00,23,16.8,16.8,0.0,0.0,0.0,0.0,0.0
2023-04-01 00:00:00,0,16.2,16.2,0.0,0.0,0.0,0.0,0.0
2023-04-01 01:00:00,1,17.2,17.2,0.0,0.0,0.0,0.0,0.0
2023-04-01 02:00:00,2,15.4,15.4,0.0,0.0,0.0,0.0,0.0
2023-04-01 03:00:00,3,15.1,15.1,0.0,26.0,0.0,0.0,0.0
2023-04-01 04:00:00,4,15.6,15.6,0.0,100.0,0.0,0.0,0.0
2023-04-01 05:00:00,5,15.1,15.1,0.0,100.0,0.0,0.0,0.0
2023-04-01 06:00:00,6,15.2,15.23125,1.0,100.0,0.0034,0.001,0.002
2023-04-01 07:00:00,7,16.5,18.78125,73.0,0.0,0.3102499999999999,0.277,0.033
2023-04-01 08:00:00,8,19.6,27.69375,259.0,0.0,1.08888941875,1.033,0.056
2023-04-01 09:00:00,9,21.9,36.61875,471.0,0.0,1.90871866875,1.893,0.016
2023-04-01 10:00:00,10,23.9,44.9,672.0,18.0,2.5340305536,2.511,0.023
2023-04-01 11:00:00,11,25.3,49.4875,774.0,32.0,2.7773866926,2.781,-0.004
2023-04-01 12:00:00,12,26.7,52.45,824.0,35.0,2.899256772,2.918,-0.019
2023-04-01 13:00:00,13,27.4,52.43125,801.0,43.0,2.7700768632375,2.711,0.059
2023-04-01 14:00:00,14,27.5,49.6875,710.0,21.0,2.60530195625,2.638,-0.033
2023-04-01 15:00:00,15,27.7,46.575,604.0,26.0,2.2235035692,2.217,0.007
2023-04-01 16:00:00,16,27.2,41.825,468.0,20.0,1.780934688,1.771,0.01
2023-04-01 17:00:00,17,26.3,33.8,240.0,14.0,0.956541312,0.949,0.008
2023-04-01 18:00:00,18,24.6,27.06875,79.0,9.0,0.3269781787125,0.298,0.029
2023-04-01 19:00:00,19,22.4,22.43125,1.0,5.0,0.0042075,0.0,0.004
2023-04-01 20:00:00,20,21.5,21.5,0.0,7.0,0.0,0.0,0.0
2023-04-01 21:00:00,21,20.6,20.6,0.0,4.0,0.0,0.0,0.0
2023-04-01 22:00:00,22,19.6,19.6,0.0,5.0,0.0,0.0,0.0
2023-04-01 23:00:00,23,19.1,19.1,0.0,0.0,0.0,0.0,0.0
2023-04-02 00:00:00,0,18.3,18.3,0.0,0.0,0.0,0.0,0.0
2023-04-02 01:00:00,1,17.5,17.5,0.0,0.0,0.0,0.0,0.0
2023-04-02 02:00:00,2,17.0,17.0,0.0,0.0,0.0,0.0,0.0
2023-04-02 03:00:00,3,16.5,16.5,0.0,1.0,0.0,0.0,0.0
2023-04-02 04:00:00,4,17.0,17.0,0.0,0.0,0.0,0.0,0.0
2023-04-02 05:00:00,5,18.2,18.2,0.0,0.0,0.0,0.0,0.0
2023-04-02 06:00:00,6,18.3,18.33125,1.0,40.0,0.00391,0.001,0.003
2023-04-02 07:00:00,7,19.4,21.05625,53.0,32.0,0.210834,0.203,0.008
2023-04-02 08:00:00,8,22.0,29.53125,241.0,12.0,0.9815490175,1.0,-0.018
2023-04-02 09:00:00,9,24.3,38.8625,466.0,70.0,1.6087858965,1.625,-0.016
2023-04-02 10:00:00,10,25.9,40.93125,481.0,31.0,1.7953133982874996,1.824,-0.029
2023-04-02 11:00:00,11,25.4,49.11875,759.0,76.0,2.4715348119,2.476,-0.004
2023-04-02 12:00:00,12,27.1,45.25625,581.0,13.0,2.2101803642624995,2.186,0.024
2023-04-02 13:00:00,13,29.4,56.9625,882.0,4.0,3.2431002408,3.233,0.01
2023-04-02 14:00:00,14,30.3,55.425,804.0,9.0,2.9471303802,2.954,-0.007
2023-04-02 15:00:00,15,29.9,49.15,616.0,38.0,2.1853535088,2.172,0.013
2023-04-02 16:00:00,16,28.9,42.15,424.0,18.0,1.6179610192,1.625,-0.007
2023-04-02 17:00:00,17,28.6,35.94375,235.0,16.0,0.9244687677499998,0.914,0.01
2023-04-02 18:00:00,18,25.3,27.7375,78.0,3.0,0.32590285455,0.303,0.023
2023-04-02 19:00:00,19,24.0,24.03125,1.0,0.0,0.00425,0.0,0.004
2023-04-02 20:00:00,20,22.3,22.3,0.0,1.0,0.0,0.0,0.0
2023-04-02 21:00:00,21,21.7,21.7,0.0,0.0,0.0,0.0,0.0
2023-04-02 22:00:00,22,23.7,23.7,0.0,0.0,0.0,0.0,0.0
2023-04-02 23:00:00,23,21.2,21.2,0.0,0.0,0.0,0.0,0.0
2023-04-03 00:00:00,0,19.4,19.4,0.0,0.0,0.0,0.0,0.0
2023-04-03 01:00:00,1,22.4,22.4,0.0,0.0,0.0,0.0,0.0
2023-04-03 02:00:00,2,19.0,19.0,0.0,0.0,0.0,0.0,0.0
2023-04-03 03:00:00,3,18.2,18.2,0.0,0.0,0.0,0.0,0.0
2023-04-03 04:00:00,4,18.0,18.0,0.0,0.0,0.0,0.0,0.0
2023-04-03 05:00:00,5,20.0,20.0,0.0,0.0,0.0,0.0,0.0
2023-04-03 06:00:00,6,20.0,20.03125,1.0,0.0,0.00425,0.001,0.003
2023-04-03 07:00:00,7,22.0,24.625,84.0,0.0,0.357,0.325,0.032
2023-04-03 08:00:00,8,25.1,33.9125,282.0,0.0,1.155773475,1.175,-0.019
2023-04-03 09:00:00,9,27.8,43.45625,501.0,0.0,1.97205811875,1.939,0.033
2023-04-03 10:00:00,10,30.2,51.85625,693.0,6.0,2.597310240525,2.631,-0.034
2023-04-03 11:00:00,11,31.3,56.3,800.0,26.0,2.81965536,2.801,0.019
2023-04-03 12:00:00,12,31.6,56.19375,787.0,28.0,2.7634739249,2.749,0.014
2023-04-03 13:00:00,13,32.0,57.34375,811.0,10.0,2.940810184375,2.937,0.004
2023-04-03 14:00:00,14,32.4,57.0875,790.0,17.0,2.82706166925,2.835,-0.008
2023-04-03 15:00:00,15,32.2,52.5125,650.0,15.0,2.38473226875,2.372,0.013
2023-04-03 16:00:00,16,32.3,46.58125,457.0,18.0,1.710700199075,1.711,-0.0
2023-04-03 17:00:00,17,29.8,37.70625,253.0,14.0,0.992023607025,0.973,0.019
2023-04-03 18:00:00,18,28.5,30.8125,74.0,25.0,0.29182848125,0.295,-0.003
2023-04-03 19:00:00,19,26.6,26.63125,1.0,21.0,0.0040449334625,0.0,0.004
2023-04-03 20:00:00,20,25.5,25.5,0.0,22.0,0.0,0.0,0.0
2023-04-03 21:00:00,21,24.9,24.9,0.0,17.0,0.0,0.0,0.0
2023-04-03 22:00:00,22,23.9,23.9,0.0,24.0,0.0,0.0,0.0
2023-04-03 23:00:00,23,23.1,23.1,0.0,5.0,0.0,0.0,0.0
2023-04-04 00:00:00,0,22.4,22.4,0.0,9.0,0.0,0.0,0.0
2023-04-04 01:00:00,1,21.2,21.2,0.0,1.0,0.0,0.0,0.0
2023-04-04 02:00:00,2,21.0,21.0,0.0,0.0,0.0,0.0,0.0
2023-04-04 03:00:00,3,20.4,20.4,0.0,0.0,0.0,0.0,0.0
2023-04-04 04:00:00,4,20.1,20.1,0.0,0.0,0.0,0.0,0.0
2023-04-04 05:00:00,5,19.6,19.6,0.0,0.0,0.0,0.0,0.0
2023-04-04 06:00:00,6,18.2,18.23125,1.0,0.0,0.00425,0.001,0.003
2023-04-04 07:00:00,7,19.5,22.1875,86.0,0.0,0.3654999999999999,0.333,0.032
2023-04-04 08:00:00,8,21.9,30.5875,278.0,0.0,1.155093475,1.137,0.018
2023-04-04 09:00:00,9,24.5,40.0,496.0,0.0,1.98152,1.993,-0.011
2023-04-04 10:00:00,10,26.4,47.80625,685.0,0.0,2.6456712187500004,2.635,0.011
2023-04-04 11:00:00,11,28.3,54.05,824.0,1.0,3.0888774647999995,3.097,-0.008
2023-04-04 12:00:00,12,29.8,57.83125,897.0,3.0,3.2917366311375,3.312,-0.02
2023-04-04 13:00:00,13,30.8,58.51875,887.0,36.0,3.0292896734000005,2.977,0.052
2023-04-04 14:00:00,14,30.9,53.9625,738.0,11.0,2.71212747255,2.742,-0.03
2023-04-04 15:00:00,15,31.1,50.38125,617.0,16.0,2.28063323455,2.276,0.005
2023-04-04 16:00:00,16,31.0,46.0,480.0,7.0,1.84247904,1.817,0.025
2023-04-04 17:00:00,17,30.7,39.3875,278.0,25.0,1.05782944125,1.065,-0.007
2023-04-04 18:00:00,18,27.1,29.81875,87.0,8.0,0.3568210996499999,0.352,0.005
2023-04-04 19:00:00,19,24.4,24.43125,1.0,40.0,0.00391,0.0,0.004
2023-04-04 20:00:00,20,24.2,24.2,0.0,18.0,0.0,0.0,0.0
2023-04-04 21:00:00,21,23.4,23.4,0.0,0.0,0.0,0.0,0.0
2023-04-04 22:00:00,22,22.4,22.4,0.0,0.0,0.0,0.0,0.0
2023-04-04 23:00:00,23,21.3,21.3,0.0,1.0,0.0,0.0,0.0
2023-04-05 00:00:00,0,20.6,20.6,0.0,0.0,0.0,0.0,0.0
2023-04-05 01:00:00,1,20.4,20.4,0.0,0.0,0.0,0.0,0.0
2023-04-05 02:00:00,2,20.1,20.1,0.0,0.0,0.0,0.0,0.0
2023-04-05 03:00:00,3,19.7,19.7,0.0,0.0,0.0,0.0,0.0
2023-04-05 04:00:00,4,19.3,19.3,0.0,0.0,0.0,0.0,0.0
2023-04-05 05:00:00,5,19.6,19.6,0.0,0.0,0.0,0.0,0.0
2023-04-05 06:00:00,6,19.8,19.8625,2.0,9.0,0.008347,0.004,0.004
2023-04-05 07:00:00,7,21.5,24.21875,87.0,0.0,0.3697499999999999,0.341,0.029
2023-04-05 08:00:00,8,24.7,33.41875,279.0,0.0,1.14581986875,1.169,-0.023
2023-04-05 09:00:00,9,27.2,42.35625,485.0,0.0,1.91814771875,1.874,0.044
2023-04-05 10:00:00,10,29.0,50.5625,690.0,20.0,2.5273457999999995,2.557,-0.03
2023-04-05 11:00:00,11,30.3,54.7375,782.0,21.0,2.80518654865,2.814,-0.009
2023-04-05 12:00:00,12,31.2,56.2625,802.0,21.0,2.8570118578499994,2.863,-0.006
2023-04-05 13:00:00,13,32.1,58.69375,851.0,26.0,2.966578787775,2.969,-0.002
2023-04-05 14:00:00,14,32.5,57.46875,799.0,26.0,2.801081166375,2.797,0.004
2023-04-05 15:00:00,15,32.2,52.10625,637.0,22.0,2.307512896325,2.272,0.036
2023-04-05 16:00:00,16,31.7,46.66875,479.0,29.0,1.7514618893624998,1.74,0.011
2023-04-05 17:00:00,17,30.6,38.9125,266.0,26.0,1.0120731159,1.009,0.003
2023-04-05 18:00:00,18,27.4,29.99375,83.0,22.0,0.330492850725,0.324,0.006
2023-04-05 19:00:00,19,25.6,25.6625,2.0,26.0,0.0080366463,0.002,0.006
2023-04-05 20:00:00,20,24.2,24.2,0.0,21.0,0.0,0.0,0.0
2023-04-05 21:00:00,21,23.8,23.8,0.0,3.0,0.0,0.0,0.0
2023-04-05 22:00:00,22,21.3,21.3,0.0,1.0,0.0,0.0,0.0
2023-04-05 23:00:00,23,21.1,21.1,0.0,0.0,0.0,0.0,0.0
2023-04-06 00:00:00,0,21.4,21.4,0.0,0.0,0.0,0.0,0.0
2023-04-06 01:00:00,1,21.5,21.5,0.0,0.0,0.0,0.0,0.0
2023-04-06 02:00:00,2,20.5,20.5,0.0,0.0,0.0,0.0,0.0
2023-04-06 03:00:00,3,19.9,19.9,0.0,0.0,0.0,0.0,0.0
2023-04-06 04:00:00,4,19.6,19.6,0.0,1.0,0.0,0.0,0.0
2023-04-06 05:00:00,5,19.5,19.5,0.0,10.0,0.0,0.0,0.0
2023-04-06 06:00:00,6,19.6,19.6625,2.0,12.0,0.008296,0.004,0.004
2023-04-06 07:00:00,7,20.9,23.61875,87.0,5.0,0.3660524999999999,0.355,0.011
2023-04-06 08:00:00,8,23.7,32.54375,283.0,10.0,1.1431278783749996,1.199,-0.056
2023-04-06 09:00:00,9,26.1,41.88125,505.0,0.0,2.00132446875,1.996,0.005
2023-04-06 10:00:00,10,28.2,49.95,696.0,0.0,2.6627916,2.682,-0.019
2023-04-06 11:00:00,11,29.8,55.925,836.0,0.0,3.1134938999999995,3.116,-0.003
2023-04-06 12:00:00,12,30.8,59.2375,910.0,32.0,3.124223739,3.123,0.001
2023-04-06 13:00:00,13,31.0,55.46875,783.0,36.0,2.7117834750000003,2.705,0.007
2023-04-06 14:00:00,14,31.0,51.71875,663.0,26.0,2.385739614375,2.429,-0.043
2023-04-06 15:00:00,15,31.2,51.23125,641.0,17.0,2.3555021944125,2.365,-0.009
2023-04-06 16:00:00,16,31.0,45.40625,461.0,29.0,1.6949652980625,1.656,0.039
2023-04-06 17:00:00,17,30.8,38.925,260.0,34.0,0.972496798,0.944,0.028
2023-04-06 18:00:00,18,29.3,31.64375,75.0,82.0,0.2593934268749999,0.27,-0.011
2023-04-06 19:00:00,19,25.8,25.8625,2.0,43.0,0.00774219695,0.002,0.006
2023-04-06 20:00:00,20,25.1,25.1,0.0,1.0,0.0,0.0,0.0
2023-04-06 21:00:00,21,23.2,23.2,0.0,0.0,0.0,0.0,0.0
2023-04-06 22:00:00,22,22.1,22.1,0.0,1.0,0.0,0.0,0.0
2023-04-06 23:00:00,23,21.9,21.9,0.0,1.0,0.0,0.0,0.0
2023-04-07 00:00:00,0,22.3,22.3,0.0,0.0,0.0,0.0,0.0
2023-04-07 01:00:00,1,21.8,21.8,0.0,0.0,0.0,0.0,0.0
2023-04-07 02:00:00,2,21.2,21.2,0.0,0.0,0.0,0.0,0.0
2023-04-07 03:00:00,3,20.7,20.7,0.0,0.0,0.0,0.0,0.0
2023-04-07 04:00:00,4,20.4,20.4,0.0,0.0,0.0,0.0,0.0
2023-04-07 05:00:00,5,20.4,20.4,0.0,0.0,0.0,0.0,0.0
2023-04-07 06:00:00,6,20.7,20.7625,2.0,0.0,0.0085,0.004,0.004
2023-04-07 07:00:00,7,22.4,25.36875,95.0,0.0,0.40315446875,0.375,0.028
2023-04-07 08:00:00,8,25.5,34.71875,295.0,0.0,1.2050104687499998,1.179,0.026
2023-04-07 09:00:00,9,28.6,44.6625,514.0,0.0,2.0126890750000004,1.959,0.054
2023-04-07 10:00:00,10,30.5,52.5625,706.0,0.0,2.669694875,2.617,0.053
2023-04-07 11:00:00,11,31.7,58.16875,847.0,0.0,3.1221531687499997,3.151,-0.029
2023-04-07 12:00:00,12,32.5,61.28125,921.0,0.0,3.3461944687500007,3.337,0.009
2023-04-07 13:00:00,13,33.6,62.35,920.0,49.0,2.9999130920000003,3.011,-0.011
2023-04-07 14:00:00,14,33.6,55.00625,685.0,28.0,2.4183648945,2.393,0.025
2023-04-07 15:00:00,15,33.1,47.475,460.0,47.0,1.611996423,1.578,0.034
2023-04-07 16:00:00,16,33.4,44.43125,353.0,91.0,1.1318200302375,1.147,-0.015
2023-04-07 17:00:00,17,31.9,37.30625,173.0,88.0,0.5760232306499999,0.595,-0.019
2023-04-07 18:00:00,18,30.0,31.875,60.0,17.0,0.239555925,0.23,0.01
2023-04-07 19:00:00,19,28.4,28.4625,2.0,16.0,0.0081140422,0.004,0.004
2023-04-07 20:00:00,20,25.1,25.1,0.0,0.0,0.0,0.0,0.0
2023-04-07 21:00:00,21,24.9,24.9,0.0,87.0,0.0,0.0,0.0
2023-04-07 22:00:00,22,24.5,24.5,0.0,100.0,0.0,0.0,0.0
2023-04-07 23:00:00,23,24.0,24.0,0.0,100.0,0.0,0.0,0.0
2023-04-08 00:00:00,0,23.2,23.2,0.0,57.0,0.0,0.0,0.0
2023-04-08 01:00:00,1,22.3,22.3,0.0,100.0,0.0,0.0,0.0
2023-04-08 02:00:00,2,22.1,22.1,0.0,100.0,0.0,0.0,0.0
2023-04-08 03:00:00,3,21.5,21.5,0.0,100.0,0.0,0.0,0.0
2023-04-08 04:00:00,4,20.5,20.5,0.0,45.0,0.0,0.0,0.0
2023-04-08 05:00:00,5,20.4,20.4,0.0,7.0,0.0,0.0,0.0
2023-04-08 06:00:00,6,20.0,20.09375,3.0,27.0,0.0120615,0.008,0.004
2023-04-08 07:00:00,7,22.6,25.2875,86.0,21.0,0.3497463286499999,0.345,0.005
2023-04-08 08:00:00,8,26.3,34.64375,267.0,31.0,1.0233364435875,1.02,0.003
2023-04-08 09:00:00,9,29.1,43.0375,446.0,4.0,1.7446697576,1.788,-0.043
2023-04-08 10:00:00,10,31.0,52.5625,690.0,63.0,2.28043369875,2.273,0.007
2023-04-08 11:00:00,11,32.1,57.81875,823.0,86.0,2.515946615325,2.497,0.019
2023-04-08 12:00:00,12,32.9,60.61874999999999,887.0,77.0,2.7348260189625004,2.719,0.016
2023-04-08 13:00:00,13,33.4,60.99375,883.0,58.0,2.839803871775,2.822,0.018
2023-04-08 14:00:00,14,33.5,58.875,812.0,67.0,2.5836153070000005,2.578,0.006
2023-04-08 15:00:00,15,33.2,51.29375,579.0,34.0,2.0522086566749995,2.049,0.003
2023-04-08 16:00:00,16,33.1,47.94375,475.0,97.0,1.4777842503124998,1.478,-0.0
2023-04-08 17:00:00,17,31.6,38.75625,229.0,97.0,0.7412757165125,0.739,0.002
2023-04-08 18:00:00,18,30.1,32.19375,67.0,29.0,0.2605160522625,0.263,-0.002
2023-04-08 19:00:00,19,27.9,27.9625,2.0,14.0,0.0081640953,0.004,0.004
2023-04-08 20:00:00,20,25.4,25.4,0.0,68.0,0.0,0.0,0.0
2023-04-08 21:00:00,21,24.8,24.8,0.0,0.0,0.0,0.0,0.0
2023-04-08 22:00:00,22,24.3,24.3,0.0,0.0,0.0,0.0,0.0
2023-04-08 23:00:00,23,23.9,23.9,0.0,0.0,0.0,0.0,0.0
2023-04-09 00:00:00,0,22.9,22.9,0.0,0.0,0.0,0.0,0.0
2023-04-09 01:00:00,1,22.3,22.3,0.0,0.0,0.0,0.0,0.0
2023-04-09 02:00:00,2,21.9,21.9,0.0,0.0,0.0,0.0,0.0
2023-04-09 03:00:00,3,20.2,20.2,0.0,0.0,0.0,0.0,0.0
2023-04-09 04:00:00,4,20.0,20.0,0.0,0.0,0.0,0.0,0.0
2023-04-09 05:00:00,5,21.6,21.6,0.0,0.0,0.0,0.0,0.0
2023-04-09 06:00:00,6,23.0,23.09375,3.0,0.0,0.01275,0.009,0.004
2023-04-09 07:00:00,7,23.9,27.025,100.0,0.0,0.4215575,0.414,0.008
2023-04-09 08:00:00,8,27.8,37.26875,303.0,0.0,1.22455366875,1.147,0.078
2023-04-09 09:00:00,9,30.3,46.58125,521.0,0.0,2.02310486875,1.976,0.047
2023-04-09 10:00:00,10,31.8,54.1125,714.0,17.0,2.58997397085,2.587,0.003
2023-04-09 11:00:00,11,32.9,57.65,792.0,1.0,2.9205475992,2.915,0.006
2023-04-09 12:00:00,12,33.9,62.5875,918.0,1.0,3.30827965605,3.312,-0.004
2023-04-09 13:00:00,13,34.3,63.2375,926.0,0.0,3.333565275,3.337,-0.003
2023-04-09 14:00:00,14,34.3,60.95625,853.0,0.0,3.10384841875,3.12,-0.016
2023-04-09 15:00:00,15,34.1,56.38125,713.0,0.0,2.6498778687499995,2.638,0.012
2023-04-09 16:00:00,16,33.8,50.08125,521.0,0.0,1.99210536875,1.925,0.067
2023-04-09 17:00:00,17,33.2,42.54375,299.0,0.0,1.18157511875,1.146,0.036
2023-04-09 18:00:00,18,28.7,31.7,96.0,0.0,0.3970655999999999,0.37,0.027
2023-04-09 19:00:00,19,25.8,25.8625,2.0,0.0,0.008470675,0.002,0.006
2023-04-09 20:00:00,20,24.7,24.7,0.0,0.0,0.0,0.0,0.0
2023-04-09 21:00:00,21,23.2,23.2,0.0,0.0,0.0,0.0,0.0
2023-04-09 22:00:00,22,22.6,22.6,0.0,0.0,0.0,0.0,0.0
2023-04-09 23:00:00,23,23.2,23.2,0.0,0.0,0.0,0.0,0.0
2023-04-10 00:00:00,0,23.7,23.7,0.0,72.0,0.0,0.0,0.0
2023-04-10 01:00:00,1,22.7,22.7,0.0,1.0,0.0,0.0,0.0
2023-04-10 02:00:00,2,21.7,21.7,0.0,46.0,0.0,0.0,0.0
2023-04-10 03:00:00,3,21.1,21.1,0.0,26.0,0.0,0.0,0.0
2023-04-10 04:00:00,4,20.2,20.2,0.0,98.0,0.0,0.0,0.0
2023-04-10 05:00:00,5,20.3,20.3,0.0,100.0,0.0,0.0,0.0
2023-04-10 06:00:00,6,20.5,20.59375,3.0,94.0,0.010353,0.008,0.002
2023-04-10 07:00:00,7,24.4,27.4,96.0,100.0,0.32326656,0.307,0.016
2023-04-10 08:00:00,8,28.0,36.84375,283.0,93.0,0.9326565510624998,0.937,-0.004
2023-04-10 09:00:00,9,31.0,46.21875,487.0,92.0,1.5455692544999995,1.545,0.001
2023-04-10 10:00:00,10,32.7,54.91875,711.0,45.0,2.4207110825625,2.433,-0.012
2023-04-10 11:00:00,11,34.2,60.7625,850.0,18.0,2.9842855274999995,2.982,0.002
2023-04-10 12:00:00,12,35.1,64.06875,927.0,91.0,2.7190856352375,2.667,0.052
2023-04-10 13:00:00,13,35.2,64.04375,923.0,96.0,2.6745725311500004,2.671,0.004
2023-04-10 14:00:00,14,35.2,61.6375,846.0,77.0,2.5960182358499995,2.614,-0.018
2023-04-10 15:00:00,15,35.1,57.225,708.0,35.0,2.437660107,2.434,0.004
2023-04-10 16:00:00,16,35.0,51.3125,522.0,62.0,1.7388625185000002,1.736,0.003
2023-04-10 17:00:00,17,34.5,43.28125,281.0,97.0,0.8921778978125002,0.892,0.0
2023-04-10 18:00:00,18,31.1,33.94375,91.0,33.0,0.3483016935124999,0.351,-0.003
2023-04-10 19:00:00,19,27.0,27.0625,2.0,68.0,0.007283412,0.003,0.004
2023-04-10 20:00:00,20,26.7,26.7,0.0,16.0,0.0,0.0,0.0
2023-04-10 21:00:00,21,26.7,26.7,0.0,0.0,0.0,0.0,0.0
2023-04-10 22:00:00,22,25.7,25.7,0.0,0.0,0.0,0.0,0.0
2023-04-10 23:00:00,23,25.1,25.1,0.0,0.0,0.0,0.0,0.0
2023-04-11 00:00:00,0,24.0,24.0,0.0,0.0,0.0,0.0,0.0
2023-04-11 01:00:00,1,22.6,22.6,0.0,64.0,0.0,0.0,0.0
2023-04-11 02:00:00,2,22.0,22.0,0.0,87.0,0.0,0.0,0.0
2023-04-11 03:00:00,3,22.4,22.4,0.0,67.0,0.0,0.0,0.0
2023-04-11 04:00:00,4,21.7,21.7,0.0,96.0,0.0,0.0,0.0
2023-04-11 05:00:00,5,22.3,22.3,0.0,99.0,0.0,0.0,0.0
2023-04-11 06:00:00,6,23.7,23.79375,3.0,9.0,0.0125204999999999,0.01,0.003
2023-04-11 07:00:00,7,26.4,29.3375,94.0,8.0,0.3862875762,0.382,0.004
2023-04-11 08:00:00,8,29.9,39.61875,311.0,0.0,1.2444606687500002,1.169,0.075
2023-04-11 09:00:00,9,32.1,48.38125,521.0,5.0,1.9870906460625,1.999,-0.012
2023-04-11 10:00:00,10,33.8,55.95625,709.0,2.0,2.629573781475,2.611,0.019
2023-04-11 11:00:00,11,35.2,61.60625,845.0,6.0,3.028616404125,3.046,-0.017
2023-04-11 12:00:00,12,36.4,64.8375,910.0,23.0,3.10165803675,3.074,0.028
2023-04-11 13:00:00,13,37.0,65.09375,899.0,26.0,3.041181363375,3.046,-0.005
2023-04-11 14:00:00,14,37.1,62.4125,810.0,27.0,2.76925406175,2.767,0.002
2023-04-11 15:00:00,15,36.9,57.7125,666.0,21.0,2.35680365385,2.37,-0.013
2023-04-11 16:00:00,16,36.4,51.61875,487.0,68.0,1.5978585906,1.58,0.018
2023-04-11 17:00:00,17,34.6,42.63125,257.0,51.0,0.9116667237375002,0.91,0.002
2023-04-11 18:00:00,18,32.6,34.25625,53.0,48.0,0.19608674735,0.205,-0.009
2023-04-11 19:00:00,19,29.3,29.3625,2.0,41.0,0.00766683765,0.004,0.004
2023-04-11 20:00:00,20,27.5,27.5,0.0,64.0,0.0,0.001,-0.001
2023-04-11 21:00:00,21,27.9,27.9,0.0,21.0,0.0,0.002,-0.002
2023-04-11 22:00:00,22,25.7,25.7,0.0,6.0,0.0,0.0,0.0
2023-04-11 23:00:00,23,24.7,24.7,0.0,0.0,0.0,0.0,0.0
2023-04-12 00:00:00,0,24.9,24.9,0.0,0.0,0.0,0.0,0.0
2023-04-12 01:00:00,1,24.5,24.5,0.0,13.0,0.0,0.0,0.0
2023-04-12 02:00:00,2,23.7,23.7,0.0,3.0,0.0,0.0,0.0
2023-04-12 03:00:00,3,22.9,22.9,0.0,0.0,0.0,0.0,0.0
2023-04-12 04:00:00,4,23.0,23.0,0.0,0.0,0.0,0.0,0.0
2023-04-12 05:00:00,5,26.1,26.1,0.0,25.0,0.0,0.0,0.0
2023-04-12 06:00:00,6,26.0,26.125,4.0,26.0,0.016043478,0.014,0.002
2023-04-12 07:00:00,7,27.2,30.2,96.0,21.0,0.3827340287999999,0.39,-0.007
2023-04-12 08:00:00,8,29.4,38.525,292.0,12.0,1.1456892144,1.138,0.008
2023-04-12 09:00:00,9,31.6,46.85,488.0,22.0,1.8094521744,1.815,-0.006
2023-04-12 10:00:00,10,32.0,52.75,664.0,19.0,2.4134251960000004,2.416,-0.003
2023-04-12 11:00:00,11,33.4,58.30625,797.0,2.0,2.9242396842750003,2.939,-0.015
2023-04-12 12:00:00,12,34.8,63.2375,910.0,33.0,3.0597521272499995,3.045,0.015
2023-04-12 13:00:00,13,35.4,60.68125,809.0,14.0,2.8649950472250003,2.859,0.006
2023-04-12 14:00:00,14,35.8,60.26875,783.0,3.0,2.8411379427375,2.836,0.005
2023-04-12 15:00:00,15,36.5,58.25,696.0,10.0,2.51329428,2.527,-0.014
2023-04-12 16:00:00,16,35.2,49.29375,451.0,55.0,1.5401359386875,1.529,0.011
2023-04-12 17:00:00,17,34.9,42.2125,234.0,73.0,0.7908284884500001,0.804,-0.013
2023-04-12 18:00:00,18,32.2,34.98125,89.0,88.0,0.2992342558499999,0.306,-0.007
2023-04-12 19:00:00,19,31.6,31.69375,3.0,95.0,0.0100509811875,0.008,0.002
2023-04-12 20:00:00,20,29.0,29.0,0.0,100.0,0.0,0.0,0.0
2023-04-12 21:00:00,21,27.9,27.9,0.0,95.0,0.0,0.001,-0.001
2023-04-12 22:00:00,22,26.5,26.5,0.0,11.0,0.0,0.0,0.0
2023-04-12 23:00:00,23,25.8,25.8,0.0,74.0,0.0,0.0,0.0
2023-04-13 00:00:00,0,25.7,25.7,0.0,97.0,0.0,0.0,0.0
2023-04-13 01:00:00,1,25.4,25.4,0.0,94.0,0.0,0.0,0.0
2023-04-13 02:00:00,2,25.1,25.1,0.0,94.0,0.0,0.0,0.0
2023-04-13 03:00:00,3,25.2,25.2,0.0,85.0,0.0,0.0,0.0
2023-04-13 04:00:00,4,25.0,25.0,0.0,94.0,0.0,0.0,0.0
2023-04-13 05:00:00,5,24.0,24.0,0.0,100.0,0.0,0.0,0.0
2023-04-13 06:00:00,6,23.6,23.75625,5.0,87.0,0.0175525,0.019,-0.001
2023-04-13 07:00:00,7,26.8,30.1125,106.0,80.0,0.370681311,0.372,-0.001
2023-04-13 08:00:00,8,30.5,40.0,304.0,99.0,0.97401296,0.991,-0.017
2023-04-13 09:00:00,9,33.0,49.0,512.0,69.0,1.695643648,1.689,0.007
2023-04-13 10:00:00,10,34.6,56.50625,701.0,38.0,2.405901977325,2.433,-0.027
2023-04-13 11:00:00,11,35.7,61.91875,839.0,22.0,2.905454042525,2.884,0.021
2023-04-13 12:00:00,12,36.4,63.05624999999999,853.0,14.0,2.9873412218249995,2.987,0.0
2023-04-13 13:00:00,13,36.9,63.58749999999999,854.0,12.0,2.9956237948,2.956,0.04
2023-04-13 14:00:00,14,36.9,61.8375,798.0,17.0,2.79344255085,2.783,0.01
2023-04-13 15:00:00,15,36.3,53.33125,545.0,43.0,1.8771375254375,1.891,-0.014
2023-04-13 16:00:00,16,35.7,47.60625,381.0,57.0,1.3049267764125,1.292,0.013
2023-04-13 17:00:00,17,34.8,40.95625,197.0,98.0,0.6301852650750001,0.635,-0.005
2023-04-13 18:00:00,18,33.0,35.625,84.0,92.0,0.27893124,0.285,-0.006
2023-04-13 19:00:00,19,30.9,30.99375,3.0,74.0,0.0106025595749999,0.014,-0.003
2023-04-13 20:00:00,20,29.3,29.3,0.0,51.0,0.0,0.001,-0.001
2023-04-13 21:00:00,21,27.7,27.7,0.0,59.0,0.0,0.001,-0.001
2023-04-13 22:00:00,22,26.6,26.6,0.0,86.0,0.0,0.0,0.0
2023-04-13 23:00:00,23,27.4,27.4,0.0,99.0,0.0,0.0,0.0
2023-04-14 00:00:00,0,27.0,27.0,0.0,95.0,0.0,0.0,0.0
2023-04-14 01:00:00,1,26.6,26.6,0.0,100.0,0.0,0.0,0.0
2023-04-14 02:00:00,2,26.3,26.3,0.0,100.0,0.0,0.0,0.0
2023-04-14 03:00:00,3,25.8,25.8,0.0,100.0,0.0,0.0,0.0
2023-04-14 04:00:00,4,24.8,24.8,0.0,100.0,0.0,0.0,0.0
2023-04-14 05:00:00,5,24.1,24.1,0.0,99.0,0.0,0.0,0.0
2023-04-14 06:00:00,6,24.9,25.05625,5.0,100.0,0.016996175,0.018,-0.001
2023-04-14 07:00:00,7,28.2,31.325,100.0,82.0,0.3463109099999999,0.35,-0.004
2023-04-14 08:00:00,8,32.4,41.93125,305.0,10.0,1.184292239375,1.192,-0.008
2023-04-14 09:00:00,9,34.4,50.8375,526.0,12.0,1.9563540092,1.973,-0.017
2023-04-14 10:00:00,10,36.0,58.21875,711.0,28.0,2.4735018105,2.477,-0.003
2023-04-14 11:00:00,11,37.0,60.65625,757.0,44.0,2.5156514235,2.531,-0.015
2023-04-14 12:00:00,12,37.8,62.76875,799.0,53.0,2.5771669394625,2.574,0.003
2023-04-14 13:00:00,13,38.3,64.26875,831.0,94.0,2.417324299425,2.403,0.014
2023-04-14 14:00:00,14,38.2,59.45,680.0,100.0,1.9934064,1.987,0.006
2023-04-14 15:00:00,15,37.3,50.925,436.0,90.0,1.361891998,1.359,0.003
2023-04-14 16:00:00,16,37.0,48.21875,359.0,80.0,1.16259861375,1.171,-0.008
2023-04-14 17:00:00,17,35.8,41.3625,178.0,80.0,0.5938691429999999,0.601,-0.007
2023-04-14 18:00:00,18,33.8,36.26875,79.0,80.0,0.2693174977499999,0.275,-0.006
2023-04-14 19:00:00,19,31.3,31.39375,3.0,44.0,0.0113306139,0.009,0.002
2023-04-14 20:00:00,20,29.6,29.6,0.0,11.0,0.0,0.0,0.0
2023-04-14 21:00:00,21,27.7,27.7,0.0,10.0,0.0,0.0,0.0
2023-04-14 22:00:00,22,27.3,27.3,0.0,0.0,0.0,0.0,0.0
2023-04-14 23:00:00,23,25.9,25.9,0.0,0.0,0.0,0.0,0.0
2023-04-15 00:00:00,0,26.6,26.6,0.0,0.0,0.0,0.0,0.0
2023-04-15 01:00:00,1,26.1,26.1,0.0,0.0,0.0,0.0,0.0
2023-04-15 02:00:00,2,26.6,26.6,0.0,0.0,0.0,0.0,0.0
2023-04-15 03:00:00,3,25.1,25.1,0.0,0.0,0.0,0.0,0.0
2023-04-15 04:00:00,4,24.2,24.2,0.0,19.0,0.0,0.0,0.0
2023-04-15 05:00:00,5,24.6,24.6,0.0,21.0,0.0,0.0,0.0
2023-04-15 06:00:00,6,25.5,25.6875,6.0,4.0,0.0252264359999999,0.022,0.003
2023-04-15 07:00:00,7,27.4,30.9,112.0,0.0,0.4647664000000001,0.451,0.014
2023-04-15 08:00:00,8,31.3,41.1125,314.0,0.0,1.248491475,1.213,0.035
2023-04-15 09:00:00,9,34.6,51.1625,530.0,0.0,2.0167758750000004,2.033,-0.016
2023-04-15 10:00:00,10,36.8,59.175,716.0,16.0,2.5429571992,2.552,-0.009
2023-04-15 11:00:00,11,38.0,62.96875,799.0,37.0,2.6668989540625003,2.661,0.006
2023-04-15 12:00:00,12,38.5,65.875,876.0,21.0,2.983489341,2.993,-0.01
2023-04-15 13:00:00,13,38.9,66.36874999999999,879.0,40.0,2.868170627249999,2.858,0.01
2023-04-15 14:00:00,14,38.7,63.66875,799.0,42.0,2.629389329775,2.647,-0.018
2023-04-15 15:00:00,15,38.3,58.83125,657.0,36.0,2.2405527774,2.239,0.002
2023-04-15 16:00:00,16,37.6,52.13125,465.0,55.0,1.5679819471875,1.559,0.009
2023-04-15 17:00:00,17,36.1,44.225,260.0,55.0,0.907822695,0.891,0.017
2023-04-15 18:00:00,18,34.1,36.69375,83.0,39.0,0.3100226094875,0.312,-0.002
2023-04-15 19:00:00,19,32.1,32.19375,3.0,43.0,0.0113181705375,0.009,0.002
2023-04-15 20:00:00,20,30.6,30.6,0.0,17.0,0.0,0.001,-0.001
2023-04-15 21:00:00,21,29.6,29.6,0.0,9.0,0.0,0.0,0.0
2023-04-15 22:00:00,22,29.2,29.2,0.0,5.0,0.0,0.001,-0.001
2023-04-15 23:00:00,23,28.3,28.3,0.0,6.0,0.0,0.001,-0.001
2023-04-16 00:00:00,0,27.7,27.7,0.0,1.0,0.0,0.001,-0.001
2023-04-16 01:00:00,1,27.1,27.1,0.0,16.0,0.0,0.0,0.0
2023-04-16 02:00:00,2,27.2,27.2,0.0,31.0,0.0,0.0,0.0
2023-04-16 03:00:00,3,25.8,25.8,0.0,20.0,0.0,0.0,0.0
2023-04-16 04:00:00,4,25.7,25.7,0.0,20.0,0.0,0.0,0.0
2023-04-16 05:00:00,5,23.9,23.9,0.0,35.0,0.0,0.0,0.0
2023-04-16 06:00:00,6,25.4,25.55625,5.0,62.0,0.018573581625,0.019,-0.0
2023-04-16 07:00:00,7,28.8,31.76875,95.0,24.0,0.37396318225,0.371,0.003
2023-04-16 08:00:00,8,33.1,42.31875,295.0,13.0,1.1365571605624998,1.146,-0.009
2023-04-16 09:00:00,9,35.4,51.525,516.0,25.0,1.862306565,1.864,-0.002
2023-04-16 10:00:00,10,36.5,57.40625,669.0,15.0,2.4004529071875003,2.398,0.002
2023-04-16 11:00:00,11,37.3,60.26875,735.0,36.0,2.489886147,2.475,0.015
2023-04-16 12:00:00,12,37.2,59.73125,721.0,20.0,2.533007106,2.534,-0.001
2023-04-16 13:00:00,13,37.4,62.86875,815.0,19.0,2.827393486937499,2.82,0.007
2023-04-16 14:00:00,14,37.3,61.45625,773.0,11.0,2.7444424935375,2.725,0.019
2023-04-16 15:00:00,15,37.2,58.0125,666.0,12.0,2.3977708956,2.405,-0.007
2023-04-16 16:00:00,16,36.8,52.6125,506.0,7.0,1.8861955931500003,1.918,-0.032
2023-04-16 17:00:00,17,35.7,44.85625,293.0,1.0,1.1440533267125,1.14,0.004
2023-04-16 18:00:00,18,33.8,36.83125,97.0,1.0,0.3919547882125,0.396,-0.004
2023-04-16 19:00:00,19,31.8,31.89375,3.0,0.0,0.01239841875,0.008,0.004
2023-04-16 20:00:00,20,30.8,30.8,0.0,1.0,0.0,0.005,-0.005
2023-04-16 21:00:00,21,28.2,28.2,0.0,1.0,0.0,0.001,-0.001
2023-04-16 22:00:00,22,28.2,28.2,0.0,0.0,0.0,0.001,-0.001
2023-04-16 23:00:00,23,27.2,27.2,0.0,1.0,0.0,0.0,0.0
2023-04-17 00:00:00,0,26.7,26.7,0.0,1.0,0.0,0.0,0.0
2023-04-17 01:00:00,1,24.9,24.9,0.0,0.0,0.0,0.0,0.0
2023-04-17 02:00:00,2,25.8,25.8,0.0,0.0,0.0,0.0,0.0
2023-04-17 03:00:00,3,25.4,25.4,0.0,0.0,0.0,0.0,0.0
2023-04-17 04:00:00,4,24.7,24.7,0.0,0.0,0.0,0.0,0.0
2023-04-17 05:00:00,5,24.8,24.8,0.0,0.0,0.0,0.0,0.0
2023-04-17 06:00:00,6,25.7,25.91875,7.0,0.0,0.02964066875,0.027,0.003
2023-04-17 07:00:00,7,28.1,31.7875,118.0,0.0,0.4878842749999999,0.444,0.044
2023-04-17 08:00:00,8,31.5,41.5,320.0,0.0,1.27024,1.224,0.046
2023-04-17 09:00:00,9,34.4,51.11875,535.0,0.0,2.03619996875,2.062,-0.026
2023-04-17 10:00:00,10,36.1,58.6,720.0,0.0,2.6487359999999995,2.683,-0.034
2023-04-17 11:00:00,11,37.1,63.81875000000001,855.0,2.0,3.057241390875,3.075,-0.018
2023-04-17 12:00:00,12,37.8,66.33125,913.0,5.0,3.2063601920625,3.211,-0.005
2023-04-17 13:00:00,13,38.3,66.70625,909.0,10.0,3.154388052375,3.148,0.006
2023-04-17 14:00:00,14,38.3,64.425,836.0,20.0,2.872984224,2.898,-0.025
2023-04-17 15:00:00,15,37.8,59.3625,690.0,55.0,2.25119080875,2.245,0.006
2023-04-17 16:00:00,16,36.9,52.18125,489.0,68.0,1.6003805202,1.591,0.009
2023-04-17 17:00:00,17,35.9,44.025,260.0,45.0,0.929027645,0.914,0.015
2023-04-17 18:00:00,18,34.3,37.2375,94.0,49.0,0.34270991645,0.328,0.015
2023-04-17 19:00:00,19,32.0,32.125,4.0,38.0,0.015260322,0.014,0.001
2023-04-17 20:00:00,20,30.7,30.7,0.0,19.0,0.0,0.003,-0.003
2023-04-17 21:00:00,21,29.8,29.8,0.0,10.0,0.0,0.001,-0.001
2023-04-17 22:00:00,22,28.9,28.9,0.0,5.0,0.0,0.001,-0.001
2023-04-17 23:00:00,23,27.6,27.6,0.0,4.0,0.0,0.0,0.0
2023-04-18 00:00:00,0,27.6,27.6,0.0,1.0,0.0,0.0,0.0
2023-04-18 01:00:00,1,28.5,28.5,0.0,0.0,0.0,0.001,-0.001
2023-04-18 02:00:00,2,27.1,27.1,0.0,0.0,0.0,0.0,0.0
2023-04-18 03:00:00,3,25.9,25.9,0.0,0.0,0.0,0.0,0.0
2023-04-18 04:00:00,4,25.8,25.8,0.0,0.0,0.0,0.0,0.0
2023-04-18 05:00:00,5,27.6,27.6,0.0,2.0,0.0,0.0,0.0
2023-04-18 06:00:00,6,28.4,28.61875,7.0,24.0,0.02791203905,0.027,0.001
2023-04-18 07:00:00,7,29.8,33.3625,114.0,4.0,0.4645471272000001,0.457,0.008
2023-04-18 08:00:00,8,31.6,41.4125,314.0,5.0,1.23442117425,1.256,-0.022
2023-04-18 09:00:00,9,34.3,50.7375,526.0,8.0,1.9732695906,1.863,0.11
2023-04-18 10:00:00,10,36.5,58.6875,710.0,0.0,2.610891875,2.589,0.022
2023-04-18 11:00:00,11,37.7,64.0125,842.0,4.0,2.9959144744,2.97,0.026
2023-04-18 12:00:00,12,38.6,66.60000000000001,896.0,3.0,3.1553027072,3.181,-0.026
2023-04-18 13:00:00,13,38.9,65.86875,863.0,2.0,3.0558919104749998,3.034,0.022
2023-04-18 14:00:00,14,39.2,64.91875,823.0,5.0,2.9098543010625,2.907,0.003
2023-04-18 15:00:00,15,39.0,59.78125,665.0,27.0,2.3016633784375,2.298,0.004
2023-04-18 16:00:00,16,38.3,52.89375,467.0,41.0,1.6187107942125,1.611,0.008
2023-04-18 17:00:00,17,36.8,44.8625,258.0,5.0,0.99928924425,0.945,0.054
2023-04-18 18:00:00,18,34.9,37.99375,99.0,20.0,0.3829262579999999,0.377,0.006
2023-04-18 19:00:00,19,32.0,32.125,4.0,1.0,0.016482469,0.014,0.002
2023-04-18 20:00:00,20,30.3,30.3,0.0,1.0,0.0,0.0,0.0
2023-04-18 21:00:00,21,30.3,30.3,0.0,1.0,0.0,0.0,0.0
2023-04-18 22:00:00,22,30.0,30.0,0.0,1.0,0.0,0.005,-0.005
2023-04-18 23:00:00,23,29.6,29.6,0.0,0.0,0.0,0.0,0.0
2023-04-19 00:00:00,0,28.7,28.7,0.0,0.0,0.0,0.001,-0.001
2023-04-19 01:00:00,1,27.9,27.9,0.0,0.0,0.0,0.001,-0.001
2023-04-19 02:00:00,2,27.7,27.7,0.0,2.0,0.0,0.001,-0.001
2023-04-19 03:00:00,3,26.9,26.9,0.0,9.0,0.0,0.0,0.0
2023-04-19 04:00:00,4,25.8,25.8,0.0,50.0,0.0,0.0,0.0
2023-04-19 05:00:00,5,26.4,26.4,0.0,99.0,0.0,0.0,0.0
2023-04-19 06:00:00,6,26.0,26.25,8.0,91.0,0.0276729399999999,0.027,0.001
2023-04-19 07:00:00,7,27.7,31.29375,115.0,100.0,0.381156575,0.383,-0.002
2023-04-19 08:00:00,8,30.4,39.61875,295.0,73.0,1.0080931713125,1.009,-0.001
2023-04-19 09:00:00,9,33.2,49.54375,523.0,85.0,1.6637611605624998,1.681,-0.017
2023-04-19 10:00:00,10,35.1,57.19375,707.0,72.0,2.2408482008499995,2.251,-0.01
2023-04-19 11:00:00,11,36.1,61.88125,825.0,86.0,2.474884108125,2.478,-0.003
2023-04-19 12:00:00,12,36.2,61.7,816.0,75.0,2.51506296,2.503,0.012
2023-04-19 13:00:00,13,36.8,62.675,828.0,26.0,2.8332749916,2.653,0.18
2023-04-19 14:00:00,14,37.1,62.69375,819.0,59.0,2.6071390083375,2.592,0.015
2023-04-19 15:00:00,15,37.2,56.8875,630.0,100.0,1.8687879,1.882,-0.013
2023-04-19 16:00:00,16,36.1,46.56875,335.0,99.0,1.0433346069375,1.027,0.016
2023-04-19 17:00:00,17,35.4,42.775,236.0,99.0,0.7472127334,0.749,-0.002
2023-04-19 18:00:00,18,33.9,36.4,80.0,100.0,0.2595968,0.266,-0.006
2023-04-19 19:00:00,19,31.9,31.99375,3.0,94.0,0.010063374825,0.008,0.002
2023-04-19 20:00:00,20,31.2,31.2,0.0,100.0,0.0,0.0,0.0
2023-04-19 21:00:00,21,30.0,30.0,0.0,100.0,0.0,0.003,-0.003
2023-04-19 22:00:00,22,28.8,28.8,0.0,86.0,0.0,0.001,-0.001
2023-04-19 23:00:00,23,27.9,27.9,0.0,38.0,0.0,0.002,-0.002
2023-04-20 00:00:00,0,27.4,27.4,0.0,78.0,0.0,0.0,0.0
2023-04-20 01:00:00,1,26.3,26.3,0.0,100.0,0.0,0.0,0.0
2023-04-20 02:00:00,2,25.7,25.7,0.0,100.0,0.0,0.0,0.0
2023-04-20 03:00:00,3,25.8,25.8,0.0,100.0,0.0,0.0,0.0
2023-04-20 04:00:00,4,25.0,25.0,0.0,99.0,0.0,0.0,0.0
2023-04-20 05:00:00,5,25.2,25.2,0.0,100.0,0.0,0.0,0.0
2023-04-20 06:00:00,6,25.2,25.45,8.0,98.0,0.0272867952,0.026,0.001
2023-04-20 07:00:00,7,26.7,29.66875,95.0,62.0,0.347079932625,0.332,0.015
2023-04-20 08:00:00,8,29.4,38.86875,303.0,100.0,0.973049655,0.967,0.006
2023-04-20 09:00:00,9,31.4,47.525,516.0,100.0,1.59632856,1.578,0.018
2023-04-20 10:00:00,10,32.5,53.65625,677.0,89.0,2.0939999698125,2.087,0.007
2023-04-20 11:00:00,11,33.6,59.06875,815.0,1.0,2.985744013812499,3.014,-0.028
2023-04-20 12:00:00,12,34.6,63.0375,910.0,4.0,3.252827396,3.25,0.003
2023-04-20 13:00:00,13,34.5,61.9375,878.0,14.0,3.0911260904999995,3.096,-0.005
2023-04-20 14:00:00,14,35.1,60.2875,806.0,37.0,2.72428336505,2.735,-0.011
2023-04-20 15:00:00,15,35.1,54.225,612.0,100.0,1.83755448,1.846,-0.008
2023-04-20 16:00:00,16,34.4,42.0875,246.0,99.0,0.7811801401499999,0.781,0.0
2023-04-20 17:00:00,17,34.0,39.6875,182.0,100.0,0.5824455,0.591,-0.009
2023-04-20 18:00:00,18,32.9,35.4625,82.0,100.0,0.2671322200000001,0.274,-0.007
2023-04-20 19:00:00,19,31.3,31.39375,3.0,100.0,0.009939135,0.005,0.005
2023-04-20 20:00:00,20,30.2,30.2,0.0,100.0,0.0,0.001,-0.001
2023-04-20 21:00:00,21,29.2,29.2,0.0,100.0,0.0,0.0,0.0
2023-04-20 22:00:00,22,28.5,28.5,0.0,100.0,0.0,0.0,0.0
2023-04-20 23:00:00,23,26.7,26.7,0.0,92.0,0.0,0.0,0.0
2023-04-21 00:00:00,0,25.3,25.3,0.0,99.0,0.0,0.0,0.0
2023-04-21 01:00:00,1,24.4,24.4,0.0,94.0,0.0,0.0,0.0
2023-04-21 02:00:00,2,25.0,25.0,0.0,20.0,0.0,0.0,0.0
2023-04-21 03:00:00,3,25.2,25.2,0.0,0.0,0.0,0.0,0.0
2023-04-21 04:00:00,4,22.2,22.2,0.0,8.0,0.0,0.0,0.0
2023-04-21 05:00:00,5,22.6,22.6,0.0,9.0,0.0,0.0,0.0
2023-04-21 06:00:00,6,23.2,23.5125,10.0,0.0,0.0425,0.037,0.005
2023-04-21 07:00:00,7,26.1,30.0375,126.0,0.0,0.524709675,0.492,0.033
2023-04-21 08:00:00,8,30.1,40.4125,330.0,0.0,1.316035875,1.212,0.104
2023-04-21 09:00:00,9,32.0,49.0625,546.0,0.0,2.0971518750000007,2.034,0.063
2023-04-21 10:00:00,10,33.4,56.275,732.0,0.0,2.7218139000000003,1.955,0.767
2023-04-21 11:00:00,11,34.4,61.58749999999999,870.0,0.0,3.156370875,3.293,-0.137
2023-04-21 12:00:00,12,35.0,64.21875,935.0,0.0,3.3503679687500005,3.344,0.006
2023-04-21 13:00:00,13,35.5,64.59375,931.0,0.0,3.33009971875,3.299,0.031
2023-04-21 14:00:00,14,35.7,62.73125,865.0,0.0,3.12141196875,3.098,0.023
2023-04-21 15:00:00,15,35.5,58.1875,726.0,0.0,2.675899875,2.614,0.062
2023-04-21 16:00:00,16,35.0,51.78125,537.0,0.0,2.03776396875,1.995,0.043
2023-04-21 17:00:00,17,33.8,43.6125,314.0,0.0,1.235146475,1.198,0.037
2023-04-21 18:00:00,18,31.6,34.9125,106.0,0.0,0.432637675,0.374,0.059
2023-04-21 19:00:00,19,29.4,29.55625,5.0,0.0,0.02086271875,0.009,0.012
2023-04-21 20:00:00,20,28.9,28.9,0.0,0.0,0.0,0.001,-0.001
2023-04-21 21:00:00,21,28.7,28.7,0.0,0.0,0.0,0.001,-0.001
2023-04-21 22:00:00,22,27.2,27.2,0.0,0.0,0.0,0.0,0.0
2023-04-21 23:00:00,23,25.5,25.5,0.0,0.0,0.0,0.0,0.0
2023-04-22 00:00:00,0,24.8,24.8,0.0,0.0,0.0,0.0,0.0
2023-04-22 01:00:00,1,25.3,25.3,0.0,0.0,0.0,0.0,0.0
2023-04-22 02:00:00,2,24.3,24.3,0.0,7.0,0.0,0.0,0.0
2023-04-22 03:00:00,3,23.3,23.3,0.0,18.0,0.0,0.0,0.0
2023-04-22 04:00:00,4,22.5,22.5,0.0,0.0,0.0,0.0,0.0
2023-04-22 05:00:00,5,22.0,22.0,0.0,0.0,0.0,0.0,0.0
2023-04-22 06:00:00,6,22.7,23.04375,11.0,0.0,0.0467499999999999,0.041,0.006
2023-04-22 07:00:00,7,25.1,29.1625,130.0,0.0,0.543300875,0.513,0.03
2023-04-22 08:00:00,8,27.8,38.2375,334.0,0.0,1.344337475,1.284,0.06
2023-04-22 09:00:00,9,30.0,47.15625,549.0,0.0,2.12646571875,1.936,0.19
2023-04-22 10:00:00,10,32.2,55.1375,734.0,14.0,2.6666278353,2.647,0.02
2023-04-22 11:00:00,11,33.9,60.18125,841.0,6.0,3.0344085047250005,3.026,0.008
2023-04-22 12:00:00,12,35.1,63.5375,910.0,1.0,3.26478222525,3.259,0.006
2023-04-22 13:00:00,13,35.9,65.025,932.0,3.0,3.3068828366,3.304,0.003
2023-04-22 14:00:00,14,36.3,62.6125,842.0,25.0,2.88810894125,2.879,0.009
2023-04-22 15:00:00,15,35.9,55.7125,634.0,31.0,2.216944873149999,2.203,0.014
2023-04-22 16:00:00,16,35.5,50.125,468.0,40.0,1.64597706,1.64,0.006
2023-04-22 17:00:00,17,33.7,40.54375,219.0,33.0,0.8152704979125,0.801,0.014
2023-04-22 18:00:00,18,31.7,34.8875,102.0,1.0,0.41552236485,0.399,0.017
2023-04-22 19:00:00,19,28.1,28.25625,5.0,2.0,0.020889325875,0.017,0.004
2023-04-22 20:00:00,20,27.4,27.4,0.0,4.0,0.0,0.0,0.0
2023-04-22 21:00:00,21,26.7,26.7,0.0,0.0,0.0,0.0,0.0
2023-04-22 22:00:00,22,25.9,25.9,0.0,1.0,0.0,0.0,0.0
2023-04-22 23:00:00,23,25.7,25.7,0.0,0.0,0.0,0.0,0.0
2023-04-23 00:00:00,0,25.5,25.5,0.0,1.0,0.0,0.0,0.0
2023-04-23 01:00:00,1,24.8,24.8,0.0,1.0,0.0,0.0,0.0
2023-04-23 02:00:00,2,24.2,24.2,0.0,1.0,0.0,0.0,0.0
2023-04-23 03:00:00,3,23.6,23.6,0.0,38.0,0.0,0.0,0.0
2023-04-23 04:00:00,4,23.4,23.4,0.0,0.0,0.0,0.0,0.0
2023-04-23 05:00:00,5,22.9,22.9,0.0,2.0,0.0,0.0,0.0
2023-04-23 06:00:00,6,23.0,23.34375,11.0,26.0,0.0443189999999999,0.041,0.003
2023-04-23 07:00:00,7,24.4,28.2125,122.0,66.0,0.4442747547,0.436,0.008
2023-04-23 08:00:00,8,26.9,35.43125,273.0,7.0,1.0962728287875003,1.109,-0.013
2023-04-23 09:00:00,9,28.4,44.24375,507.0,97.0,1.6030438237125,1.62,-0.017
2023-04-23 10:00:00,10,28.6,44.0375,494.0,28.0,1.8310041828,1.819,0.012
2023-04-23 11:00:00,11,31.0,57.53125,849.0,17.0,3.0320097688125,3.031,0.001
2023-04-23 12:00:00,12,32.2,60.6375,910.0,9.0,3.25649649325,3.25,0.006
2023-04-23 13:00:00,13,32.7,61.54375,923.0,99.0,2.6861722990375,2.677,0.009
2023-04-23 14:00:00,14,28.3,47.51875,615.0,53.0,2.1262149230625003,2.093,0.033
2023-04-23 15:00:00,15,31.8,50.4875,598.0,38.0,2.1089321252999995,2.107,0.002
2023-04-23 16:00:00,16,30.7,42.41875,375.0,75.0,1.2602996484374998,1.234,0.026
2023-04-23 17:00:00,17,27.3,32.26875,159.0,8.0,0.64560492765,0.614,0.032
2023-04-23 18:00:00,18,26.3,29.01875,87.0,21.0,0.3485264054624999,0.342,0.007
2023-04-23 19:00:00,19,24.7,24.85625,5.0,27.0,0.0201025,0.016,0.004
2023-04-23 20:00:00,20,24.2,24.2,0.0,18.0,0.0,0.0,0.0
2023-04-23 21:00:00,21,24.0,24.0,0.0,1.0,0.0,0.0,0.0
2023-04-23 22:00:00,22,23.0,23.0,0.0,0.0,0.0,0.0,0.0
2023-04-23 23:00:00,23,22.0,22.0,0.0,0.0,0.0,0.0,0.0
2023-04-24 00:00:00,0,20.9,20.9,0.0,0.0,0.0,0.0,0.0
2023-04-24 01:00:00,1,21.0,21.0,0.0,0.0,0.0,0.0,0.0
2023-04-24 02:00:00,2,20.3,20.3,0.0,0.0,0.0,0.0,0.0
2023-04-24 03:00:00,3,19.3,19.3,0.0,0.0,0.0,0.0,0.0
2023-04-24 04:00:00,4,21.3,21.3,0.0,0.0,0.0,0.0,0.0
2023-04-24 05:00:00,5,19.0,19.0,0.0,0.0,0.0,0.0,0.0
2023-04-24 06:00:00,6,19.6,19.975,12.0,0.0,0.051,0.043,0.008
2023-04-24 07:00:00,7,22.4,26.4,128.0,0.0,0.5409536,0.506,0.035
2023-04-24 08:00:00,8,25.3,35.45625,325.0,0.0,1.32347921875,1.301,0.022
2023-04-24 09:00:00,9,27.6,44.31875,535.0,12.0,2.0476928655,2.038,0.01
2023-04-24 10:00:00,10,29.0,50.28125,681.0,19.0,2.5027093479375,2.506,-0.003
2023-04-24 11:00:00,11,30.1,55.25625000000001,805.0,12.0,2.9350205815,2.945,-0.01
2023-04-24 12:00:00,12,31.1,58.1,864.0,3.0,3.1667122368,3.145,0.022
2023-04-24 13:00:00,13,31.9,60.05625,901.0,14.0,3.200109203025,3.206,-0.006
2023-04-24 14:00:00,14,32.1,57.475,812.0,14.0,2.9186390772000004,2.924,-0.005
2023-04-24 15:00:00,15,31.9,50.74375,603.0,24.0,2.1885059794499995,2.22,-0.031
2023-04-24 16:00:00,16,31.5,45.25,440.0,34.0,1.60166996,1.552,0.05
2023-04-24 17:00:00,17,29.9,37.5875,246.0,14.0,0.9650590209,0.954,0.011
2023-04-24 18:00:00,18,28.7,31.85625,101.0,0.0,0.4174778187499999,0.388,0.029
2023-04-24 19:00:00,19,26.8,26.95625,5.0,0.0,0.02108371875,0.011,0.01
2023-04-24 20:00:00,20,25.9,25.9,0.0,1.0,0.0,0.0,0.0
2023-04-24 21:00:00,21,24.9,24.9,0.0,0.0,0.0,0.0,0.0
2023-04-24 22:00:00,22,23.9,23.9,0.0,7.0,0.0,0.0,0.0
2023-04-24 23:00:00,23,23.4,23.4,0.0,3.0,0.0,0.0,0.0
2023-04-25 00:00:00,0,22.5,22.5,0.0,73.0,0.0,0.0,0.0
2023-04-25 01:00:00,1,21.9,21.9,0.0,67.0,0.0,0.0,0.0
2023-04-25 02:00:00,2,21.3,21.3,0.0,49.0,0.0,0.0,0.0
2023-04-25 03:00:00,3,20.6,20.6,0.0,11.0,0.0,0.0,0.0
2023-04-25 04:00:00,4,20.1,20.1,0.0,98.0,0.0,0.0,0.0
2023-04-25 05:00:00,5,20.2,20.2,0.0,90.0,0.0,0.0,0.0
2023-04-25 06:00:00,6,20.5,20.875,12.0,53.0,0.0455939999999999,0.042,0.004
2023-04-25 07:00:00,7,22.5,26.53125,129.0,36.0,0.505659747,0.5,0.006
2023-04-25 08:00:00,8,25.0,35.15625,325.0,4.0,1.3145356249999998,1.312,0.003
2023-04-25 09:00:00,9,27.6,44.35,536.0,9.0,2.0638525096,2.052,0.012
2023-04-25 10:00:00,10,29.7,52.1375,718.0,87.0,2.24693449155,2.256,-0.009
2023-04-25 11:00:00,11,31.4,57.775,844.0,81.0,2.6118317233999995,2.605,0.007
2023-04-25 12:00:00,12,32.7,60.54375,891.0,98.0,2.611688530275,2.636,-0.024
2023-04-25 13:00:00,13,33.2,60.2625,866.0,55.0,2.81361527275,2.815,-0.001
2023-04-25 14:00:00,14,33.5,58.53125,801.0,100.0,2.358123975,2.365,-0.007
2023-04-25 15:00:00,15,33.3,54.26875,671.0,100.0,2.0143050950000005,2.02,-0.006
2023-04-25 16:00:00,16,32.9,48.4625,498.0,15.0,1.8603304807500003,1.865,-0.005
2023-04-25 17:00:00,17,31.8,40.925,292.0,0.0,1.1619483,0.989,0.173
2023-04-25 18:00:00,18,30.4,33.5875,102.0,0.0,0.418609275,0.367,0.052
2023-04-25 19:00:00,19,28.1,28.2875,6.0,0.0,0.0251646749999999,0.019,0.006
2023-04-25 20:00:00,20,27.1,27.1,0.0,0.0,0.0,0.0,0.0
2023-04-25 21:00:00,21,26.2,26.2,0.0,0.0,0.0,0.0,0.0
2023-04-25 22:00:00,22,25.3,25.3,0.0,21.0,0.0,0.0,0.0
2023-04-25 23:00:00,23,24.2,24.2,0.0,100.0,0.0,0.0,0.0
2023-04-26 00:00:00,0,23.3,23.3,0.0,100.0,0.0,0.0,0.0
2023-04-26 01:00:00,1,22.6,22.6,0.0,100.0,0.0,0.0,0.0
2023-04-26 02:00:00,2,21.8,21.8,0.0,99.0,0.0,0.0,0.0
2023-04-26 03:00:00,3,21.3,21.3,0.0,100.0,0.0,0.0,0.0
2023-04-26 04:00:00,4,21.5,21.5,0.0,100.0,0.0,0.0,0.0
2023-04-26 05:00:00,5,21.8,21.8,0.0,100.0,0.0,0.0,0.0
2023-04-26 06:00:00,6,22.9,23.2125,10.0,100.0,0.034,0.032,0.002
2023-04-26 07:00:00,7,24.6,27.6,96.0,100.0,0.32300544,0.304,0.019
2023-04-26 08:00:00,8,27.1,35.44375,267.0,100.0,0.8698766550000001,0.878,-0.008
2023-04-26 09:00:00,9,29.6,44.225,468.0,100.0,1.4688367200000003,1.484,-0.015
2023-04-26 10:00:00,10,31.5,51.6875,646.0,90.0,2.0109826575,2.013,-0.002
2023-04-26 11:00:00,11,33.1,58.38125,809.0,87.0,2.4607842343875,2.43,0.031
2023-04-26 12:00:00,12,34.0,60.25,840.0,55.0,2.7293007,2.717,0.012
2023-04-26 13:00:00,13,34.6,61.6625,866.0,25.0,2.98371694125,3.019,-0.035
2023-04-26 14:00:00,14,34.8,59.33125,785.0,13.0,2.8032688825625,2.819,-0.016
2023-04-26 15:00:00,15,35.0,56.3125,682.0,2.0,2.5253210235,2.523,0.002
2023-04-26 16:00:00,16,35.0,50.71875,503.0,7.0,1.8909793631875,1.888,0.003
2023-04-26 17:00:00,17,33.9,42.9,288.0,100.0,0.90908928,0.928,-0.019
2023-04-26 18:00:00,18,31.9,34.80625,93.0,66.0,0.329619804675,0.32,0.01
2023-04-26 19:00:00,19,28.8,28.9875,6.0,100.0,0.02007462,0.017,0.003
2023-04-26 20:00:00,20,28.6,28.6,0.0,99.0,0.0,0.0,0.0
2023-04-26 21:00:00,21,27.2,27.2,0.0,83.0,0.0,0.0,0.0
2023-04-26 22:00:00,22,26.5,26.5,0.0,51.0,0.0,0.0,0.0
2023-04-26 23:00:00,23,26.2,26.2,0.0,74.0,0.0,0.0,0.0
2023-04-27 00:00:00,0,24.5,24.5,0.0,93.0,0.0,0.0,0.0
2023-04-27 01:00:00,1,23.7,23.7,0.0,98.0,0.0,0.0,0.0
2023-04-27 02:00:00,2,23.1,23.1,0.0,99.0,0.0,0.0,0.0
2023-04-27 03:00:00,3,22.4,22.4,0.0,100.0,0.0,0.0,0.0
2023-04-27 04:00:00,4,22.5,22.5,0.0,100.0,0.0,0.0,0.0
2023-04-27 05:00:00,5,22.5,22.5,0.0,100.0,0.0,0.0,0.0
2023-04-27 06:00:00,6,23.0,23.34375,11.0,59.0,0.0412334999999999,0.04,0.001
2023-04-27 07:00:00,7,24.5,28.53125,129.0,0.0,0.54050596875,0.519,0.022
2023-04-27 08:00:00,8,27.5,37.75,328.0,0.0,1.322906,1.291,0.032
2023-04-27 09:00:00,9,30.2,46.825,532.0,7.0,2.0347240942,2.048,-0.013
2023-04-27 10:00:00,10,32.3,54.4875,710.0,5.0,2.63497001625,2.646,-0.011
2023-04-27 11:00:00,11,34.0,60.15625,837.0,27.0,2.8919330859375,2.9,-0.008
2023-04-27 12:00:00,12,34.6,59.35,792.0,27.0,2.7467219736,2.736,0.011
2023-04-27 13:00:00,13,35.4,59.9,784.0,36.0,2.6604393984000003,2.667,-0.007
2023-04-27 14:00:00,14,35.5,59.40625,765.0,86.0,2.321543683125,2.313,0.009
2023-04-27 15:00:00,15,33.3,50.39375,547.0,95.0,1.6917769501875004,1.704,-0.012
2023-04-27 16:00:00,16,32.9,44.99375,387.0,51.0,1.3588635846375,1.33,0.029
2023-04-27 17:00:00,17,32.9,41.5875,278.0,93.0,0.89792948465,0.895,0.003
2023-04-27 18:00:00,18,31.6,34.5375,94.0,21.0,0.3681201938499999,0.364,0.004
2023-04-27 19:00:00,19,29.2,29.35625,5.0,68.0,0.018040077,0.017,0.001
2023-04-27 20:00:00,20,28.3,28.3,0.0,100.0,0.0,0.001,-0.001
2023-04-27 21:00:00,21,27.6,27.6,0.0,100.0,0.0,0.0,0.0
2023-04-27 22:00:00,22,26.2,26.2,0.0,100.0,0.0,0.0,0.0
2023-04-27 23:00:00,23,25.9,25.9,0.0,100.0,0.0,0.0,0.0
2023-04-28 00:00:00,0,25.4,25.4,0.0,100.0,0.0,0.0,0.0
2023-04-28 01:00:00,1,24.9,24.9,0.0,100.0,0.0,0.0,0.0
2023-04-28 02:00:00,2,24.4,24.4,0.0,100.0,0.0,0.0,0.0
2023-04-28 03:00:00,3,23.9,23.9,0.0,100.0,0.0,0.0,0.0
2023-04-28 04:00:00,4,23.5,23.5,0.0,100.0,0.0,0.0,0.0
2023-04-28 05:00:00,5,24.7,24.7,0.0,100.0,0.0,0.0,0.0
2023-04-28 06:00:00,6,24.2,24.575,12.0,100.0,0.0408,0.038,0.003
2023-04-28 07:00:00,7,25.4,27.86875,79.0,100.0,0.265517815,0.245,0.021
2023-04-28 08:00:00,8,27.5,35.03125,241.0,100.0,0.7865215750000001,0.805,-0.018
2023-04-28 09:00:00,9,28.6,40.63125,385.0,100.0,1.227154775,1.208,0.019
2023-04-28 10:00:00,10,30.4,46.8375,526.0,100.0,1.63218326,1.635,-0.003
2023-04-28 11:00:00,11,31.9,55.18125,745.0,84.0,2.316291718,2.314,0.002
2023-04-28 12:00:00,12,32.9,57.7125,794.0,78.0,2.4754069937,2.498,-0.023
2023-04-28 13:00:00,13,33.3,59.33125,833.0,100.0,2.4432681350000003,2.453,-0.01
2023-04-28 14:00:00,14,29.0,44.625,500.0,100.0,1.56655,1.563,0.004
2023-04-28 15:00:00,15,29.1,43.725,468.0,99.0,1.4756991678000002,1.478,-0.002
2023-04-28 16:00:00,16,25.4,31.4,192.0,100.0,0.63608832,0.66,-0.024
2023-04-28 17:00:00,17,27.4,29.99375,83.0,100.0,0.276563055,0.302,-0.025
2023-04-28 18:00:00,18,26.0,28.625,84.0,95.0,0.284977035,0.278,0.007
2023-04-28 19:00:00,19,24.9,25.05625,5.0,97.0,0.0171236463125,0.015,0.002
2023-04-28 20:00:00,20,24.0,24.0,0.0,17.0,0.0,0.0,0.0
2023-04-28 21:00:00,21,23.4,23.4,0.0,100.0,0.0,0.0,0.0
2023-04-28 22:00:00,22,22.8,22.8,0.0,100.0,0.0,0.0,0.0
2023-04-28 23:00:00,23,22.4,22.4,0.0,100.0,0.0,0.0,0.0
2023-04-29 00:00:00,0,22.5,22.5,0.0,100.0,0.0,0.0,0.0
2023-04-29 01:00:00,1,22.5,22.5,0.0,95.0,0.0,0.0,0.0
2023-04-29 02:00:00,2,22.7,22.7,0.0,91.0,0.0,0.0,0.0
2023-04-29 03:00:00,3,22.8,22.8,0.0,100.0,0.0,0.0,0.0
2023-04-29 04:00:00,4,22.7,22.7,0.0,100.0,0.0,0.0,0.0
2023-04-29 05:00:00,5,21.5,21.5,0.0,100.0,0.0,0.0,0.0
2023-04-29 06:00:00,6,21.8,22.20625,13.0,97.0,0.0445315,0.042,0.003
2023-04-29 07:00:00,7,22.3,25.4875,102.0,93.0,0.3521809054499999,0.345,0.007
2023-04-29 08:00:00,8,22.9,28.9625,194.0,99.0,0.6507682033500001,0.67,-0.019
2023-04-29 09:00:00,9,24.2,34.66875,335.0,100.0,1.094949175,1.103,-0.008
2023-04-29 10:00:00,10,25.8,38.83125,417.0,100.0,1.339360215,1.396,-0.057
2023-04-29 11:00:00,11,28.0,47.3125,618.0,100.0,1.9136679,1.924,-0.01
2023-04-29 12:00:00,12,29.4,53.15,760.0,100.0,2.2930416,2.291,0.002
2023-04-29 13:00:00,13,30.2,55.48125,809.0,100.0,2.415233095,2.429,-0.014
2023-04-29 14:00:00,14,29.9,50.24375,651.0,100.0,1.989901935,1.979,0.011
2023-04-29 15:00:00,15,29.7,43.04375,427.0,100.0,1.3470163350000002,1.365,-0.018
2023-04-29 16:00:00,16,29.1,36.225,228.0,100.0,0.74039352,0.742,-0.002
2023-04-29 17:00:00,17,28.5,32.46875,127.0,100.0,0.418899975,0.421,-0.002
2023-04-29 18:00:00,18,28.1,30.69375,83.0,56.0,0.30610791345,0.301,0.005
2023-04-29 19:00:00,19,26.3,26.45625,5.0,99.0,0.0169432274375,0.015,0.002
2023-04-29 20:00:00,20,24.2,24.2,0.0,96.0,0.0,0.0,0.0
2023-04-29 21:00:00,21,23.8,23.8,0.0,100.0,0.0,0.0,0.0
2023-04-29 22:00:00,22,23.5,23.5,0.0,100.0,0.0,0.0,0.0
2023-04-29 23:00:00,23,22.9,22.9,0.0,48.0,0.0,0.0,0.0
2023-04-30 00:00:00,0,23.1,23.1,0.0,0.0,0.0,0.0,0.0
2023-04-30 01:00:00,1,21.8,21.8,0.0,0.0,0.0,0.0,0.0
2023-04-30 02:00:00,2,21.9,21.9,0.0,0.0,0.0,0.0,0.0
2023-04-30 03:00:00,3,21.7,21.7,0.0,0.0,0.0,0.0,0.0
2023-04-30 04:00:00,4,21.5,21.5,0.0,0.0,0.0,0.0,0.0
2023-04-30 05:00:00,5,19.4,19.4,0.0,0.0,0.0,0.0,0.0
2023-04-30 06:00:00,6,20.2,20.41875,7.0,0.0,0.01547,0.026,-0.011
2023-04-30 07:00:00,7,20.4,21.5875,38.0,0.0,0.08398,0.139,-0.055
2023-04-30 08:00:00,8,21.3,25.2375,126.0,0.0,0.278195463,0.536,-0.258
2023-04-30 09:00:00,9,21.5,24.4375,94.0,0.0,0.20774,0.362,-0.154
2023-04-30 10:00:00,10,22.4,27.55625,165.0,0.0,0.36092145375,0.579,-0.218
2023-04-30 11:00:00,11,24.1,33.31875,295.0,0.0,0.6302563637499999,1.108,-0.478
2023-04-30 12:00:00,12,26.8,45.3625,594.0,0.0,1.4710971389399998,1.822,-0.351
2023-04-30 13:00:00,13,28.5,55.4375,862.0,0.0,1.965873482625,1.973,-0.007
2023-04-30 14:00:00,14,29.3,53.6125,778.0,0.0,1.8118903812100005,2.138,-0.326
2023-04-30 15:00:00,15,29.7,49.79375,643.0,0.0,1.507316984330625,1.636,-0.129
2023-04-30 16:00:00,16,29.4,44.2125,474.0,0.0,1.0854985284975,1.416,-0.331
2023-04-30 17:00:00,17,23.4,30.68125,233.0,0.0,0.519583132761875,0.764,-0.244
2023-04-30 18:00:00,18,23.1,24.25625,37.0,0.0,0.08177,0.126,-0.044
2023-04-30 19:00:00,19,22.4,22.525,4.0,0.0,0.00884,0.01,-0.001
2023-04-30 20:00:00,20,21.9,21.9,0.0,0.0,0.0,0.0,0.0
2023-04-30 21:00:00,21,21.3,21.3,0.0,0.0,0.0,0.0,0.0
2023-04-30 22:00:00,22,20.6,20.6,0.0,0.0,0.0,0.0,0.0
2023-04-30 23:00:00,23,19.5,19.5,0.0,0.0,0.0,0.0,0.0
2023-05-01 00:00:00,0,19.3,19.3,0.0,100.0,0.0,0.0,0.0
2023-05-01 01:00:00,1,19.1,19.1,0.0,100.0,0.0,0.0,0.0
2023-05-01 02:00:00,2,19.0,19.0,0.0,100.0,0.0,0.0,0.0
2023-05-01 03:00:00,3,19.0,19.0,0.0,98.0,0.0,0.0,0.0
2023-05-01 04:00:00,4,18.7,18.7,0.0,96.0,0.0,0.0,0.0
2023-05-01 05:00:00,5,19.2,19.2,0.0,76.0,0.0,0.0,0.0
2023-05-01 06:00:00,6,19.5,19.90625,13.0,98.0,0.044421,0.042,0.002
2023-05-01 07:00:00,7,20.7,23.7,96.0,50.0,0.3671999999999999,0.341,0.026
2023-05-01 08:00:00,8,22.6,32.19375,307.0,49.0,1.1430196485125,1.147,-0.004
2023-05-01 09:00:00,9,23.7,38.7,480.0,50.0,1.7353872,1.723,0.012
2023-05-01 10:00:00,10,24.7,42.79375,579.0,52.0,2.0479030823999995,2.062,-0.014
2023-05-01 11:00:00,11,25.8,46.89375,675.0,35.0,2.4342928734375,2.459,-0.025
2023-05-01 12:00:00,12,27.1,51.94375,795.0,48.0,2.7252031177500005,2.741,-0.016
2023-05-01 13:00:00,13,27.7,51.85625,773.0,52.0,2.6273694888,2.638,-0.011
2023-05-01 14:00:00,14,28.2,50.075,700.0,100.0,2.141286,2.167,-0.026
2023-05-01 15:00:00,15,28.1,42.6,464.0,100.0,1.4665369600000002,1.459,0.008
2023-05-01 16:00:00,16,25.4,33.11875,247.0,79.0,0.8551851884874999,0.857,-0.002
2023-05-01 17:00:00,17,25.3,31.83125,209.0,85.0,0.7171022120624998,0.729,-0.012
2023-05-01 18:00:00,18,22.3,24.51875,71.0,94.0,0.245021,0.236,0.009
2023-05-01 19:00:00,19,20.1,20.225,4.0,100.0,0.0136,0.009,0.005
2023-05-01 20:00:00,20,20.0,20.0,0.0,98.0,0.0,0.0,0.0
2023-05-01 21:00:00,21,19.9,19.9,0.0,31.0,0.0,0.0,0.0
2023-05-01 22:00:00,22,19.5,19.5,0.0,7.0,0.0,0.0,0.0
2023-05-01 23:00:00,23,18.4,18.4,0.0,1.0,0.0,0.0,0.0
2023-05-02 00:00:00,0,18.0,18.0,0.0,30.0,0.0,0.0,0.0
2023-05-02 01:00:00,1,18.0,18.0,0.0,11.0,0.0,0.0,0.0
2023-05-02 02:00:00,2,17.8,17.8,0.0,1.0,0.0,0.0,0.0
2023-05-02 03:00:00,3,17.8,17.8,0.0,4.0,0.0,0.0,0.0
2023-05-02 04:00:00,4,17.7,17.7,0.0,1.0,0.0,0.0,0.0
2023-05-02 05:00:00,5,19.1,19.1,0.0,2.0,0.0,0.0,0.0
2023-05-02 06:00:00,6,19.4,19.86875,15.0,0.0,0.06375,0.055,0.009
2023-05-02 07:00:00,7,20.9,25.025,132.0,0.0,0.5609439,0.527,0.034
2023-05-02 08:00:00,8,23.3,33.26875,319.0,3.0,1.3030431173375,1.252,0.051
2023-05-02 09:00:00,9,25.6,41.75625,517.0,4.0,2.0335794842,2.127,-0.093
2023-05-02 10:00:00,10,27.4,48.9625,690.0,5.0,2.62490567625,2.635,-0.01
2023-05-02 11:00:00,11,28.8,53.83125,801.0,5.0,2.9815383200625,2.945,0.037
2023-05-02 12:00:00,12,30.1,57.225,868.0,10.0,3.149218142,3.168,-0.019
2023-05-02 13:00:00,13,30.8,57.3,848.0,21.0,3.0065519456,3.016,-0.009
2023-05-02 14:00:00,14,31.1,53.725,724.0,61.0,2.3911914706000004,2.353,0.038
2023-05-02 15:00:00,15,31.4,49.93125,593.0,100.0,1.815134455,1.832,-0.017
2023-05-02 16:00:00,16,30.6,42.75625,389.0,61.0,1.3484569126625,1.345,0.003
2023-05-02 17:00:00,17,29.0,36.375,236.0,63.0,0.8367356989999999,0.857,-0.02
2023-05-02 18:00:00,18,28.1,30.9125,90.0,37.0,0.3458182882499999,0.348,-0.002
2023-05-02 19:00:00,19,25.9,26.11875,7.0,69.0,0.0255297408625,0.023,0.003
2023-05-02 20:00:00,20,23.8,23.8,0.0,82.0,0.0,0.0,0.0
2023-05-02 21:00:00,21,22.8,22.8,0.0,39.0,0.0,0.0,0.0
2023-05-02 22:00:00,22,21.7,21.7,0.0,47.0,0.0,0.0,0.0
2023-05-02 23:00:00,23,21.0,21.0,0.0,24.0,0.0,0.0,0.0
2023-05-03 00:00:00,0,20.6,20.6,0.0,14.0,0.0,0.0,0.0
2023-05-03 01:00:00,1,20.2,20.2,0.0,19.0,0.0,0.0,0.0
2023-05-03 02:00:00,2,19.7,19.7,0.0,51.0,0.0,0.0,0.0
2023-05-03 03:00:00,3,19.4,19.4,0.0,0.0,0.0,0.0,0.0
2023-05-03 04:00:00,4,19.0,19.0,0.0,0.0,0.0,0.0,0.0
2023-05-03 05:00:00,5,20.7,20.7,0.0,0.0,0.0,0.0,0.0
2023-05-03 06:00:00,6,21.2,21.73125,17.0,1.0,0.0721055,0.063,0.009
2023-05-03 07:00:00,7,23.0,27.125,132.0,3.0,0.5528941110000001,0.532,0.021
2023-05-03 08:00:00,8,25.1,35.0375,318.0,0.0,1.297237275,1.262,0.035
2023-05-03 09:00:00,9,27.1,43.225,516.0,0.0,2.0331303000000003,2.034,-0.001
2023-05-03 10:00:00,10,28.6,50.13125,689.0,21.0,2.5232643866625,2.545,-0.022
2023-05-03 11:00:00,11,29.8,53.4875,758.0,34.0,2.6603101899,2.66,0.0
2023-05-03 12:00:00,12,30.8,55.3625,786.0,27.0,2.77631727615,2.764,0.012
2023-05-03 13:00:00,13,31.7,54.35625,725.0,92.0,2.2190583225,2.213,0.006
2023-05-03 14:00:00,14,23.4,37.275,444.0,88.0,1.4785429992,1.464,0.015
2023-05-03 15:00:00,15,25.3,38.58125,425.0,76.0,1.4484903975,1.491,-0.043
2023-05-03 16:00:00,16,26.4,36.775,332.0,22.0,1.2853820564,1.317,-0.032
2023-05-03 17:00:00,17,26.0,34.4375,270.0,7.0,1.08872332875,1.077,0.012
2023-05-03 18:00:00,18,25.6,28.1,80.0,31.0,0.314965392,0.31,0.005
2023-05-03 19:00:00,19,24.6,24.7875,6.0,9.0,0.0250409999999999,0.018,0.007
2023-05-03 20:00:00,20,23.8,23.8,0.0,5.0,0.0,0.0,0.0
2023-05-03 21:00:00,21,23.0,23.0,0.0,1.0,0.0,0.0,0.0
2023-05-03 22:00:00,22,22.5,22.5,0.0,0.0,0.0,0.0,0.0
2023-05-03 23:00:00,23,21.6,21.6,0.0,0.0,0.0,0.0,0.0
2023-05-04 00:00:00,0,20.6,20.6,0.0,0.0,0.0,0.0,0.0
2023-05-04 01:00:00,1,19.9,19.9,0.0,0.0,0.0,0.0,0.0
2023-05-04 02:00:00,2,19.3,19.3,0.0,0.0,0.0,0.0,0.0
2023-05-04 03:00:00,3,18.8,18.8,0.0,0.0,0.0,0.0,0.0
2023-05-04 04:00:00,4,19.4,19.4,0.0,0.0,0.0,0.0,0.0
2023-05-04 05:00:00,5,19.1,19.1,0.0,1.0,0.0,0.0,0.0
2023-05-04 06:00:00,6,19.9,20.4625,18.0,100.0,0.0612,0.06,0.001
2023-05-04 07:00:00,7,21.8,25.76875,127.0,98.0,0.4326245760749999,0.42,0.013
2023-05-04 08:00:00,8,24.3,33.7375,302.0,98.0,0.9958679067,1.02,-0.024
2023-05-04 09:00:00,9,26.9,42.2125,490.0,81.0,1.62498245525,1.617,0.008
2023-05-04 10:00:00,10,28.8,49.8,672.0,98.0,2.0684385792000004,2.058,0.01
2023-05-04 11:00:00,11,29.7,50.48125,665.0,99.0,2.0356239439375,2.019,0.017
2023-05-04 12:00:00,12,30.7,54.1375,750.0,27.0,2.66393304375,2.675,-0.011
2023-05-04 13:00:00,13,31.5,54.84375,747.0,29.0,2.6336098940625,2.643,-0.009
2023-05-04 14:00:00,14,31.8,53.1125,682.0,39.0,2.37190370835,2.404,-0.032
2023-05-04 15:00:00,15,31.8,49.70625,573.0,45.0,1.9970736410625003,2.018,-0.021
2023-05-04 16:00:00,16,31.6,44.94375,427.0,32.0,1.5630997063499996,1.552,0.011
2023-05-04 17:00:00,17,30.1,38.19375,259.0,18.0,1.005122233675,0.973,0.032
2023-05-04 18:00:00,18,28.8,31.8625,98.0,0.0,0.405067075,0.375,0.03
2023-05-04 19:00:00,19,26.5,26.75,8.0,0.0,0.033762,0.024,0.01
2023-05-04 20:00:00,20,25.2,25.2,0.0,0.0,0.0,0.0,0.0
2023-05-04 21:00:00,21,23.8,23.8,0.0,0.0,0.0,0.0,0.0
2023-05-04 22:00:00,22,23.0,23.0,0.0,0.0,0.0,0.0,0.0
2023-05-04 23:00:00,23,22.6,22.6,0.0,0.0,0.0,0.0,0.0
2023-05-05 00:00:00,0,22.2,22.2,0.0,0.0,0.0,0.0,0.0
2023-05-05 01:00:00,1,21.7,21.7,0.0,0.0,0.0,0.0,0.0
2023-05-05 02:00:00,2,21.0,21.0,0.0,0.0,0.0,0.0,0.0
2023-05-05 03:00:00,3,20.4,20.4,0.0,0.0,0.0,0.0,0.0
2023-05-05 04:00:00,4,19.7,19.7,0.0,0.0,0.0,0.0,0.0
2023-05-05 05:00:00,5,21.6,21.6,0.0,0.0,0.0,0.0,0.0
2023-05-05 06:00:00,6,22.6,23.1625,18.0,82.0,0.063954,0.064,-0.0
2023-05-05 07:00:00,7,24.8,29.01875,135.0,15.0,0.5475911596874999,0.527,0.021
2023-05-05 08:00:00,8,27.4,37.15,312.0,21.0,1.2085710312,1.192,0.017
2023-05-05 09:00:00,9,29.4,45.2125,506.0,14.0,1.9212863769,1.934,-0.013
2023-05-05 10:00:00,10,31.1,52.35,680.0,15.0,2.49661898,2.495,0.002
2023-05-05 11:00:00,11,32.4,57.52499999999999,804.0,14.0,2.8892197476000003,2.889,0.0
2023-05-05 12:00:00,12,33.5,59.96875,847.0,27.0,2.9290382804375,2.968,-0.039
2023-05-05 13:00:00,13,34.4,59.556250000000006,805.0,12.0,2.8775873735,2.875,0.003
2023-05-05 14:00:00,14,35.0,58.28125,745.0,22.0,2.623974278125,2.662,-0.038
2023-05-05 15:00:00,15,34.7,53.575,604.0,100.0,1.81887352,1.843,-0.024
2023-05-05 16:00:00,16,32.4,41.9,304.0,21.0,1.1540650464,1.159,-0.005
2023-05-05 17:00:00,17,32.6,39.9125,234.0,26.0,0.8865488151,0.88,0.007
2023-05-05 18:00:00,18,31.1,34.225,100.0,22.0,0.3913075299999999,0.401,-0.01
2023-05-05 19:00:00,19,28.7,28.91875,7.0,19.0,0.0281708893375,0.026,0.002
2023-05-05 20:00:00,20,27.4,27.4,0.0,5.0,0.0,0.0,0.0
2023-05-05 21:00:00,21,26.3,26.3,0.0,3.0,0.0,0.0,0.0
2023-05-05 22:00:00,22,27.8,27.8,0.0,2.0,0.0,0.0,0.0
2023-05-05 23:00:00,23,28.1,28.1,0.0,0.0,0.0,0.0,0.0
2023-05-06 00:00:00,0,26.3,26.3,0.0,0.0,0.0,0.0,0.0
2023-05-06 01:00:00,1,26.0,26.0,0.0,0.0,0.0,0.0,0.0
2023-05-06 02:00:00,2,22.8,22.8,0.0,0.0,0.0,0.0,0.0
2023-05-06 03:00:00,3,23.9,23.9,0.0,1.0,0.0,0.0,0.0
2023-05-06 04:00:00,4,22.6,22.6,0.0,0.0,0.0,0.0,0.0
2023-05-06 05:00:00,5,23.3,23.3,0.0,0.0,0.0,0.0,0.0
2023-05-06 06:00:00,6,24.7,25.29375,19.0,0.0,0.08065511875,0.067,0.014
2023-05-06 07:00:00,7,27.7,31.95,136.0,6.0,0.5551884208000001,0.524,0.031
2023-05-06 08:00:00,8,30.4,40.36875,319.0,1.0,1.2698604582125,1.245,0.025
2023-05-06 09:00:00,9,32.2,48.45,520.0,0.0,2.002702,1.903,0.1
2023-05-06 10:00:00,10,33.6,55.25625,693.0,2.0,2.578445914275,2.577,0.001
2023-05-06 11:00:00,11,34.8,60.26875,815.0,13.0,2.8977488305625,2.922,-0.024
2023-05-06 12:00:00,12,35.6,61.225,820.0,17.0,2.878702700999999,2.869,0.01
2023-05-06 13:00:00,13,36.4,61.24375,795.0,23.0,2.7560255956875004,2.744,0.012
2023-05-06 14:00:00,14,36.8,59.83125,737.0,71.0,2.3130386725875,2.346,-0.033
2023-05-06 15:00:00,15,35.7,52.45,536.0,21.0,1.9427048248,1.951,-0.008
2023-05-06 16:00:00,16,36.3,50.4875,454.0,100.0,1.3862299800000002,1.366,0.02
2023-05-06 17:00:00,17,33.8,37.7375,126.0,63.0,0.44418102435,0.519,-0.075
2023-05-06 18:00:00,18,32.2,35.23125,97.0,29.0,0.3724467059624999,0.385,-0.013
2023-05-06 19:00:00,19,29.2,29.41875,7.0,29.0,0.0275291669625,0.025,0.003
2023-05-06 20:00:00,20,28.2,28.2,0.0,12.0,0.0,0.001,-0.001
2023-05-06 21:00:00,21,27.1,27.1,0.0,0.0,0.0,0.0,0.0
2023-05-06 22:00:00,22,25.7,25.7,0.0,0.0,0.0,0.0,0.0
2023-05-06 23:00:00,23,26.2,26.2,0.0,0.0,0.0,0.0,0.0
2023-05-07 00:00:00,0,27.4,27.4,0.0,0.0,0.0,0.0,0.0
2023-05-07 01:00:00,1,23.7,23.7,0.0,0.0,0.0,0.0,0.0
2023-05-07 02:00:00,2,25.0,25.0,0.0,0.0,0.0,0.0,0.0
2023-05-07 03:00:00,3,22.4,22.4,0.0,0.0,0.0,0.0,0.0
2023-05-07 04:00:00,4,22.1,22.1,0.0,0.0,0.0,0.0,0.0
2023-05-07 05:00:00,5,22.4,22.4,0.0,0.0,0.0,0.0,0.0
2023-05-07 06:00:00,6,24.5,25.125,20.0,0.0,0.05511193025,0.069,-0.014
2023-05-07 07:00:00,7,26.9,31.275,140.0,0.0,0.3747803195500001,0.505,-0.13
2023-05-07 08:00:00,8,29.6,39.6625,322.0,0.0,0.8189325628575,0.898,-0.079
2023-05-07 09:00:00,9,32.4,48.18125,505.0,0.0,1.1847001885875,1.549,-0.364
2023-05-07 10:00:00,10,34.2,55.2625,674.0,0.0,1.5481658738975,1.856,-0.308
2023-05-07 11:00:00,11,35.7,59.8875,774.0,0.0,1.788278483745,1.916,-0.128
2023-05-07 12:00:00,12,36.8,62.58125,825.0,0.0,1.78929128503125,1.913,-0.124
2023-05-07 13:00:00,13,37.5,61.25,760.0,0.0,1.7232695999999998,1.701,0.022
2023-05-07 14:00:00,14,38.1,60.1,704.0,0.0,1.5881625759999995,1.782,-0.194
2023-05-07 15:00:00,15,38.1,58.475,652.0,0.0,1.50069692643,2.135,-0.634
2023-05-07 16:00:00,16,37.3,50.7375,430.0,0.0,1.0123041053125,1.113,-0.101
2023-05-07 17:00:00,17,36.0,44.4375,270.0,0.0,0.6755013208125,0.743,-0.067
2023-05-07 18:00:00,18,34.6,37.25625,85.0,0.0,0.210349369790625,0.267,-0.057
2023-05-07 19:00:00,19,32.2,32.45,8.0,0.0,0.01719601884,0.022,-0.005
2023-05-07 20:00:00,20,31.1,31.1,0.0,0.0,0.0,0.006,-0.006
2023-05-07 21:00:00,21,29.4,29.4,0.0,0.0,0.0,0.0,0.0
2023-05-07 22:00:00,22,27.9,27.9,0.0,0.0,0.0,0.0,0.0
2023-05-07 23:00:00,23,29.5,29.5,0.0,0.0,0.0,0.0,0.0
2023-05-08 00:00:00,0,29.6,29.6,0.0,0.0,0.0,0.0,0.0
2023-05-08 01:00:00,1,25.7,25.7,0.0,0.0,0.0,0.0,0.0
2023-05-08 02:00:00,2,25.3,25.3,0.0,24.0,0.0,0.0,0.0
2023-05-08 03:00:00,3,26.0,26.0,0.0,41.0,0.0,0.0,0.0
2023-05-08 04:00:00,4,25.7,25.7,0.0,11.0,0.0,0.0,0.0
2023-05-08 05:00:00,5,24.9,24.9,0.0,0.0,0.0,0.0,0.0
2023-05-08 06:00:00,6,26.0,26.65625,21.0,0.0,0.08865871875,0.076,0.013
2023-05-08 07:00:00,7,28.2,32.7,144.0,0.0,0.5931504,0.516,0.077
2023-05-08 08:00:00,8,30.7,41.35625,341.0,0.0,1.35443281875,1.304,0.05
2023-05-08 09:00:00,9,33.3,50.4875,550.0,0.0,2.099191875,2.011,0.088
2023-05-08 10:00:00,10,35.8,58.425,724.0,0.0,2.6656051,2.567,0.099
2023-05-08 11:00:00,11,36.8,63.6125,858.0,0.0,3.083298075,3.026,0.057
2023-05-08 12:00:00,12,37.5,66.46875,927.0,0.0,3.28624396875,3.218,0.068
2023-05-08 13:00:00,13,37.9,66.525,916.0,0.0,3.2463727,3.209,0.037
2023-05-08 14:00:00,14,38.0,64.125,836.0,0.0,2.9969555,2.873,0.124
2023-05-08 15:00:00,15,37.8,59.6125,698.0,0.0,2.555788075,2.351,0.205
2023-05-08 16:00:00,16,37.6,53.5375,510.0,0.0,1.920079875,1.843,0.077
2023-05-08 17:00:00,17,36.6,45.975,300.0,0.0,1.1680275,1.152,0.016
2023-05-08 18:00:00,18,34.5,38.0,112.0,0.0,0.451248,0.426,0.025
2023-05-08 19:00:00,19,32.5,32.78125,9.0,0.0,0.03705946875,0.0,0.037
2023-05-08 20:00:00,20,31.8,31.8,0.0,1.0,0.0,0.003,-0.003
2023-05-08 21:00:00,21,30.1,30.1,0.0,0.0,0.0,0.0,0.0
2023-05-08 22:00:00,22,28.9,28.9,0.0,0.0,0.0,0.001,-0.001
2023-05-08 23:00:00,23,28.3,28.3,0.0,0.0,0.0,0.001,-0.001
2023-05-09 00:00:00,0,28.2,28.2,0.0,0.0,0.0,0.001,-0.001
2023-05-09 01:00:00,1,27.0,27.0,0.0,0.0,0.0,0.0,0.0
2023-05-09 02:00:00,2,26.0,26.0,0.0,0.0,0.0,0.0,0.0
2023-05-09 03:00:00,3,25.2,25.2,0.0,0.0,0.0,0.0,0.0
2023-05-09 04:00:00,4,24.5,24.5,0.0,0.0,0.0,0.0,0.0
2023-05-09 05:00:00,5,24.8,24.8,0.0,0.0,0.0,0.0,0.0
2023-05-09 06:00:00,6,25.6,26.31875,23.0,0.0,0.0972343687499999,0.083,0.014
2023-05-09 07:00:00,7,28.4,33.11875,151.0,0.0,0.6209091687499999,0.585,0.036
2023-05-09 08:00:00,8,31.7,42.54375,347.0,0.0,1.3712594187499998,1.298,0.073
2023-05-09 09:00:00,9,33.9,51.2125,554.0,0.0,2.107630675,2.103,0.005
2023-05-09 10:00:00,10,35.6,58.5375,734.0,0.0,2.701019075,2.437,0.264
2023-05-09 11:00:00,11,36.9,63.80625,861.0,0.0,3.09124291875,3.026,0.065
2023-05-09 12:00:00,12,38.3,67.14375,923.0,0.0,3.26147241875,3.242,0.019
2023-05-09 13:00:00,13,39.0,67.5625,914.0,0.0,3.223163875,3.231,-0.008
2023-05-09 14:00:00,14,38.7,64.85625,837.0,0.0,2.990135418749999,2.986,0.004
2023-05-09 15:00:00,15,38.5,60.25,696.0,0.0,2.540922,2.516,0.025
2023-05-09 16:00:00,16,38.0,53.875,508.0,0.0,1.9096355,1.842,0.068
2023-05-09 17:00:00,17,37.2,46.575,300.0,0.0,1.1649675,1.135,0.03
2023-05-09 18:00:00,18,34.7,38.2625,114.0,0.0,0.458797275,0.431,0.028
2023-05-09 19:00:00,19,32.0,32.3125,10.0,0.0,0.041256875,0.028,0.013
2023-05-09 20:00:00,20,30.4,30.4,0.0,0.0,0.0,0.0,0.0
2023-05-09 21:00:00,21,29.0,29.0,0.0,0.0,0.0,0.001,-0.001
2023-05-09 22:00:00,22,26.6,26.6,0.0,0.0,0.0,0.0,0.0
2023-05-09 23:00:00,23,25.8,25.8,0.0,0.0,0.0,0.0,0.0
2023-05-10 00:00:00,0,26.2,26.2,0.0,0.0,0.0,0.0,0.0
2023-05-10 01:00:00,1,25.7,25.7,0.0,0.0,0.0,0.0,0.0
2023-05-10 02:00:00,2,24.8,24.8,0.0,0.0,0.0,0.0,0.0
2023-05-10 03:00:00,3,24.3,24.3,0.0,0.0,0.0,0.0,0.0
2023-05-10 04:00:00,4,23.5,23.5,0.0,4.0,0.0,0.0,0.0
2023-05-10 05:00:00,5,22.5,22.5,0.0,0.0,0.0,0.0,0.0
2023-05-10 06:00:00,6,23.7,24.41875,23.0,0.0,0.0977499999999999,0.083,0.015
2023-05-10 07:00:00,7,26.7,31.45,152.0,0.0,0.6293332,0.602,0.027
2023-05-10 08:00:00,8,30.6,41.44375,347.0,0.0,1.3777483187499997,1.27,0.108
2023-05-10 09:00:00,9,33.4,50.61875,551.0,0.0,2.1017791687500003,1.995,0.107
2023-05-10 10:00:00,10,35.5,58.25,728.0,0.0,2.682498,2.477,0.205
2023-05-10 11:00:00,11,37.0,63.75,856.0,0.0,3.07411,3.089,-0.015
2023-05-10 12:00:00,12,37.7,66.3875,918.0,0.0,3.255606675,3.218,0.038
2023-05-10 13:00:00,13,38.3,66.76875,911.0,0.0,3.22487736875,3.23,-0.005
2023-05-10 14:00:00,14,38.5,64.53125,833.0,0.0,2.98044796875,2.985,-0.005
2023-05-10 15:00:00,15,38.3,59.89375,691.0,0.0,2.52685311875,2.436,0.091
2023-05-10 16:00:00,16,37.5,53.3125,506.0,0.0,1.906955875,1.857,0.05
2023-05-10 17:00:00,17,36.4,45.74375,299.0,0.0,1.1653095187499998,1.167,-0.002
2023-05-10 18:00:00,18,34.7,38.2625,114.0,0.0,0.458797275,0.431,0.028
2023-05-10 19:00:00,19,30.5,30.8125,10.0,0.0,0.041511875,0.031,0.011
2023-05-10 20:00:00,20,28.7,28.7,0.0,0.0,0.0,0.001,-0.001
2023-05-10 21:00:00,21,28.3,28.3,0.0,0.0,0.0,0.001,-0.001
2023-05-10 22:00:00,22,28.5,28.5,0.0,0.0,0.0,0.001,-0.001
2023-05-10 23:00:00,23,28.2,28.2,0.0,0.0,0.0,0.001,-0.001
2023-05-11 00:00:00,0,27.5,27.5,0.0,0.0,0.0,0.0,0.0
2023-05-11 01:00:00,1,26.1,26.1,0.0,0.0,0.0,0.0,0.0
2023-05-11 02:00:00,2,25.1,25.1,0.0,0.0,0.0,0.0,0.0
2023-05-11 03:00:00,3,24.5,24.5,0.0,0.0,0.0,0.0,0.0
2023-05-11 04:00:00,4,23.6,23.6,0.0,0.0,0.0,0.0,0.0
2023-05-11 05:00:00,5,23.7,23.7,0.0,0.0,0.0,0.0,0.0
2023-05-11 06:00:00,6,25.1,25.85,24.0,0.0,0.1016532,0.087,0.015
2023-05-11 07:00:00,7,28.6,33.31875,151.0,0.0,0.6203957687499999,0.584,0.036
2023-05-11 08:00:00,8,31.5,42.25,344.0,0.0,1.361122,1.298,0.063
2023-05-11 09:00:00,9,33.9,50.99375,547.0,0.0,2.08303411875,2.082,0.001
2023-05-11 10:00:00,10,36.0,58.65625,725.0,0.0,2.66643671875,2.617,0.049
2023-05-11 11:00:00,11,37.5,64.15625,853.0,0.0,3.0574452187499994,3.045,0.012
2023-05-11 12:00:00,12,38.9,67.525,916.0,0.0,3.2308007,3.242,-0.011
2023-05-11 13:00:00,13,39.8,68.175,908.0,0.0,3.1925507,3.15,0.043
2023-05-11 14:00:00,14,40.2,66.10625,829.0,0.0,2.9439396187499995,2.893,0.051
2023-05-11 15:00:00,15,40.0,61.53125,689.0,0.0,2.50035946875,2.483,0.017
2023-05-11 16:00:00,16,39.2,54.95,504.0,0.0,1.8853884,1.831,0.054
2023-05-11 17:00:00,17,38.7,48.0125,298.0,0.0,1.149918675,1.089,0.061
2023-05-11 18:00:00,18,35.1,38.6625,114.0,0.0,0.458022075,0.418,0.04
2023-05-11 19:00:00,19,31.0,31.3125,10.0,0.0,0.041426875,0.043,-0.002
2023-05-11 20:00:00,20,29.5,29.5,0.0,0.0,0.0,0.0,0.0
2023-05-11 21:00:00,21,28.3,28.3,0.0,0.0,0.0,0.001,-0.001
2023-05-11 22:00:00,22,27.6,27.6,0.0,0.0,0.0,0.0,0.0
2023-05-11 23:00:00,23,26.8,26.8,0.0,0.0,0.0,0.0,0.0
2023-05-12 00:00:00,0,26.2,26.2,0.0,0.0,0.0,0.0,0.0
2023-05-12 01:00:00,1,27.9,27.9,0.0,0.0,0.0,0.001,-0.001
2023-05-12 02:00:00,2,28.3,28.3,0.0,0.0,0.0,0.001,-0.001
2023-05-12 03:00:00,3,25.7,25.7,0.0,0.0,0.0,0.0,0.0
2023-05-12 04:00:00,4,27.2,27.2,0.0,0.0,0.0,0.0,0.0
2023-05-12 05:00:00,5,25.6,25.6,0.0,0.0,0.0,0.0,0.0
2023-05-12 06:00:00,6,25.8,26.51875,23.0,0.0,0.0971561687499999,0.083,0.014
2023-05-12 07:00:00,7,28.7,33.35625,149.0,0.0,0.61208361875,0.586,0.026
2023-05-12 08:00:00,8,32.3,42.925,340.0,0.0,1.3413935,1.338,0.003
2023-05-12 09:00:00,9,34.7,51.60625,541.0,0.0,2.05455231875,2.083,-0.028
2023-05-12 10:00:00,10,37.1,59.44375,715.0,0.0,2.62008621875,2.569,0.051
2023-05-12 11:00:00,11,39.0,65.25,840.0,0.0,2.99523,2.954,0.041
2023-05-12 12:00:00,12,40.4,68.5875,902.0,0.0,3.165129275,3.149,0.016
2023-05-12 13:00:00,13,41.3,69.2375,894.0,0.0,3.127178475,3.122,0.005
2023-05-12 14:00:00,14,41.9,67.4,816.0,53.0,2.5745655168000003,2.59,-0.015
2023-05-12 15:00:00,15,41.7,59.79375,579.0,39.0,1.9530496594874995,1.945,0.008
2023-05-12 16:00:00,16,41.7,56.10625,461.0,71.0,1.4718735334875002,1.473,-0.001
2023-05-12 17:00:00,17,39.7,45.45,184.0,8.0,0.7065438815999999,0.723,-0.016
2023-05-12 18:00:00,18,38.7,42.075,108.0,19.0,0.4113995886,0.414,-0.003
2023-05-12 19:00:00,19,36.4,36.7125,10.0,13.0,0.03945564425,0.046,-0.007
2023-05-12 20:00:00,20,33.7,33.7,0.0,0.0,0.0,0.0,0.0
2023-05-12 21:00:00,21,32.0,32.0,0.0,0.0,0.0,0.0,0.0
2023-05-12 22:00:00,22,31.3,31.3,0.0,0.0,0.0,0.003,-0.003
2023-05-12 23:00:00,23,31.5,31.5,0.0,0.0,0.0,0.001,-0.001
2023-05-13 00:00:00,0,28.8,28.8,0.0,0.0,0.0,0.001,-0.001
2023-05-13 01:00:00,1,27.4,27.4,0.0,0.0,0.0,0.0,0.0
2023-05-13 02:00:00,2,27.6,27.6,0.0,0.0,0.0,0.0,0.0
2023-05-13 03:00:00,3,28.1,28.1,0.0,0.0,0.0,0.001,-0.001
2023-05-13 04:00:00,4,27.3,27.3,0.0,0.0,0.0,0.0,0.0
2023-05-13 05:00:00,5,28.3,28.3,0.0,0.0,0.0,0.001,-0.001
2023-05-13 06:00:00,6,28.7,29.45,24.0,0.0,0.1001843999999999,0.085,0.015
2023-05-13 07:00:00,7,32.2,36.85625,149.0,0.0,0.60321811875,0.618,-0.015
2023-05-13 08:00:00,8,35.6,46.19375,339.0,0.0,1.3186104187499998,1.333,-0.014
2023-05-13 09:00:00,9,38.3,55.1125,538.0,0.0,2.0110910750000004,1.972,0.039
2023-05-13 10:00:00,10,40.6,62.7875,710.0,27.0,2.42308901175,2.415,0.008
2023-05-13 11:00:00,11,41.5,65.0625,754.0,31.0,2.52413818475,2.539,-0.015
2023-05-13 12:00:00,12,42.4,67.8375,814.0,17.0,2.7692463760499995,2.784,-0.015
2023-05-13 13:00:00,13,43.0,70.125,868.0,16.0,2.926395164,2.969,-0.043
2023-05-13 14:00:00,14,42.9,67.8375,798.0,13.0,2.7372969466500003,2.758,-0.021
2023-05-13 15:00:00,15,42.6,63.1,656.0,18.0,2.2780368832000004,2.301,-0.023
2023-05-13 16:00:00,16,42.1,57.19375,483.0,28.0,1.6882563201,1.686,0.002
2023-05-13 17:00:00,17,40.8,49.64375,283.0,28.0,1.0234743392999996,1.161,-0.138
2023-05-13 18:00:00,18,39.1,42.44375,107.0,68.0,0.3654891234,0.373,-0.008
2023-05-13 19:00:00,19,36.6,36.9125,10.0,52.0,0.036265488,0.042,-0.006
2023-05-13 20:00:00,20,35.1,35.1,0.0,41.0,0.0,0.001,-0.001
2023-05-13 21:00:00,21,34.7,34.7,0.0,33.0,0.0,0.0,0.0
2023-05-13 22:00:00,22,32.7,32.7,0.0,29.0,0.0,0.0,0.0
2023-05-13 23:00:00,23,31.5,31.5,0.0,14.0,0.0,0.002,-0.002
2023-05-14 00:00:00,0,31.2,31.2,0.0,23.0,0.0,0.002,-0.002
2023-05-14 01:00:00,1,31.8,31.8,0.0,25.0,0.0,0.001,-0.001
2023-05-14 02:00:00,2,32.0,32.0,0.0,13.0,0.0,0.0,0.0
2023-05-14 03:00:00,3,30.0,30.0,0.0,47.0,0.0,0.004,-0.004
2023-05-14 04:00:00,4,28.6,28.6,0.0,4.0,0.0,0.001,-0.001
2023-05-14 05:00:00,5,29.7,29.7,0.0,11.0,0.0,0.0,0.0
2023-05-14 06:00:00,6,29.9,30.61875,23.0,2.0,0.0951708564749999,0.1,-0.005
2023-05-14 07:00:00,7,32.5,37.0625,146.0,10.0,0.5787496575,0.588,-0.009
2023-05-14 08:00:00,8,35.8,46.1125,330.0,8.0,1.2635139329999998,1.268,-0.004
2023-05-14 09:00:00,9,38.5,55.03125,529.0,14.0,1.922789957625,1.925,-0.002
2023-05-14 10:00:00,10,40.0,61.8125,698.0,5.0,2.50438604625,2.519,-0.015
2023-05-14 11:00:00,11,41.4,67.0875,822.0,15.0,2.81820819675,2.811,0.007
2023-05-14 12:00:00,12,42.5,69.625,868.0,91.0,2.4789600429999994,2.476,0.003
2023-05-14 13:00:00,13,38.7,54.98125,521.0,21.0,1.8668604138625,1.899,-0.032
2023-05-14 14:00:00,14,41.3,62.1125,666.0,89.0,1.98127669005,1.984,-0.003
2023-05-14 15:00:00,15,40.1,57.69375,563.0,28.0,1.9633671841,1.945,0.018
2023-05-14 16:00:00,16,40.4,55.525,484.0,71.0,1.5494109774,1.539,0.01
2023-05-14 17:00:00,17,38.5,44.09375,179.0,99.0,0.5635234704375001,0.576,-0.012
2023-05-14 18:00:00,18,34.3,36.39375,67.0,99.0,0.2179615600375,0.222,-0.004
2023-05-14 19:00:00,19,33.7,33.95,8.0,89.0,0.0269474616,0.021,0.006
2023-05-14 20:00:00,20,31.5,31.5,0.0,25.0,0.0,0.003,-0.003
2023-05-14 21:00:00,21,30.1,30.1,0.0,30.0,0.0,0.004,-0.004
2023-05-14 22:00:00,22,29.5,29.5,0.0,10.0,0.0,0.002,-0.002
2023-05-14 23:00:00,23,29.0,29.0,0.0,3.0,0.0,0.001,-0.001
2023-05-15 00:00:00,0,27.5,27.5,0.0,15.0,0.0,0.0,0.0
2023-05-15 01:00:00,1,26.5,26.5,0.0,3.0,0.0,0.0,0.0
2023-05-15 02:00:00,2,26.7,26.7,0.0,9.0,0.0,0.0,0.0
2023-05-15 03:00:00,3,26.2,26.2,0.0,20.0,0.0,0.0,0.0
2023-05-15 04:00:00,4,26.3,26.3,0.0,2.0,0.0,0.0,0.0
2023-05-15 05:00:00,5,26.8,26.8,0.0,1.0,0.0,0.0,0.0
2023-05-15 06:00:00,6,27.3,28.08125,25.0,0.0,0.1049404687499999,0.103,0.002
2023-05-15 07:00:00,7,29.6,34.2875,150.0,0.0,0.6138168749999999,0.613,0.001
2023-05-15 08:00:00,8,32.4,42.99375,339.0,0.0,1.33705201875,1.307,0.03
2023-05-15 09:00:00,9,34.8,51.51875,535.0,0.0,2.03256196875,2.046,-0.013
2023-05-15 10:00:00,10,37.2,59.16875,703.0,0.0,2.57939926875,2.577,0.002
2023-05-15 11:00:00,11,39.0,64.78125,825.0,27.0,2.7891087984375,2.786,0.003
2023-05-15 12:00:00,12,40.0,64.03125,769.0,20.0,2.64767469,2.648,-0.0
2023-05-15 13:00:00,13,40.5,66.75,840.0,34.0,2.7715909199999995,2.77,0.002
2023-05-15 14:00:00,14,40.2,63.29375,739.0,6.0,2.6277496313249995,2.611,0.017
2023-05-15 15:00:00,15,40.5,59.15625,597.0,36.0,2.032875147,2.048,-0.015
2023-05-15 16:00:00,16,39.7,51.79375,387.0,57.0,1.3010678920125,1.297,0.004
2023-05-15 17:00:00,17,39.9,47.7125,250.0,46.0,0.8771024625,0.891,-0.014
2023-05-15 18:00:00,18,37.5,40.90625,109.0,28.0,0.4094842784999999,0.407,0.002
2023-05-15 19:00:00,19,34.9,35.24375,11.0,20.0,0.0430410419999999,0.046,-0.003
2023-05-15 20:00:00,20,34.0,34.0,0.0,7.0,0.0,0.007,-0.007
2023-05-15 21:00:00,21,32.9,32.9,0.0,7.0,0.0,0.002,-0.002
2023-05-15 22:00:00,22,32.3,32.3,0.0,19.0,0.0,0.004,-0.004
2023-05-15 23:00:00,23,31.8,31.8,0.0,43.0,0.0,0.003,-0.003
2023-05-16 00:00:00,0,31.6,31.6,0.0,1.0,0.0,0.002,-0.002
2023-05-16 01:00:00,1,31.1,31.1,0.0,21.0,0.0,0.005,-0.005
2023-05-16 02:00:00,2,30.4,30.4,0.0,3.0,0.0,0.001,-0.001
2023-05-16 03:00:00,3,29.7,29.7,0.0,0.0,0.0,0.0,0.0
2023-05-16 04:00:00,4,29.2,29.2,0.0,0.0,0.0,0.001,-0.001
2023-05-16 05:00:00,5,28.2,28.2,0.0,0.0,0.0,0.001,-0.001
2023-05-16 06:00:00,6,28.5,29.25,24.0,55.0,0.08923674,0.084,0.005
2023-05-16 07:00:00,7,29.9,34.4,144.0,2.0,0.5866328448,0.582,0.005
2023-05-16 08:00:00,8,32.0,42.15625,325.0,11.0,1.2581595609374998,1.273,-0.015
2023-05-16 09:00:00,9,34.7,50.7625,514.0,8.0,1.9280370786000005,1.947,-0.019
2023-05-16 10:00:00,10,37.0,58.3125,682.0,7.0,2.47710302675,2.492,-0.015
2023-05-16 11:00:00,11,37.7,62.85625,805.0,64.0,2.53157925475,2.537,-0.005
2023-05-16 12:00:00,12,34.8,53.89375,611.0,85.0,1.9062034135625,1.906,0.0
2023-05-16 13:00:00,13,34.4,48.7125,458.0,63.0,1.53987829115,1.538,0.002
2023-05-16 14:00:00,14,37.4,58.80625,685.0,63.0,2.2003616151875005,2.202,-0.002
2023-05-16 15:00:00,15,36.4,51.49375,483.0,67.0,1.5892917030374998,1.6,-0.011
2023-05-16 16:00:00,16,35.8,45.83125,321.0,63.0,1.0930015612875,1.113,-0.02
2023-05-16 17:00:00,17,37.5,43.9375,206.0,59.0,0.71369753175,0.73,-0.016
2023-05-16 18:00:00,18,36.2,39.6375,110.0,2.0,0.4383673635,0.426,0.012
2023-05-16 19:00:00,19,33.8,34.175,12.0,4.0,0.0487352736,0.052,-0.003
2023-05-16 20:00:00,20,32.2,32.2,0.0,12.0,0.0,0.004,-0.004
2023-05-16 21:00:00,21,30.6,30.6,0.0,2.0,0.0,0.001,-0.001
2023-05-16 22:00:00,22,30.1,30.1,0.0,0.0,0.0,0.0,0.0
2023-05-16 23:00:00,23,29.8,29.8,0.0,1.0,0.0,0.001,-0.001
2023-05-17 00:00:00,0,29.1,29.1,0.0,1.0,0.0,0.001,-0.001
2023-05-17 01:00:00,1,29.1,29.1,0.0,0.0,0.0,0.001,-0.001
2023-05-17 02:00:00,2,28.9,28.9,0.0,0.0,0.0,0.001,-0.001
2023-05-17 03:00:00,3,28.1,28.1,0.0,0.0,0.0,0.001,-0.001
2023-05-17 04:00:00,4,27.7,27.7,0.0,0.0,0.0,0.0,0.0
2023-05-17 05:00:00,5,28.5,28.5,0.0,0.0,0.0,0.001,-0.001
2023-05-17 06:00:00,6,29.4,30.18125,25.0,0.0,0.10404796875,0.088,0.016
2023-05-17 07:00:00,7,31.0,35.53125,145.0,0.0,0.59029046875,0.576,0.014
2023-05-17 08:00:00,8,33.0,43.09375,323.0,0.0,1.27339721875,1.112,0.161
2023-05-17 09:00:00,9,35.1,51.1625,514.0,0.0,1.955892075,1.964,-0.008
2023-05-17 10:00:00,10,37.0,58.28125,681.0,1.0,2.5039350628125,2.507,-0.003
2023-05-17 11:00:00,11,38.3,62.55,776.0,28.0,2.6456925376,2.639,0.007
2023-05-17 12:00:00,12,39.1,63.1,768.0,29.0,2.6061055488,2.613,-0.007
2023-05-17 13:00:00,13,39.6,62.6,736.0,33.0,2.4821505792,2.483,-0.001
2023-05-17 14:00:00,14,39.5,59.03125,625.0,39.0,2.1156838671875,2.142,-0.026
2023-05-17 15:00:00,15,38.8,54.8,512.0,64.0,1.6712933376,1.738,-0.067
2023-05-17 16:00:00,16,38.4,48.80625,333.0,100.0,1.024386255,1.014,0.01
2023-05-17 17:00:00,17,37.2,44.23125,225.0,95.0,0.7149792796875,0.713,0.002
2023-05-17 18:00:00,18,36.9,39.99375,99.0,32.0,0.37020252555,0.375,-0.005
2023-05-17 19:00:00,19,34.9,35.24375,11.0,33.0,0.0418753471124999,0.045,-0.003
2023-05-17 20:00:00,20,33.4,33.4,0.0,66.0,0.0,0.001,-0.001
2023-05-17 21:00:00,21,31.2,31.2,0.0,11.0,0.0,0.002,-0.002
2023-05-17 22:00:00,22,29.7,29.7,0.0,0.0,0.0,0.0,0.0
2023-05-17 23:00:00,23,29.1,29.1,0.0,0.0,0.0,0.001,-0.001
2023-05-18 00:00:00,0,28.6,28.6,0.0,0.0,0.0,0.001,-0.001
2023-05-18 01:00:00,1,27.1,27.1,0.0,0.0,0.0,0.0,0.0
2023-05-18 02:00:00,2,26.7,26.7,0.0,0.0,0.0,0.0,0.0
2023-05-18 03:00:00,3,26.8,26.8,0.0,0.0,0.0,0.0,0.0
2023-05-18 04:00:00,4,26.3,26.3,0.0,0.0,0.0,0.0,0.0
2023-05-18 05:00:00,5,25.8,25.8,0.0,0.0,0.0,0.0,0.0
2023-05-18 06:00:00,6,25.8,26.55,24.0,0.0,0.06588894,0.086,-0.02
2023-05-18 07:00:00,7,27.0,31.4375,142.0,0.0,0.3821739187499999,0.496,-0.114
2023-05-18 08:00:00,8,28.9,38.93125,321.0,0.0,0.8373476596875,1.071,-0.234
2023-05-18 09:00:00,9,31.4,47.36875,511.0,0.0,1.2853312346875003,1.577,-0.292
2023-05-18 10:00:00,10,33.6,54.7875,678.0,0.0,1.6498100287500002,2.408,-0.758
2023-05-18 11:00:00,11,35.3,60.2375,798.0,0.0,1.89375424875,2.747,-0.853
2023-05-18 12:00:00,12,36.8,63.58125,857.0,0.0,1.9740743957918752,2.181,-0.207
2023-05-18 13:00:00,13,37.9,64.05624999999999,837.0,0.0,1.91196736014375,2.177,-0.265
2023-05-18 14:00:00,14,38.4,61.36875,735.0,0.0,1.6344261476156248,1.671,-0.037
2023-05-18 15:00:00,15,38.0,55.1875,550.0,0.0,1.1301802565625,1.319,-0.189
2023-05-18 16:00:00,16,37.3,47.39375,323.0,0.0,0.7603697529675001,0.804,-0.044
2023-05-18 17:00:00,17,37.1,44.38125,233.0,0.0,0.47501005175,0.608,-0.133
2023-05-18 18:00:00,18,35.7,39.1375,110.0,0.0,0.2654757444625,0.291,-0.026
2023-05-18 19:00:00,19,33.5,33.875,12.0,0.0,0.0310139797499999,0.046,-0.015
2023-05-18 20:00:00,20,31.6,31.6,0.0,0.0,0.0,0.002,-0.002
2023-05-18 21:00:00,21,30.9,30.9,0.0,0.0,0.0,0.004,-0.004
2023-05-18 22:00:00,22,30.3,30.3,0.0,0.0,0.0,0.0,0.0
2023-05-18 23:00:00,23,29.2,29.2,0.0,0.0,0.0,0.0,0.0
2023-05-19 00:00:00,0,28.0,28.0,0.0,0.0,0.0,0.001,-0.001
2023-05-19 01:00:00,1,27.3,27.3,0.0,0.0,0.0,0.0,0.0
2023-05-19 02:00:00,2,26.9,26.9,0.0,0.0,0.0,0.0,0.0
2023-05-19 03:00:00,3,26.4,26.4,0.0,0.0,0.0,0.0,0.0
2023-05-19 04:00:00,4,25.5,25.5,0.0,0.0,0.0,0.0,0.0
2023-05-19 05:00:00,5,26.2,26.2,0.0,0.0,0.0,0.0,0.0
2023-05-19 06:00:00,6,26.3,27.1125,26.0,0.0,0.109566275,0.095,0.015
2023-05-19 07:00:00,7,28.5,33.125,148.0,0.0,0.6085575,0.551,0.058
2023-05-19 08:00:00,8,31.3,41.6125,330.0,0.0,1.309303875,1.265,0.044
2023-05-19 09:00:00,9,33.9,50.18125,521.0,0.0,1.99121966875,2.024,-0.033
2023-05-19 10:00:00,10,35.6,57.1,688.0,0.0,2.5485583999999992,2.577,-0.028
2023-05-19 11:00:00,11,37.1,62.38125,809.0,7.0,2.8832076293875,2.903,-0.02
2023-05-19 12:00:00,12,38.3,65.2375,862.0,8.0,3.0246779202,3.014,0.011
2023-05-19 13:00:00,13,38.9,65.7125,858.0,8.0,3.0038247954,3.019,-0.015
2023-05-19 14:00:00,14,39.5,63.9375,782.0,4.0,2.783417956,2.796,-0.013
2023-05-19 15:00:00,15,39.5,59.90625,653.0,2.0,2.378204695875,2.383,-0.005
2023-05-19 16:00:00,16,39.0,54.0,480.0,2.0,1.7961465600000002,1.79,0.006
2023-05-19 17:00:00,17,37.6,46.6,288.0,6.0,1.1048274431999998,1.128,-0.023
2023-05-19 18:00:00,18,36.3,39.89375,115.0,10.0,0.450440064375,0.444,0.006
2023-05-19 19:00:00,19,34.3,34.70625,13.0,3.0,0.0527862892375,0.05,0.003
2023-05-19 20:00:00,20,33.1,33.1,0.0,3.0,0.0,0.0,0.0
2023-05-19 21:00:00,21,31.8,31.8,0.0,0.0,0.0,0.002,-0.002
2023-05-19 22:00:00,22,30.2,30.2,0.0,0.0,0.0,0.0,0.0
2023-05-19 23:00:00,23,30.1,30.1,0.0,0.0,0.0,0.0,0.0
2023-05-20 00:00:00,0,28.9,28.9,0.0,0.0,0.0,0.001,-0.001
2023-05-20 01:00:00,1,28.0,28.0,0.0,0.0,0.0,0.001,-0.001
2023-05-20 02:00:00,2,27.3,27.3,0.0,0.0,0.0,0.0,0.0
2023-05-20 03:00:00,3,26.0,26.0,0.0,0.0,0.0,0.0,0.0
2023-05-20 04:00:00,4,25.9,25.9,0.0,0.0,0.0,0.0,0.0
2023-05-20 05:00:00,5,26.6,26.6,0.0,0.0,0.0,0.0,0.0
2023-05-20 06:00:00,6,27.9,28.74375,27.0,0.0,0.11303161875,0.094,0.019
2023-05-20 07:00:00,7,30.6,35.31875,151.0,0.0,0.6152617687499999,0.615,0.0
2023-05-20 08:00:00,8,33.3,43.7375,334.0,0.0,1.313108475,1.312,0.001
2023-05-20 09:00:00,9,35.4,51.86875,527.0,0.0,1.9990328687500003,2.005,-0.006
2023-05-20 10:00:00,10,37.3,59.08125,697.0,0.0,2.55842126875,2.616,-0.058
2023-05-20 11:00:00,11,39.1,64.56875,815.0,1.0,2.9096939188124997,2.917,-0.007
2023-05-20 12:00:00,12,40.4,67.4625,866.0,12.0,2.9820382651999995,3.004,-0.022
2023-05-20 13:00:00,13,40.7,67.2,848.0,0.0,2.9956448,2.889,0.107
2023-05-20 14:00:00,14,41.3,66.33125,801.0,2.0,2.830076599275,2.836,-0.006
2023-05-20 15:00:00,15,41.2,62.1375,670.0,1.0,2.41965486725,2.423,-0.003
2023-05-20 16:00:00,16,40.5,55.875,492.0,2.0,1.825430454,1.81,0.015
2023-05-20 17:00:00,17,39.3,48.45625,293.0,2.0,1.1239007610749998,1.131,-0.007
2023-05-20 18:00:00,18,37.9,41.49375,115.0,12.0,0.4455486055,0.439,0.007
2023-05-20 19:00:00,19,35.9,36.30625,13.0,18.0,0.050852271275,0.058,-0.007
2023-05-20 20:00:00,20,34.2,34.2,0.0,3.0,0.0,0.001,-0.001
2023-05-20 21:00:00,21,34.0,34.0,0.0,2.0,0.0,0.005,-0.005
2023-05-20 22:00:00,22,34.2,34.2,0.0,9.0,0.0,0.003,-0.003
2023-05-20 23:00:00,23,33.4,33.4,0.0,0.0,0.0,0.02,-0.02
2023-05-21 00:00:00,0,32.1,32.1,0.0,0.0,0.0,0.0,0.0
2023-05-21 01:00:00,1,32.0,32.0,0.0,0.0,0.0,0.003,-0.003
2023-05-21 02:00:00,2,31.8,31.8,0.0,0.0,0.0,0.012,-0.012
2023-05-21 03:00:00,3,31.2,31.2,0.0,0.0,0.0,0.008,-0.008
2023-05-21 04:00:00,4,30.7,30.7,0.0,0.0,0.0,0.009,-0.009
2023-05-21 05:00:00,5,30.6,30.6,0.0,0.0,0.0,0.0,0.0
2023-05-21 06:00:00,6,31.0,31.78125,25.0,9.0,0.1015073453125,0.106,-0.004
2023-05-21 07:00:00,7,32.6,37.13125,145.0,7.0,0.5781376181875,0.584,-0.006
2023-05-21 08:00:00,8,34.6,44.63125,321.0,0.0,1.25712226875,1.249,0.008
2023-05-21 09:00:00,9,36.6,52.81875,519.0,0.0,1.96030516875,1.975,-0.015
2023-05-21 10:00:00,10,38.3,59.76875,687.0,0.0,2.5136857687500003,2.517,-0.003
2023-05-21 11:00:00,11,39.8,65.01875,807.0,32.0,2.69636587155,2.693,0.003
2023-05-21 12:00:00,12,40.7,64.60625,765.0,30.0,2.572000475625,2.549,0.023
2023-05-21 13:00:00,13,41.8,66.20625,781.0,24.0,2.63909119705,2.638,0.001
2023-05-21 14:00:00,14,42.1,64.725,724.0,41.0,2.3758433946,2.385,-0.009
2023-05-21 15:00:00,15,40.2,57.5125,554.0,68.0,1.7697288456000002,1.761,0.009
2023-05-21 16:00:00,16,41.0,52.125,356.0,88.0,1.1114437479999997,1.111,0.0
2023-05-21 17:00:00,17,40.7,46.54375,187.0,100.0,0.5810099350000001,0.634,-0.053
2023-05-21 18:00:00,18,39.1,42.56875,111.0,20.0,0.421053858,0.416,0.005
2023-05-21 19:00:00,19,35.5,35.90625,13.0,4.0,0.052417001,0.05,0.002
2023-05-21 20:00:00,20,34.5,34.5,0.0,7.0,0.0,0.007,-0.007
2023-05-21 21:00:00,21,34.3,34.3,0.0,1.0,0.0,0.003,-0.003
2023-05-21 22:00:00,22,33.9,33.9,0.0,0.0,0.0,0.037,-0.037
2023-05-21 23:00:00,23,33.4,33.4,0.0,0.0,0.0,0.02,-0.02
2023-05-22 00:00:00,0,32.9,32.9,0.0,0.0,0.0,0.001,-0.001
2023-05-22 01:00:00,1,32.1,32.1,0.0,0.0,0.0,0.0,0.0
2023-05-22 02:00:00,2,31.3,31.3,0.0,0.0,0.0,0.008,-0.008
2023-05-22 03:00:00,3,30.8,30.8,0.0,0.0,0.0,0.011,-0.011
2023-05-22 04:00:00,4,30.3,30.3,0.0,0.0,0.0,0.0,0.0
2023-05-22 05:00:00,5,30.3,30.3,0.0,0.0,0.0,0.0,0.0
2023-05-22 06:00:00,6,30.6,31.44375,27.0,0.0,0.11179231875,0.108,0.004
2023-05-22 07:00:00,7,32.1,36.75625,149.0,0.0,0.60347141875,0.603,0.0
2023-05-22 08:00:00,8,33.8,44.08125,329.0,0.0,1.29152856875,1.343,-0.051
2023-05-22 09:00:00,9,35.9,52.11875,519.0,0.0,1.96648126875,1.995,-0.029
2023-05-22 10:00:00,10,37.7,59.10625,685.0,0.0,2.51408271875,2.526,-0.012
2023-05-22 11:00:00,11,39.4,64.52499999999999,804.0,0.0,2.8767723000000007,2.849,0.028
2023-05-22 12:00:00,12,40.6,67.56875000000001,863.0,7.0,3.000618734587499,2.993,0.008
2023-05-22 13:00:00,13,41.5,67.53125,833.0,38.0,2.714679631125,2.688,0.027
2023-05-22 14:00:00,14,41.8,64.6125,730.0,31.0,2.44903252475,2.433,0.016
2023-05-22 15:00:00,15,41.8,60.58125,601.0,22.0,2.0943248485249994,2.135,-0.041
2023-05-22 16:00:00,16,41.3,55.675,460.0,69.0,1.478434733,1.464,0.014
2023-05-22 17:00:00,17,40.0,47.90625,253.0,36.0,0.906405643,0.915,-0.009
2023-05-22 18:00:00,18,38.6,41.85,104.0,11.0,0.4031405976,0.409,-0.006
2023-05-22 19:00:00,19,36.8,37.20625,13.0,9.0,0.0516064752125,0.053,-0.001
2023-05-22 20:00:00,20,35.9,35.9,0.0,26.0,0.0,0.0,0.0
2023-05-22 21:00:00,21,34.6,34.6,0.0,0.0,0.0,0.013,-0.013
2023-05-22 22:00:00,22,33.9,33.9,0.0,56.0,0.0,0.002,-0.002
2023-05-22 23:00:00,23,32.8,32.8,0.0,48.0,0.0,0.0,0.0
2023-05-23 00:00:00,0,32.1,32.1,0.0,99.0,0.0,0.0,0.0
2023-05-23 01:00:00,1,31.6,31.6,0.0,100.0,0.0,0.001,-0.001
2023-05-23 02:00:00,2,31.2,31.2,0.0,98.0,0.0,0.0,0.0
2023-05-23 03:00:00,3,30.8,30.8,0.0,99.0,0.0,0.004,-0.004
2023-05-23 04:00:00,4,30.4,30.4,0.0,91.0,0.0,0.001,-0.001
2023-05-23 05:00:00,5,30.3,30.3,0.0,100.0,0.0,0.0,0.0
2023-05-23 06:00:00,6,30.9,31.74375,27.0,100.0,0.089323695,0.091,-0.002
2023-05-23 07:00:00,7,32.2,36.6375,142.0,100.0,0.46032566,0.473,-0.013
2023-05-23 08:00:00,8,34.1,44.1625,322.0,3.0,1.25602284815,1.253,0.003
2023-05-23 09:00:00,9,36.2,52.325,516.0,0.0,1.9533051,1.931,0.022
2023-05-23 10:00:00,10,38.0,59.28125,681.0,34.0,2.327554402875,2.33,-0.002
2023-05-23 11:00:00,11,39.5,64.40625,797.0,27.0,2.6992546439375,2.708,-0.009
2023-05-23 12:00:00,12,40.7,67.73125,865.0,39.0,2.8101517851875,2.808,0.002
2023-05-23 13:00:00,13,41.4,66.99375,819.0,57.0,2.5659189226125,2.56,0.006
2023-05-23 14:00:00,14,40.8,61.175,652.0,87.0,1.9576499838,1.977,-0.019
2023-05-23 15:00:00,15,40.4,54.65,456.0,24.0,1.6261618464,1.656,-0.03
2023-05-23 16:00:00,16,40.4,54.4,448.0,44.0,1.5322417152,1.537,-0.005
2023-05-23 17:00:00,17,39.1,47.475,268.0,63.0,0.9059918086,0.903,0.003
2023-05-23 18:00:00,18,38.0,40.125,68.0,100.0,0.2172124,0.217,0.0
2023-05-23 19:00:00,19,35.3,35.58125,9.0,82.0,0.030623573475,0.031,-0.0
2023-05-23 20:00:00,20,34.0,34.0,0.0,42.0,0.0,0.004,-0.004
2023-05-23 21:00:00,21,32.9,32.9,0.0,5.0,0.0,0.001,-0.001
2023-05-23 22:00:00,22,31.9,31.9,0.0,12.0,0.0,0.003,-0.003
2023-05-23 23:00:00,23,30.9,30.9,0.0,2.0,0.0,0.002,-0.002
2023-05-24 00:00:00,0,31.3,31.3,0.0,100.0,0.0,0.0,0.0
2023-05-24 01:00:00,1,30.7,30.7,0.0,100.0,0.0,0.002,-0.002
2023-05-24 02:00:00,2,30.2,30.2,0.0,98.0,0.0,0.001,-0.001
2023-05-24 03:00:00,3,29.8,29.8,0.0,96.0,0.0,0.0,0.0
2023-05-24 04:00:00,4,29.1,29.1,0.0,84.0,0.0,0.001,-0.001
2023-05-24 05:00:00,5,27.7,27.7,0.0,100.0,0.0,0.0,0.0
2023-05-24 06:00:00,6,28.8,29.675,28.0,26.0,0.1107024156,0.111,-0.0
2023-05-24 07:00:00,7,31.0,35.625,148.0,25.0,0.5721541250000001,0.58,-0.008
2023-05-24 08:00:00,8,32.9,42.2125,298.0,34.0,1.0991089746999998,1.121,-0.022
2023-05-24 09:00:00,9,34.4,49.275,476.0,45.0,1.662175697,1.656,0.006
2023-05-24 10:00:00,10,35.0,52.125,548.0,47.0,1.881130971,1.882,-0.001
2023-05-24 11:00:00,11,32.6,52.9125,650.0,100.0,1.9632535,1.939,0.024
2023-05-24 12:00:00,12,23.6,26.50625,93.0,100.0,0.3142948949999999,0.328,-0.014
2023-05-24 13:00:00,13,25.5,27.375,60.0,100.0,0.202062,0.242,-0.04
2023-05-24 14:00:00,14,27.2,31.6375,142.0,100.0,0.4699816599999999,0.454,0.016
2023-05-24 15:00:00,15,28.3,33.2375,158.0,100.0,0.51949926,0.507,0.012
2023-05-24 16:00:00,16,28.3,32.675,140.0,100.0,0.4613868000000001,0.437,0.024
2023-05-24 17:00:00,17,26.3,30.8625,146.0,100.0,0.48475942,0.479,0.006
2023-05-24 18:00:00,18,25.8,26.925,36.0,100.0,0.1214575199999999,0.122,-0.001
2023-05-24 19:00:00,19,25.3,25.55,8.0,99.0,0.0272080104,0.022,0.005
2023-05-24 20:00:00,20,24.1,24.1,0.0,100.0,0.0,0.0,0.0
2023-05-24 21:00:00,21,24.2,24.2,0.0,100.0,0.0,0.0,0.0
2023-05-24 22:00:00,22,24.8,24.8,0.0,95.0,0.0,0.0,0.0
2023-05-24 23:00:00,23,25.1,25.1,0.0,0.0,0.0,0.0,0.0
2023-05-25 00:00:00,0,25.2,25.2,0.0,0.0,0.0,0.0,0.0
2023-05-25 01:00:00,1,24.8,24.8,0.0,3.0,0.0,0.0,0.0
2023-05-25 02:00:00,2,24.3,24.3,0.0,0.0,0.0,0.0,0.0
2023-05-25 03:00:00,3,24.0,24.0,0.0,0.0,0.0,0.0,0.0
2023-05-25 04:00:00,4,24.1,24.1,0.0,0.0,0.0,0.0,0.0
2023-05-25 05:00:00,5,26.7,26.7,0.0,0.0,0.0,0.0,0.0
2023-05-25 06:00:00,6,27.0,27.65625,21.0,0.0,0.08830171875,0.078,0.01
2023-05-25 07:00:00,7,28.6,33.2875,150.0,0.0,0.616366875,0.584,0.032
2023-05-25 08:00:00,8,25.8,36.05,328.0,96.0,1.0765672416,1.086,-0.009
2023-05-25 09:00:00,9,26.9,33.55625,213.0,72.0,0.7483732528499999,0.756,-0.008
2023-05-25 10:00:00,10,28.4,37.9625,306.0,88.0,1.0160489177999998,1.018,-0.002
2023-05-25 11:00:00,11,30.7,48.575,572.0,6.0,2.1753356196,2.175,0.0
2023-05-25 12:00:00,12,32.7,59.1375,846.0,19.0,2.98656216495,2.994,-0.007
2023-05-25 13:00:00,13,33.8,60.05,840.0,8.0,3.020374224,2.834,0.186
2023-05-25 14:00:00,14,34.4,57.49375,739.0,37.0,2.5303237233625,2.533,-0.003
2023-05-25 15:00:00,15,31.5,46.8125,490.0,85.0,1.57766555625,1.587,-0.009
2023-05-25 16:00:00,16,31.8,41.3,304.0,56.0,1.0724923008,1.074,-0.002
2023-05-25 17:00:00,17,33.0,40.25,232.0,66.0,0.8036412720000001,0.792,0.012
2023-05-25 18:00:00,18,31.5,34.78125,105.0,98.0,0.344747536875,0.343,0.002
2023-05-25 19:00:00,19,30.0,30.34375,11.0,100.0,0.0366005749999999,0.037,-0.0
2023-05-25 20:00:00,20,28.7,28.7,0.0,100.0,0.0,0.0,0.0
2023-05-25 21:00:00,21,23.3,23.3,0.0,100.0,0.0,0.0,0.0
2023-05-25 22:00:00,22,24.3,24.3,0.0,100.0,0.0,0.0,0.0
2023-05-25 23:00:00,23,24.4,24.4,0.0,99.0,0.0,0.0,0.0
2023-05-26 00:00:00,0,24.0,24.0,0.0,24.0,0.0,0.0,0.0
2023-05-26 01:00:00,1,23.8,23.8,0.0,93.0,0.0,0.0,0.0
2023-05-26 02:00:00,2,23.9,23.9,0.0,30.0,0.0,0.0,0.0
2023-05-26 03:00:00,3,23.9,23.9,0.0,0.0,0.0,0.0,0.0
2023-05-26 04:00:00,4,23.6,23.6,0.0,20.0,0.0,0.0,0.0
2023-05-26 05:00:00,5,20.7,20.7,0.0,18.0,0.0,0.0,0.0
2023-05-26 06:00:00,6,20.7,21.60625,29.0,0.0,0.12325,0.111,0.012
2023-05-26 07:00:00,7,23.0,27.65625,149.0,0.0,0.62652171875,0.575,0.052
2023-05-26 08:00:00,8,25.6,35.7875,326.0,0.0,1.325715675,1.307,0.019
2023-05-26 09:00:00,9,28.0,44.0625,514.0,0.0,2.0179318750000004,2.006,0.012
2023-05-26 10:00:00,10,30.2,51.41875,679.0,14.0,2.508536014425,2.497,0.012
2023-05-26 11:00:00,11,31.9,56.43125,785.0,2.0,2.905132768875,2.898,0.007
2023-05-26 12:00:00,12,33.3,59.925,852.0,0.0,3.1151463,3.115,0.0
2023-05-26 13:00:00,13,34.2,60.6375,846.0,0.0,3.082961475,3.07,0.013
2023-05-26 14:00:00,14,33.3,57.33125,769.0,36.0,2.6407015518,2.628,0.013
2023-05-26 15:00:00,15,32.8,49.14375,523.0,57.0,1.7791658960125003,1.791,-0.012
2023-05-26 16:00:00,16,31.5,42.1875,342.0,49.0,1.22092183125,1.237,-0.016
2023-05-26 17:00:00,17,32.2,40.16875,255.0,31.0,0.9548778736874998,0.922,0.033
2023-05-26 18:00:00,18,31.7,34.95,104.0,31.0,0.3980950791999999,0.399,-0.001
2023-05-26 19:00:00,19,30.0,30.46875,15.0,100.0,0.049884375,0.055,-0.005
2023-05-26 20:00:00,20,25.0,25.0,0.0,100.0,0.0,0.0,0.0
2023-05-26 21:00:00,21,24.2,24.2,0.0,99.0,0.0,0.0,0.0
2023-05-26 22:00:00,22,23.9,23.9,0.0,0.0,0.0,0.0,0.0
2023-05-26 23:00:00,23,23.5,23.5,0.0,0.0,0.0,0.0,0.0
2023-05-27 00:00:00,0,23.2,23.2,0.0,0.0,0.0,0.0,0.0
2023-05-27 01:00:00,1,23.1,23.1,0.0,0.0,0.0,0.0,0.0
2023-05-27 02:00:00,2,23.1,23.1,0.0,0.0,0.0,0.0,0.0
2023-05-27 03:00:00,3,23.2,23.2,0.0,0.0,0.0,0.0,0.0
2023-05-27 04:00:00,4,23.4,23.4,0.0,0.0,0.0,0.0,0.0
2023-05-27 05:00:00,5,24.2,24.2,0.0,10.0,0.0,0.0,0.0
2023-05-27 06:00:00,6,25.4,26.24375,27.0,100.0,0.091343295,0.079,0.012
2023-05-27 07:00:00,7,27.2,31.2,128.0,100.0,0.42440704,0.432,-0.008
2023-05-27 08:00:00,8,20.8,26.175,172.0,100.0,0.5820514399999999,0.583,-0.001
2023-05-27 09:00:00,9,21.6,22.13125,17.0,97.0,0.0582335,0.125,-0.067
2023-05-27 10:00:00,10,24.8,37.675,412.0,82.0,1.3896195148,1.391,-0.001
2023-05-27 11:00:00,11,28.2,51.575,748.0,1.0,2.8353901554,2.86,-0.025
2023-05-27 12:00:00,12,30.2,56.35625,837.0,0.0,3.11108191875,3.088,0.023
2023-05-27 13:00:00,13,31.4,57.68125,841.0,1.0,3.1007921564125005,3.097,0.004
2023-05-27 14:00:00,14,32.1,56.31875,775.0,4.0,2.8580764649999995,2.871,-0.013
2023-05-27 15:00:00,15,32.5,52.53125,641.0,8.0,2.38545409725,2.333,0.052
2023-05-27 16:00:00,16,32.0,46.6875,470.0,58.0,1.6126077174999998,1.609,0.004
2023-05-27 17:00:00,17,33.0,41.125,260.0,86.0,0.8559263699999999,0.849,0.007
2023-05-27 18:00:00,18,32.5,36.03125,113.0,38.0,0.424170487125,0.392,0.032
2023-05-27 19:00:00,19,30.3,30.76875,15.0,33.0,0.0581685568125,0.06,-0.002
2023-05-27 20:00:00,20,29.2,29.2,0.0,17.0,0.0,0.001,-0.001
2023-05-27 21:00:00,21,28.5,28.5,0.0,9.0,0.0,0.001,-0.001
2023-05-27 22:00:00,22,27.7,27.7,0.0,3.0,0.0,0.0,0.0
2023-05-27 23:00:00,23,26.9,26.9,0.0,30.0,0.0,0.001,-0.001
2023-05-28 00:00:00,0,26.4,26.4,0.0,2.0,0.0,0.0,0.0
2023-05-28 01:00:00,1,25.8,25.8,0.0,42.0,0.0,0.0,0.0
2023-05-28 02:00:00,2,25.3,25.3,0.0,23.0,0.0,0.0,0.0
2023-05-28 03:00:00,3,25.1,25.1,0.0,61.0,0.0,0.0,0.0
2023-05-28 04:00:00,4,24.9,24.9,0.0,27.0,0.0,0.0,0.0
2023-05-28 05:00:00,5,21.3,21.3,0.0,14.0,0.0,0.0,0.0
2023-05-28 06:00:00,6,22.1,22.35,8.0,90.0,0.02788,0.026,0.002
2023-05-28 07:00:00,7,23.7,27.5125,122.0,14.0,0.4989169809,0.477,0.022
2023-05-28 08:00:00,8,25.4,35.61875,327.0,91.0,1.0885292616375,1.083,0.006
2023-05-28 09:00:00,9,27.8,42.70625,477.0,96.0,1.5220053751499998,1.507,0.015
2023-05-28 10:00:00,10,29.7,49.825,644.0,100.0,1.97217272,1.963,0.009
2023-05-28 11:00:00,11,31.5,52.34375,667.0,100.0,2.019759375,2.004,0.016
2023-05-28 12:00:00,12,33.4,58.74375,811.0,54.0,2.6595202275250003,2.664,-0.004
2023-05-28 13:00:00,13,34.9,60.99375,835.0,37.0,2.8130201335625,2.804,0.009
2023-05-28 14:00:00,14,35.8,59.83125,769.0,68.0,2.4303465234,2.45,-0.02
2023-05-28 15:00:00,15,35.5,52.59375,547.0,96.0,1.6710698207500003,1.688,-0.017
2023-05-28 16:00:00,16,35.1,45.0375,318.0,100.0,0.99454182,0.992,0.003
2023-05-28 17:00:00,17,31.4,36.36875,159.0,100.0,0.516016215,0.549,-0.033
2023-05-28 18:00:00,18,30.9,32.275,44.0,100.0,0.1452466399999999,0.139,0.006
2023-05-28 19:00:00,19,29.8,30.01875,7.0,100.0,0.023322215,0.023,0.0
2023-05-28 20:00:00,20,28.9,28.9,0.0,100.0,0.0,0.0,0.0
2023-05-28 21:00:00,21,28.0,28.0,0.0,100.0,0.0,0.001,-0.001
2023-05-28 22:00:00,22,23.4,23.4,0.0,100.0,0.0,0.0,0.0
2023-05-28 23:00:00,23,23.5,23.5,0.0,100.0,0.0,0.0,0.0
2023-05-29 00:00:00,0,23.9,23.9,0.0,100.0,0.0,0.0,0.0
2023-05-29 01:00:00,1,23.7,23.7,0.0,100.0,0.0,0.0,0.0
2023-05-29 02:00:00,2,23.7,23.7,0.0,100.0,0.0,0.0,0.0
2023-05-29 03:00:00,3,23.8,23.8,0.0,100.0,0.0,0.0,0.0
2023-05-29 04:00:00,4,24.0,24.0,0.0,74.0,0.0,0.0,0.0
2023-05-29 05:00:00,5,23.2,23.2,0.0,38.0,0.0,0.0,0.0
2023-05-29 06:00:00,6,23.7,24.575,28.0,8.0,0.117096,0.114,0.003
2023-05-29 07:00:00,7,23.9,28.43125,145.0,51.0,0.5457971879375,0.52,0.026
2023-05-29 08:00:00,8,25.4,34.9625,306.0,98.0,1.0039347603,1.009,-0.005
2023-05-29 09:00:00,9,26.6,36.63125,321.0,79.0,1.0952553022875,1.066,0.029
2023-05-29 10:00:00,10,28.8,46.33125,561.0,78.0,1.840606905225,1.845,-0.004
2023-05-29 11:00:00,11,30.5,52.75,712.0,41.0,2.469524652,2.464,0.006
2023-05-29 12:00:00,12,31.7,56.2625,786.0,52.0,2.6188023456,2.611,0.008
2023-05-29 13:00:00,13,31.5,55.0,752.0,40.0,2.5874816,2.59,-0.003
2023-05-29 14:00:00,14,32.6,53.94375,683.0,49.0,2.315149075112501,2.287,0.028
2023-05-29 15:00:00,15,31.6,50.1625,594.0,96.0,1.8344905326,1.822,0.012
2023-05-29 16:00:00,16,30.7,41.325,340.0,30.0,1.26960301,1.288,-0.018
2023-05-29 17:00:00,17,30.9,38.80625,253.0,43.0,0.9285045573375,0.936,-0.007
2023-05-29 18:00:00,18,30.5,33.875,108.0,42.0,0.405518238,0.4,0.006
2023-05-29 19:00:00,19,28.6,29.1,16.0,45.0,0.060865168,0.054,0.007
2023-05-29 20:00:00,20,27.9,27.9,0.0,36.0,0.0,0.002,-0.002
2023-05-29 21:00:00,21,26.9,26.9,0.0,100.0,0.0,0.0,0.0
2023-05-29 22:00:00,22,26.6,26.6,0.0,100.0,0.0,0.0,0.0
2023-05-29 23:00:00,23,26.2,26.2,0.0,96.0,0.0,0.0,0.0
2023-05-30 00:00:00,0,25.5,25.5,0.0,91.0,0.0,0.0,0.0
2023-05-30 01:00:00,1,24.7,24.7,0.0,79.0,0.0,0.0,0.0
2023-05-30 02:00:00,2,23.9,23.9,0.0,99.0,0.0,0.0,0.0
2023-05-30 03:00:00,3,23.5,23.5,0.0,72.0,0.0,0.0,0.0
2023-05-30 04:00:00,4,22.9,22.9,0.0,0.0,0.0,0.0,0.0
2023-05-30 05:00:00,5,23.7,23.7,0.0,0.0,0.0,0.0,0.0
2023-05-30 06:00:00,6,24.3,25.20625,29.0,0.0,0.12314831875,0.112,0.011
2023-05-30 07:00:00,7,25.7,30.325,148.0,0.0,0.6156023,0.552,0.064
2023-05-30 08:00:00,8,27.7,37.825,324.0,0.0,1.3063599,1.241,0.065
2023-05-30 09:00:00,9,29.7,45.6375,510.0,0.0,1.988572875,1.934,0.055
2023-05-30 10:00:00,10,31.6,52.6,672.0,6.0,2.5102092288,2.503,0.007
2023-05-30 11:00:00,11,32.9,56.9,768.0,9.0,2.7962583552,2.85,-0.054
2023-05-30 12:00:00,12,33.8,59.26875,815.0,10.0,2.929177339375,2.916,0.013
2023-05-30 13:00:00,13,34.5,60.0625,818.0,10.0,2.9291424575,2.945,-0.016
2023-05-30 14:00:00,14,35.1,58.6,752.0,11.0,2.7055955327999994,2.709,-0.003
2023-05-30 15:00:00,15,35.1,54.25625,613.0,35.0,2.1393446754375,2.132,0.007
2023-05-30 16:00:00,16,31.5,45.09375,435.0,95.0,1.3771269421875,1.356,0.021
2023-05-30 17:00:00,17,30.8,36.33125,177.0,85.0,0.5960680430624999,0.607,-0.011
2023-05-30 18:00:00,18,29.2,31.7625,82.0,31.0,0.3180505443499999,0.327,-0.009
2023-05-30 19:00:00,19,27.8,28.3,16.0,18.0,0.0646867136,0.058,0.007
2023-05-30 20:00:00,20,26.7,26.7,0.0,12.0,0.0,0.0,0.0
2023-05-30 21:00:00,21,26.0,26.0,0.0,29.0,0.0,0.0,0.0
2023-05-30 22:00:00,22,23.3,23.3,0.0,2.0,0.0,0.0,0.0
2023-05-30 23:00:00,23,22.2,22.2,0.0,7.0,0.0,0.0,0.0
2023-05-31 00:00:00,0,22.0,22.0,0.0,25.0,0.0,0.0,0.0
2023-05-31 01:00:00,1,21.7,21.7,0.0,2.0,0.0,0.0,0.0
2023-05-31 02:00:00,2,21.4,21.4,0.0,0.0,0.0,0.0,0.0
2023-05-31 03:00:00,3,21.3,21.3,0.0,0.0,0.0,0.0,0.0
2023-05-31 04:00:00,4,21.1,21.1,0.0,2.0,0.0,0.0,0.0
2023-05-31 05:00:00,5,20.5,20.5,0.0,0.0,0.0,0.0,0.0
2023-05-31 06:00:00,6,21.1,22.0375,30.0,0.0,0.1275,0.111,0.016
2023-05-31 07:00:00,7,22.7,27.3875,150.0,0.0,0.631411875,0.569,0.062
2023-05-31 08:00:00,8,24.9,35.0875,326.0,0.0,1.329595075,1.312,0.018
2023-05-31 09:00:00,9,26.9,42.8375,510.0,0.0,2.012848875,2.042,-0.029
2023-05-31 10:00:00,10,28.7,49.7,672.0,5.0,2.5480889280000003,2.541,0.007
2023-05-31 11:00:00,11,30.1,54.31875,775.0,15.0,2.8202512046874992,2.834,-0.014
2023-05-31 12:00:00,12,31.4,57.087500000000006,822.0,34.0,2.8380418443,2.838,0.0
2023-05-31 13:00:00,13,31.8,54.4875,726.0,46.0,2.4711812697,2.475,-0.004
2023-05-31 14:00:00,14,31.3,51.55,648.0,30.0,2.313833688,2.365,-0.051
2023-05-31 15:00:00,15,31.0,48.53125,561.0,29.0,2.0345621855625,2.036,-0.001
2023-05-31 16:00:00,16,30.3,44.3,448.0,33.0,1.6410484608,1.66,-0.019
2023-05-31 17:00:00,17,30.8,39.08125,265.0,48.0,0.9607838277500004,0.937,0.024
2023-05-31 18:00:00,18,30.0,33.6875,118.0,10.0,0.4743914174999999,0.465,0.009
2023-05-31 19:00:00,19,28.4,28.93125,17.0,5.0,0.0704027300625,0.06,0.01
2023-05-31 20:00:00,20,27.1,27.1,0.0,6.0,0.0,0.0,0.0
2023-05-31 21:00:00,21,26.3,26.3,0.0,3.0,0.0,0.0,0.0
2023-05-31 22:00:00,22,25.3,25.3,0.0,1.0,0.0,0.0,0.0
2023-05-31 23:00:00,23,24.5,24.5,0.0,1.0,0.0,0.0,0.0
2023-06-01 00:00:00,0,23.8,23.8,0.0,0.0,0.0,0.0,0.0
2023-06-01 01:00:00,1,23.2,23.2,0.0,0.0,0.0,0.0,0.0
2023-06-01 02:00:00,2,22.7,22.7,0.0,0.0,0.0,0.0,0.0
2023-06-01 03:00:00,3,22.2,22.2,0.0,0.0,0.0,0.0,0.0
2023-06-01 04:00:00,4,21.8,21.8,0.0,0.0,0.0,0.0,0.0
2023-06-01 05:00:00,5,22.1,22.1,0.0,18.0,0.0,0.0,0.0
2023-06-01 06:00:00,6,22.5,23.3125,26.0,99.0,0.088621,0.077,0.012
2023-06-01 07:00:00,7,23.2,26.10625,93.0,16.0,0.3809089861499999,0.377,0.004
2023-06-01 08:00:00,8,26.0,35.59375,307.0,1.0,1.2469622963124998,1.253,-0.006
2023-06-01 09:00:00,9,28.9,44.7125,506.0,10.0,1.9413144135,1.957,-0.016
2023-06-01 10:00:00,10,30.9,51.8375,670.0,1.0,2.53673723325,2.542,-0.005
2023-06-01 11:00:00,11,32.4,57.0875,790.0,0.0,2.926564875,2.904,0.023
2023-06-01 12:00:00,12,33.6,60.225,852.0,1.0,3.104579497799999,3.105,-0.0
2023-06-01 13:00:00,13,34.6,61.00625,845.0,3.0,3.0555760974375,3.078,-0.022
2023-06-01 14:00:00,14,35.1,58.94375,763.0,18.0,2.701576856475,2.667,0.035
2023-06-01 15:00:00,15,35.2,53.29375,579.0,23.0,2.0818709062875,2.106,-0.024
2023-06-01 16:00:00,16,35.1,49.225,452.0,45.0,1.5787181410000002,1.575,0.004
2023-06-01 17:00:00,17,34.0,40.5,208.0,39.0,0.7645150239999999,0.776,-0.011
2023-06-01 18:00:00,18,33.2,35.95,88.0,52.0,0.3204264447999999,0.318,0.002
2023-06-01 19:00:00,19,25.0,25.4375,14.0,18.0,0.0572576235,0.045,0.012
2023-06-01 20:00:00,20,24.3,24.3,0.0,11.0,0.0,0.0,0.0
2023-06-01 21:00:00,21,24.5,24.5,0.0,51.0,0.0,0.0,0.0
2023-06-01 22:00:00,22,24.5,24.5,0.0,96.0,0.0,0.0,0.0
2023-06-01 23:00:00,23,24.5,24.5,0.0,52.0,0.0,0.0,0.0
2023-06-02 00:00:00,0,23.5,23.5,0.0,0.0,0.0,0.0,0.0
2023-06-02 01:00:00,1,21.3,21.3,0.0,0.0,0.0,0.0,0.0
2023-06-02 02:00:00,2,21.2,21.2,0.0,0.0,0.0,0.0,0.0
2023-06-02 03:00:00,3,21.0,21.0,0.0,0.0,0.0,0.0,0.0
2023-06-02 04:00:00,4,20.8,20.8,0.0,0.0,0.0,0.0,0.0
2023-06-02 05:00:00,5,21.9,21.9,0.0,0.0,0.0,0.0,0.0
2023-06-02 06:00:00,6,23.1,24.0375,30.0,0.0,0.0798914999999999,0.111,-0.031
2023-06-02 07:00:00,7,25.1,29.6625,146.0,0.0,0.387886928975,0.538,-0.15
2023-06-02 08:00:00,8,27.2,37.23125,321.0,0.0,0.67470211575,0.993,-0.318
2023-06-02 09:00:00,9,27.4,37.24375,315.0,0.0,0.806053245440625,1.044,-0.238
2023-06-02 10:00:00,10,29.4,46.7125,554.0,0.0,1.3947125735725003,1.683,-0.288
2023-06-02 11:00:00,11,31.4,56.18125,793.0,0.0,1.9174321196875,2.107,-0.19
2023-06-02 12:00:00,12,33.0,59.75,856.0,0.0,2.0360067,2.193,-0.157
2023-06-02 13:00:00,13,33.4,59.9,848.0,0.0,2.01557304,3.058,-1.042
2023-06-02 14:00:00,14,33.4,57.775,780.0,0.0,1.8572841768,2.619,-0.762
2023-06-02 15:00:00,15,32.6,52.25625,629.0,0.0,1.3747743359025,1.548,-0.173
2023-06-02 16:00:00,16,32.0,43.71875,375.0,0.0,0.8855354320312498,1.116,-0.23
2023-06-02 17:00:00,17,32.3,40.33125,257.0,0.0,0.6144429738118751,0.663,-0.049
2023-06-02 18:00:00,18,31.4,34.99375,115.0,0.0,0.290958496846875,0.382,-0.091
2023-06-02 19:00:00,19,29.9,30.43125,17.0,0.0,0.042910051868125,0.052,-0.009
2023-06-02 20:00:00,20,29.0,29.0,0.0,0.0,0.0,0.001,-0.001
2023-06-02 21:00:00,21,28.0,28.0,0.0,0.0,0.0,0.001,-0.001
2023-06-02 22:00:00,22,27.0,27.0,0.0,0.0,0.0,0.0,0.0
2023-06-02 23:00:00,23,26.2,26.2,0.0,0.0,0.0,0.0,0.0
2023-06-03 00:00:00,0,25.5,25.5,0.0,0.0,0.0,0.0,0.0
2023-06-03 01:00:00,1,25.0,25.0,0.0,0.0,0.0,0.0,0.0
2023-06-03 02:00:00,2,24.6,24.6,0.0,0.0,0.0,0.0,0.0
2023-06-03 03:00:00,3,24.1,24.1,0.0,0.0,0.0,0.0,0.0
2023-06-03 04:00:00,4,23.8,23.8,0.0,0.0,0.0,0.0,0.0
2023-06-03 05:00:00,5,25.5,25.5,0.0,0.0,0.0,0.0,0.0
2023-06-03 06:00:00,6,27.3,28.2375,30.0,0.0,0.125848875,0.12,0.006
2023-06-03 07:00:00,7,29.1,33.81875,151.0,55.0,0.5510099191875,0.571,-0.02
2023-06-03 08:00:00,8,30.8,40.925,324.0,91.0,1.0546352118,1.09,-0.035
2023-06-03 09:00:00,9,32.0,46.875,476.0,100.0,1.4767899999999998,1.482,-0.005
2023-06-03 10:00:00,10,30.4,39.9,304.0,100.0,0.97199744,0.969,0.003
2023-06-03 11:00:00,11,32.9,53.9,672.0,100.0,2.02067712,2.0,0.021
2023-06-03 12:00:00,12,34.2,57.5125,746.0,89.0,2.26722106245,2.119,0.148
2023-06-03 13:00:00,13,35.5,61.9375,846.0,86.0,2.537211316499999,2.523,0.014
2023-06-03 14:00:00,14,36.2,60.60625,781.0,9.0,2.7952687140125003,2.755,0.04
2023-06-03 15:00:00,15,36.4,54.4625,578.0,28.0,2.0456493924,2.056,-0.01
2023-06-03 16:00:00,16,35.7,48.45,408.0,89.0,1.2916503576,1.301,-0.009
2023-06-03 17:00:00,17,35.6,43.0375,238.0,68.0,0.8108815175999998,0.844,-0.033
2023-06-03 18:00:00,18,23.9,25.36875,47.0,100.0,0.159564295,0.141,0.019
2023-06-03 19:00:00,19,26.1,26.25625,5.0,99.0,0.0169568614375,0.015,0.002
2023-06-03 20:00:00,20,26.4,26.4,0.0,100.0,0.0,0.0,0.0
2023-06-03 21:00:00,21,25.4,25.4,0.0,76.0,0.0,0.0,0.0
2023-06-03 22:00:00,22,24.8,24.8,0.0,62.0,0.0,0.0,0.0
2023-06-03 23:00:00,23,25.2,25.2,0.0,94.0,0.0,0.0,0.0
2023-06-04 00:00:00,0,25.4,25.4,0.0,57.0,0.0,0.0,0.0
2023-06-04 01:00:00,1,24.4,24.4,0.0,0.0,0.0,0.0,0.0
2023-06-04 02:00:00,2,23.2,23.2,0.0,0.0,0.0,0.0,0.0
2023-06-04 03:00:00,3,23.0,23.0,0.0,4.0,0.0,0.0,0.0
2023-06-04 04:00:00,4,23.3,23.3,0.0,0.0,0.0,0.0,0.0
2023-06-04 05:00:00,5,24.0,24.0,0.0,0.0,0.0,0.0,0.0
2023-06-04 06:00:00,6,25.1,25.85,24.0,100.0,0.08132256,0.077,0.004
2023-06-04 07:00:00,7,27.5,31.1875,118.0,100.0,0.3912702999999999,0.388,0.003
2023-06-04 08:00:00,8,30.2,38.1375,254.0,100.0,0.81821782,0.836,-0.018
2023-06-04 09:00:00,9,31.9,45.4,432.0,100.0,1.3489459200000002,1.32,0.029
2023-06-04 10:00:00,10,32.8,51.20625,589.0,99.0,1.7971591486375005,1.807,-0.01
2023-06-04 11:00:00,11,33.8,57.76875,767.0,87.0,2.3396270499875,2.347,-0.007
2023-06-04 12:00:00,12,34.6,60.69375,835.0,20.0,2.92039413,2.921,-0.001
2023-06-04 13:00:00,13,34.6,55.6625,674.0,6.0,2.4830110461,2.463,0.02
2023-06-04 14:00:00,14,35.2,58.1375,734.0,6.0,2.6735381517000003,2.646,0.028
2023-06-04 15:00:00,15,35.4,55.18125,633.0,8.0,2.32762205565,2.315,0.013
2023-06-04 16:00:00,16,35.0,49.75,472.0,19.0,1.7387245719999995,1.737,0.002
2023-06-04 17:00:00,17,32.9,41.61875,279.0,41.0,1.0161592327125,1.017,-0.001
2023-06-04 18:00:00,18,31.6,35.13125,113.0,46.0,0.418395384825,0.405,0.013
2023-06-04 19:00:00,19,29.2,29.7625,18.0,13.0,0.07309156545,0.065,0.008
2023-06-04 20:00:00,20,28.2,28.2,0.0,0.0,0.0,0.001,-0.001
2023-06-04 21:00:00,21,27.2,27.2,0.0,1.0,0.0,0.0,0.0
2023-06-04 22:00:00,22,26.4,26.4,0.0,1.0,0.0,0.0,0.0
2023-06-04 23:00:00,23,25.8,25.8,0.0,0.0,0.0,0.0,0.0
2023-06-05 00:00:00,0,25.6,25.6,0.0,0.0,0.0,0.0,0.0
2023-06-05 01:00:00,1,25.1,25.1,0.0,0.0,0.0,0.0,0.0
2023-06-05 02:00:00,2,24.7,24.7,0.0,0.0,0.0,0.0,0.0
2023-06-05 03:00:00,3,24.5,24.5,0.0,0.0,0.0,0.0,0.0
2023-06-05 04:00:00,4,24.1,24.1,0.0,0.0,0.0,0.0,0.0
2023-06-05 05:00:00,5,24.0,24.0,0.0,0.0,0.0,0.0,0.0
2023-06-05 06:00:00,6,25.2,26.16875,31.0,0.0,0.13113406875,0.12,0.011
2023-06-05 07:00:00,7,27.3,32.01875,151.0,0.0,0.62373286875,0.6,0.024
2023-06-05 08:00:00,8,29.9,40.0875,326.0,0.0,1.301885075,1.257,0.045
2023-06-05 09:00:00,9,31.8,47.8,512.0,12.0,1.9300876288,1.926,0.004
2023-06-05 10:00:00,10,33.0,53.0,640.0,9.0,2.37188352,2.369,0.003
2023-06-05 11:00:00,11,34.1,57.56875,751.0,5.0,2.7481853210625,2.762,-0.014
2023-06-05 12:00:00,12,35.1,60.69375,819.0,11.0,2.9181426285375,2.936,-0.018
2023-06-05 13:00:00,13,35.9,61.36875,815.0,10.0,2.900663749374999,2.913,-0.012
2023-06-05 14:00:00,14,36.1,59.7875,758.0,7.0,2.73440307915,2.71,0.024
2023-06-05 15:00:00,15,36.0,55.4375,622.0,3.0,2.30772395175,2.293,0.015
2023-06-05 16:00:00,16,35.5,49.6875,454.0,5.0,1.72157225625,1.719,0.003
2023-06-05 17:00:00,17,34.7,43.66875,287.0,45.0,1.0270853035624998,1.029,-0.002
2023-06-05 18:00:00,18,33.6,37.6,128.0,34.0,0.4814547968,0.492,-0.011
2023-06-05 19:00:00,19,31.4,32.025,20.0,0.0,0.0826115,0.047,0.036
2023-06-05 20:00:00,20,30.4,30.4,0.0,7.0,0.0,0.0,0.0
2023-06-05 21:00:00,21,29.2,29.2,0.0,0.0,0.0,0.0,0.0
2023-06-05 22:00:00,22,28.2,28.2,0.0,0.0,0.0,0.001,-0.001
2023-06-05 23:00:00,23,27.6,27.6,0.0,0.0,0.0,0.0,0.0
2023-06-06 00:00:00,0,26.9,26.9,0.0,0.0,0.0,0.0,0.0
2023-06-06 01:00:00,1,25.8,25.8,0.0,0.0,0.0,0.0,0.0
2023-06-06 02:00:00,2,25.2,25.2,0.0,0.0,0.0,0.0,0.0
2023-06-06 03:00:00,3,24.8,24.8,0.0,0.0,0.0,0.0,0.0
2023-06-06 04:00:00,4,24.6,24.6,0.0,0.0,0.0,0.0,0.0
2023-06-06 05:00:00,5,24.9,24.9,0.0,0.0,0.0,0.0,0.0
2023-06-06 06:00:00,6,27.1,28.06875,31.0,0.0,0.13013276875,0.129,0.001
2023-06-06 07:00:00,7,30.2,34.98125,153.0,0.0,0.6242887687500001,0.607,0.017
2023-06-06 08:00:00,8,32.7,43.0125,330.0,0.0,1.301449875,1.29,0.011
2023-06-06 09:00:00,9,34.5,50.65625,517.0,0.0,1.97175721875,1.961,0.011
2023-06-06 10:00:00,10,35.6,56.85,680.0,21.0,2.4158978120000003,2.395,0.021
2023-06-06 11:00:00,11,36.5,60.875,780.0,7.0,2.799547335,2.76,0.04
2023-06-06 12:00:00,12,37.3,62.01875,791.0,23.0,2.7322167607875,2.744,-0.012
2023-06-06 13:00:00,13,37.8,61.95625,773.0,19.0,2.6932228178375,2.671,0.022
2023-06-06 14:00:00,14,37.8,59.55,696.0,12.0,2.4880234944,2.488,0.0
2023-06-06 15:00:00,15,38.0,57.5,624.0,12.0,2.25186624,2.259,-0.007
2023-06-06 16:00:00,16,37.7,52.1375,462.0,6.0,1.7293577301,1.718,0.011
2023-06-06 17:00:00,17,35.0,44.34375,299.0,2.0,1.167736015875,1.176,-0.008
2023-06-06 18:00:00,18,32.1,34.88125,89.0,21.0,0.3480410826624999,0.343,0.005
2023-06-06 19:00:00,19,30.1,30.725,20.0,1.0,0.082887393,0.078,0.005
2023-06-06 20:00:00,20,29.2,29.2,0.0,2.0,0.0,0.001,-0.001
2023-06-06 21:00:00,21,28.6,28.6,0.0,4.0,0.0,0.001,-0.001
2023-06-06 22:00:00,22,27.9,27.9,0.0,0.0,0.0,0.0,0.0
2023-06-06 23:00:00,23,27.2,27.2,0.0,0.0,0.0,0.0,0.0
2023-06-07 00:00:00,0,26.7,26.7,0.0,0.0,0.0,0.0,0.0
2023-06-07 01:00:00,1,26.1,26.1,0.0,0.0,0.0,0.0,0.0
2023-06-07 02:00:00,2,26.0,26.0,0.0,0.0,0.0,0.0,0.0
2023-06-07 03:00:00,3,25.8,25.8,0.0,0.0,0.0,0.0,0.0
2023-06-07 04:00:00,4,25.4,25.4,0.0,0.0,0.0,0.0,0.0
2023-06-07 05:00:00,5,25.7,25.7,0.0,0.0,0.0,0.0,0.0
2023-06-07 06:00:00,6,26.9,27.86875,31.0,0.0,0.13023816875,0.122,0.008
2023-06-07 07:00:00,7,29.5,34.28125,153.0,0.0,0.6261094687500001,0.622,0.004
2023-06-07 08:00:00,8,31.9,42.24375,331.0,0.0,1.30971941875,1.285,0.025
2023-06-07 09:00:00,9,33.8,50.05,520.0,0.0,1.988558,2.014,-0.025
2023-06-07 10:00:00,10,35.6,57.0375,686.0,0.0,2.5418786750000004,2.572,-0.03
2023-06-07 11:00:00,11,37.0,62.25,808.0,0.0,2.922334,2.841,0.081
2023-06-07 12:00:00,12,38.0,65.15625,869.0,6.0,3.0628214581249997,3.071,-0.008
2023-06-07 13:00:00,13,38.4,64.15,824.0,10.0,2.894515064,2.856,0.039
2023-06-07 14:00:00,14,38.7,62.825,772.0,11.0,2.7233238366,2.734,-0.011
2023-06-07 15:00:00,15,38.6,58.25625,629.0,13.0,2.2573822548625,2.263,-0.006
2023-06-07 16:00:00,16,38.3,53.05,472.0,10.0,1.7453082639999995,1.756,-0.011
2023-06-07 17:00:00,17,36.9,45.99375,291.0,4.0,1.1238307674,1.157,-0.033
2023-06-07 18:00:00,18,35.7,39.7,128.0,2.0,0.5099647488000001,0.514,-0.004
2023-06-07 19:00:00,19,32.3,32.95625,21.0,1.0,0.0862367995125,0.08,0.006
2023-06-07 20:00:00,20,30.6,30.6,0.0,0.0,0.0,0.0,0.0
2023-06-07 21:00:00,21,29.3,29.3,0.0,1.0,0.0,0.001,-0.001
2023-06-07 22:00:00,22,28.8,28.8,0.0,1.0,0.0,0.001,-0.001
2023-06-07 23:00:00,23,28.6,28.6,0.0,0.0,0.0,0.001,-0.001
2023-06-08 00:00:00,0,27.4,27.4,0.0,0.0,0.0,0.0,0.0
2023-06-08 01:00:00,1,26.7,26.7,0.0,0.0,0.0,0.0,0.0
2023-06-08 02:00:00,2,26.8,26.8,0.0,0.0,0.0,0.0,0.0
2023-06-08 03:00:00,3,28.1,28.1,0.0,0.0,0.0,0.001,-0.001
2023-06-08 04:00:00,4,29.5,29.5,0.0,0.0,0.0,0.0,0.0
2023-06-08 05:00:00,5,29.4,29.4,0.0,0.0,0.0,0.0,0.0
2023-06-08 06:00:00,6,29.3,30.26875,31.0,0.0,0.12897336875,0.118,0.011
2023-06-08 07:00:00,7,31.7,36.3875,150.0,35.0,0.56586954375,0.607,-0.041
2023-06-08 08:00:00,8,33.4,42.11875,279.0,28.0,1.0427006457,1.072,-0.029
2023-06-08 09:00:00,9,35.4,50.0875,470.0,4.0,1.7826744679999995,1.788,-0.005
2023-06-08 10:00:00,10,36.7,57.5125,666.0,12.0,2.4032960316,2.409,-0.006
2023-06-08 11:00:00,11,35.7,59.0125,746.0,96.0,2.2132360078000004,2.199,0.014
2023-06-08 12:00:00,12,35.0,45.15625,325.0,62.0,1.112420765625,1.101,0.011
2023-06-08 13:00:00,13,36.0,57.4375,686.0,69.0,2.18707836025,2.216,-0.029
2023-06-08 14:00:00,14,33.4,51.86875,591.0,92.0,1.8293085297,1.833,-0.004
2023-06-08 15:00:00,15,34.3,48.425,452.0,22.0,1.6643981988,1.655,0.009
2023-06-08 16:00:00,16,35.7,50.825,484.0,8.0,1.8149997096,1.797,0.018
2023-06-08 17:00:00,17,35.2,44.45,296.0,22.0,1.1090819856,1.112,-0.003
2023-06-08 18:00:00,18,34.7,38.0125,106.0,78.0,0.3604314449,0.36,0.0
2023-06-08 19:00:00,19,32.3,32.925,20.0,4.0,0.081647056,0.074,0.008
2023-06-08 20:00:00,20,30.6,30.6,0.0,12.0,0.0,0.001,-0.001
2023-06-08 21:00:00,21,30.1,30.1,0.0,5.0,0.0,0.003,-0.003
2023-06-08 22:00:00,22,29.6,29.6,0.0,7.0,0.0,0.0,0.0
2023-06-08 23:00:00,23,29.0,29.0,0.0,4.0,0.0,0.001,-0.001
2023-06-09 00:00:00,0,28.7,28.7,0.0,0.0,0.0,0.001,-0.001
2023-06-09 01:00:00,1,28.6,28.6,0.0,0.0,0.0,0.001,-0.001
2023-06-09 02:00:00,2,28.5,28.5,0.0,0.0,0.0,0.001,-0.001
2023-06-09 03:00:00,3,27.9,27.9,0.0,0.0,0.0,0.001,-0.001
2023-06-09 04:00:00,4,27.8,27.8,0.0,1.0,0.0,0.001,-0.001
2023-06-09 05:00:00,5,27.5,27.5,0.0,0.0,0.0,0.0,0.0
2023-06-09 06:00:00,6,29.1,30.06875,31.0,1.0,0.1288206112125,0.122,0.007
2023-06-09 07:00:00,7,30.6,35.13125,145.0,1.0,0.5900939158124999,0.589,0.001
2023-06-09 08:00:00,8,31.8,41.7375,318.0,0.0,1.261017075,1.257,0.004
2023-06-09 09:00:00,9,34.0,49.78125,505.0,0.0,1.93350296875,1.892,0.042
2023-06-09 10:00:00,10,35.9,56.18125,649.0,14.0,2.346628905225,2.347,-0.0
2023-06-09 11:00:00,11,37.1,60.2875,742.0,13.0,2.63796550465,2.559,0.079
2023-06-09 12:00:00,12,38.0,63.25,808.0,17.0,2.8097056679999994,2.779,0.031
2023-06-09 13:00:00,13,38.5,61.53125,737.0,8.0,2.63175716925,2.636,-0.004
2023-06-09 14:00:00,14,38.9,60.025,676.0,19.0,2.3766139774000004,2.373,0.004
2023-06-09 15:00:00,15,39.4,56.68125,553.0,13.0,1.9990517899625,1.98,0.019
2023-06-09 16:00:00,16,39.0,52.78125,441.0,38.0,1.539359947125,1.527,0.012
2023-06-09 17:00:00,17,37.9,45.43125,241.0,21.0,0.9010403556625,0.898,0.003
2023-06-09 18:00:00,18,35.9,39.525,116.0,17.0,0.4485685722,0.442,0.007
2023-06-09 19:00:00,19,33.7,34.325,20.0,15.0,0.079374615,0.069,0.01
2023-06-09 20:00:00,20,32.3,32.3,0.0,2.0,0.0,0.003,-0.003
2023-06-09 21:00:00,21,31.4,31.4,0.0,2.0,0.0,0.002,-0.002
2023-06-09 22:00:00,22,30.6,30.6,0.0,0.0,0.0,0.0,0.0
2023-06-09 23:00:00,23,30.1,30.1,0.0,0.0,0.0,0.0,0.0
2023-06-10 00:00:00,0,29.8,29.8,0.0,0.0,0.0,0.0,0.0
2023-06-10 01:00:00,1,29.3,29.3,0.0,0.0,0.0,0.0,0.0
2023-06-10 02:00:00,2,29.0,29.0,0.0,0.0,0.0,0.001,-0.001
2023-06-10 03:00:00,3,28.9,28.9,0.0,0.0,0.0,0.001,-0.001
2023-06-10 04:00:00,4,28.7,28.7,0.0,0.0,0.0,0.001,-0.001
2023-06-10 05:00:00,5,29.0,29.0,0.0,0.0,0.0,0.001,-0.001
2023-06-10 06:00:00,6,29.7,30.6375,30.0,1.0,0.12437562525,0.126,-0.002
2023-06-10 07:00:00,7,31.2,35.85625,149.0,1.0,0.6045396165125,0.609,-0.004
2023-06-10 08:00:00,8,32.9,42.93125,321.0,0.0,1.2663991687499998,1.229,0.037
2023-06-10 09:00:00,9,35.1,50.9125,506.0,0.0,1.927600675,1.894,0.034
2023-06-10 10:00:00,10,36.9,57.80625,669.0,1.0,2.4652042297125,2.477,-0.012
2023-06-10 11:00:00,11,37.9,62.4,784.0,3.0,2.8165316032,2.821,-0.004
2023-06-10 12:00:00,12,38.4,63.4625,802.0,9.0,2.8321884340499994,2.837,-0.005
2023-06-10 13:00:00,13,39.0,64.25,808.0,23.0,2.761698348,2.761,0.001
2023-06-10 14:00:00,14,38.9,60.2125,682.0,17.0,2.40557790165,2.402,0.004
2023-06-10 15:00:00,15,38.9,58.525,628.0,1.0,2.3064649258,2.299,0.007
2023-06-10 16:00:00,16,38.5,54.03125,497.0,0.0,1.86696496875,1.862,0.005
2023-06-10 17:00:00,17,36.2,45.8875,310.0,2.0,1.2025931835,1.222,-0.019
2023-06-10 18:00:00,18,35.1,39.225,132.0,1.0,0.5280209418,0.527,0.001
2023-06-10 19:00:00,19,33.4,34.05625,21.0,1.0,0.0858448849125,0.083,0.003
2023-06-10 20:00:00,20,32.1,32.1,0.0,2.0,0.0,0.001,-0.001
2023-06-10 21:00:00,21,31.3,31.3,0.0,0.0,0.0,0.003,-0.003
2023-06-10 22:00:00,22,30.6,30.6,0.0,0.0,0.0,0.0,0.0
2023-06-10 23:00:00,23,29.9,29.9,0.0,0.0,0.0,0.0,0.0
2023-06-11 00:00:00,0,29.6,29.6,0.0,0.0,0.0,0.0,0.0
2023-06-11 01:00:00,1,29.6,29.6,0.0,0.0,0.0,0.0,0.0
2023-06-11 02:00:00,2,29.5,29.5,0.0,0.0,0.0,0.0,0.0
2023-06-11 03:00:00,3,29.0,29.0,0.0,0.0,0.0,0.001,-0.001
2023-06-11 04:00:00,4,28.4,28.4,0.0,0.0,0.0,0.001,-0.001
2023-06-11 05:00:00,5,28.9,28.9,0.0,3.0,0.0,0.001,-0.001
2023-06-11 06:00:00,6,29.6,30.50625,29.0,4.0,0.1195711354,0.14,-0.02
2023-06-11 07:00:00,7,30.8,35.2375,142.0,12.0,0.5648957948,0.546,0.019
2023-06-11 08:00:00,8,32.5,42.0,304.0,36.0,1.117445632,1.118,-0.001
2023-06-11 09:00:00,9,33.9,47.74375,443.0,17.0,1.6532769469125,1.652,0.001
2023-06-11 10:00:00,10,35.4,55.24375,635.0,6.0,2.343801494125,2.332,0.012
2023-06-11 11:00:00,11,36.7,60.6375,766.0,5.0,2.76351419025,2.73,0.034
2023-06-11 12:00:00,12,37.7,63.6375,830.0,7.0,2.94057232675,2.911,0.03
2023-06-11 13:00:00,13,38.5,64.40625,829.0,3.0,2.9500903324375,2.936,0.014
2023-06-11 14:00:00,14,38.9,62.65,760.0,9.0,2.694177884,2.706,-0.012
2023-06-11 15:00:00,15,38.6,58.44375,635.0,14.0,2.272268426625,2.266,0.006
2023-06-11 16:00:00,16,38.2,52.66875,463.0,29.0,1.6484710511624998,1.636,0.012
2023-06-11 17:00:00,17,36.8,44.675,252.0,35.0,0.917642439,0.902,0.016
2023-06-11 18:00:00,18,35.9,39.3375,110.0,17.0,0.42570545325,0.411,0.015
2023-06-11 19:00:00,19,34.4,34.99375,19.0,24.0,0.07380096185,0.072,0.002
2023-06-11 20:00:00,20,33.7,33.7,0.0,9.0,0.0,0.0,0.0
2023-06-11 21:00:00,21,32.9,32.9,0.0,8.0,0.0,0.002,-0.002
2023-06-11 22:00:00,22,32.3,32.3,0.0,7.0,0.0,0.003,-0.003
2023-06-11 23:00:00,23,31.9,31.9,0.0,9.0,0.0,0.003,-0.003
2023-06-12 00:00:00,0,31.9,31.9,0.0,8.0,0.0,0.002,-0.002
2023-06-12 01:00:00,1,31.6,31.6,0.0,7.0,0.0,0.001,-0.001
2023-06-12 02:00:00,2,31.0,31.0,0.0,4.0,0.0,0.007,-0.007
2023-06-12 03:00:00,3,30.7,30.7,0.0,2.0,0.0,0.004,-0.004
2023-06-12 04:00:00,4,30.2,30.2,0.0,0.0,0.0,0.0,0.0
2023-06-12 05:00:00,5,29.6,29.6,0.0,0.0,0.0,0.0,0.0
2023-06-12 06:00:00,6,29.8,30.7375,30.0,0.0,0.124573875,0.118,0.007
2023-06-12 07:00:00,7,30.9,35.55625,149.0,0.0,0.60651101875,0.619,-0.012
2023-06-12 08:00:00,8,32.3,42.3625,322.0,0.0,1.273457675,1.215,0.058
2023-06-12 09:00:00,9,34.1,49.88125,505.0,0.0,1.93264446875,1.904,0.029
2023-06-12 10:00:00,10,35.8,56.64375,667.0,0.0,2.47594151875,2.438,0.038
2023-06-12 11:00:00,11,37.2,61.7625,786.0,6.0,2.8150881213,2.832,-0.017
2023-06-12 12:00:00,12,38.4,64.68125,841.0,3.0,2.9888856057375004,2.975,0.014
2023-06-12 13:00:00,13,39.3,65.08125,825.0,26.0,2.791016724375,2.779,0.012
2023-06-12 14:00:00,14,39.4,61.18125,697.0,27.0,2.3967272968374997,2.387,0.01
2023-06-12 15:00:00,15,39.2,57.16875,575.0,11.0,2.0824558584375,2.091,-0.009
2023-06-12 16:00:00,16,38.8,52.8,448.0,3.0,1.6821215488,1.702,-0.02
2023-06-12 17:00:00,17,37.8,46.64375,283.0,14.0,1.067860505025,1.112,-0.044
2023-06-12 18:00:00,18,36.8,40.8,128.0,10.0,0.499426816,0.496,0.003
2023-06-12 19:00:00,19,35.1,35.75625,21.0,15.0,0.0828477181875,0.084,-0.001
2023-06-12 20:00:00,20,34.0,34.0,0.0,6.0,0.0,0.007,-0.007
2023-06-12 21:00:00,21,33.0,33.0,0.0,2.0,0.0,0.0,0.0
2023-06-12 22:00:00,22,32.4,32.4,0.0,3.0,0.0,0.0,0.0
2023-06-12 23:00:00,23,31.9,31.9,0.0,2.0,0.0,0.003,-0.003
2023-06-13 00:00:00,0,31.2,31.2,0.0,3.0,0.0,0.003,-0.003
2023-06-13 01:00:00,1,30.9,30.9,0.0,3.0,0.0,0.003,-0.003
2023-06-13 02:00:00,2,30.8,30.8,0.0,1.0,0.0,0.006,-0.006
2023-06-13 03:00:00,3,30.4,30.4,0.0,0.0,0.0,0.0,0.0
2023-06-13 04:00:00,4,29.7,29.7,0.0,0.0,0.0,0.0,0.0
2023-06-13 05:00:00,5,30.3,30.3,0.0,0.0,0.0,0.0,0.0
2023-06-13 06:00:00,6,30.4,31.3375,30.0,0.0,0.124267875,0.124,0.0
2023-06-13 07:00:00,7,31.5,36.15625,149.0,0.0,0.60499121875,0.62,-0.015
2023-06-13 08:00:00,8,33.2,43.29375,323.0,0.0,1.2722990187499998,1.294,-0.022
2023-06-13 09:00:00,9,35.2,51.075,508.0,0.0,1.9338163,1.947,-0.013
2023-06-13 10:00:00,10,36.8,57.675,668.0,0.0,2.4679427,2.469,-0.001
2023-06-13 11:00:00,11,38.3,62.8,784.0,11.0,2.7659811648,2.776,-0.01
2023-06-13 12:00:00,12,39.0,63.1875,774.0,30.0,2.6198071425,2.614,0.006
2023-06-13 13:00:00,13,39.0,60.75,696.0,27.0,2.398115676,2.394,0.004
2023-06-13 14:00:00,14,39.4,60.24375,667.0,14.0,2.366937727425,2.369,-0.002
2023-06-13 15:00:00,15,39.6,59.00625,621.0,6.0,2.252883066525,2.255,-0.002
2023-06-13 16:00:00,16,39.1,53.19375,451.0,12.0,1.6597743942999998,1.671,-0.011
2023-06-13 17:00:00,17,38.0,46.625,276.0,15.0,1.039389435,1.062,-0.023
2023-06-13 18:00:00,18,37.0,40.78125,121.0,18.0,0.464443601875,0.457,0.007
2023-06-13 19:00:00,19,35.4,36.025,20.0,15.0,0.078813955,0.075,0.004
2023-06-13 20:00:00,20,34.0,34.0,0.0,19.0,0.0,0.006,-0.006
2023-06-13 21:00:00,21,33.4,33.4,0.0,15.0,0.0,0.002,-0.002
2023-06-13 22:00:00,22,33.1,33.1,0.0,13.0,0.0,0.003,-0.003
2023-06-13 23:00:00,23,32.4,32.4,0.0,12.0,0.0,0.0,0.0
2023-06-14 00:00:00,0,31.7,31.7,0.0,10.0,0.0,0.002,-0.002
2023-06-14 01:00:00,1,31.2,31.2,0.0,10.0,0.0,0.002,-0.002
2023-06-14 02:00:00,2,30.9,30.9,0.0,9.0,0.0,0.002,-0.002
2023-06-14 03:00:00,3,30.5,30.5,0.0,5.0,0.0,0.004,-0.004
2023-06-14 04:00:00,4,29.9,29.9,0.0,4.0,0.0,0.003,-0.003
2023-06-14 05:00:00,5,30.2,30.2,0.0,2.0,0.0,0.002,-0.002
2023-06-14 06:00:00,6,30.3,31.2375,30.0,1.0,0.1240702372499999,0.13,-0.006
2023-06-14 07:00:00,7,30.9,35.49375,147.0,0.0,0.5985261187500001,0.585,0.014
2023-06-14 08:00:00,8,31.9,41.8375,318.0,0.0,1.260476475,1.246,0.014
2023-06-14 09:00:00,9,33.4,49.05625,501.0,0.0,1.92436291875,1.839,0.085
2023-06-14 10:00:00,10,34.9,55.61875,663.0,0.0,2.47264606875,2.383,0.09
2023-06-14 11:00:00,11,36.2,60.6375,782.0,1.0,2.84403560485,2.851,-0.007
2023-06-14 12:00:00,12,37.4,63.55624999999999,837.0,1.0,3.0026158525125,2.925,0.078
2023-06-14 13:00:00,13,38.0,63.9375,830.0,2.0,2.9661795074999997,2.951,0.015
2023-06-14 14:00:00,14,38.2,62.0125,762.0,9.0,2.7093773536500003,2.687,0.022
2023-06-14 15:00:00,15,37.8,55.26875,559.0,13.0,2.0338153109625,1.998,0.036
2023-06-14 16:00:00,16,37.5,50.53125,417.0,4.0,1.5785288969999998,1.55,0.029
2023-06-14 17:00:00,17,36.1,44.9125,282.0,3.0,1.0964212381499998,1.106,-0.01
2023-06-14 18:00:00,18,35.1,39.1,128.0,3.0,0.5102384896000001,0.515,-0.005
2023-06-14 19:00:00,19,34.1,34.75625,21.0,3.0,0.0852524166375,0.084,0.001
2023-06-14 20:00:00,20,33.4,33.4,0.0,2.0,0.0,0.003,-0.003
2023-06-14 21:00:00,21,32.8,32.8,0.0,2.0,0.0,0.0,0.0
2023-06-14 22:00:00,22,32.0,32.0,0.0,2.0,0.0,0.002,-0.002
2023-06-14 23:00:00,23,31.3,31.3,0.0,3.0,0.0,0.001,-0.001
2023-06-15 00:00:00,0,30.9,30.9,0.0,13.0,0.0,0.002,-0.002
2023-06-15 01:00:00,1,30.6,30.6,0.0,25.0,0.0,0.003,-0.003
2023-06-15 02:00:00,2,30.3,30.3,0.0,9.0,0.0,0.0,0.0
2023-06-15 03:00:00,3,30.0,30.0,0.0,16.0,0.0,0.005,-0.005
2023-06-15 04:00:00,4,29.5,29.5,0.0,0.0,0.0,0.0,0.0
2023-06-15 05:00:00,5,29.4,29.4,0.0,0.0,0.0,0.0,0.0
2023-06-15 06:00:00,6,29.5,30.375,28.0,1.0,0.116208617,0.115,0.001
2023-06-15 07:00:00,7,30.4,34.9,144.0,0.0,0.5877648,0.547,0.041
2023-06-15 08:00:00,8,31.4,41.275,316.0,0.0,1.2555707,1.238,0.018
2023-06-15 09:00:00,9,33.1,48.6625,498.0,0.0,1.916173275,1.55,0.366
2023-06-15 10:00:00,10,34.4,54.99375,659.0,1.0,2.4598005587125003,2.444,0.016
2023-06-15 11:00:00,11,35.5,59.625,772.0,5.0,2.798315685,2.773,0.025
2023-06-15 12:00:00,12,36.3,61.675,812.0,6.0,2.9094014404000004,2.892,0.017
2023-06-15 13:00:00,13,37.2,61.91875,791.0,1.0,2.8595729616125,2.842,0.018
2023-06-15 14:00:00,14,37.9,61.36875,751.0,20.0,2.618332962,2.577,0.041
2023-06-15 15:00:00,15,37.3,54.01875,535.0,30.0,1.889235000625,1.91,-0.021
2023-06-15 16:00:00,16,36.4,49.86875,431.0,92.0,1.3460219216999998,1.332,0.014
2023-06-15 17:00:00,17,35.4,40.2125,154.0,77.0,0.52001392905,0.562,-0.042
2023-06-15 18:00:00,18,33.4,36.68125,105.0,17.0,0.4109354038125,0.408,0.003
2023-06-15 19:00:00,19,30.5,31.15625,21.0,34.0,0.081132667875,0.087,-0.006
2023-06-15 20:00:00,20,30.8,30.8,0.0,100.0,0.0,0.002,-0.002
2023-06-15 21:00:00,21,30.9,30.9,0.0,36.0,0.0,0.003,-0.003
2023-06-15 22:00:00,22,30.4,30.4,0.0,94.0,0.0,0.0,0.0
2023-06-15 23:00:00,23,30.3,30.3,0.0,100.0,0.0,0.0,0.0
2023-06-16 00:00:00,0,30.3,30.3,0.0,100.0,0.0,0.0,0.0
2023-06-16 01:00:00,1,29.9,29.9,0.0,14.0,0.0,0.003,-0.003
2023-06-16 02:00:00,2,29.1,29.1,0.0,14.0,0.0,0.001,-0.001
2023-06-16 03:00:00,3,28.5,28.5,0.0,44.0,0.0,0.001,-0.001
2023-06-16 04:00:00,4,28.0,28.0,0.0,3.0,0.0,0.001,-0.001
2023-06-16 05:00:00,5,29.1,29.1,0.0,7.0,0.0,0.001,-0.001
2023-06-16 06:00:00,6,29.4,30.11875,23.0,25.0,0.0909611403124999,0.083,0.008
2023-06-16 07:00:00,7,29.8,33.675,124.0,65.0,0.442580397,0.455,-0.012
2023-06-16 08:00:00,8,30.8,39.8,288.0,94.0,0.9350498304,0.962,-0.027
2023-06-16 09:00:00,9,32.2,47.2,480.0,51.0,1.669245504,1.672,-0.003
2023-06-16 10:00:00,10,32.6,50.50625,573.0,65.0,1.9025104483125,1.917,-0.014
2023-06-16 11:00:00,11,32.7,49.54375,539.0,96.0,1.6692113399500002,1.674,-0.005
2023-06-16 12:00:00,12,33.5,50.09375,531.0,88.0,1.67290846425,1.678,-0.005
2023-06-16 13:00:00,13,34.4,49.93125,497.0,100.0,1.5212846950000003,1.529,-0.008
2023-06-16 14:00:00,14,29.9,37.18125,233.0,99.0,0.7554840551375,0.734,0.021
2023-06-16 15:00:00,15,32.9,46.4,432.0,33.0,1.5680350656,1.574,-0.006
2023-06-16 16:00:00,16,33.7,45.98125,393.0,27.0,1.4474502582375,1.479,-0.032
2023-06-16 17:00:00,17,33.9,41.93125,257.0,17.0,0.9836559382125002,0.963,0.021
2023-06-16 18:00:00,18,31.2,34.5125,106.0,4.0,0.4298916072,0.425,0.005
2023-06-16 19:00:00,19,29.2,29.73125,17.0,5.0,0.0701738420625,0.059,0.011
2023-06-16 20:00:00,20,28.8,28.8,0.0,44.0,0.0,0.002,-0.002
2023-06-16 21:00:00,21,29.1,29.1,0.0,29.0,0.0,0.002,-0.002
2023-06-16 22:00:00,22,27.2,27.2,0.0,100.0,0.0,0.0,0.0
2023-06-16 23:00:00,23,26.9,26.9,0.0,100.0,0.0,0.0,0.0
2023-06-17 00:00:00,0,26.7,26.7,0.0,97.0,0.0,0.0,0.0
2023-06-17 01:00:00,1,27.0,27.0,0.0,86.0,0.0,0.0,0.0
2023-06-17 02:00:00,2,27.3,27.3,0.0,100.0,0.0,0.0,0.0
2023-06-17 03:00:00,3,27.5,27.5,0.0,99.0,0.0,0.0,0.0
2023-06-17 04:00:00,4,27.7,27.7,0.0,99.0,0.0,0.0,0.0
2023-06-17 05:00:00,5,28.3,28.3,0.0,100.0,0.0,0.0,0.0
2023-06-17 06:00:00,6,27.4,28.15,24.0,76.0,0.0854061503999999,0.091,-0.006
2023-06-17 07:00:00,7,26.9,29.3375,78.0,78.0,0.2749317129,0.276,-0.001
2023-06-17 08:00:00,8,26.8,31.6125,154.0,97.0,0.51357391085,0.507,0.007
2023-06-17 09:00:00,9,26.8,30.55,120.0,100.0,0.3989424,0.403,-0.004
2023-06-17 10:00:00,10,29.7,38.1375,270.0,91.0,0.8893286797499999,0.884,0.005
2023-06-17 11:00:00,11,32.2,45.35625,421.0,99.0,1.3181353756375,1.315,0.003
2023-06-17 12:00:00,12,33.6,55.44375,699.0,39.0,2.4054859390875,2.403,0.002
2023-06-17 13:00:00,13,33.9,54.55625,661.0,25.0,2.3532700978125,2.359,-0.006
2023-06-17 14:00:00,14,34.0,53.375,620.0,51.0,2.097662895,2.108,-0.01
2023-06-17 15:00:00,15,33.9,49.65,504.0,71.0,1.6566253703999998,1.666,-0.009
2023-06-17 16:00:00,16,32.1,41.9125,314.0,50.0,1.1197989675,1.152,-0.032
2023-06-17 17:00:00,17,31.9,39.15,232.0,37.0,0.8613581624000002,0.84,0.021
2023-06-17 18:00:00,18,27.9,31.4625,114.0,88.0,0.3889079562,0.384,0.005
2023-06-17 19:00:00,19,25.8,26.175,12.0,77.0,0.0429432137999999,0.039,0.004
2023-06-17 20:00:00,20,26.2,26.2,0.0,36.0,0.0,0.0,0.0
2023-06-17 21:00:00,21,26.6,26.6,0.0,62.0,0.0,0.0,0.0
2023-06-17 22:00:00,22,27.0,27.0,0.0,43.0,0.0,0.001,-0.001
2023-06-17 23:00:00,23,26.9,26.9,0.0,94.0,0.0,0.0,0.0
2023-06-18 00:00:00,0,26.7,26.7,0.0,62.0,0.0,0.0,0.0
2023-06-18 01:00:00,1,26.7,26.7,0.0,29.0,0.0,0.0,0.0
2023-06-18 02:00:00,2,26.8,26.8,0.0,87.0,0.0,0.0,0.0
2023-06-18 03:00:00,3,26.8,26.8,0.0,100.0,0.0,0.0,0.0
2023-06-18 04:00:00,4,26.6,26.6,0.0,100.0,0.0,0.0,0.0
2023-06-18 05:00:00,5,26.6,26.6,0.0,100.0,0.0,0.0,0.0
2023-06-18 06:00:00,6,26.9,27.68125,25.0,36.0,0.097542515,0.097,0.001
2023-06-18 07:00:00,7,27.6,31.63125,129.0,48.0,0.48247173255,0.491,-0.009
2023-06-18 08:00:00,8,28.8,37.6125,282.0,100.0,0.9104285399999998,0.929,-0.019
2023-06-18 09:00:00,9,29.2,37.2625,258.0,100.0,0.8341733400000001,0.838,-0.004
2023-06-18 10:00:00,10,27.8,40.9875,422.0,100.0,1.3430445400000002,1.332,0.011
2023-06-18 11:00:00,11,25.8,35.2375,302.0,100.0,0.98475254,0.997,-0.012
2023-06-18 12:00:00,12,29.4,39.80625,333.0,100.0,1.065145455,1.051,0.014
2023-06-18 13:00:00,13,28.9,43.3375,462.0,100.0,1.45558182,1.466,-0.01
2023-06-18 14:00:00,14,27.5,31.625,132.0,100.0,0.4369068,0.437,-0.0
2023-06-18 15:00:00,15,26.7,31.79375,163.0,100.0,0.5391396150000001,0.522,0.017
2023-06-18 16:00:00,16,26.0,29.03125,97.0,100.0,0.324481975,0.346,-0.022
2023-06-18 17:00:00,17,25.4,28.0875,86.0,100.0,0.28878886,0.286,0.003
2023-06-18 18:00:00,18,24.6,25.13125,17.0,100.0,0.057769655,0.059,-0.001
2023-06-18 19:00:00,19,25.1,25.1625,2.0,100.0,0.00679558,0.002,0.005
2023-06-18 20:00:00,20,24.8,24.8,0.0,100.0,0.0,0.0,0.0
2023-06-18 21:00:00,21,24.4,24.4,0.0,100.0,0.0,0.0,0.0
2023-06-18 22:00:00,22,24.5,24.5,0.0,100.0,0.0,0.0,0.0
2023-06-18 23:00:00,23,24.4,24.4,0.0,100.0,0.0,0.0,0.0
2023-06-19 00:00:00,0,24.5,24.5,0.0,100.0,0.0,0.0,0.0
2023-06-19 01:00:00,1,24.6,24.6,0.0,100.0,0.0,0.0,0.0
2023-06-19 02:00:00,2,24.7,24.7,0.0,100.0,0.0,0.0,0.0
2023-06-19 03:00:00,3,24.8,24.8,0.0,100.0,0.0,0.0,0.0
2023-06-19 04:00:00,4,24.9,24.9,0.0,100.0,0.0,0.0,0.0
2023-06-19 05:00:00,5,24.3,24.3,0.0,100.0,0.0,0.0,0.0
2023-06-19 06:00:00,6,24.3,24.425,4.0,100.0,0.0136,0.014,-0.0
2023-06-19 07:00:00,7,24.4,24.99375,19.0,100.0,0.0646,0.084,-0.019
2023-06-19 08:00:00,8,24.4,25.74375,43.0,100.0,0.145765055,0.184,-0.038
2023-06-19 09:00:00,9,24.7,27.3875,86.0,100.0,0.28960758,0.308,-0.018
2023-06-19 10:00:00,10,25.0,27.75,88.0,100.0,0.2959087999999999,0.31,-0.014
2023-06-19 11:00:00,11,25.0,27.71875,87.0,100.0,0.292583175,0.31,-0.017
2023-06-19 12:00:00,12,25.5,28.9375,110.0,100.0,0.3681095,0.379,-0.011
2023-06-19 13:00:00,13,27.0,33.25,200.0,85.0,0.6822185,0.674,0.008
2023-06-19 14:00:00,14,29.3,43.45625,453.0,95.0,1.4443259191875002,1.459,-0.015
2023-06-19 15:00:00,15,26.5,37.625,356.0,100.0,1.1492748,1.159,-0.01
2023-06-19 16:00:00,16,25.7,29.075,108.0,100.0,0.36121464,0.381,-0.02
2023-06-19 17:00:00,17,30.2,32.2,64.0,100.0,0.21133312,0.186,0.025
2023-06-19 18:00:00,18,26.0,28.90625,93.0,95.0,0.3151501171875,0.3,0.015
2023-06-19 19:00:00,19,25.6,25.94375,11.0,76.0,0.0394943438999999,0.037,0.002
2023-06-19 20:00:00,20,25.2,25.2,0.0,62.0,0.0,0.0,0.0
2023-06-19 21:00:00,21,25.0,25.0,0.0,33.0,0.0,0.0,0.0
2023-06-19 22:00:00,22,24.9,24.9,0.0,55.0,0.0,0.0,0.0
2023-06-19 23:00:00,23,24.9,24.9,0.0,37.0,0.0,0.0,0.0
2023-06-20 00:00:00,0,25.0,25.0,0.0,52.0,0.0,0.0,0.0
2023-06-20 01:00:00,1,24.8,24.8,0.0,20.0,0.0,0.0,0.0
2023-06-20 02:00:00,2,24.5,24.5,0.0,25.0,0.0,0.0,0.0
2023-06-20 03:00:00,3,24.5,24.5,0.0,10.0,0.0,0.0,0.0
2023-06-20 04:00:00,4,24.5,24.5,0.0,1.0,0.0,0.0,0.0
2023-06-20 05:00:00,5,25.4,25.4,0.0,3.0,0.0,0.0,0.0
2023-06-20 06:00:00,6,23.4,24.18125,25.0,100.0,0.085,0.076,0.009
2023-06-20 07:00:00,7,23.4,24.43125,33.0,100.0,0.1122,0.124,-0.012
2023-06-20 08:00:00,8,24.0,27.65625,117.0,93.0,0.4004609090625,0.419,-0.019
2023-06-20 09:00:00,9,25.6,35.50625,317.0,88.0,1.06348061865,1.054,0.009
2023-06-20 10:00:00,10,28.0,45.0,544.0,60.0,1.8717952000000004,1.856,0.016
2023-06-20 11:00:00,11,30.4,52.7125,714.0,36.0,2.5038606264000003,2.392,0.112
2023-06-20 12:00:00,12,32.4,57.275,796.0,76.0,2.4984239856,2.507,-0.009
2023-06-20 13:00:00,13,32.4,56.80625,781.0,99.0,2.3233606518375,2.314,0.009
2023-06-20 14:00:00,14,29.0,45.40625,525.0,100.0,1.639299375,1.633,0.006
2023-06-20 15:00:00,15,29.5,41.09375,371.0,85.0,1.2244547765625,1.21,0.014
2023-06-20 16:00:00,16,31.2,43.23125,385.0,84.0,1.2620828219999998,1.258,0.004
2023-06-20 17:00:00,17,29.4,38.275,284.0,76.0,0.9691862383999996,0.967,0.002
2023-06-20 18:00:00,18,26.0,28.71875,87.0,100.0,0.291399975,0.273,0.018
2023-06-20 19:00:00,19,25.9,26.4,16.0,7.0,0.0666725312,0.054,0.013
2023-06-20 20:00:00,20,26.1,26.1,0.0,28.0,0.0,0.0,0.0
2023-06-20 21:00:00,21,26.0,26.0,0.0,2.0,0.0,0.0,0.0
2023-06-20 22:00:00,22,25.9,25.9,0.0,5.0,0.0,0.0,0.0
2023-06-20 23:00:00,23,25.8,25.8,0.0,15.0,0.0,0.0,0.0
2023-06-21 00:00:00,0,25.8,25.8,0.0,5.0,0.0,0.0,0.0
2023-06-21 01:00:00,1,26.2,26.2,0.0,11.0,0.0,0.0,0.0
2023-06-21 02:00:00,2,25.8,25.8,0.0,23.0,0.0,0.0,0.0
2023-06-21 03:00:00,3,26.0,26.0,0.0,21.0,0.0,0.0,0.0
2023-06-21 04:00:00,4,25.1,25.1,0.0,89.0,0.0,0.0,0.0
2023-06-21 05:00:00,5,25.8,25.8,0.0,100.0,0.0,0.0,0.0
2023-06-21 06:00:00,6,26.1,26.75625,21.0,80.0,0.07444333575,0.073,0.001
2023-06-21 07:00:00,7,27.4,31.36875,127.0,30.0,0.4944398766249999,0.503,-0.009
2023-06-21 08:00:00,8,28.3,37.925,308.0,34.0,1.1569146204,1.155,0.002
2023-06-21 09:00:00,9,29.7,43.60625,445.0,34.0,1.6314601458750002,1.654,-0.023
2023-06-21 10:00:00,10,31.6,51.1,624.0,34.0,2.2136222783999995,2.214,-0.0
2023-06-21 11:00:00,11,32.5,54.875,716.0,82.0,2.239946214,2.186,0.054
2023-06-21 12:00:00,12,33.3,59.08125,825.0,99.0,2.4286648959375,2.439,-0.01
2023-06-21 13:00:00,13,34.1,60.25625,837.0,96.0,2.46891576555,2.462,0.007
2023-06-21 14:00:00,14,34.5,58.3125,762.0,99.0,2.2511898397500003,2.254,-0.003
2023-06-21 15:00:00,15,34.8,54.76875,639.0,70.0,2.057439979125,2.072,-0.015
2023-06-21 16:00:00,16,34.7,49.04375,459.0,72.0,1.50924494565,1.519,-0.01
2023-06-21 17:00:00,17,33.7,42.79375,291.0,100.0,0.918979455,0.918,0.001
2023-06-21 18:00:00,18,29.9,33.4,112.0,99.0,0.3689251328,0.376,-0.007
2023-06-21 19:00:00,19,28.9,29.49375,19.0,100.0,0.063438815,0.06,0.003
2023-06-21 20:00:00,20,29.0,29.0,0.0,100.0,0.0,0.0,0.0
2023-06-21 21:00:00,21,29.6,29.6,0.0,100.0,0.0,0.0,0.0
2023-06-21 22:00:00,22,29.4,29.4,0.0,100.0,0.0,0.0,0.0
2023-06-21 23:00:00,23,28.8,28.8,0.0,100.0,0.0,0.0,0.0
2023-06-22 00:00:00,0,28.2,28.2,0.0,100.0,0.0,0.0,0.0
2023-06-22 01:00:00,1,27.6,27.6,0.0,100.0,0.0,0.0,0.0
2023-06-22 02:00:00,2,27.1,27.1,0.0,100.0,0.0,0.0,0.0
2023-06-22 03:00:00,3,26.8,26.8,0.0,100.0,0.0,0.0,0.0
2023-06-22 04:00:00,4,26.6,26.6,0.0,100.0,0.0,0.0,0.0
2023-06-22 05:00:00,5,27.5,27.5,0.0,100.0,0.0,0.0,0.0
2023-06-22 06:00:00,6,27.8,28.55,24.0,99.0,0.0806423832,0.081,-0.0
2023-06-22 07:00:00,7,28.4,32.05625,117.0,97.0,0.3894713857125,0.389,0.0
2023-06-22 08:00:00,8,29.1,35.50625,205.0,84.0,0.6944169179999998,0.697,-0.003
2023-06-22 09:00:00,9,31.0,45.9375,478.0,41.0,1.70873020125,1.707,0.002
2023-06-22 10:00:00,10,32.2,50.79375,595.0,62.0,1.9866332876249997,1.995,-0.008
2023-06-22 11:00:00,11,33.5,56.3125,730.0,84.0,2.25797468,2.003,0.255
2023-06-22 12:00:00,12,34.4,58.8375,782.0,88.0,2.3678993626,2.362,0.006
2023-06-22 13:00:00,13,34.6,56.31875,695.0,91.0,2.1134821164374995,2.131,-0.018
2023-06-22 14:00:00,14,35.2,57.8875,726.0,100.0,2.14368198,2.177,-0.033
2023-06-22 15:00:00,15,35.0,51.46875,527.0,100.0,1.6020931750000005,1.611,-0.009
2023-06-22 16:00:00,16,34.3,44.08125,313.0,100.0,0.982974935,0.999,-0.016
2023-06-22 17:00:00,17,34.6,41.475,220.0,100.0,0.6987068000000001,0.687,0.012
2023-06-22 18:00:00,18,33.4,37.30625,125.0,99.0,0.4050895734375,0.399,0.006
2023-06-22 19:00:00,19,32.0,32.75,24.0,99.0,0.079268076,0.077,0.002
2023-06-22 20:00:00,20,31.2,31.2,0.0,100.0,0.0,0.0,0.0
2023-06-22 21:00:00,21,30.5,30.5,0.0,100.0,0.0,0.001,-0.001
2023-06-22 22:00:00,22,29.9,29.9,0.0,100.0,0.0,0.002,-0.002
2023-06-22 23:00:00,23,29.1,29.1,0.0,100.0,0.0,0.001,-0.001
2023-06-23 00:00:00,0,28.5,28.5,0.0,100.0,0.0,0.0,0.0
2023-06-23 01:00:00,1,28.0,28.0,0.0,100.0,0.0,0.001,-0.001
2023-06-23 02:00:00,2,27.4,27.4,0.0,100.0,0.0,0.0,0.0
2023-06-23 03:00:00,3,27.2,27.2,0.0,100.0,0.0,0.0,0.0
2023-06-23 04:00:00,4,27.0,27.0,0.0,100.0,0.0,0.0,0.0
2023-06-23 05:00:00,5,28.2,28.2,0.0,96.0,0.0,0.0,0.0
2023-06-23 06:00:00,6,28.1,28.94375,27.0,81.0,0.0946435681124999,0.084,0.011
2023-06-23 07:00:00,7,28.9,33.0875,134.0,78.0,0.4651087137,0.462,0.003
2023-06-23 08:00:00,8,30.1,39.75625,309.0,90.0,1.013303043375,1.03,-0.017
2023-06-23 09:00:00,9,31.6,46.38125,473.0,100.0,1.470658695,1.48,-0.009
2023-06-23 10:00:00,10,32.9,52.4,624.0,100.0,1.88907264,1.897,-0.008
2023-06-23 11:00:00,11,34.1,56.88125,729.0,100.0,2.162516535,2.156,0.007
2023-06-23 12:00:00,12,34.9,58.4625,754.0,100.0,2.22046214,2.205,0.015
2023-06-23 13:00:00,13,35.4,58.8375,750.0,100.0,2.2048575,2.227,-0.022
2023-06-23 14:00:00,14,35.8,57.76875,703.0,100.0,2.076904535,2.087,-0.01
2023-06-23 15:00:00,15,35.7,52.85625,549.0,94.0,1.6834933064250002,1.689,-0.006
2023-06-23 16:00:00,16,33.2,42.66875,303.0,100.0,0.957390615,0.975,-0.018
2023-06-23 17:00:00,17,34.4,36.9,80.0,100.0,0.2590528,0.317,-0.058
2023-06-23 18:00:00,18,33.2,36.35625,101.0,100.0,0.3278010549999999,0.322,0.006
2023-06-23 19:00:00,19,31.9,32.61875,23.0,100.0,0.075816855,0.076,-0.0
2023-06-23 20:00:00,20,31.3,31.3,0.0,100.0,0.0,0.0,0.0
2023-06-23 21:00:00,21,30.9,30.9,0.0,100.0,0.0,0.0,0.0
2023-06-23 22:00:00,22,30.4,30.4,0.0,100.0,0.0,0.0,0.0
2023-06-23 23:00:00,23,29.7,29.7,0.0,100.0,0.0,0.0,0.0
2023-06-24 00:00:00,0,29.2,29.2,0.0,75.0,0.0,0.001,-0.001
2023-06-24 01:00:00,1,28.7,28.7,0.0,97.0,0.0,0.0,0.0
2023-06-24 02:00:00,2,28.0,28.0,0.0,100.0,0.0,0.001,-0.001
2023-06-24 03:00:00,3,27.6,27.6,0.0,55.0,0.0,0.0,0.0
2023-06-24 04:00:00,4,27.2,27.2,0.0,100.0,0.0,0.0,0.0
2023-06-24 05:00:00,5,28.0,28.0,0.0,100.0,0.0,0.001,-0.001
2023-06-24 06:00:00,6,28.2,29.04375,27.0,100.0,0.090315135,0.079,0.011
2023-06-24 07:00:00,7,29.0,33.40625,141.0,100.0,0.4632801749999999,0.464,-0.001
2023-06-24 08:00:00,8,30.3,39.83125,305.0,100.0,0.975479975,0.996,-0.021
2023-06-24 09:00:00,9,32.0,47.15625,485.0,100.0,1.502857375,1.512,-0.009
2023-06-24 10:00:00,10,33.6,53.85,648.0,92.0,1.9879297344,1.996,-0.008
2023-06-24 11:00:00,11,35.2,59.5125,778.0,100.0,2.2800301400000005,2.29,-0.01
2023-06-24 12:00:00,12,36.4,62.36875,831.0,99.0,2.4090810183374995,2.405,0.004
2023-06-24 13:00:00,13,37.1,61.13125,769.0,100.0,2.236724935,2.251,-0.014
2023-06-24 14:00:00,14,37.3,60.20625,733.0,100.0,2.1412359350000005,2.114,0.027
2023-06-24 15:00:00,15,32.6,45.225,404.0,100.0,1.26247576,1.277,-0.015
2023-06-24 16:00:00,16,33.9,44.55625,341.0,100.0,1.068705935,1.097,-0.028
2023-06-24 17:00:00,17,31.9,39.93125,257.0,98.0,0.8257203564750001,0.836,-0.01
2023-06-24 18:00:00,18,32.6,36.6,128.0,100.0,0.41500672,0.403,0.012
2023-06-24 19:00:00,19,31.7,32.45,24.0,55.0,0.0880747559999999,0.089,-0.001
2023-06-24 20:00:00,20,31.4,31.4,0.0,25.0,0.0,0.003,-0.003
2023-06-24 21:00:00,21,31.3,31.3,0.0,20.0,0.0,0.003,-0.003
2023-06-24 22:00:00,22,30.6,30.6,0.0,100.0,0.0,0.0,0.0
2023-06-24 23:00:00,23,30.4,30.4,0.0,100.0,0.0,0.0,0.0
2023-06-25 00:00:00,0,29.9,29.9,0.0,100.0,0.0,0.001,-0.001
2023-06-25 01:00:00,1,29.6,29.6,0.0,100.0,0.0,0.0,0.0
2023-06-25 02:00:00,2,29.2,29.2,0.0,100.0,0.0,0.0,0.0
2023-06-25 03:00:00,3,28.8,28.8,0.0,100.0,0.0,0.0,0.0
2023-06-25 04:00:00,4,28.4,28.4,0.0,100.0,0.0,0.0,0.0
2023-06-25 05:00:00,5,25.7,25.7,0.0,100.0,0.0,0.0,0.0
2023-06-25 06:00:00,6,25.6,26.13125,17.0,100.0,0.057538455,0.057,0.001
2023-06-25 07:00:00,7,26.3,27.8,48.0,100.0,0.16137216,0.162,-0.001
2023-06-25 08:00:00,8,28.3,34.8625,210.0,100.0,0.6858327000000001,0.694,-0.008
2023-06-25 09:00:00,9,28.5,37.03125,273.0,100.0,0.8835303750000002,0.891,-0.007
2023-06-25 10:00:00,10,29.4,39.9,336.0,100.0,1.07431296,1.044,0.03
2023-06-25 11:00:00,11,30.1,42.225,388.0,100.0,1.2283071200000002,1.19,0.038
2023-06-25 12:00:00,12,30.9,46.93125,513.0,100.0,1.591190055,1.586,0.005
2023-06-25 13:00:00,13,30.9,44.4625,434.0,100.0,1.36072454,1.346,0.015
2023-06-25 14:00:00,14,31.1,41.2875,326.0,100.0,1.03618774,1.042,-0.006
2023-06-25 15:00:00,15,30.6,35.475,156.0,100.0,0.50817624,0.503,0.005
2023-06-25 16:00:00,16,30.4,37.05625,213.0,100.0,0.689275455,0.689,0.0
2023-06-25 17:00:00,17,29.5,36.78125,233.0,100.0,0.754867575,0.739,0.016
2023-06-25 18:00:00,18,28.7,31.8875,102.0,100.0,0.33724566,0.339,-0.002
2023-06-25 19:00:00,19,27.8,28.3,16.0,100.0,0.05368192,0.054,-0.0
2023-06-25 20:00:00,20,27.1,27.1,0.0,100.0,0.0,0.0,0.0
2023-06-25 21:00:00,21,26.8,26.8,0.0,100.0,0.0,0.0,0.0
2023-06-25 22:00:00,22,26.5,26.5,0.0,100.0,0.0,0.0,0.0
2023-06-25 23:00:00,23,26.1,26.1,0.0,100.0,0.0,0.0,0.0
2023-06-26 00:00:00,0,26.0,26.0,0.0,100.0,0.0,0.0,0.0
2023-06-26 01:00:00,1,25.8,25.8,0.0,100.0,0.0,0.0,0.0
2023-06-26 02:00:00,2,25.5,25.5,0.0,100.0,0.0,0.0,0.0
2023-06-26 03:00:00,3,25.2,25.2,0.0,85.0,0.0,0.0,0.0
2023-06-26 04:00:00,4,25.1,25.1,0.0,100.0,0.0,0.0,0.0
2023-06-26 05:00:00,5,25.0,25.0,0.0,100.0,0.0,0.0,0.0
2023-06-26 06:00:00,6,25.4,26.24375,27.0,100.0,0.091343295,0.079,0.012
2023-06-26 07:00:00,7,26.3,30.3625,130.0,100.0,0.4325191,0.429,0.004
2023-06-26 08:00:00,8,27.7,36.3875,278.0,100.0,0.90214614,0.9,0.002
2023-06-26 09:00:00,9,29.7,43.85625,453.0,100.0,1.424030415,1.454,-0.03
2023-06-26 10:00:00,10,31.0,48.1875,550.0,100.0,1.6965575,1.71,-0.013
2023-06-26 11:00:00,11,32.4,55.24375,731.0,100.0,2.184728735,2.164,0.021
2023-06-26 12:00:00,12,33.4,57.30625,765.0,100.0,2.264885775,2.246,0.019
2023-06-26 13:00:00,13,33.4,47.55625,453.0,100.0,1.401235455,1.397,0.004
2023-06-26 14:00:00,14,31.6,41.9125,330.0,100.0,1.0460967,1.044,0.002
2023-06-26 15:00:00,15,29.4,37.05625,245.0,90.0,0.812649289375,0.816,-0.003
2023-06-26 16:00:00,16,29.2,37.45,264.0,82.0,0.8912799984,0.888,0.003
2023-06-26 17:00:00,17,27.2,35.23125,257.0,49.0,0.9448898012125,0.939,0.006
2023-06-26 18:00:00,18,27.6,31.75625,133.0,61.0,0.4828772762625,0.484,-0.001
2023-06-26 19:00:00,19,26.6,27.38125,25.0,59.0,0.0928198884375,0.089,0.004
2023-06-26 20:00:00,20,26.4,26.4,0.0,100.0,0.0,0.0,0.0
2023-06-26 21:00:00,21,26.2,26.2,0.0,100.0,0.0,0.0,0.0
2023-06-26 22:00:00,22,26.0,26.0,0.0,100.0,0.0,0.0,0.0
2023-06-26 23:00:00,23,25.7,25.7,0.0,100.0,0.0,0.0,0.0
2023-06-27 00:00:00,0,25.4,25.4,0.0,100.0,0.0,0.0,0.0
2023-06-27 01:00:00,1,25.1,25.1,0.0,68.0,0.0,0.0,0.0
2023-06-27 02:00:00,2,24.8,24.8,0.0,100.0,0.0,0.0,0.0
2023-06-27 03:00:00,3,24.7,24.7,0.0,100.0,0.0,0.0,0.0
2023-06-27 04:00:00,4,24.7,24.7,0.0,99.0,0.0,0.0,0.0
2023-06-27 05:00:00,5,25.6,25.6,0.0,100.0,0.0,0.0,0.0
2023-06-27 06:00:00,6,26.1,26.9125,26.0,100.0,0.08772374,0.08,0.008
2023-06-27 07:00:00,7,27.2,31.325,132.0,100.0,0.4374453600000001,0.443,-0.006
2023-06-27 08:00:00,8,28.4,37.0875,278.0,100.0,0.8994995800000001,0.892,0.007
2023-06-27 09:00:00,9,29.6,43.975,460.0,100.0,1.4452924000000005,1.448,-0.003
2023-06-27 10:00:00,10,30.7,46.35625,501.0,100.0,1.557887055,1.556,0.002
2023-06-27 11:00:00,11,32.1,54.31875,711.0,100.0,2.133899415,2.128,0.006
2023-06-27 12:00:00,12,32.5,54.5625,706.0,100.0,2.1165527,2.124,-0.007
2023-06-27 13:00:00,13,32.6,50.38125,569.0,100.0,1.7381897349999995,1.734,0.004
2023-06-27 14:00:00,14,33.0,47.78125,473.0,83.0,1.5237730179374998,1.517,0.007
2023-06-27 15:00:00,15,33.5,49.21875,503.0,89.0,1.5869987953124998,1.607,-0.02
2023-06-27 16:00:00,16,33.3,45.01875,375.0,64.0,1.27846576875,1.287,-0.009
2023-06-27 17:00:00,17,29.0,36.625,244.0,100.0,0.7910235999999999,0.808,-0.017
2023-06-27 18:00:00,18,29.0,32.78125,121.0,99.0,0.3995916629375,0.394,0.006
2023-06-27 19:00:00,19,28.4,29.18125,25.0,85.0,0.0867125640624999,0.083,0.004
2023-06-27 20:00:00,20,27.6,27.6,0.0,100.0,0.0,0.0,0.0
2023-06-27 21:00:00,21,27.3,27.3,0.0,100.0,0.0,0.0,0.0
2023-06-27 22:00:00,22,27.2,27.2,0.0,100.0,0.0,0.0,0.0
2023-06-27 23:00:00,23,26.9,26.9,0.0,100.0,0.0,0.0,0.0
2023-06-28 00:00:00,0,26.5,26.5,0.0,100.0,0.0,0.0,0.0
2023-06-28 01:00:00,1,26.0,26.0,0.0,50.0,0.0,0.0,0.0
2023-06-28 02:00:00,2,25.8,25.8,0.0,98.0,0.0,0.0,0.0
2023-06-28 03:00:00,3,25.4,25.4,0.0,99.0,0.0,0.0,0.0
2023-06-28 04:00:00,4,25.3,25.3,0.0,61.0,0.0,0.0,0.0
2023-06-28 05:00:00,5,24.8,24.8,0.0,78.0,0.0,0.0,0.0
2023-06-28 06:00:00,6,25.4,26.11875,23.0,90.0,0.0797963063749999,0.079,0.001
2023-06-28 07:00:00,7,26.6,30.31875,119.0,71.0,0.4247015647874999,0.41,0.015
2023-06-28 08:00:00,8,28.4,37.9,304.0,67.0,1.0611382048,1.053,0.008
2023-06-28 09:00:00,9,29.9,45.05625,485.0,51.0,1.7025058244375,1.698,0.005
2023-06-28 10:00:00,10,31.2,51.48125,649.0,42.0,2.2589314497749995,2.276,-0.017
2023-06-28 11:00:00,11,32.2,55.73125,753.0,94.0,2.279169726225,2.282,-0.003
2023-06-28 12:00:00,12,32.3,47.64375,491.0,21.0,1.8180374287625,1.797,0.021
2023-06-28 13:00:00,13,33.1,56.75625,757.0,21.0,2.6906185083625,2.666,0.025
2023-06-28 14:00:00,14,33.6,56.6,736.0,19.0,2.628781209599999,2.625,0.004
2023-06-28 15:00:00,15,33.7,52.79375,611.0,100.0,1.846445055,1.829,0.017
2023-06-28 16:00:00,16,32.9,45.025,388.0,69.0,1.3075808162,1.3,0.008
2023-06-28 17:00:00,17,31.3,36.1125,154.0,97.0,0.50407842485,0.515,-0.011
2023-06-28 18:00:00,18,29.9,33.05625,101.0,100.0,0.332333935,0.337,-0.005
2023-06-28 19:00:00,19,28.7,29.45,24.0,40.0,0.0921696479999999,0.085,0.007
2023-06-28 20:00:00,20,28.3,28.3,0.0,51.0,0.0,0.002,-0.002
2023-06-28 21:00:00,21,28.0,28.0,0.0,98.0,0.0,0.001,-0.001
2023-06-28 22:00:00,22,28.1,28.1,0.0,100.0,0.0,0.001,-0.001
2023-06-28 23:00:00,23,27.8,27.8,0.0,100.0,0.0,0.0,0.0
2023-06-29 00:00:00,0,27.4,27.4,0.0,100.0,0.0,0.0,0.0
2023-06-29 01:00:00,1,27.0,27.0,0.0,100.0,0.0,0.0,0.0
2023-06-29 02:00:00,2,25.8,25.8,0.0,100.0,0.0,0.0,0.0
2023-06-29 03:00:00,3,25.1,25.1,0.0,89.0,0.0,0.0,0.0
2023-06-29 04:00:00,4,24.7,24.7,0.0,100.0,0.0,0.0,0.0
2023-06-29 05:00:00,5,24.7,24.7,0.0,61.0,0.0,0.0,0.0
2023-06-29 06:00:00,6,25.4,25.9,16.0,99.0,0.0543396704,0.053,0.001
2023-06-29 07:00:00,7,25.6,29.25625,117.0,99.0,0.3920050236375,0.388,0.004
2023-06-29 08:00:00,8,25.6,30.50625,157.0,87.0,0.5390094542875,0.541,-0.002
2023-06-29 09:00:00,9,25.6,32.35,216.0,100.0,0.7128086400000001,0.719,-0.006
2023-06-29 10:00:00,10,26.7,36.60625,317.0,96.0,1.03804076635,1.035,0.003
2023-06-29 11:00:00,11,29.0,50.90625,701.0,80.0,2.24324118375,2.247,-0.004
2023-06-29 12:00:00,12,30.6,54.56875,767.0,41.0,2.6385184171125,2.638,0.001
2023-06-29 13:00:00,13,31.8,57.3625,818.0,99.0,2.42722659415,2.448,-0.021
2023-06-29 14:00:00,14,31.1,45.0375,446.0,100.0,1.3948605399999998,1.388,0.007
2023-06-29 15:00:00,15,26.5,36.15625,309.0,100.0,1.003716975,1.007,-0.003
2023-06-29 16:00:00,16,26.4,28.8375,78.0,100.0,0.26112918,0.28,-0.019
2023-06-29 17:00:00,17,27.5,31.59375,131.0,100.0,0.433652575,0.435,-0.001
2023-06-29 18:00:00,18,27.7,31.54375,123.0,100.0,0.4072536149999999,0.397,0.01
2023-06-29 19:00:00,19,27.1,27.75625,21.0,100.0,0.070612815,0.072,-0.001
2023-06-29 20:00:00,20,26.6,26.6,0.0,100.0,0.0,0.0,0.0
2023-06-29 21:00:00,21,26.3,26.3,0.0,100.0,0.0,0.0,0.0
2023-06-29 22:00:00,22,26.1,26.1,0.0,56.0,0.0,0.0,0.0
2023-06-29 23:00:00,23,25.6,25.6,0.0,51.0,0.0,0.0,0.0
2023-06-30 00:00:00,0,25.3,25.3,0.0,73.0,0.0,0.0,0.0
2023-06-30 01:00:00,1,25.1,25.1,0.0,98.0,0.0,0.0,0.0
2023-06-30 02:00:00,2,25.3,25.3,0.0,96.0,0.0,0.0,0.0
2023-06-30 03:00:00,3,25.1,25.1,0.0,98.0,0.0,0.0,0.0
2023-06-30 04:00:00,4,25.0,25.0,0.0,53.0,0.0,0.0,0.0
2023-06-30 05:00:00,5,25.2,25.2,0.0,93.0,0.0,0.0,0.0
2023-06-30 06:00:00,6,24.5,24.84375,11.0,100.0,0.0373999999999999,0.037,0.0
2023-06-30 07:00:00,7,25.3,26.8625,50.0,100.0,0.1687335,0.185,-0.016
2023-06-30 08:00:00,8,26.4,31.18125,153.0,100.0,0.507338055,0.496,0.011
2023-06-30 09:00:00,9,28.3,41.33125,417.0,77.0,1.4013801923624998,1.399,0.002
2023-06-30 10:00:00,10,30.1,46.94375,539.0,84.0,1.7386132763999995,1.728,0.011
2023-06-30 11:00:00,11,31.2,51.54375,651.0,100.0,1.978392255,1.985,-0.007
2023-06-30 12:00:00,12,31.7,49.16875,559.0,84.0,1.7855338748000005,1.784,0.002
2023-06-30 13:00:00,13,32.5,52.71875,647.0,49.0,2.2052740648125,2.132,0.073
2023-06-30 14:00:00,14,33.3,51.55,584.0,60.0,1.952202208,1.925,0.027
2023-06-30 15:00:00,15,30.2,46.0125,506.0,79.0,1.65852989995,1.692,-0.033
2023-06-30 16:00:00,16,26.7,35.5125,282.0,99.0,0.92077866615,0.923,-0.002
2023-06-30 17:00:00,17,28.3,30.7375,78.0,100.0,0.25911366,0.245,0.014
2023-06-30 18:00:00,18,26.6,27.975,44.0,100.0,0.1478197599999999,0.146,0.002
2023-06-30 19:00:00,19,26.3,26.45625,5.0,100.0,0.016900975,0.015,0.002
2023-06-30 20:00:00,20,26.1,26.1,0.0,100.0,0.0,0.0,0.0
2023-06-30 21:00:00,21,25.9,25.9,0.0,100.0,0.0,0.0,0.0
2023-06-30 22:00:00,22,25.5,25.5,0.0,100.0,0.0,0.0,0.0
2023-06-30 23:00:00,23,25.1,25.1,0.0,100.0,0.0,0.0,0.0
2023-07-01 00:00:00,0,25.1,25.1,0.0,99.0,0.0,0.0,0.0
2023-07-01 01:00:00,1,25.0,25.0,0.0,78.0,0.0,0.0,0.0
2023-07-01 02:00:00,2,24.8,24.8,0.0,0.0,0.0,0.0,0.0
2023-07-01 03:00:00,3,24.7,24.7,0.0,4.0,0.0,0.0,0.0
2023-07-01 04:00:00,4,24.7,24.7,0.0,6.0,0.0,0.0,0.0
2023-07-01 05:00:00,5,24.8,24.8,0.0,22.0,0.0,0.0,0.0
2023-07-01 06:00:00,6,25.1,25.88125,25.0,28.0,0.0999464424999999,0.094,0.006
2023-07-01 07:00:00,7,25.7,29.98125,137.0,80.0,0.47934488175,0.463,0.016
2023-07-01 08:00:00,8,26.8,36.2375,302.0,100.0,0.98064534,0.982,-0.001
2023-07-01 09:00:00,9,28.7,43.825,484.0,21.0,1.8222193682,1.837,-0.015
2023-07-01 10:00:00,10,30.3,50.55,648.0,12.0,2.4132002112,2.436,-0.023
2023-07-01 11:00:00,11,32.1,56.44375,779.0,38.0,2.674370546925,2.639,0.035
2023-07-01 12:00:00,12,33.0,59.0625,834.0,27.0,2.8962375337499995,2.882,0.014
2023-07-01 13:00:00,13,33.3,55.3,704.0,45.0,2.3927263359999995,2.379,0.014
2023-07-01 14:00:00,14,34.1,57.0375,734.0,100.0,2.1757888600000004,2.151,0.025
2023-07-01 15:00:00,15,34.0,50.5,528.0,100.0,1.6120896000000002,1.618,-0.006
2023-07-01 16:00:00,16,31.5,44.03125,401.0,100.0,1.259611175,1.285,-0.025
2023-07-01 17:00:00,17,32.9,39.4625,210.0,97.0,0.6777403132500001,0.678,-0.0
2023-07-01 18:00:00,18,31.7,36.075,140.0,30.0,0.53452301,0.49,0.045
2023-07-01 19:00:00,19,29.4,30.2125,26.0,24.0,0.1030026634,0.095,0.008
2023-07-01 20:00:00,20,28.2,28.2,0.0,48.0,0.0,0.002,-0.002
2023-07-01 21:00:00,21,29.2,29.2,0.0,80.0,0.0,0.001,-0.001
2023-07-01 22:00:00,22,28.9,28.9,0.0,100.0,0.0,0.0,0.0
2023-07-01 23:00:00,23,28.7,28.7,0.0,99.0,0.0,0.0,0.0
2023-07-02 00:00:00,0,27.8,27.8,0.0,100.0,0.0,0.0,0.0
2023-07-02 01:00:00,1,26.9,26.9,0.0,97.0,0.0,0.0,0.0
2023-07-02 02:00:00,2,25.8,25.8,0.0,100.0,0.0,0.0,0.0
2023-07-02 03:00:00,3,25.4,25.4,0.0,100.0,0.0,0.0,0.0
2023-07-02 04:00:00,4,25.1,25.1,0.0,60.0,0.0,0.0,0.0
2023-07-02 05:00:00,5,25.4,25.4,0.0,15.0,0.0,0.0,0.0
2023-07-02 06:00:00,6,25.8,26.55,24.0,87.0,0.0837296375999999,0.081,0.003
2023-07-02 07:00:00,7,27.1,31.25625,133.0,88.0,0.45411020585,0.451,0.003
2023-07-02 08:00:00,8,28.9,38.05625,293.0,93.0,0.9606964904624996,0.974,-0.013
2023-07-02 09:00:00,9,30.2,44.29375,451.0,100.0,1.415059855,1.45,-0.035
2023-07-02 10:00:00,10,30.6,45.2875,470.0,100.0,1.4683222999999996,1.444,0.024
2023-07-02 11:00:00,11,31.6,51.35,632.0,100.0,1.92231648,1.925,-0.003
2023-07-02 12:00:00,12,32.5,57.28125,793.0,100.0,2.348053175,2.351,-0.003
2023-07-02 13:00:00,13,33.4,57.86875,783.0,99.0,2.3179677231375,2.339,-0.021
2023-07-02 14:00:00,14,34.2,58.075,764.0,24.0,2.6821856488,2.67,0.012
2023-07-02 15:00:00,15,34.1,53.44375,619.0,65.0,2.0283496843125,2.035,-0.007
2023-07-02 16:00:00,16,33.8,48.26875,463.0,32.0,1.67038716195,1.652,0.018
2023-07-02 17:00:00,17,32.0,40.84375,283.0,30.0,1.0589341756249997,1.092,-0.033
2023-07-02 18:00:00,18,31.0,34.6875,118.0,76.0,0.4087927099999999,0.407,0.002
2023-07-02 19:00:00,19,29.7,30.45,24.0,76.0,0.0846103871999999,0.083,0.002
2023-07-02 20:00:00,20,28.7,28.7,0.0,99.0,0.0,0.0,0.0
2023-07-02 21:00:00,21,28.5,28.5,0.0,99.0,0.0,0.0,0.0
2023-07-02 22:00:00,22,28.4,28.4,0.0,100.0,0.0,0.001,-0.001
2023-07-02 23:00:00,23,28.0,28.0,0.0,97.0,0.0,0.001,-0.001
2023-07-03 00:00:00,0,27.8,27.8,0.0,0.0,0.0,0.0,0.0
2023-07-03 01:00:00,1,27.3,27.3,0.0,0.0,0.0,0.0,0.0
2023-07-03 02:00:00,2,27.0,27.0,0.0,0.0,0.0,0.0,0.0
2023-07-03 03:00:00,3,26.8,26.8,0.0,0.0,0.0,0.0,0.0
2023-07-03 04:00:00,4,26.9,26.9,0.0,0.0,0.0,0.0,0.0
2023-07-03 05:00:00,5,26.1,26.1,0.0,0.0,0.0,0.0,0.0
2023-07-03 06:00:00,6,27.2,27.98125,25.0,0.0,0.054727621609375,0.102,-0.047
2023-07-03 07:00:00,7,28.4,32.86875,143.0,0.0,0.306848163139375,0.511,-0.204
2023-07-03 08:00:00,8,29.7,39.66875,319.0,0.0,0.6702609588675001,0.882,-0.212
2023-07-03 09:00:00,9,30.4,43.61875,423.0,0.0,0.9149580265556252,1.231,-0.316
2023-07-03 10:00:00,10,32.1,50.35,584.0,0.0,1.3482315833999998,1.561,-0.213
2023-07-03 11:00:00,11,33.4,56.2125,730.0,0.0,1.6095426243,1.73,-0.12
2023-07-03 12:00:00,12,34.3,59.08125,793.0,0.0,1.77849920860625,2.067,-0.289
2023-07-03 13:00:00,13,35.0,58.875,764.0,0.0,1.7515876560000003,2.065,-0.313
2023-07-03 14:00:00,14,35.2,58.45,744.0,0.0,1.7340130376399998,1.95,-0.216
2023-07-03 15:00:00,15,35.0,55.0,640.0,0.0,1.5247232000000002,1.949,-0.424
2023-07-03 16:00:00,16,34.9,50.11875,487.0,0.0,1.20048339697,1.382,-0.182
2023-07-03 17:00:00,17,34.3,44.14375,315.0,0.0,0.77462498806875,1.237,-0.462
2023-07-03 18:00:00,18,32.4,36.15,120.0,0.0,0.2983456242,0.349,-0.051
2023-07-03 19:00:00,19,31.2,31.95,24.0,0.0,0.0600737935199999,0.093,-0.033
2023-07-03 20:00:00,20,30.3,30.3,0.0,0.0,0.0,0.0,0.0
2023-07-03 21:00:00,21,29.7,29.7,0.0,0.0,0.0,0.0,0.0
2023-07-03 22:00:00,22,29.5,29.5,0.0,0.0,0.0,0.0,0.0
2023-07-03 23:00:00,23,29.3,29.3,0.0,0.0,0.0,0.0,0.0
2023-07-04 00:00:00,0,28.8,28.8,0.0,5.0,0.0,0.001,-0.001
2023-07-04 01:00:00,1,28.5,28.5,0.0,14.0,0.0,0.001,-0.001
2023-07-04 02:00:00,2,28.2,28.2,0.0,9.0,0.0,0.001,-0.001
2023-07-04 03:00:00,3,27.8,27.8,0.0,2.0,0.0,0.001,-0.001
2023-07-04 04:00:00,4,27.4,27.4,0.0,4.0,0.0,0.0,0.0
2023-07-04 05:00:00,5,27.4,27.4,0.0,9.0,0.0,0.0,0.0
2023-07-04 06:00:00,6,28.0,28.78125,25.0,90.0,0.0858072343749999,0.083,0.003
2023-07-04 07:00:00,7,29.1,33.19375,131.0,5.0,0.5331174935624999,0.522,0.011
2023-07-04 08:00:00,8,30.4,40.11875,311.0,2.0,1.2368499000750002,1.249,-0.012
2023-07-04 09:00:00,9,31.7,47.23125,497.0,1.0,1.9205693324125,1.904,0.017
2023-07-04 10:00:00,10,33.1,53.6,656.0,3.0,2.4542384832,2.466,-0.012
2023-07-04 11:00:00,11,34.4,59.025,788.0,4.0,2.8700554912,2.852,0.018
2023-07-04 12:00:00,12,35.1,60.44375,811.0,77.0,2.5025416178625,2.527,-0.024
2023-07-04 13:00:00,13,35.5,58.375,732.0,17.0,2.6040283290000006,2.581,0.023
2023-07-04 14:00:00,14,36.2,59.73125,753.0,20.0,2.645429058,2.639,0.006
2023-07-04 15:00:00,15,36.3,56.01875,631.0,61.0,2.0624324207625,2.055,0.007
2023-07-04 16:00:00,16,36.0,49.96875,447.0,14.0,1.6621321196249998,1.682,-0.02
2023-07-04 17:00:00,17,27.6,37.44375,315.0,18.0,1.2263176248749998,1.191,0.035
2023-07-04 18:00:00,18,26.8,29.1125,74.0,95.0,0.25055444475,0.252,-0.001
2023-07-04 19:00:00,19,27.2,27.79375,19.0,95.0,0.0646765711875,0.065,-0.0
2023-07-04 20:00:00,20,27.1,27.1,0.0,86.0,0.0,0.0,0.0
2023-07-04 21:00:00,21,26.7,26.7,0.0,80.0,0.0,0.0,0.0
2023-07-04 22:00:00,22,26.4,26.4,0.0,24.0,0.0,0.0,0.0
2023-07-04 23:00:00,23,26.0,26.0,0.0,17.0,0.0,0.0,0.0
2023-07-05 00:00:00,0,25.6,25.6,0.0,9.0,0.0,0.0,0.0
2023-07-05 01:00:00,1,25.5,25.5,0.0,23.0,0.0,0.0,0.0
2023-07-05 02:00:00,2,25.7,25.7,0.0,24.0,0.0,0.0,0.0
2023-07-05 03:00:00,3,25.5,25.5,0.0,9.0,0.0,0.0,0.0
2023-07-05 04:00:00,4,25.2,25.2,0.0,1.0,0.0,0.0,0.0
2023-07-05 05:00:00,5,26.9,26.9,0.0,3.0,0.0,0.0,0.0
2023-07-05 06:00:00,6,27.4,28.15,24.0,98.0,0.0809746992,0.087,-0.006
2023-07-05 07:00:00,7,28.7,33.04375,139.0,100.0,0.457394095,0.44,0.017
2023-07-05 08:00:00,8,30.2,39.7625,306.0,97.0,0.98630661285,1.0,-0.014
2023-07-05 09:00:00,9,30.8,46.01875,487.0,91.0,1.5507118588375,1.55,0.001
2023-07-05 10:00:00,10,30.7,48.41875,567.0,81.0,1.8302059684125,1.824,0.006
2023-07-05 11:00:00,11,32.1,53.69375,691.0,93.0,2.1161431982625,2.118,-0.002
2023-07-05 12:00:00,12,33.3,59.675,844.0,96.0,2.4963023448,2.454,0.042
2023-07-05 13:00:00,13,34.3,60.26875,831.0,96.0,2.45107476195,2.455,-0.004
2023-07-05 14:00:00,14,35.0,58.25,744.0,92.0,2.237026464,2.232,0.005
2023-07-05 15:00:00,15,29.6,46.2875,534.0,100.0,1.66100166,1.655,0.006
2023-07-05 16:00:00,16,28.9,37.2125,266.0,99.0,0.8623706101500002,0.872,-0.01
2023-07-05 17:00:00,17,31.2,40.8875,310.0,97.0,0.99442093725,0.99,0.004
2023-07-05 18:00:00,18,31.0,33.96875,95.0,100.0,0.311412375,0.305,0.006
2023-07-05 19:00:00,19,30.2,30.79375,19.0,100.0,0.063102895,0.067,-0.004
2023-07-05 20:00:00,20,29.6,29.6,0.0,99.0,0.0,0.0,0.0
2023-07-05 21:00:00,21,28.3,28.3,0.0,100.0,0.0,0.001,-0.001
2023-07-05 22:00:00,22,27.3,27.3,0.0,100.0,0.0,0.0,0.0
2023-07-05 23:00:00,23,26.9,26.9,0.0,100.0,0.0,0.0,0.0
2023-07-06 00:00:00,0,26.4,26.4,0.0,98.0,0.0,0.0,0.0
2023-07-06 01:00:00,1,26.4,26.4,0.0,98.0,0.0,0.0,0.0
2023-07-06 02:00:00,2,26.3,26.3,0.0,96.0,0.0,0.0,0.0
2023-07-06 03:00:00,3,26.1,26.1,0.0,10.0,0.0,0.0,0.0
2023-07-06 04:00:00,4,25.8,25.8,0.0,35.0,0.0,0.0,0.0
2023-07-06 05:00:00,5,25.6,25.6,0.0,87.0,0.0,0.0,0.0
2023-07-06 06:00:00,6,26.0,26.75,24.0,96.0,0.0818390879999999,0.079,0.003
2023-07-06 07:00:00,7,27.4,31.68125,137.0,75.0,0.4816859634375001,0.477,0.005
2023-07-06 08:00:00,8,29.1,38.7875,310.0,98.0,1.0008512595,1.004,-0.003
2023-07-06 09:00:00,9,30.6,46.0375,494.0,100.0,1.53826166,1.569,-0.031
2023-07-06 10:00:00,10,31.6,49.88125,585.0,98.0,1.799999998875,1.816,-0.016
2023-07-06 11:00:00,11,32.7,54.04375,683.0,100.0,2.052418415,2.065,-0.013
2023-07-06 12:00:00,12,33.7,54.45,664.0,100.0,1.99165472,1.987,0.005
2023-07-06 13:00:00,13,30.7,39.45,280.0,64.0,0.9777020960000002,0.981,-0.003
2023-07-06 14:00:00,14,32.2,48.8875,534.0,98.0,1.6503300171,1.653,-0.003
2023-07-06 15:00:00,15,32.9,51.86875,607.0,97.0,1.8558080432125,1.844,0.012
2023-07-06 16:00:00,16,33.0,47.90625,477.0,100.0,1.473202575,1.466,0.007
2023-07-06 17:00:00,17,31.0,38.875,252.0,100.0,0.8092476,0.807,0.002
2023-07-06 18:00:00,18,30.5,33.9375,110.0,100.0,0.3606295,0.355,0.006
2023-07-06 19:00:00,19,29.6,30.31875,23.0,97.0,0.0771103172124999,0.074,0.003
2023-07-06 20:00:00,20,28.8,28.8,0.0,95.0,0.0,0.001,-0.001
2023-07-06 21:00:00,21,28.3,28.3,0.0,100.0,0.0,0.001,-0.001
2023-07-06 22:00:00,22,27.9,27.9,0.0,100.0,0.0,0.001,-0.001
2023-07-06 23:00:00,23,27.4,27.4,0.0,87.0,0.0,0.0,0.0
2023-07-07 00:00:00,0,27.0,27.0,0.0,99.0,0.0,0.0,0.0
2023-07-07 01:00:00,1,26.7,26.7,0.0,100.0,0.0,0.0,0.0
2023-07-07 02:00:00,2,26.4,26.4,0.0,100.0,0.0,0.0,0.0
2023-07-07 03:00:00,3,26.1,26.1,0.0,100.0,0.0,0.0,0.0
2023-07-07 04:00:00,4,25.8,25.8,0.0,100.0,0.0,0.0,0.0
2023-07-07 05:00:00,5,26.1,26.1,0.0,100.0,0.0,0.0,0.0
2023-07-07 06:00:00,6,26.6,27.2875,22.0,100.0,0.07411558,0.076,-0.002
2023-07-07 07:00:00,7,27.6,31.19375,115.0,100.0,0.381312975,0.383,-0.002
2023-07-07 08:00:00,8,28.5,35.28125,217.0,100.0,0.7074579750000001,0.706,0.001
2023-07-07 09:00:00,9,29.2,39.60625,333.0,100.0,1.066051215,1.048,0.018
2023-07-07 10:00:00,10,30.1,44.00625,445.0,100.0,1.397974175,1.428,-0.03
2023-07-07 11:00:00,11,31.2,50.73125,625.0,100.0,1.906284375,1.911,-0.005
2023-07-07 12:00:00,12,31.7,52.04375,651.0,100.0,1.973965455,1.964,0.01
2023-07-07 13:00:00,13,32.5,54.0,688.0,100.0,2.0678528,2.074,-0.006
2023-07-07 14:00:00,14,32.8,53.9875,678.0,46.0,2.3130301881,2.33,-0.017
2023-07-07 15:00:00,15,33.2,51.85625,597.0,78.0,1.911394915425,1.921,-0.01
2023-07-07 16:00:00,16,32.9,46.4625,434.0,100.0,1.34891974,1.359,-0.01
2023-07-07 17:00:00,17,31.6,37.35,184.0,99.0,0.5961820984,0.614,-0.018
2023-07-07 18:00:00,18,30.2,34.075,124.0,97.0,0.4093431394,0.411,-0.002
2023-07-07 19:00:00,19,28.5,28.8125,10.0,99.0,0.03356520375,0.031,0.003
2023-07-07 20:00:00,20,27.0,27.0,0.0,100.0,0.0,0.0,0.0
2023-07-07 21:00:00,21,26.6,26.6,0.0,100.0,0.0,0.0,0.0
2023-07-07 22:00:00,22,26.6,26.6,0.0,100.0,0.0,0.0,0.0
2023-07-07 23:00:00,23,26.2,26.2,0.0,100.0,0.0,0.0,0.0
2023-07-08 00:00:00,0,25.9,25.9,0.0,100.0,0.0,0.0,0.0
2023-07-08 01:00:00,1,25.8,25.8,0.0,100.0,0.0,0.0,0.0
2023-07-08 02:00:00,2,25.7,25.7,0.0,22.0,0.0,0.0,0.0
2023-07-08 03:00:00,3,25.5,25.5,0.0,27.0,0.0,0.0,0.0
2023-07-08 04:00:00,4,25.2,25.2,0.0,100.0,0.0,0.0,0.0
2023-07-08 05:00:00,5,26.4,26.4,0.0,100.0,0.0,0.0,0.0
2023-07-08 06:00:00,6,25.7,26.2625,18.0,100.0,0.06089094,0.064,-0.003
2023-07-08 07:00:00,7,25.5,27.46875,63.0,73.0,0.2264004973124999,0.223,0.003
2023-07-08 08:00:00,8,27.2,35.7625,274.0,100.0,0.8914946200000001,0.886,0.005
2023-07-08 09:00:00,9,28.8,43.4875,470.0,100.0,1.4798279,1.492,-0.012
2023-07-08 10:00:00,10,29.9,48.18125,585.0,100.0,1.804569975,1.831,-0.026
2023-07-08 11:00:00,11,30.8,51.95625,677.0,30.0,2.412989887625,2.426,-0.013
2023-07-08 12:00:00,12,31.6,56.0375,782.0,28.0,2.7478777764,2.745,0.003
2023-07-08 13:00:00,13,32.1,56.69375,787.0,100.0,2.336575455,2.344,-0.007
2023-07-08 14:00:00,14,30.6,40.1,304.0,100.0,0.97117056,0.971,0.0
2023-07-08 15:00:00,15,30.6,45.6,480.0,100.0,1.4975232,1.517,-0.019
2023-07-08 16:00:00,16,28.3,40.9875,406.0,100.0,1.2921234200000002,1.288,0.004
2023-07-08 17:00:00,17,29.4,34.11875,151.0,56.0,0.5490878458499999,0.559,-0.01
2023-07-08 18:00:00,18,28.6,32.19375,115.0,98.0,0.381647719875,0.383,-0.001
2023-07-08 19:00:00,19,27.6,28.19375,19.0,100.0,0.063774735,0.064,-0.0
2023-07-08 20:00:00,20,25.8,25.8,0.0,100.0,0.0,0.0,0.0
2023-07-08 21:00:00,21,26.1,26.1,0.0,100.0,0.0,0.0,0.0
2023-07-08 22:00:00,22,25.9,25.9,0.0,100.0,0.0,0.0,0.0
2023-07-08 23:00:00,23,25.4,25.4,0.0,100.0,0.0,0.0,0.0
2023-07-09 00:00:00,0,25.1,25.1,0.0,99.0,0.0,0.0,0.0
2023-07-09 01:00:00,1,25.0,25.0,0.0,100.0,0.0,0.0,0.0
2023-07-09 02:00:00,2,24.8,24.8,0.0,98.0,0.0,0.0,0.0
2023-07-09 03:00:00,3,24.6,24.6,0.0,99.0,0.0,0.0,0.0
2023-07-09 04:00:00,4,24.6,24.6,0.0,99.0,0.0,0.0,0.0
2023-07-09 05:00:00,5,25.3,25.3,0.0,100.0,0.0,0.0,0.0
2023-07-09 06:00:00,6,25.7,26.325,20.0,100.0,0.0676396,0.065,0.003
2023-07-09 07:00:00,7,25.9,27.93125,65.0,100.0,0.218408775,0.226,-0.008
2023-07-09 08:00:00,8,27.1,34.94375,251.0,98.0,0.823553295075,0.822,0.002
2023-07-09 09:00:00,9,28.5,41.5,416.0,98.0,1.327654848,1.33,-0.002
2023-07-09 10:00:00,10,29.7,48.2,592.0,99.0,1.8305771904000003,1.832,-0.001
2023-07-09 11:00:00,11,31.1,52.7875,694.0,100.0,2.09733046,2.096,0.001
2023-07-09 12:00:00,12,31.4,51.525,644.0,29.0,2.3047012506,2.276,0.029
2023-07-09 13:00:00,13,32.0,55.5,752.0,100.0,2.2448704,2.253,-0.008
2023-07-09 14:00:00,14,30.3,42.1125,378.0,100.0,1.19722806,1.182,0.015
2023-07-09 15:00:00,15,27.6,38.94375,363.0,98.0,1.171189307475,1.174,-0.003
2023-07-09 16:00:00,16,28.8,35.05,200.0,100.0,0.652664,0.66,-0.007
2023-07-09 17:00:00,17,27.2,30.98125,121.0,100.0,0.401557255,0.403,-0.001
2023-07-09 18:00:00,18,25.9,26.775,28.0,100.0,0.09452408,0.112,-0.017
2023-07-09 19:00:00,19,25.1,25.35,8.0,100.0,0.02716192,0.022,0.005
2023-07-09 20:00:00,20,24.8,24.8,0.0,100.0,0.0,0.0,0.0
2023-07-09 21:00:00,21,25.1,25.1,0.0,100.0,0.0,0.0,0.0
2023-07-09 22:00:00,22,25.0,25.0,0.0,100.0,0.0,0.0,0.0
2023-07-09 23:00:00,23,24.8,24.8,0.0,100.0,0.0,0.0,0.0
2023-07-10 00:00:00,0,24.7,24.7,0.0,100.0,0.0,0.0,0.0
2023-07-10 01:00:00,1,24.5,24.5,0.0,100.0,0.0,0.0,0.0
2023-07-10 02:00:00,2,24.3,24.3,0.0,100.0,0.0,0.0,0.0
2023-07-10 03:00:00,3,24.5,24.5,0.0,100.0,0.0,0.0,0.0
2023-07-10 04:00:00,4,24.7,24.7,0.0,100.0,0.0,0.0,0.0
2023-07-10 05:00:00,5,24.6,24.6,0.0,100.0,0.0,0.0,0.0
2023-07-10 06:00:00,6,25.0,25.5,16.0,97.0,0.054698384,0.053,0.002
2023-07-10 07:00:00,7,25.0,28.21875,103.0,99.0,0.3465554029375,0.348,-0.001
2023-07-10 08:00:00,8,26.2,32.79375,211.0,100.0,0.695035055,0.669,0.026
2023-07-10 09:00:00,9,27.2,38.48125,361.0,100.0,1.161212455,1.159,0.002
2023-07-10 10:00:00,10,28.0,39.125,356.0,100.0,1.1420124,1.142,0.0
2023-07-10 11:00:00,11,27.4,36.05625,277.0,99.0,0.9023992672375,0.903,-0.001
2023-07-10 12:00:00,12,27.0,36.5625,306.0,100.0,0.9922815,0.99,0.002
2023-07-10 13:00:00,13,28.4,41.8375,430.0,98.0,1.3703519715,1.342,0.028
2023-07-10 14:00:00,14,29.7,46.825,548.0,96.0,1.7175480664000002,1.693,0.025
2023-07-10 15:00:00,15,30.4,46.68125,521.0,94.0,1.642041965025,1.656,-0.014
2023-07-10 16:00:00,16,29.9,41.15,360.0,100.0,1.1449296,1.154,-0.009
2023-07-10 17:00:00,17,28.5,33.03125,145.0,100.0,0.477162375,0.47,0.007
2023-07-10 18:00:00,18,28.3,31.3,96.0,94.0,0.3229473408,0.326,-0.003
2023-07-10 19:00:00,19,27.5,28.28125,25.0,54.0,0.0935310781249999,0.094,-0.0
2023-07-10 20:00:00,20,26.8,26.8,0.0,80.0,0.0,0.0,0.0
2023-07-10 21:00:00,21,26.3,26.3,0.0,71.0,0.0,0.0,0.0
2023-07-10 22:00:00,22,26.1,26.1,0.0,74.0,0.0,0.0,0.0
2023-07-10 23:00:00,23,25.9,25.9,0.0,92.0,0.0,0.0,0.0
2023-07-11 00:00:00,0,25.6,25.6,0.0,57.0,0.0,0.0,0.0
2023-07-11 01:00:00,1,25.6,25.6,0.0,52.0,0.0,0.0,0.0
2023-07-11 02:00:00,2,25.3,25.3,0.0,98.0,0.0,0.0,0.0
2023-07-11 03:00:00,3,25.1,25.1,0.0,84.0,0.0,0.0,0.0
2023-07-11 04:00:00,4,25.0,25.0,0.0,54.0,0.0,0.0,0.0
2023-07-11 05:00:00,5,25.3,25.3,0.0,64.0,0.0,0.0,0.0
2023-07-11 06:00:00,6,25.8,26.45625,21.0,43.0,0.0810993285375,0.075,0.006
2023-07-11 07:00:00,7,26.9,31.025,132.0,81.0,0.4587881562,0.461,-0.002
2023-07-11 08:00:00,8,28.4,37.93125,305.0,68.0,1.062030069,1.06,0.002
2023-07-11 09:00:00,9,29.9,44.525,468.0,67.0,1.5879487806,1.606,-0.018
2023-07-11 10:00:00,10,31.1,49.85,600.0,65.0,1.9979811,2.015,-0.017
2023-07-11 11:00:00,11,32.2,55.325,740.0,59.0,2.437417143,2.459,-0.022
2023-07-11 12:00:00,12,33.1,58.94375,827.0,41.0,2.7884569636125,2.78,0.008
2023-07-11 13:00:00,13,33.6,58.44375,795.0,38.0,2.704324132125,2.692,0.012
2023-07-11 14:00:00,14,33.8,56.7375,734.0,89.0,2.23870012845,2.152,0.087
2023-07-11 15:00:00,15,33.7,52.7,608.0,90.0,1.884108096,1.866,0.018
2023-07-11 16:00:00,16,33.2,46.10625,413.0,98.0,1.2920786670750002,1.304,-0.012
2023-07-11 17:00:00,17,31.9,38.9625,226.0,99.0,0.7272985721500002,0.732,-0.005
2023-07-11 18:00:00,18,30.7,34.3875,118.0,100.0,0.38613494,0.39,-0.004
2023-07-11 19:00:00,19,28.9,29.7125,26.0,100.0,0.08673366,0.08,0.007
2023-07-11 20:00:00,20,27.9,27.9,0.0,100.0,0.0,0.001,-0.001
2023-07-11 21:00:00,21,27.0,27.0,0.0,100.0,0.0,0.0,0.0
2023-07-11 22:00:00,22,26.3,26.3,0.0,100.0,0.0,0.0,0.0
2023-07-11 23:00:00,23,26.0,26.0,0.0,98.0,0.0,0.0,0.0
2023-07-12 00:00:00,0,25.6,25.6,0.0,100.0,0.0,0.0,0.0
2023-07-12 01:00:00,1,25.5,25.5,0.0,87.0,0.0,0.0,0.0
2023-07-12 02:00:00,2,25.1,25.1,0.0,99.0,0.0,0.0,0.0
2023-07-12 03:00:00,3,25.3,25.3,0.0,100.0,0.0,0.0,0.0
2023-07-12 04:00:00,4,25.3,25.3,0.0,89.0,0.0,0.0,0.0
2023-07-12 05:00:00,5,27.2,27.2,0.0,58.0,0.0,0.0,0.0
2023-07-12 06:00:00,6,28.1,28.6625,18.0,100.0,0.0603034199999999,0.064,-0.004
2023-07-12 07:00:00,7,29.2,32.825,116.0,100.0,0.38205528,0.37,0.012
2023-07-12 08:00:00,8,29.7,37.5125,250.0,100.0,0.8074574999999999,0.807,0.0
2023-07-12 09:00:00,9,30.8,45.05,456.0,100.0,1.42605792,1.385,0.041
2023-07-12 10:00:00,10,31.8,50.70625,605.0,100.0,1.8454889750000003,1.845,0.0
2023-07-12 11:00:00,11,32.7,54.575,700.0,100.0,2.098446,2.125,-0.027
2023-07-12 12:00:00,12,33.5,58.0625,786.0,100.0,2.3189751000000003,2.331,-0.012
2023-07-12 13:00:00,13,33.9,58.74375,795.0,100.0,2.338162575,2.335,0.003
2023-07-12 14:00:00,14,34.0,57.5625,754.0,100.0,2.2296911,2.232,-0.002
2023-07-12 15:00:00,15,33.6,51.85,584.0,100.0,1.77234656,1.742,0.03
2023-07-12 16:00:00,16,33.2,46.29375,419.0,99.0,1.3065178442374998,1.322,-0.015
2023-07-12 17:00:00,17,32.7,42.2625,306.0,93.0,0.98551018665,0.989,-0.003
2023-07-12 18:00:00,18,31.4,35.9625,146.0,100.0,0.47463286,0.464,0.011
2023-07-12 19:00:00,19,30.4,31.24375,27.0,100.0,0.089507295,0.093,-0.003
2023-07-12 20:00:00,20,29.6,29.6,0.0,96.0,0.0,0.0,0.0
2023-07-12 21:00:00,21,28.5,28.5,0.0,50.0,0.0,0.002,-0.002
2023-07-12 22:00:00,22,27.7,27.7,0.0,98.0,0.0,0.0,0.0
2023-07-12 23:00:00,23,27.3,27.3,0.0,99.0,0.0,0.0,0.0
2023-07-13 00:00:00,0,26.6,26.6,0.0,0.0,0.0,0.0,0.0
2023-07-13 01:00:00,1,26.6,26.6,0.0,0.0,0.0,0.0,0.0
2023-07-13 02:00:00,2,26.2,26.2,0.0,0.0,0.0,0.0,0.0
2023-07-13 03:00:00,3,26.2,26.2,0.0,0.0,0.0,0.0,0.0
2023-07-13 04:00:00,4,26.3,26.3,0.0,0.0,0.0,0.0,0.0
2023-07-13 05:00:00,5,27.3,27.3,0.0,0.0,0.0,0.0,0.0
2023-07-13 06:00:00,6,27.5,28.15625,21.0,0.0,0.04742791633125,0.079,-0.032
2023-07-13 07:00:00,7,28.5,32.71875,135.0,0.0,0.289861289859375,0.457,-0.167
2023-07-13 08:00:00,8,29.7,38.41875,279.0,0.0,0.5834945317500001,1.023,-0.44
2023-07-13 09:00:00,9,30.7,42.825,388.0,0.0,0.796341676,1.038,-0.242
2023-07-13 10:00:00,10,30.6,45.0375,462.0,0.0,0.939185247,1.156,-0.217
2023-07-13 11:00:00,11,32.3,52.14375,635.0,0.0,1.25098127375,1.559,-0.308
2023-07-13 12:00:00,12,33.5,56.21875,727.0,0.0,1.40603708375,1.628,-0.222
2023-07-13 13:00:00,13,33.7,55.91875,711.0,0.0,1.37697823575,1.509,-0.132
2023-07-13 14:00:00,14,32.8,52.95625,645.0,0.0,1.2660490537500002,1.478,-0.212
2023-07-13 15:00:00,15,32.0,47.90625,509.0,0.0,1.02693106351875,1.72,-0.693
2023-07-13 16:00:00,16,29.6,39.0375,302.0,0.0,0.629944367,0.894,-0.264
2023-07-13 17:00:00,17,32.7,40.48125,249.0,0.0,0.5162132917500001,0.594,-0.078
2023-07-13 18:00:00,18,31.2,34.73125,113.0,0.0,0.24000925975,0.381,-0.141
2023-07-13 19:00:00,19,29.4,30.05625,21.0,0.0,0.04547135775,0.065,-0.02
2023-07-13 20:00:00,20,28.5,28.5,0.0,0.0,0.0,0.001,-0.001
2023-07-13 21:00:00,21,28.0,28.0,0.0,0.0,0.0,0.001,-0.001
2023-07-13 22:00:00,22,27.6,27.6,0.0,0.0,0.0,0.0,0.0
2023-07-13 23:00:00,23,27.3,27.3,0.0,0.0,0.0,0.0,0.0
2023-07-14 00:00:00,0,27.0,27.0,0.0,100.0,0.0,0.0,0.0
2023-07-14 01:00:00,1,26.7,26.7,0.0,100.0,0.0,0.0,0.0
2023-07-14 02:00:00,2,26.5,26.5,0.0,100.0,0.0,0.0,0.0
2023-07-14 03:00:00,3,26.4,26.4,0.0,82.0,0.0,0.0,0.0
2023-07-14 04:00:00,4,26.4,26.4,0.0,93.0,0.0,0.0,0.0
2023-07-14 05:00:00,5,26.4,26.4,0.0,90.0,0.0,0.0,0.0
2023-07-14 06:00:00,6,26.8,27.425,20.0,99.0,0.067508751,0.064,0.004
2023-07-14 07:00:00,7,27.7,31.85625,133.0,92.0,0.4485943832999999,0.447,0.002
2023-07-14 08:00:00,8,28.7,38.04375,299.0,99.0,0.9659677922375,0.978,-0.012
2023-07-14 09:00:00,9,29.8,44.51875,471.0,100.0,1.476370695,1.476,0.0
2023-07-14 10:00:00,10,30.3,46.83125,529.0,80.0,1.72361411775,1.728,-0.004
2023-07-14 11:00:00,11,31.3,53.51875,711.0,33.0,2.5003589734125,2.505,-0.005
2023-07-14 12:00:00,12,32.0,56.40625,781.0,54.0,2.5888241431250005,2.596,-0.007
2023-07-14 13:00:00,13,32.3,56.51875,775.0,44.0,2.6251833075,2.623,0.002
2023-07-14 14:00:00,14,32.8,54.925,708.0,9.0,2.6011438914,2.608,-0.007
2023-07-14 15:00:00,15,33.3,53.4875,646.0,13.0,2.36940136785,2.308,0.061
2023-07-14 16:00:00,16,33.2,48.3875,486.0,11.0,1.83108248055,1.792,0.039
2023-07-14 17:00:00,17,31.2,40.3875,294.0,52.0,1.0506435744,1.054,-0.003
2023-07-14 18:00:00,18,29.4,32.68125,105.0,96.0,0.34949148675,0.356,-0.007
2023-07-14 19:00:00,19,28.2,28.6375,14.0,100.0,0.04690742,0.041,0.006
2023-07-14 20:00:00,20,27.5,27.5,0.0,100.0,0.0,0.0,0.0
2023-07-14 21:00:00,21,27.4,27.4,0.0,100.0,0.0,0.0,0.0
2023-07-14 22:00:00,22,26.5,26.5,0.0,100.0,0.0,0.0,0.0
2023-07-14 23:00:00,23,26.2,26.2,0.0,100.0,0.0,0.0,0.0
2023-07-15 00:00:00,0,26.3,26.3,0.0,100.0,0.0,0.0,0.0
2023-07-15 01:00:00,1,26.0,26.0,0.0,100.0,0.0,0.0,0.0
2023-07-15 02:00:00,2,25.9,25.9,0.0,100.0,0.0,0.0,0.0
2023-07-15 03:00:00,3,25.9,25.9,0.0,100.0,0.0,0.0,0.0
2023-07-15 04:00:00,4,26.0,26.0,0.0,60.0,0.0,0.0,0.0
2023-07-15 05:00:00,5,26.9,26.9,0.0,73.0,0.0,0.0,0.0
2023-07-15 06:00:00,6,27.5,28.125,20.0,69.0,0.072354125,0.071,0.001
2023-07-15 07:00:00,7,28.2,32.35625,133.0,87.0,0.4531580704874999,0.447,0.006
2023-07-15 08:00:00,8,29.4,38.68125,297.0,87.0,0.9855612025875,0.973,0.013
2023-07-15 09:00:00,9,30.5,45.21875,471.0,98.0,1.479246208875,1.476,0.003
2023-07-15 10:00:00,10,31.7,51.60625,637.0,100.0,1.935304735,1.951,-0.016
2023-07-15 11:00:00,11,32.5,56.21875,759.0,100.0,2.258347575,2.241,0.017
2023-07-15 12:00:00,12,32.8,52.925,644.0,100.0,1.94502168,1.927,0.018
2023-07-15 13:00:00,13,32.9,51.025,580.0,100.0,1.7667148,1.791,-0.024
2023-07-15 14:00:00,14,30.3,45.425,484.0,100.0,1.51115448,1.505,0.006
2023-07-15 15:00:00,15,30.2,37.98125,249.0,100.0,0.8026402950000002,0.807,-0.004
2023-07-15 16:00:00,16,29.4,34.2125,154.0,100.0,0.50430534,0.516,-0.012
2023-07-15 17:00:00,17,30.2,36.10625,189.0,100.0,0.614052495,0.61,0.004
2023-07-15 18:00:00,18,28.8,31.1125,74.0,100.0,0.24544838,0.255,-0.01
2023-07-15 19:00:00,19,27.2,27.48125,9.0,100.0,0.030296295,0.026,0.004
2023-07-15 20:00:00,20,26.5,26.5,0.0,100.0,0.0,0.0,0.0
2023-07-15 21:00:00,21,26.3,26.3,0.0,100.0,0.0,0.0,0.0
2023-07-15 22:00:00,22,26.0,26.0,0.0,100.0,0.0,0.0,0.0
2023-07-15 23:00:00,23,25.7,25.7,0.0,100.0,0.0,0.0,0.0
2023-07-16 00:00:00,0,25.4,25.4,0.0,100.0,0.0,0.0,0.0
2023-07-16 01:00:00,1,25.1,25.1,0.0,100.0,0.0,0.0,0.0
2023-07-16 02:00:00,2,24.9,24.9,0.0,100.0,0.0,0.0,0.0
2023-07-16 03:00:00,3,24.9,24.9,0.0,100.0,0.0,0.0,0.0
2023-07-16 04:00:00,4,25.2,25.2,0.0,90.0,0.0,0.0,0.0
2023-07-16 05:00:00,5,24.7,24.7,0.0,100.0,0.0,0.0,0.0
2023-07-16 06:00:00,6,25.0,25.0625,2.0,93.0,0.0069172702499999,0.005,0.002
2023-07-16 07:00:00,7,25.3,26.925,52.0,97.0,0.1767544298,0.185,-0.008
2023-07-16 08:00:00,8,27.0,35.1875,262.0,91.0,0.87372614775,0.874,-0.0
2023-07-16 09:00:00,9,27.7,38.60625,349.0,100.0,1.122019295,1.118,0.004
2023-07-16 10:00:00,10,27.2,40.95,440.0,100.0,1.4005552000000003,1.347,0.054
2023-07-16 11:00:00,11,26.2,35.48125,297.0,100.0,0.967464135,0.953,0.014
2023-07-16 12:00:00,12,26.9,41.3375,462.0,100.0,1.46814822,1.449,0.019
2023-07-16 13:00:00,13,27.0,38.96875,383.0,100.0,1.229439575,1.208,0.021
2023-07-16 14:00:00,14,27.4,40.55625,421.0,100.0,1.3423311350000002,1.341,0.001
2023-07-16 15:00:00,15,27.4,38.55625,357.0,98.0,1.153721603475,1.15,0.004
2023-07-16 16:00:00,16,27.9,35.49375,243.0,100.0,0.791520255,0.795,-0.003
2023-07-16 17:00:00,17,30.4,36.30625,189.0,100.0,0.6135384150000001,0.622,-0.008
2023-07-16 18:00:00,18,28.3,29.83125,49.0,100.0,0.1633804549999999,0.169,-0.006
2023-07-16 19:00:00,19,27.3,27.675,12.0,100.0,0.04036344,0.04,0.0
2023-07-16 20:00:00,20,27.0,27.0,0.0,92.0,0.0,0.0,0.0
2023-07-16 21:00:00,21,26.5,26.5,0.0,97.0,0.0,0.0,0.0
2023-07-16 22:00:00,22,26.0,26.0,0.0,67.0,0.0,0.0,0.0
2023-07-16 23:00:00,23,25.7,25.7,0.0,49.0,0.0,0.0,0.0
2023-07-17 00:00:00,0,25.6,25.6,0.0,97.0,0.0,0.0,0.0
2023-07-17 01:00:00,1,25.5,25.5,0.0,100.0,0.0,0.0,0.0
2023-07-17 02:00:00,2,25.3,25.3,0.0,99.0,0.0,0.0,0.0
2023-07-17 03:00:00,3,25.2,25.2,0.0,98.0,0.0,0.0,0.0
2023-07-17 04:00:00,4,25.0,25.0,0.0,96.0,0.0,0.0,0.0
2023-07-17 05:00:00,5,25.3,25.3,0.0,100.0,0.0,0.0,0.0
2023-07-17 06:00:00,6,26.2,26.73125,17.0,100.0,0.057399735,0.057,0.0
2023-07-17 07:00:00,7,27.0,30.5625,114.0,100.0,0.3789759000000001,0.378,0.001
2023-07-17 08:00:00,8,27.7,34.1375,206.0,100.0,0.6748003800000001,0.676,-0.001
2023-07-17 09:00:00,9,28.7,39.3875,342.0,98.0,1.1013602643,1.116,-0.015
2023-07-17 10:00:00,10,30.0,48.3125,586.0,100.0,1.8066087,1.831,-0.024
2023-07-17 11:00:00,11,31.0,52.75,696.0,99.0,2.108988924,2.111,-0.002
2023-07-17 12:00:00,12,31.7,54.66875,735.0,100.0,2.202431175,2.194,0.008
2023-07-17 13:00:00,13,32.4,56.5875,774.0,100.0,2.2990973400000003,2.295,0.004
2023-07-17 14:00:00,14,32.6,52.475,636.0,100.0,1.92475224,1.919,0.006
2023-07-17 15:00:00,15,32.6,52.1,624.0,100.0,1.89161856,1.889,0.003
2023-07-17 16:00:00,16,32.3,44.33125,385.0,100.0,1.2077815750000005,1.209,-0.001
2023-07-17 17:00:00,17,30.3,38.58125,265.0,100.0,0.8520531750000002,0.86,-0.008
2023-07-17 18:00:00,18,29.5,33.71875,135.0,100.0,0.442992375,0.458,-0.015
2023-07-17 19:00:00,19,28.5,29.28125,25.0,100.0,0.083544375,0.078,0.006
2023-07-17 20:00:00,20,27.8,27.8,0.0,100.0,0.0,0.0,0.0
2023-07-17 21:00:00,21,27.4,27.4,0.0,100.0,0.0,0.0,0.0
2023-07-17 22:00:00,22,26.9,26.9,0.0,100.0,0.0,0.0,0.0
2023-07-17 23:00:00,23,26.6,26.6,0.0,100.0,0.0,0.0,0.0
2023-07-18 00:00:00,0,26.6,26.6,0.0,99.0,0.0,0.0,0.0
2023-07-18 01:00:00,1,26.7,26.7,0.0,95.0,0.0,0.0,0.0
2023-07-18 02:00:00,2,26.6,26.6,0.0,61.0,0.0,0.0,0.0
2023-07-18 03:00:00,3,26.3,26.3,0.0,95.0,0.0,0.0,0.0
2023-07-18 04:00:00,4,26.3,26.3,0.0,100.0,0.0,0.0,0.0
2023-07-18 05:00:00,5,25.0,25.0,0.0,84.0,0.0,0.0,0.0
2023-07-18 06:00:00,6,26.1,26.5375,14.0,100.0,0.04730726,0.045,0.002
2023-07-18 07:00:00,7,26.8,30.175,108.0,98.0,0.3613969548,0.362,-0.001
2023-07-18 08:00:00,8,28.0,36.53125,273.0,98.0,0.8898137088750003,0.895,-0.005
2023-07-18 09:00:00,9,29.1,41.975,412.0,99.0,1.3089498942000002,1.315,-0.006
2023-07-18 10:00:00,10,30.1,46.6625,530.0,96.0,1.6623152670000003,1.647,0.015
2023-07-18 11:00:00,11,31.1,52.50625,685.0,97.0,2.0882974133125,2.094,-0.006
2023-07-18 12:00:00,12,31.1,53.6625,722.0,98.0,2.1842239659,2.188,-0.004
2023-07-18 13:00:00,13,32.3,57.175,796.0,100.0,2.3580863200000004,2.364,-0.006
2023-07-18 14:00:00,14,31.6,44.13125,401.0,100.0,1.259065815,1.276,-0.017
2023-07-18 15:00:00,15,30.6,41.19375,339.0,100.0,1.077940335,1.078,-0.0
2023-07-18 16:00:00,16,30.3,40.45625,325.0,100.0,1.036683375,1.045,-0.008
2023-07-18 17:00:00,17,28.5,35.25,216.0,100.0,0.7042896000000001,0.704,0.0
2023-07-18 18:00:00,18,28.3,31.70625,109.0,92.0,0.3678718280999999,0.368,-0.0
2023-07-18 19:00:00,19,27.4,28.18125,25.0,100.0,0.083918375,0.088,-0.004
2023-07-18 20:00:00,20,26.8,26.8,0.0,100.0,0.0,0.0,0.0
2023-07-18 21:00:00,21,26.3,26.3,0.0,100.0,0.0,0.0,0.0
2023-07-18 22:00:00,22,26.1,26.1,0.0,100.0,0.0,0.0,0.0
2023-07-18 23:00:00,23,26.0,26.0,0.0,100.0,0.0,0.0,0.0
2023-07-19 00:00:00,0,25.9,25.9,0.0,84.0,0.0,0.0,0.0
2023-07-19 01:00:00,1,25.8,25.8,0.0,85.0,0.0,0.0,0.0
2023-07-19 02:00:00,2,25.6,25.6,0.0,94.0,0.0,0.0,0.0
2023-07-19 03:00:00,3,25.4,25.4,0.0,99.0,0.0,0.0,0.0
2023-07-19 04:00:00,4,25.2,25.2,0.0,96.0,0.0,0.0,0.0
2023-07-19 05:00:00,5,25.7,25.7,0.0,95.0,0.0,0.0,0.0
2023-07-19 06:00:00,6,25.9,26.18125,9.0,100.0,0.030455415,0.03,0.0
2023-07-19 07:00:00,7,26.5,29.34375,91.0,100.0,0.304024175,0.309,-0.005
2023-07-19 08:00:00,8,27.6,35.35,248.0,99.0,0.8103122488000001,0.819,-0.009
2023-07-19 09:00:00,9,28.9,41.9625,418.0,100.0,1.32477158,1.324,0.001
2023-07-19 10:00:00,10,29.9,46.61875,535.0,100.0,1.6617019750000002,1.658,0.004
2023-07-19 11:00:00,11,30.7,49.7,608.0,100.0,1.86296064,1.868,-0.005
2023-07-19 12:00:00,12,31.5,52.65625,677.0,100.0,2.047163375,2.021,0.026
2023-07-19 13:00:00,13,32.0,54.28125,713.0,100.0,2.140265575,2.107,0.033
2023-07-19 14:00:00,14,32.3,53.8,688.0,100.0,2.06972416,2.075,-0.005
2023-07-19 15:00:00,15,32.0,51.15625,613.0,100.0,1.866140575,1.853,0.013
2023-07-19 16:00:00,16,31.7,44.54375,411.0,96.0,1.30103983755,1.315,-0.014
2023-07-19 17:00:00,17,31.7,40.98125,297.0,36.0,1.0964883006,1.089,0.007
2023-07-19 18:00:00,18,30.8,34.95625,133.0,100.0,0.434191135,0.444,-0.01
2023-07-19 19:00:00,19,29.6,30.25625,21.0,100.0,0.069898815,0.069,0.001
2023-07-19 20:00:00,20,28.6,28.6,0.0,80.0,0.0,0.001,-0.001
2023-07-19 21:00:00,21,28.1,28.1,0.0,44.0,0.0,0.002,-0.002
2023-07-19 22:00:00,22,27.7,27.7,0.0,36.0,0.0,0.001,-0.001
2023-07-19 23:00:00,23,27.3,27.3,0.0,54.0,0.0,0.001,-0.001
2023-07-20 00:00:00,0,27.0,27.0,0.0,2.0,0.0,0.0,0.0
2023-07-20 01:00:00,1,26.7,26.7,0.0,5.0,0.0,0.0,0.0
2023-07-20 02:00:00,2,26.6,26.6,0.0,1.0,0.0,0.0,0.0
2023-07-20 03:00:00,3,26.4,26.4,0.0,9.0,0.0,0.0,0.0
2023-07-20 04:00:00,4,26.4,26.4,0.0,3.0,0.0,0.0,0.0
2023-07-20 05:00:00,5,27.0,27.0,0.0,0.0,0.0,0.0,0.0
2023-07-20 06:00:00,6,27.7,28.2625,18.0,12.0,0.0736896348,0.072,0.002
2023-07-20 07:00:00,7,28.8,32.89375,131.0,28.0,0.5089770640999999,0.485,0.024
2023-07-20 08:00:00,8,29.8,39.3,304.0,19.0,1.1718098912,1.165,0.007
2023-07-20 09:00:00,9,31.0,45.90625,477.0,7.0,1.8317131216874996,1.813,0.019
2023-07-20 10:00:00,10,31.9,52.30625,653.0,14.0,2.402903865825,2.43,-0.027
2023-07-20 11:00:00,11,32.4,56.36875,767.0,27.0,2.6967932938375,2.716,-0.019
2023-07-20 12:00:00,12,33.2,57.98125,793.0,8.0,2.87881969245,2.868,0.011
2023-07-20 13:00:00,13,33.8,59.45625,821.0,11.0,2.9421605481374997,2.799,0.143
2023-07-20 14:00:00,14,34.2,58.16875,767.0,11.0,2.7650628900375,2.792,-0.027
2023-07-20 15:00:00,15,34.0,54.71875,663.0,7.0,2.4480309091875,2.447,0.001
2023-07-20 16:00:00,16,33.5,49.1875,502.0,2.0,1.9193755395,1.904,0.015
2023-07-20 17:00:00,17,32.7,42.7,320.0,3.0,1.256129728,1.243,0.013
2023-07-20 18:00:00,18,32.0,36.4375,142.0,6.0,0.5689791965,0.521,0.048
2023-07-20 19:00:00,19,30.2,30.95,24.0,16.0,0.0963860831999999,0.1,-0.004
2023-07-20 20:00:00,20,29.8,29.8,0.0,32.0,0.0,0.002,-0.002
2023-07-20 21:00:00,21,29.4,29.4,0.0,41.0,0.0,0.002,-0.002
2023-07-20 22:00:00,22,29.5,29.5,0.0,53.0,0.0,0.003,-0.003
2023-07-20 23:00:00,23,29.0,29.0,0.0,50.0,0.0,0.002,-0.002
2023-07-21 00:00:00,0,28.3,28.3,0.0,3.0,0.0,0.001,-0.001
2023-07-21 01:00:00,1,28.1,28.1,0.0,3.0,0.0,0.001,-0.001
2023-07-21 02:00:00,2,28.1,28.1,0.0,2.0,0.0,0.001,-0.001
2023-07-21 03:00:00,3,28.0,28.0,0.0,11.0,0.0,0.001,-0.001
2023-07-21 04:00:00,4,27.6,27.6,0.0,38.0,0.0,0.0,0.0
2023-07-21 05:00:00,5,27.9,27.9,0.0,86.0,0.0,0.001,-0.001
2023-07-21 06:00:00,6,28.6,29.06875,15.0,84.0,0.0521767739999999,0.055,-0.003
2023-07-21 07:00:00,7,29.2,33.1375,126.0,95.0,0.41963627475,0.418,0.002
2023-07-21 08:00:00,8,30.4,40.05625,309.0,95.0,0.9996692101875,1.026,-0.026
2023-07-21 09:00:00,9,32.0,47.5625,498.0,88.0,1.586600361,1.591,-0.004
2023-07-21 10:00:00,10,33.2,53.825,660.0,90.0,2.03489847,2.045,-0.01
2023-07-21 11:00:00,11,33.8,57.64375,763.0,94.0,2.289294270025,2.297,-0.008
2023-07-21 12:00:00,12,34.1,58.44375,779.0,99.0,2.3000192438375,2.299,0.001
2023-07-21 13:00:00,13,34.1,58.75625,789.0,99.0,2.3261828898375003,2.344,-0.018
2023-07-21 14:00:00,14,34.4,58.775,780.0,96.0,2.3166519480000005,2.32,-0.003
2023-07-21 15:00:00,15,34.3,54.175,636.0,63.0,2.0867273526,2.081,0.006
2023-07-21 16:00:00,16,34.1,49.725,500.0,58.0,1.69271635,1.696,-0.003
2023-07-21 17:00:00,17,33.0,43.3125,330.0,72.0,1.112600445,1.109,0.004
2023-07-21 18:00:00,18,32.1,36.725,148.0,97.0,0.4831969194,0.465,0.018
2023-07-21 19:00:00,19,30.9,31.65,24.0,99.0,0.0796280136,0.087,-0.007
2023-07-21 20:00:00,20,30.5,30.5,0.0,100.0,0.0,0.001,-0.001
2023-07-21 21:00:00,21,30.1,30.1,0.0,95.0,0.0,0.003,-0.003
2023-07-21 22:00:00,22,28.9,28.9,0.0,100.0,0.0,0.0,0.0
2023-07-21 23:00:00,23,27.6,27.6,0.0,97.0,0.0,0.0,0.0
2023-07-22 00:00:00,0,27.2,27.2,0.0,100.0,0.0,0.0,0.0
2023-07-22 01:00:00,1,27.0,27.0,0.0,100.0,0.0,0.0,0.0
2023-07-22 02:00:00,2,27.0,27.0,0.0,100.0,0.0,0.0,0.0
2023-07-22 03:00:00,3,27.0,27.0,0.0,42.0,0.0,0.0,0.0
2023-07-22 04:00:00,4,26.7,26.7,0.0,30.0,0.0,0.0,0.0
2023-07-22 05:00:00,5,27.4,27.4,0.0,56.0,0.0,0.0,0.0
2023-07-22 06:00:00,6,28.0,28.53125,17.0,45.0,0.0648188165625,0.061,0.004
2023-07-22 07:00:00,7,29.1,33.19375,131.0,38.0,0.4975763273249999,0.492,0.006
2023-07-22 08:00:00,8,30.1,39.69375,307.0,73.0,1.0487660742124998,1.05,-0.001
2023-07-22 09:00:00,9,31.3,46.8625,498.0,60.0,1.6996426260000002,1.719,-0.019
2023-07-22 10:00:00,10,32.3,52.4875,646.0,70.0,2.1015237565,2.08,0.022
2023-07-22 11:00:00,11,33.1,57.31875,775.0,95.0,2.3230398796875,2.314,0.009
2023-07-22 12:00:00,12,33.4,57.7125,778.0,95.0,2.3278140247500003,2.321,0.007
2023-07-22 13:00:00,13,33.6,57.94375,779.0,99.0,2.3053296868375,2.301,0.004
2023-07-22 14:00:00,14,34.0,58.3125,778.0,100.0,2.2927271,2.289,0.004
2023-07-22 15:00:00,15,33.7,53.10625,621.0,99.0,1.8787109196375,1.896,-0.017
2023-07-22 16:00:00,16,33.4,48.61875,487.0,99.0,1.5031167157375,1.488,0.015
2023-07-22 17:00:00,17,33.3,43.20625,317.0,98.0,1.004305761075,1.006,-0.002
2023-07-22 18:00:00,18,32.1,35.9125,122.0,26.0,0.4700823663,0.456,0.014
2023-07-22 19:00:00,19,31.1,31.75625,21.0,38.0,0.080238329325,0.084,-0.004
2023-07-22 20:00:00,20,30.4,30.4,0.0,86.0,0.0,0.001,-0.001
2023-07-22 21:00:00,21,29.7,29.7,0.0,71.0,0.0,0.001,-0.001
2023-07-22 22:00:00,22,29.2,29.2,0.0,85.0,0.0,0.001,-0.001
2023-07-22 23:00:00,23,28.7,28.7,0.0,100.0,0.0,0.0,0.0
2023-07-23 00:00:00,0,28.3,28.3,0.0,29.0,0.0,0.001,-0.001
2023-07-23 01:00:00,1,27.9,27.9,0.0,54.0,0.0,0.001,-0.001
2023-07-23 02:00:00,2,27.7,27.7,0.0,25.0,0.0,0.001,-0.001
2023-07-23 03:00:00,3,27.4,27.4,0.0,16.0,0.0,0.0,0.0
2023-07-23 04:00:00,4,26.9,26.9,0.0,68.0,0.0,0.0,0.0
2023-07-23 05:00:00,5,25.6,25.6,0.0,19.0,0.0,0.0,0.0
2023-07-23 06:00:00,6,26.1,26.44375,11.0,64.0,0.04053057635,0.04,0.001
2023-07-23 07:00:00,7,26.9,30.2125,106.0,71.0,0.37846987035,0.376,0.002
2023-07-23 08:00:00,8,28.5,37.75,296.0,92.0,0.974175072,0.978,-0.004
2023-07-23 09:00:00,9,28.8,42.8,448.0,100.0,1.4147481600000005,1.442,-0.027
2023-07-23 10:00:00,10,28.8,40.70625,381.0,100.0,1.214016495,1.216,-0.002
2023-07-23 11:00:00,11,30.8,51.1125,650.0,100.0,1.9791655,1.981,-0.002
2023-07-23 12:00:00,12,31.5,54.25,728.0,100.0,2.1856016,2.182,0.004
2023-07-23 13:00:00,13,31.9,55.275,748.0,100.0,2.2352184800000003,2.247,-0.012
2023-07-23 14:00:00,14,32.2,53.66875,687.0,100.0,2.0679421350000005,2.078,-0.01
2023-07-23 15:00:00,15,32.7,52.5125,634.0,92.0,1.9567437443999995,1.943,0.014
2023-07-23 16:00:00,16,32.4,47.86875,495.0,89.0,1.5710963833125002,1.567,0.004
2023-07-23 17:00:00,17,31.1,40.75625,309.0,17.0,1.1886460165125,1.189,-0.0
2023-07-23 18:00:00,18,30.1,34.35,136.0,24.0,0.5296764256000001,0.517,0.013
2023-07-23 19:00:00,19,29.3,30.01875,23.0,94.0,0.077779587025,0.077,0.001
2023-07-23 20:00:00,20,29.0,29.0,0.0,99.0,0.0,0.0,0.0
2023-07-23 21:00:00,21,28.7,28.7,0.0,91.0,0.0,0.001,-0.001
2023-07-23 22:00:00,22,28.3,28.3,0.0,49.0,0.0,0.002,-0.002
2023-07-23 23:00:00,23,27.7,27.7,0.0,100.0,0.0,0.0,0.0
2023-07-24 00:00:00,0,27.5,27.5,0.0,100.0,0.0,0.0,0.0
2023-07-24 01:00:00,1,27.1,27.1,0.0,100.0,0.0,0.0,0.0
2023-07-24 02:00:00,2,26.8,26.8,0.0,100.0,0.0,0.0,0.0
2023-07-24 03:00:00,3,26.5,26.5,0.0,100.0,0.0,0.0,0.0
2023-07-24 04:00:00,4,26.4,26.4,0.0,48.0,0.0,0.0,0.0
2023-07-24 05:00:00,5,27.3,27.3,0.0,32.0,0.0,0.0,0.0
2023-07-24 06:00:00,6,27.8,28.26875,15.0,34.0,0.058638148875,0.06,-0.001
2023-07-24 07:00:00,7,28.3,31.925,116.0,31.0,0.4496245782,0.444,0.006
2023-07-24 08:00:00,8,29.6,38.975,300.0,23.0,1.1483560349999995,1.14,0.008
2023-07-24 09:00:00,9,30.7,45.6375,478.0,23.0,1.7780648899499998,1.763,0.015
2023-07-24 10:00:00,10,31.0,50.40625,621.0,57.0,2.1007380898125,2.095,0.006
2023-07-24 11:00:00,11,30.5,48.34375,571.0,28.0,2.0769436945,2.058,0.019
2023-07-24 12:00:00,12,31.9,52.2125,650.0,29.0,2.31901736625,2.338,-0.019
2023-07-24 13:00:00,13,32.7,56.7625,770.0,26.0,2.7081789735,2.735,-0.027
2023-07-24 14:00:00,14,33.3,56.01875,727.0,100.0,2.165111415,2.099,0.066
2023-07-24 15:00:00,15,31.8,42.14375,331.0,90.0,1.074431337375,1.061,0.013
2023-07-24 16:00:00,16,30.2,41.7,368.0,47.0,1.3223294687999998,1.292,0.03
2023-07-24 17:00:00,17,30.9,40.93125,321.0,45.0,1.1623549835625,1.146,0.016
2023-07-24 18:00:00,18,30.7,34.95,136.0,58.0,0.4906161104,0.491,-0.0
2023-07-24 19:00:00,19,29.5,30.15625,21.0,15.0,0.0847869421875,0.076,0.009
2023-07-24 20:00:00,20,29.0,29.0,0.0,76.0,0.0,0.001,-0.001
2023-07-24 21:00:00,21,28.5,28.5,0.0,20.0,0.0,0.002,-0.002
2023-07-24 22:00:00,22,28.3,28.3,0.0,96.0,0.0,0.001,-0.001
2023-07-24 23:00:00,23,28.5,28.5,0.0,100.0,0.0,0.0,0.0
2023-07-25 00:00:00,0,27.4,27.4,0.0,100.0,0.0,0.0,0.0
2023-07-25 01:00:00,1,25.3,25.3,0.0,100.0,0.0,0.0,0.0
2023-07-25 02:00:00,2,25.4,25.4,0.0,100.0,0.0,0.0,0.0
2023-07-25 03:00:00,3,25.0,25.0,0.0,100.0,0.0,0.0,0.0
2023-07-25 04:00:00,4,24.7,24.7,0.0,70.0,0.0,0.0,0.0
2023-07-25 05:00:00,5,25.4,25.4,0.0,97.0,0.0,0.0,0.0
2023-07-25 06:00:00,6,26.0,26.40625,13.0,100.0,0.043951375,0.045,-0.001
2023-07-25 07:00:00,7,27.0,30.09375,99.0,100.0,0.329741775,0.326,0.004
2023-07-25 08:00:00,8,28.4,35.80625,237.0,100.0,0.770969295,0.768,0.003
2023-07-25 09:00:00,9,29.2,41.16875,383.0,100.0,1.217980215,1.217,0.001
2023-07-25 10:00:00,10,30.8,50.26875,623.0,99.0,1.9088631923375003,1.912,-0.003
2023-07-25 11:00:00,11,32.1,55.6625,754.0,100.0,2.24917446,2.253,-0.004
2023-07-25 12:00:00,12,32.7,57.98125,809.0,100.0,2.387727095,2.402,-0.014
2023-07-25 13:00:00,13,33.0,54.96875,703.0,100.0,2.103674775,2.102,0.002
2023-07-25 14:00:00,14,32.6,51.56875,607.0,100.0,1.844469655,1.837,0.007
2023-07-25 15:00:00,15,30.5,43.875,428.0,100.0,1.3453324000000002,1.357,-0.012
2023-07-25 16:00:00,16,30.3,38.76875,271.0,100.0,0.8706538950000001,0.867,0.004
2023-07-25 17:00:00,17,29.1,35.75625,213.0,100.0,0.693041295,0.695,-0.002
2023-07-25 18:00:00,18,29.0,32.21875,103.0,100.0,0.340087975,0.35,-0.01
2023-07-25 19:00:00,19,28.2,28.73125,17.0,100.0,0.056937335,0.054,0.003
2023-07-25 20:00:00,20,27.8,27.8,0.0,100.0,0.0,0.0,0.0
2023-07-25 21:00:00,21,27.3,27.3,0.0,100.0,0.0,0.0,0.0
2023-07-25 22:00:00,22,27.2,27.2,0.0,100.0,0.0,0.0,0.0
2023-07-25 23:00:00,23,26.6,26.6,0.0,100.0,0.0,0.0,0.0
2023-07-26 00:00:00,0,24.8,24.8,0.0,100.0,0.0,0.0,0.0
2023-07-26 01:00:00,1,24.8,24.8,0.0,100.0,0.0,0.0,0.0
2023-07-26 02:00:00,2,24.8,24.8,0.0,100.0,0.0,0.0,0.0
2023-07-26 03:00:00,3,24.9,24.9,0.0,100.0,0.0,0.0,0.0
2023-07-26 04:00:00,4,25.1,25.1,0.0,100.0,0.0,0.0,0.0
2023-07-26 05:00:00,5,25.6,25.6,0.0,100.0,0.0,0.0,0.0
2023-07-26 06:00:00,6,26.1,26.56875,15.0,100.0,0.050679975,0.053,-0.002
2023-07-26 07:00:00,7,27.1,30.725,116.0,100.0,0.38536824,0.392,-0.007
2023-07-26 08:00:00,8,27.0,35.0625,258.0,100.0,0.8418927,0.847,-0.005
2023-07-26 09:00:00,9,28.2,39.16875,351.0,100.0,1.125764055,1.135,-0.009
2023-07-26 10:00:00,10,29.4,46.025,532.0,100.0,1.6566799200000002,1.664,-0.007
2023-07-26 11:00:00,11,30.3,49.83125,625.0,88.0,1.97135240625,1.961,0.01
2023-07-26 12:00:00,12,31.4,53.8375,718.0,100.0,2.1596075800000003,2.167,-0.007
2023-07-26 13:00:00,13,31.8,49.64375,571.0,86.0,1.811277422325,1.807,0.004
2023-07-26 14:00:00,14,32.0,49.34375,555.0,93.0,1.7330603090625,1.732,0.001
2023-07-26 15:00:00,15,31.6,47.56875,511.0,81.0,1.6556326352125,1.668,-0.012
2023-07-26 16:00:00,16,31.3,41.45625,325.0,86.0,1.068392593125,1.061,0.007
2023-07-26 17:00:00,17,29.8,37.2375,238.0,79.0,0.8099931171499999,0.82,-0.01
2023-07-26 18:00:00,18,29.4,33.3375,126.0,100.0,0.41411286,0.41,0.004
2023-07-26 19:00:00,19,28.0,28.625,20.0,100.0,0.067014,0.062,0.005
2023-07-26 20:00:00,20,27.5,27.5,0.0,100.0,0.0,0.0,0.0
2023-07-26 21:00:00,21,27.4,27.4,0.0,100.0,0.0,0.0,0.0
2023-07-26 22:00:00,22,27.4,27.4,0.0,100.0,0.0,0.0,0.0
2023-07-26 23:00:00,23,26.8,26.8,0.0,100.0,0.0,0.0,0.0
2023-07-27 00:00:00,0,25.7,25.7,0.0,100.0,0.0,0.0,0.0
2023-07-27 01:00:00,1,25.5,25.5,0.0,100.0,0.0,0.0,0.0
2023-07-27 02:00:00,2,25.2,25.2,0.0,100.0,0.0,0.0,0.0
2023-07-27 03:00:00,3,24.9,24.9,0.0,100.0,0.0,0.0,0.0
2023-07-27 04:00:00,4,24.8,24.8,0.0,96.0,0.0,0.0,0.0
2023-07-27 05:00:00,5,25.9,25.9,0.0,98.0,0.0,0.0,0.0
2023-07-27 06:00:00,6,26.0,26.40625,13.0,100.0,0.043951375,0.045,-0.001
2023-07-27 07:00:00,7,25.0,27.625,84.0,100.0,0.2826012,0.266,0.017
2023-07-27 08:00:00,8,25.9,31.68125,185.0,100.0,0.612189975,0.619,-0.007
2023-07-27 09:00:00,9,27.3,38.70625,365.0,100.0,1.172962175,1.18,-0.007
2023-07-27 10:00:00,10,29.0,48.90625,637.0,100.0,1.9586953750000005,1.992,-0.033
2023-07-27 11:00:00,11,29.9,47.24375,555.0,100.0,1.719104175,1.701,0.018
2023-07-27 12:00:00,12,30.8,51.14375,651.0,100.0,1.981933695,1.983,-0.001
2023-07-27 13:00:00,13,31.3,53.33125,705.0,100.0,2.125359975,2.135,-0.01
2023-07-27 14:00:00,14,31.9,52.36875,655.0,100.0,1.9831991750000004,1.98,0.003
2023-07-27 15:00:00,15,31.2,46.85625,501.0,100.0,1.554480255,1.556,-0.002
2023-07-27 16:00:00,16,31.0,42.375,364.0,100.0,1.1515868,1.159,-0.007
2023-07-27 17:00:00,17,27.0,35.90625,285.0,100.0,0.9267273749999998,0.927,-0.0
2023-07-27 18:00:00,18,27.5,30.46875,95.0,100.0,0.315934375,0.307,0.009
2023-07-27 19:00:00,19,26.9,27.4625,18.0,100.0,0.06059718,0.059,0.002
2023-07-27 20:00:00,20,26.6,26.6,0.0,100.0,0.0,0.0,0.0
2023-07-27 21:00:00,21,26.5,26.5,0.0,100.0,0.0,0.0,0.0
2023-07-27 22:00:00,22,26.2,26.2,0.0,100.0,0.0,0.0,0.0
2023-07-27 23:00:00,23,26.1,26.1,0.0,100.0,0.0,0.0,0.0
2023-07-28 00:00:00,0,26.0,26.0,0.0,100.0,0.0,0.0,0.0
2023-07-28 01:00:00,1,25.9,25.9,0.0,100.0,0.0,0.0,0.0
2023-07-28 02:00:00,2,25.5,25.5,0.0,100.0,0.0,0.0,0.0
2023-07-28 03:00:00,3,25.4,25.4,0.0,100.0,0.0,0.0,0.0
2023-07-28 04:00:00,4,25.3,25.3,0.0,100.0,0.0,0.0,0.0
2023-07-28 05:00:00,5,25.9,25.9,0.0,99.0,0.0,0.0,0.0
2023-07-28 06:00:00,6,26.6,27.0375,14.0,97.0,0.04756615045,0.045,0.003
2023-07-28 07:00:00,7,27.5,31.34375,123.0,100.0,0.407588175,0.398,0.01
2023-07-28 08:00:00,8,28.5,37.1875,278.0,100.0,0.8991215000000001,0.892,0.007
2023-07-28 09:00:00,9,29.6,43.00625,429.0,100.0,1.353544335,1.359,-0.005
2023-07-28 10:00:00,10,30.8,50.9875,646.0,100.0,1.96808422,1.972,-0.004
2023-07-28 11:00:00,11,29.5,44.65625,485.0,100.0,1.519347375,1.499,0.02
2023-07-28 12:00:00,12,30.0,47.46875,559.0,100.0,1.7297835750000006,1.726,0.004
2023-07-28 13:00:00,13,31.2,54.35625,741.0,100.0,2.223559455,2.234,-0.01
2023-07-28 14:00:00,14,31.7,54.04375,715.0,100.0,2.148578575,2.188,-0.039
2023-07-28 15:00:00,15,30.6,46.75625,517.0,99.0,1.6088395236375,1.606,0.003
2023-07-28 16:00:00,16,29.2,42.1375,414.0,100.0,1.31110902,1.317,-0.006
2023-07-28 17:00:00,17,27.3,36.3,288.0,100.0,0.93494016,0.935,-0.0
2023-07-28 18:00:00,18,27.1,29.56875,79.0,100.0,0.263691335,0.254,0.01
2023-07-28 19:00:00,19,26.7,27.075,12.0,100.0,0.04046136,0.037,0.003
2023-07-28 20:00:00,20,26.3,26.3,0.0,100.0,0.0,0.0,0.0
2023-07-28 21:00:00,21,26.2,26.2,0.0,100.0,0.0,0.0,0.0
2023-07-28 22:00:00,22,26.1,26.1,0.0,100.0,0.0,0.0,0.0
2023-07-28 23:00:00,23,25.9,25.9,0.0,100.0,0.0,0.0,0.0
2023-07-29 00:00:00,0,25.7,25.7,0.0,100.0,0.0,0.0,0.0
2023-07-29 01:00:00,1,24.6,24.6,0.0,100.0,0.0,0.0,0.0
2023-07-29 02:00:00,2,24.5,24.5,0.0,99.0,0.0,0.0,0.0
2023-07-29 03:00:00,3,24.1,24.1,0.0,96.0,0.0,0.0,0.0
2023-07-29 04:00:00,4,23.8,23.8,0.0,99.0,0.0,0.0,0.0
2023-07-29 05:00:00,5,24.1,24.1,0.0,100.0,0.0,0.0,0.0
2023-07-29 06:00:00,6,24.2,24.29375,3.0,100.0,0.0102,0.008,0.002
2023-07-29 07:00:00,7,24.3,25.64375,43.0,100.0,0.1458235349999999,0.152,-0.006
2023-07-29 08:00:00,8,24.5,27.5,96.0,100.0,0.323136,0.336,-0.013
2023-07-29 09:00:00,9,25.6,29.975,140.0,100.0,0.4665276,0.481,-0.014
2023-07-29 10:00:00,10,26.3,36.95625,341.0,100.0,1.103951695,1.116,-0.012
2023-07-29 11:00:00,11,25.9,35.80625,317.0,100.0,1.031212095,1.029,0.002
2023-07-29 12:00:00,12,25.1,32.1625,226.0,100.0,0.7463853400000001,0.747,-0.001
2023-07-29 13:00:00,13,25.0,29.71875,151.0,100.0,0.503709575,0.519,-0.015
2023-07-29 14:00:00,14,25.3,31.05,184.0,100.0,0.61046048,0.621,-0.011
2023-07-29 15:00:00,15,27.4,38.11875,343.0,100.0,1.105003655,1.126,-0.021
2023-07-29 16:00:00,16,27.9,38.775,348.0,97.0,1.1263907226,1.121,0.005
2023-07-29 17:00:00,17,26.7,35.7625,290.0,98.0,0.9482704635,0.935,0.013
2023-07-29 18:00:00,18,26.9,29.65,88.0,100.0,0.29363488,0.287,0.007
2023-07-29 19:00:00,19,26.2,26.6375,14.0,100.0,0.04728822,0.041,0.006
2023-07-29 20:00:00,20,25.9,25.9,0.0,88.0,0.0,0.0,0.0
2023-07-29 21:00:00,21,25.4,25.4,0.0,57.0,0.0,0.0,0.0
2023-07-29 22:00:00,22,24.9,24.9,0.0,89.0,0.0,0.0,0.0
2023-07-29 23:00:00,23,24.2,24.2,0.0,86.0,0.0,0.0,0.0
2023-07-30 00:00:00,0,24.1,24.1,0.0,97.0,0.0,0.0,0.0
2023-07-30 01:00:00,1,24.0,24.0,0.0,85.0,0.0,0.0,0.0
2023-07-30 02:00:00,2,23.9,23.9,0.0,84.0,0.0,0.0,0.0
2023-07-30 03:00:00,3,23.9,23.9,0.0,80.0,0.0,0.0,0.0
2023-07-30 04:00:00,4,23.8,23.8,0.0,100.0,0.0,0.0,0.0
2023-07-30 05:00:00,5,24.5,24.5,0.0,100.0,0.0,0.0,0.0
2023-07-30 06:00:00,6,25.0,25.25,8.0,68.0,0.029346624,0.027,0.002
2023-07-30 07:00:00,7,25.7,28.95,104.0,92.0,0.3549733823999999,0.359,-0.004
2023-07-30 08:00:00,8,26.6,33.63125,225.0,26.0,0.8752272243749999,0.894,-0.019
2023-07-30 09:00:00,9,27.9,40.9625,418.0,100.0,1.33045638,1.329,0.001
2023-07-30 10:00:00,10,28.9,40.30625,365.0,100.0,1.165019775,1.193,-0.028
2023-07-30 11:00:00,11,27.5,36.3125,282.0,77.0,0.96805062225,0.97,-0.002
2023-07-30 12:00:00,12,29.2,46.5125,554.0,28.0,2.0313891396,1.982,0.049
2023-07-30 13:00:00,13,30.8,53.20625,717.0,15.0,2.6223406981875,2.648,-0.026
2023-07-30 14:00:00,14,30.4,52.0875,694.0,38.0,2.4300476277,2.441,-0.011
2023-07-30 15:00:00,15,30.3,47.45625,549.0,63.0,1.8560839255875,1.849,0.007
2023-07-30 16:00:00,16,29.3,42.08125,409.0,58.0,1.4316239167749998,1.416,0.016
2023-07-30 17:00:00,17,28.4,35.775,236.0,23.0,0.9156212478,0.906,0.01
2023-07-30 18:00:00,18,27.7,31.79375,131.0,60.0,0.4766258805,0.484,-0.007
2023-07-30 19:00:00,19,26.7,27.29375,19.0,15.0,0.0776088451875,0.065,0.013
2023-07-30 20:00:00,20,26.4,26.4,0.0,18.0,0.0,0.0,0.0
2023-07-30 21:00:00,21,26.1,26.1,0.0,21.0,0.0,0.0,0.0
2023-07-30 22:00:00,22,25.9,25.9,0.0,6.0,0.0,0.0,0.0
2023-07-30 23:00:00,23,25.6,25.6,0.0,2.0,0.0,0.0,0.0
2023-07-31 00:00:00,0,25.4,25.4,0.0,3.0,0.0,0.0,0.0
2023-07-31 01:00:00,1,25.3,25.3,0.0,9.0,0.0,0.0,0.0
2023-07-31 02:00:00,2,25.2,25.2,0.0,11.0,0.0,0.0,0.0
2023-07-31 03:00:00,3,25.2,25.2,0.0,6.0,0.0,0.0,0.0
2023-07-31 04:00:00,4,25.0,25.0,0.0,12.0,0.0,0.0,0.0
2023-07-31 05:00:00,5,25.3,25.3,0.0,18.0,0.0,0.0,0.0
2023-07-31 06:00:00,6,25.6,26.00625,13.0,3.0,0.0546974530374999,0.05,0.005
2023-07-31 07:00:00,7,26.7,30.575,124.0,28.0,0.4863940175999999,0.494,-0.008
2023-07-31 08:00:00,8,27.7,36.60625,285.0,29.0,1.0880266910624996,1.107,-0.019
2023-07-31 09:00:00,9,28.7,42.16875,431.0,6.0,1.6854831139249995,1.668,0.017
2023-07-31 10:00:00,10,29.9,50.2125,650.0,10.0,2.4342238375,2.428,0.006
2023-07-31 11:00:00,11,30.9,55.05625,773.0,11.0,2.8266946407375,2.817,0.01
2023-07-31 12:00:00,12,31.6,57.975,844.0,34.0,2.9021312204,2.894,0.008
2023-07-31 13:00:00,13,31.6,57.31875,823.0,41.0,2.7958409425125,2.789,0.007
2023-07-31 14:00:00,14,31.0,54.65625,757.0,32.0,2.65412508075,2.661,-0.007
2023-07-31 15:00:00,15,30.9,47.11875,519.0,11.0,1.9663631508375,1.975,-0.009
2023-07-31 16:00:00,16,30.6,44.6625,450.0,30.0,1.6563569624999996,1.648,0.008
2023-07-31 17:00:00,17,29.0,38.71875,311.0,29.0,1.1767642685625,1.172,0.005
2023-07-31 18:00:00,18,28.6,32.56875,127.0,37.0,0.4846767976624999,0.485,-0.0
2023-07-31 19:00:00,19,27.7,28.23125,17.0,28.0,0.0673224633,0.062,0.005
2023-07-31 20:00:00,20,27.4,27.4,0.0,15.0,0.0,0.0,0.0
2023-07-31 21:00:00,21,27.0,27.0,0.0,13.0,0.0,0.0,0.0
2023-07-31 22:00:00,22,26.5,26.5,0.0,13.0,0.0,0.0,0.0
2023-07-31 23:00:00,23,26.0,26.0,0.0,39.0,0.0,0.0,0.0
2023-08-01 00:00:00,0,25.7,25.7,0.0,7.0,0.0,0.0,0.0
2023-08-01 01:00:00,1,25.5,25.5,0.0,13.0,0.0,0.0,0.0
2023-08-01 02:00:00,2,25.1,25.1,0.0,17.0,0.0,0.0,0.0
2023-08-01 03:00:00,3,25.0,25.0,0.0,23.0,0.0,0.0,0.0
2023-08-01 04:00:00,4,24.9,24.9,0.0,9.0,0.0,0.0,0.0
2023-08-01 05:00:00,5,25.7,25.7,0.0,47.0,0.0,0.0,0.0
2023-08-01 06:00:00,6,26.0,26.40625,13.0,100.0,0.043951375,0.045,-0.001
2023-08-01 07:00:00,7,26.9,30.74375,123.0,15.0,0.4954176241874999,0.483,0.012
2023-08-01 08:00:00,8,28.2,37.7,304.0,30.0,1.152784416,1.152,0.001
2023-08-01 09:00:00,9,29.6,44.88125,489.0,8.0,1.88236953405,1.875,0.007
2023-08-01 10:00:00,10,30.7,51.075,652.0,10.0,2.432345006,2.482,-0.05
2023-08-01 11:00:00,11,31.5,55.5625,770.0,17.0,2.77477402125,2.776,-0.001
2023-08-01 12:00:00,12,32.1,57.725,820.0,38.0,2.7986236739999995,2.782,0.017
2023-08-01 13:00:00,13,32.4,57.8375,814.0,54.0,2.6805444501,2.696,-0.015
2023-08-01 14:00:00,14,31.9,50.30625,589.0,43.0,2.0563706861375,2.064,-0.008
2023-08-01 15:00:00,15,31.0,47.65625,533.0,83.0,1.7180080734374998,1.723,-0.005
2023-08-01 16:00:00,16,31.1,44.44375,427.0,90.0,1.3723584113749998,1.366,0.006
2023-08-01 17:00:00,17,29.9,38.5875,278.0,100.0,0.8938283800000001,0.889,0.005
2023-08-01 18:00:00,18,29.2,32.23125,97.0,100.0,0.320260535,0.323,-0.003
2023-08-01 19:00:00,19,28.4,28.93125,17.0,100.0,0.056891095,0.054,0.003
2023-08-01 20:00:00,20,27.9,27.9,0.0,93.0,0.0,0.001,-0.001
2023-08-01 21:00:00,21,27.6,27.6,0.0,31.0,0.0,0.001,-0.001
2023-08-01 22:00:00,22,27.5,27.5,0.0,23.0,0.0,0.001,-0.001
2023-08-01 23:00:00,23,27.3,27.3,0.0,6.0,0.0,0.0,0.0
2023-08-02 00:00:00,0,27.0,27.0,0.0,3.0,0.0,0.0,0.0
2023-08-02 01:00:00,1,26.8,26.8,0.0,5.0,0.0,0.0,0.0
2023-08-02 02:00:00,2,26.2,26.2,0.0,2.0,0.0,0.0,0.0
2023-08-02 03:00:00,3,25.7,25.7,0.0,27.0,0.0,0.0,0.0
2023-08-02 04:00:00,4,25.3,25.3,0.0,62.0,0.0,0.0,0.0
2023-08-02 05:00:00,5,25.9,25.9,0.0,100.0,0.0,0.0,0.0
2023-08-02 06:00:00,6,26.2,26.575,12.0,92.0,0.0413538191999999,0.042,-0.001
2023-08-02 07:00:00,7,27.3,30.55,104.0,46.0,0.3924263408,0.406,-0.014
2023-08-02 08:00:00,8,28.5,36.53125,257.0,95.0,0.8439146746875001,0.857,-0.013
2023-08-02 09:00:00,9,29.6,44.19375,467.0,100.0,1.465896655,1.484,-0.018
2023-08-02 10:00:00,10,30.7,50.45,632.0,93.0,1.9638280728,1.966,-0.002
2023-08-02 11:00:00,11,31.4,54.7125,746.0,85.0,2.31875944225,2.321,-0.002
2023-08-02 12:00:00,12,31.7,58.04375,843.0,100.0,2.487360015,2.483,0.004
2023-08-02 13:00:00,13,32.2,58.16875,831.0,99.0,2.4566664051375,2.457,-0.0
2023-08-02 14:00:00,14,32.4,55.4,736.0,70.0,2.3629662719999995,2.372,-0.009
2023-08-02 15:00:00,15,32.5,53.1875,662.0,88.0,2.056932969,2.064,-0.007
2023-08-02 16:00:00,16,32.4,48.30625,509.0,100.0,1.569264815,1.586,-0.017
2023-08-02 17:00:00,17,30.5,39.09375,275.0,100.0,0.882289375,0.887,-0.005
2023-08-02 18:00:00,18,29.8,32.51875,87.0,100.0,0.286903815,0.283,0.004
2023-08-02 19:00:00,19,29.2,29.575,12.0,100.0,0.04005336,0.037,0.003
2023-08-02 20:00:00,20,28.9,28.9,0.0,99.0,0.0,0.0,0.0
2023-08-02 21:00:00,21,28.3,28.3,0.0,100.0,0.0,0.001,-0.001
2023-08-02 22:00:00,22,27.8,27.8,0.0,100.0,0.0,0.0,0.0
2023-08-02 23:00:00,23,27.6,27.6,0.0,100.0,0.0,0.0,0.0
2023-08-03 00:00:00,0,27.2,27.2,0.0,100.0,0.0,0.0,0.0
2023-08-03 01:00:00,1,26.7,26.7,0.0,96.0,0.0,0.0,0.0
2023-08-03 02:00:00,2,26.4,26.4,0.0,100.0,0.0,0.0,0.0
2023-08-03 03:00:00,3,26.0,26.0,0.0,98.0,0.0,0.0,0.0
2023-08-03 04:00:00,4,25.5,25.5,0.0,100.0,0.0,0.0,0.0
2023-08-03 05:00:00,5,25.5,25.5,0.0,100.0,0.0,0.0,0.0
2023-08-03 06:00:00,6,25.5,25.90625,13.0,100.0,0.044039775,0.044,0.0
2023-08-03 07:00:00,7,26.2,29.95,120.0,100.0,0.3999216,0.393,0.007
2023-08-03 08:00:00,8,27.2,36.075,284.0,30.0,1.0843181059999998,1.106,-0.022
2023-08-03 09:00:00,9,28.5,43.875,492.0,37.0,1.790077917,1.806,-0.016
2023-08-03 10:00:00,10,29.8,50.45625,661.0,34.0,2.3516206466750003,2.348,0.004
2023-08-03 11:00:00,11,30.7,53.73125,737.0,40.0,2.55049407525,2.58,-0.03
2023-08-03 12:00:00,12,31.5,57.34375,827.0,81.0,2.5643044853125,2.57,-0.006
2023-08-03 13:00:00,13,31.8,52.89375,675.0,44.0,2.3243863275,2.286,0.038
2023-08-03 14:00:00,14,32.3,53.51875,679.0,100.0,2.0452464550000005,2.036,0.009
2023-08-03 15:00:00,15,32.4,51.74375,619.0,100.0,1.879460415,1.875,0.004
2023-08-03 16:00:00,16,32.3,45.8,432.0,49.0,1.5182868096000002,1.531,-0.013
2023-08-03 17:00:00,17,30.8,39.925,292.0,100.0,0.93352984,0.933,0.001
2023-08-03 18:00:00,18,30.1,33.88125,121.0,100.0,0.396785015,0.391,0.006
2023-08-03 19:00:00,19,29.1,29.6,16.0,100.0,0.05339904,0.05,0.003
2023-08-03 20:00:00,20,28.5,28.5,0.0,100.0,0.0,0.0,0.0
2023-08-03 21:00:00,21,28.2,28.2,0.0,100.0,0.0,0.001,-0.001
2023-08-03 22:00:00,22,28.0,28.0,0.0,100.0,0.0,0.001,-0.001
2023-08-03 23:00:00,23,27.5,27.5,0.0,100.0,0.0,0.0,0.0
2023-08-04 00:00:00,0,26.9,26.9,0.0,100.0,0.0,0.0,0.0
2023-08-04 01:00:00,1,26.5,26.5,0.0,100.0,0.0,0.0,0.0
2023-08-04 02:00:00,2,26.2,26.2,0.0,100.0,0.0,0.0,0.0
2023-08-04 03:00:00,3,25.9,25.9,0.0,100.0,0.0,0.0,0.0
2023-08-04 04:00:00,4,25.6,25.6,0.0,99.0,0.0,0.0,0.0
2023-08-04 05:00:00,5,26.0,26.0,0.0,100.0,0.0,0.0,0.0
2023-08-04 06:00:00,6,26.0,26.1875,6.0,100.0,0.0203031,0.02,0.0
2023-08-04 07:00:00,7,26.3,28.39375,67.0,100.0,0.224707615,0.225,-0.0
2023-08-04 08:00:00,8,27.1,32.81875,183.0,100.0,0.602740695,0.581,0.022
2023-08-04 09:00:00,9,28.4,38.80625,333.0,100.0,1.069674255,1.048,0.022
2023-08-04 10:00:00,10,29.9,47.4,560.0,96.0,1.7507356160000005,1.749,0.002
2023-08-04 11:00:00,11,30.8,51.51875,663.0,100.0,2.015085735,2.023,-0.008
2023-08-04 12:00:00,12,31.8,54.64375,731.0,100.0,2.190693695,2.185,0.006
2023-08-04 13:00:00,13,31.1,40.5375,302.0,100.0,0.96298438,0.972,-0.009
2023-08-04 14:00:00,14,29.3,33.51875,135.0,100.0,0.443359575,0.453,-0.01
2023-08-04 15:00:00,15,27.1,29.225,68.0,100.0,0.22729272,0.264,-0.037
2023-08-04 16:00:00,16,27.6,33.25625,181.0,100.0,0.5950764150000001,0.568,0.027
2023-08-04 17:00:00,17,28.1,33.475,172.0,100.0,0.56497528,0.567,-0.002
2023-08-04 18:00:00,18,27.8,30.8,96.0,100.0,0.31882752,0.316,0.003
2023-08-04 19:00:00,19,27.1,27.5375,14.0,100.0,0.04711686,0.04,0.007
2023-08-04 20:00:00,20,26.8,26.8,0.0,100.0,0.0,0.0,0.0
2023-08-04 21:00:00,21,26.9,26.9,0.0,100.0,0.0,0.0,0.0
2023-08-04 22:00:00,22,27.4,27.4,0.0,100.0,0.0,0.0,0.0
2023-08-04 23:00:00,23,27.2,27.2,0.0,100.0,0.0,0.0,0.0
2023-08-05 00:00:00,0,27.0,27.0,0.0,100.0,0.0,0.0,0.0
2023-08-05 01:00:00,1,27.0,27.0,0.0,100.0,0.0,0.0,0.0
2023-08-05 02:00:00,2,26.7,26.7,0.0,100.0,0.0,0.0,0.0
2023-08-05 03:00:00,3,26.3,26.3,0.0,100.0,0.0,0.0,0.0
2023-08-05 04:00:00,4,26.0,26.0,0.0,100.0,0.0,0.0,0.0
2023-08-05 05:00:00,5,26.2,26.2,0.0,99.0,0.0,0.0,0.0
2023-08-05 06:00:00,6,26.4,26.74375,11.0,100.0,0.037139135,0.038,-0.001
2023-08-05 07:00:00,7,27.1,30.50625,109.0,100.0,0.362437535,0.366,-0.004
2023-08-05 08:00:00,8,28.3,36.4875,262.0,100.0,0.8498677400000001,0.855,-0.005
2023-08-05 09:00:00,9,29.8,45.05,488.0,74.0,1.6253307504,1.649,-0.024
2023-08-05 10:00:00,10,30.9,51.55625,661.0,56.0,2.22962362785,2.198,0.032
2023-08-05 11:00:00,11,31.7,55.1375,750.0,97.0,2.25941698125,2.26,-0.001
2023-08-05 12:00:00,12,32.3,56.83125,785.0,100.0,2.329169575,2.316,0.013
2023-08-05 13:00:00,13,31.9,49.3375,558.0,100.0,1.7125075800000005,1.726,-0.013
2023-08-05 14:00:00,14,31.9,45.99375,451.0,99.0,1.4081443168375,1.443,-0.035
2023-08-05 15:00:00,15,32.2,47.10625,477.0,99.0,1.4820883158374998,1.488,-0.006
2023-08-05 16:00:00,16,32.2,44.23125,385.0,99.0,1.2113259379375,1.21,0.001
2023-08-05 17:00:00,17,31.4,39.9,272.0,100.0,0.8696819200000002,0.869,0.001
2023-08-05 18:00:00,18,30.3,32.70625,77.0,100.0,0.253730015,0.255,-0.001
2023-08-05 19:00:00,19,29.5,29.8125,10.0,100.0,0.0333455,0.033,0.0
2023-08-05 20:00:00,20,29.1,29.1,0.0,100.0,0.0,0.001,-0.001
2023-08-05 21:00:00,21,28.7,28.7,0.0,100.0,0.0,0.0,0.0
2023-08-05 22:00:00,22,28.4,28.4,0.0,100.0,0.0,0.001,-0.001
2023-08-05 23:00:00,23,28.1,28.1,0.0,100.0,0.0,0.001,-0.001
2023-08-06 00:00:00,0,27.5,27.5,0.0,100.0,0.0,0.0,0.0
2023-08-06 01:00:00,1,26.9,26.9,0.0,100.0,0.0,0.0,0.0
2023-08-06 02:00:00,2,26.3,26.3,0.0,100.0,0.0,0.0,0.0
2023-08-06 03:00:00,3,26.0,26.0,0.0,22.0,0.0,0.0,0.0
2023-08-06 04:00:00,4,25.6,25.6,0.0,10.0,0.0,0.0,0.0
2023-08-06 05:00:00,5,25.8,25.8,0.0,1.0,0.0,0.0,0.0
2023-08-06 06:00:00,6,25.8,26.175,12.0,100.0,0.04060824,0.04,0.001
2023-08-06 07:00:00,7,26.5,30.28125,121.0,92.0,0.4107633585,0.401,0.01
2023-08-06 08:00:00,8,27.7,37.29375,307.0,100.0,0.992471135,0.994,-0.002
2023-08-06 09:00:00,9,28.9,44.5875,502.0,82.0,1.6438604698999997,1.668,-0.024
2023-08-06 10:00:00,10,30.3,50.64375,651.0,78.0,2.095610322225,2.071,0.025
2023-08-06 11:00:00,11,31.2,53.66875,719.0,91.0,2.2129614686374994,2.214,-0.001
2023-08-06 12:00:00,12,31.9,55.9,768.0,100.0,2.28845568,2.312,-0.024
2023-08-06 13:00:00,13,32.1,52.975,668.0,100.0,2.01705272,1.982,0.035
2023-08-06 14:00:00,14,32.8,54.20625,685.0,96.0,2.0774837207500005,2.074,0.003
2023-08-06 15:00:00,15,33.0,53.875,668.0,70.0,2.15954213,2.144,0.016
2023-08-06 16:00:00,16,32.3,44.64375,395.0,80.0,1.29934746375,1.327,-0.028
2023-08-06 17:00:00,17,30.7,39.95,296.0,99.0,0.9485828232000002,0.945,0.004
2023-08-06 18:00:00,18,29.9,34.05625,133.0,75.0,0.4630577459375,0.464,-0.001
2023-08-06 19:00:00,19,28.9,29.36875,15.0,46.0,0.056873459625,0.054,0.003
2023-08-06 20:00:00,20,27.5,27.5,0.0,11.0,0.0,0.0,0.0
2023-08-06 21:00:00,21,26.9,26.9,0.0,99.0,0.0,0.0,0.0
2023-08-06 22:00:00,22,26.7,26.7,0.0,100.0,0.0,0.0,0.0
2023-08-06 23:00:00,23,26.5,26.5,0.0,100.0,0.0,0.0,0.0
2023-08-07 00:00:00,0,26.3,26.3,0.0,100.0,0.0,0.0,0.0
2023-08-07 01:00:00,1,25.9,25.9,0.0,100.0,0.0,0.0,0.0
2023-08-07 02:00:00,2,25.6,25.6,0.0,100.0,0.0,0.0,0.0
2023-08-07 03:00:00,3,25.4,25.4,0.0,99.0,0.0,0.0,0.0
2023-08-07 04:00:00,4,25.0,25.0,0.0,100.0,0.0,0.0,0.0
2023-08-07 05:00:00,5,24.9,24.9,0.0,100.0,0.0,0.0,0.0
2023-08-07 06:00:00,6,25.0,25.34375,11.0,26.0,0.0442580613749999,0.041,0.003
2023-08-07 07:00:00,7,25.6,29.2875,118.0,34.0,0.4593821242999999,0.456,0.003
2023-08-07 08:00:00,8,26.5,35.28125,281.0,80.0,0.9619146337500002,0.958,0.004
2023-08-07 09:00:00,9,27.9,43.24375,491.0,99.0,1.5514444738375,1.563,-0.012
2023-08-07 10:00:00,10,28.9,45.86875,543.0,72.0,1.8105346468500003,1.819,-0.008
2023-08-07 11:00:00,11,29.6,50.06875,655.0,85.0,2.0788258590625004,2.048,0.031
2023-08-07 12:00:00,12,29.6,48.2875,598.0,92.0,1.8806835683999996,1.872,0.009
2023-08-07 13:00:00,13,29.9,44.30625,461.0,60.0,1.5909932885000002,1.574,0.017
2023-08-07 14:00:00,14,30.8,44.925,452.0,100.0,1.4143170400000002,1.384,0.03
2023-08-07 15:00:00,15,31.4,45.30625,445.0,26.0,1.647276291375,1.618,0.029
2023-08-07 16:00:00,16,31.3,45.45625,453.0,95.0,1.4318502991875002,1.43,0.002
2023-08-07 17:00:00,17,29.7,36.60625,221.0,99.0,0.7183075456374999,0.723,-0.005
2023-08-07 18:00:00,18,29.2,31.79375,83.0,99.0,0.2752175430375,0.287,-0.012
2023-08-07 19:00:00,19,28.6,28.94375,11.0,100.0,0.0368100149999999,0.035,0.002
2023-08-07 20:00:00,20,27.8,27.8,0.0,100.0,0.0,0.0,0.0
2023-08-07 21:00:00,21,27.6,27.6,0.0,100.0,0.0,0.0,0.0
2023-08-07 22:00:00,22,26.7,26.7,0.0,91.0,0.0,0.0,0.0
2023-08-07 23:00:00,23,25.9,25.9,0.0,91.0,0.0,0.0,0.0
2023-08-08 00:00:00,0,25.4,25.4,0.0,77.0,0.0,0.0,0.0
2023-08-08 01:00:00,1,25.0,25.0,0.0,99.0,0.0,0.0,0.0
2023-08-08 02:00:00,2,24.7,24.7,0.0,95.0,0.0,0.0,0.0
2023-08-08 03:00:00,3,24.4,24.4,0.0,99.0,0.0,0.0,0.0
2023-08-08 04:00:00,4,24.3,24.3,0.0,100.0,0.0,0.0,0.0
2023-08-08 05:00:00,5,24.8,24.8,0.0,100.0,0.0,0.0,0.0
2023-08-08 06:00:00,6,25.0,25.3125,10.0,91.0,0.03472154375,0.036,-0.001
2023-08-08 07:00:00,7,25.7,29.54375,123.0,99.0,0.4116257130375,0.396,0.016
2023-08-08 08:00:00,8,26.6,35.63125,289.0,99.0,0.9431669723375,0.94,0.003
2023-08-08 09:00:00,9,28.0,43.5,496.0,100.0,1.5616064000000005,1.574,-0.012
2023-08-08 10:00:00,10,29.4,49.15,632.0,100.0,1.94122592,1.954,-0.013
2023-08-08 11:00:00,11,30.3,52.7375,718.0,85.0,2.25173694225,2.242,0.01
2023-08-08 12:00:00,12,30.9,53.36875,719.0,90.0,2.221378990375,2.219,0.002
2023-08-08 13:00:00,13,32.0,57.0,800.0,100.0,2.37184,2.382,-0.01
2023-08-08 14:00:00,14,32.4,56.86875,783.0,100.0,2.322836055,2.335,-0.012
2023-08-08 15:00:00,15,31.5,45.28125,441.0,100.0,1.377761175,1.396,-0.018
2023-08-08 16:00:00,16,31.1,39.56875,271.0,100.0,0.8677054150000001,0.86,0.008
2023-08-08 17:00:00,17,29.5,37.96875,271.0,100.0,0.8736023750000002,0.865,0.009
2023-08-08 18:00:00,18,28.9,30.8375,62.0,100.0,0.20587782,0.211,-0.005
2023-08-08 19:00:00,19,28.7,28.95,8.0,100.0,0.02677024,0.023,0.004
2023-08-08 20:00:00,20,28.1,28.1,0.0,93.0,0.0,0.001,-0.001
2023-08-08 21:00:00,21,27.5,27.5,0.0,74.0,0.0,0.001,-0.001
2023-08-08 22:00:00,22,26.9,26.9,0.0,87.0,0.0,0.0,0.0
2023-08-08 23:00:00,23,26.2,26.2,0.0,95.0,0.0,0.0,0.0
2023-08-09 00:00:00,0,25.8,25.8,0.0,100.0,0.0,0.0,0.0
2023-08-09 01:00:00,1,25.4,25.4,0.0,100.0,0.0,0.0,0.0
2023-08-09 02:00:00,2,25.1,25.1,0.0,100.0,0.0,0.0,0.0
2023-08-09 03:00:00,3,24.8,24.8,0.0,100.0,0.0,0.0,0.0
2023-08-09 04:00:00,4,24.5,24.5,0.0,100.0,0.0,0.0,0.0
2023-08-09 05:00:00,5,24.7,24.7,0.0,100.0,0.0,0.0,0.0
2023-08-09 06:00:00,6,24.7,25.0125,10.0,97.0,0.03425328725,0.034,0.0
2023-08-09 07:00:00,7,25.6,28.85,104.0,99.0,0.3490249464,0.354,-0.005
2023-08-09 08:00:00,8,26.7,36.16875,303.0,50.0,1.1071977918749998,1.112,-0.005
2023-08-09 09:00:00,9,28.1,44.19375,515.0,30.0,1.899466195625,1.905,-0.006
2023-08-09 10:00:00,10,29.3,50.8,688.0,90.0,2.150239424,2.146,0.004
2023-08-09 11:00:00,11,30.4,55.18125,793.0,100.0,2.370701255,2.362,0.009
2023-08-09 12:00:00,12,31.2,54.98125,761.0,100.0,2.277106055,2.258,0.019
2023-08-09 13:00:00,13,31.7,53.91875,711.0,99.0,2.1431116731375,2.122,0.021
2023-08-09 14:00:00,14,32.1,54.85,728.0,36.0,2.5284068992,2.518,0.01
2023-08-09 15:00:00,15,32.3,51.9875,630.0,89.0,1.96331730525,1.957,0.006
2023-08-09 16:00:00,16,32.0,47.75,504.0,93.0,1.584921492,1.589,-0.004
2023-08-09 17:00:00,17,30.1,38.25625,261.0,99.0,0.8424464790375,0.845,-0.003
2023-08-09 18:00:00,18,29.6,33.2875,118.0,100.0,0.3879002199999999,0.383,0.005
2023-08-09 19:00:00,19,28.5,28.875,12.0,100.0,0.0401676,0.037,0.003
2023-08-09 20:00:00,20,27.6,27.6,0.0,83.0,0.0,0.0,0.0
2023-08-09 21:00:00,21,27.0,27.0,0.0,84.0,0.0,0.0,0.0
2023-08-09 22:00:00,22,26.7,26.7,0.0,100.0,0.0,0.0,0.0
2023-08-09 23:00:00,23,26.3,26.3,0.0,76.0,0.0,0.0,0.0
2023-08-10 00:00:00,0,25.8,25.8,0.0,90.0,0.0,0.0,0.0
2023-08-10 01:00:00,1,25.5,25.5,0.0,98.0,0.0,0.0,0.0
2023-08-10 02:00:00,2,25.2,25.2,0.0,100.0,0.0,0.0,0.0
2023-08-10 03:00:00,3,24.8,24.8,0.0,71.0,0.0,0.0,0.0
2023-08-10 04:00:00,4,24.5,24.5,0.0,99.0,0.0,0.0,0.0
2023-08-10 05:00:00,5,24.3,24.3,0.0,98.0,0.0,0.0,0.0
2023-08-10 06:00:00,6,24.5,24.8125,10.0,23.0,0.040545,0.038,0.003
2023-08-10 07:00:00,7,25.7,29.45,120.0,96.0,0.404744976,0.397,0.008
2023-08-10 08:00:00,8,26.9,35.24375,267.0,55.0,0.9685457206875,0.961,0.008
2023-08-10 09:00:00,9,28.4,42.93125,465.0,100.0,1.467602775,1.495,-0.027
2023-08-10 10:00:00,10,29.7,49.7625,642.0,100.0,1.96659366,1.992,-0.025
2023-08-10 11:00:00,11,30.6,52.25625,693.0,98.0,2.109811871475,2.095,0.015
2023-08-10 12:00:00,12,31.3,53.33125,705.0,100.0,2.125359975,2.131,-0.006
2023-08-10 13:00:00,13,31.9,53.80625,701.0,100.0,2.108772735,2.129,-0.02
2023-08-10 14:00:00,14,31.6,50.00625,589.0,100.0,1.802289935,1.808,-0.006
2023-08-10 15:00:00,15,31.8,47.05,488.0,100.0,1.51285856,1.532,-0.019
2023-08-10 16:00:00,16,31.9,44.18125,393.0,67.0,1.3354586595375,1.341,-0.006
2023-08-10 17:00:00,17,30.9,39.2125,266.0,86.0,0.8828393301,0.89,-0.007
2023-08-10 18:00:00,18,29.9,32.9625,98.0,100.0,0.32258758,0.325,-0.002
2023-08-10 19:00:00,19,28.4,28.775,12.0,100.0,0.04018392,0.037,0.003
2023-08-10 20:00:00,20,27.9,27.9,0.0,98.0,0.0,0.001,-0.001
2023-08-10 21:00:00,21,27.7,27.7,0.0,100.0,0.0,0.0,0.0
2023-08-10 22:00:00,22,27.5,27.5,0.0,100.0,0.0,0.0,0.0
2023-08-10 23:00:00,23,26.8,26.8,0.0,0.0,0.0,0.0,0.0
2023-08-11 00:00:00,0,26.4,26.4,0.0,12.0,0.0,0.0,0.0
2023-08-11 01:00:00,1,25.8,25.8,0.0,43.0,0.0,0.0,0.0
2023-08-11 02:00:00,2,25.4,25.4,0.0,61.0,0.0,0.0,0.0
2023-08-11 03:00:00,3,24.9,24.9,0.0,40.0,0.0,0.0,0.0
2023-08-11 04:00:00,4,24.6,24.6,0.0,2.0,0.0,0.0,0.0
2023-08-11 05:00:00,5,25.0,25.0,0.0,8.0,0.0,0.0,0.0
2023-08-11 06:00:00,6,25.1,25.4125,10.0,2.0,0.0422601555,0.038,0.004
2023-08-11 07:00:00,7,26.0,29.8125,122.0,3.0,0.50546776175,0.485,0.02
2023-08-11 08:00:00,8,27.2,36.98125,313.0,2.0,1.261431777675,1.224,0.037
2023-08-11 09:00:00,9,28.7,44.79375,515.0,15.0,1.9549920471875,1.943,0.012
2023-08-11 10:00:00,10,30.0,50.90625,669.0,21.0,2.4415762535625,2.437,0.005
2023-08-11 11:00:00,11,31.0,55.78125,793.0,83.0,2.4647101659375,2.448,0.017
2023-08-11 12:00:00,12,31.8,59.175,876.0,100.0,2.57125272,2.561,0.01
2023-08-11 13:00:00,13,32.4,57.4,800.0,90.0,2.4266752,2.416,0.011
2023-08-11 14:00:00,14,32.6,53.6625,674.0,100.0,2.02886806,2.001,0.028
2023-08-11 15:00:00,15,32.7,52.04375,619.0,100.0,1.876934895,1.875,0.002
2023-08-11 16:00:00,16,32.2,43.91875,375.0,100.0,1.178514375,1.211,-0.032
2023-08-11 17:00:00,17,31.2,38.23125,225.0,100.0,0.724512375,0.727,-0.002
2023-08-11 18:00:00,18,30.2,33.23125,97.0,100.0,0.318941335,0.321,-0.002
2023-08-11 19:00:00,19,29.0,29.34375,11.0,100.0,0.0367501749999999,0.035,0.002
2023-08-11 20:00:00,20,28.2,28.2,0.0,100.0,0.0,0.001,-0.001
2023-08-11 21:00:00,21,27.7,27.7,0.0,98.0,0.0,0.0,0.0
2023-08-11 22:00:00,22,27.4,27.4,0.0,87.0,0.0,0.0,0.0
2023-08-11 23:00:00,23,27.0,27.0,0.0,31.0,0.0,0.001,-0.001
2023-08-12 00:00:00,0,26.6,26.6,0.0,85.0,0.0,0.0,0.0
2023-08-12 01:00:00,1,26.0,26.0,0.0,75.0,0.0,0.0,0.0
2023-08-12 02:00:00,2,25.5,25.5,0.0,3.0,0.0,0.0,0.0
2023-08-12 03:00:00,3,25.2,25.2,0.0,39.0,0.0,0.0,0.0
2023-08-12 04:00:00,4,24.7,24.7,0.0,96.0,0.0,0.0,0.0
2023-08-12 05:00:00,5,24.7,24.7,0.0,100.0,0.0,0.0,0.0
2023-08-12 06:00:00,6,24.9,25.2125,10.0,29.0,0.04000097025,0.038,0.002
2023-08-12 07:00:00,7,26.0,29.71875,119.0,4.0,0.4922343369999999,0.475,0.017
2023-08-12 08:00:00,8,27.3,36.95625,309.0,1.0,1.2479429311125,1.223,0.025
2023-08-12 09:00:00,9,28.8,44.76875,511.0,42.0,1.8320172837750004,1.843,-0.011
2023-08-12 10:00:00,10,30.0,50.78125,665.0,73.0,2.1647131953125,2.155,0.01
2023-08-12 11:00:00,11,30.8,51.8625,674.0,99.0,2.05048099895,2.019,0.031
2023-08-12 12:00:00,12,31.9,55.68125,761.0,100.0,2.269861335,2.258,0.012
2023-08-12 13:00:00,13,32.5,55.84375,747.0,100.0,2.226452175,2.246,-0.02
2023-08-12 14:00:00,14,32.9,55.5875,726.0,100.0,2.16639126,2.161,0.005
2023-08-12 15:00:00,15,32.7,50.2625,562.0,100.0,1.7177136600000005,1.713,0.005
2023-08-12 16:00:00,16,32.5,45.53125,417.0,100.0,1.301363175,1.356,-0.055
2023-08-12 17:00:00,17,31.0,38.5625,242.0,100.0,0.7781631,0.793,-0.015
2023-08-12 18:00:00,18,30.3,33.3,96.0,91.0,0.3226636992,0.326,-0.003
2023-08-12 19:00:00,19,29.3,29.675,12.0,95.0,0.0405375029999999,0.038,0.003
2023-08-12 20:00:00,20,28.7,28.7,0.0,100.0,0.0,0.0,0.0
2023-08-12 21:00:00,21,28.1,28.1,0.0,62.0,0.0,0.002,-0.002
2023-08-12 22:00:00,22,27.2,27.2,0.0,98.0,0.0,0.0,0.0
2023-08-12 23:00:00,23,26.6,26.6,0.0,100.0,0.0,0.0,0.0
2023-08-13 00:00:00,0,26.2,26.2,0.0,100.0,0.0,0.0,0.0
2023-08-13 01:00:00,1,25.8,25.8,0.0,100.0,0.0,0.0,0.0
2023-08-13 02:00:00,2,25.5,25.5,0.0,100.0,0.0,0.0,0.0
2023-08-13 03:00:00,3,25.2,25.2,0.0,100.0,0.0,0.0,0.0
2023-08-13 04:00:00,4,25.2,25.2,0.0,100.0,0.0,0.0,0.0
2023-08-13 05:00:00,5,25.6,25.6,0.0,100.0,0.0,0.0,0.0
2023-08-13 06:00:00,6,25.6,25.725,4.0,100.0,0.01356056,0.014,-0.0
2023-08-13 07:00:00,7,25.7,27.23125,49.0,100.0,0.165113095,0.186,-0.021
2023-08-13 08:00:00,8,26.2,30.04375,123.0,100.0,0.4097628149999999,0.419,-0.009
2023-08-13 09:00:00,9,27.0,34.0625,226.0,100.0,0.7405455000000001,0.742,-0.001
2023-08-13 10:00:00,10,27.9,37.43125,305.0,100.0,0.985435175,0.979,0.006
2023-08-13 11:00:00,11,29.0,42.03125,417.0,100.0,1.321212375,1.32,0.001
2023-08-13 12:00:00,12,29.8,45.08125,489.0,100.0,1.529051655,1.52,0.009
2023-08-13 13:00:00,13,30.9,48.9,576.0,100.0,1.77117696,1.816,-0.045
2023-08-13 14:00:00,14,31.5,49.375,572.0,100.0,1.755182,1.759,-0.004
2023-08-13 15:00:00,15,31.8,50.26875,591.0,100.0,1.806299895,1.801,0.005
2023-08-13 16:00:00,16,31.3,42.51875,359.0,100.0,1.135066455,1.145,-0.01
2023-08-13 17:00:00,17,29.9,36.7125,218.0,100.0,0.7064747800000001,0.706,0.0
2023-08-13 18:00:00,18,29.1,32.2875,102.0,100.0,0.33669078,0.338,-0.001
2023-08-13 19:00:00,19,28.0,28.34375,11.0,100.0,0.0368997749999999,0.035,0.002
2023-08-13 20:00:00,20,27.6,27.6,0.0,100.0,0.0,0.0,0.0
2023-08-13 21:00:00,21,27.2,27.2,0.0,100.0,0.0,0.0,0.0
2023-08-13 22:00:00,22,26.9,26.9,0.0,100.0,0.0,0.0,0.0
2023-08-13 23:00:00,23,26.6,26.6,0.0,85.0,0.0,0.0,0.0
2023-08-14 00:00:00,0,26.0,26.0,0.0,100.0,0.0,0.0,0.0
2023-08-14 01:00:00,1,25.5,25.5,0.0,100.0,0.0,0.0,0.0
2023-08-14 02:00:00,2,25.1,25.1,0.0,100.0,0.0,0.0,0.0
2023-08-14 03:00:00,3,25.0,25.0,0.0,100.0,0.0,0.0,0.0
2023-08-14 04:00:00,4,24.6,24.6,0.0,100.0,0.0,0.0,0.0
2023-08-14 05:00:00,5,24.4,24.4,0.0,100.0,0.0,0.0,0.0
2023-08-14 06:00:00,6,25.1,25.35,8.0,100.0,0.02716192,0.026,0.001
2023-08-14 07:00:00,7,26.1,29.35,104.0,100.0,0.34744736,0.352,-0.005
2023-08-14 08:00:00,8,27.1,33.975,220.0,100.0,0.7211468000000001,0.721,0.0
2023-08-14 09:00:00,9,28.1,40.475,396.0,99.0,1.2662154846000002,1.282,-0.016
2023-08-14 10:00:00,10,29.4,48.7125,618.0,93.0,1.93518445065,1.937,-0.002
2023-08-14 11:00:00,11,30.2,49.075,604.0,100.0,1.85583832,1.867,-0.011
2023-08-14 12:00:00,12,30.1,47.1,544.0,100.0,1.6860953600000004,1.695,-0.009
2023-08-14 13:00:00,13,30.2,45.575,492.0,100.0,1.5351285599999998,1.521,0.014
2023-08-14 14:00:00,14,30.2,42.91875,407.0,100.0,1.2846161349999998,1.326,-0.041
2023-08-14 15:00:00,15,30.0,39.96875,319.0,100.0,1.0196595750000002,1.029,-0.009
2023-08-14 16:00:00,16,30.5,42.375,380.0,100.0,1.202206,1.187,0.015
2023-08-14 17:00:00,17,28.8,35.08125,201.0,97.0,0.6607607092125002,0.663,-0.002
2023-08-14 18:00:00,18,28.4,31.9,112.0,94.0,0.3758442688000001,0.375,0.001
2023-08-14 19:00:00,19,27.4,27.74375,11.0,90.0,0.0379142733749999,0.04,-0.002
2023-08-14 20:00:00,20,27.0,27.0,0.0,98.0,0.0,0.0,0.0
2023-08-14 21:00:00,21,26.8,26.8,0.0,100.0,0.0,0.0,0.0
2023-08-14 22:00:00,22,26.9,26.9,0.0,100.0,0.0,0.0,0.0
2023-08-14 23:00:00,23,26.8,26.8,0.0,93.0,0.0,0.0,0.0
2023-08-15 00:00:00,0,25.8,25.8,0.0,100.0,0.0,0.0,0.0
2023-08-15 01:00:00,1,25.5,25.5,0.0,100.0,0.0,0.0,0.0
2023-08-15 02:00:00,2,25.1,25.1,0.0,100.0,0.0,0.0,0.0
2023-08-15 03:00:00,3,24.6,24.6,0.0,100.0,0.0,0.0,0.0
2023-08-15 04:00:00,4,24.7,24.7,0.0,92.0,0.0,0.0,0.0
2023-08-15 05:00:00,5,25.1,25.1,0.0,96.0,0.0,0.0,0.0
2023-08-15 06:00:00,6,25.6,25.88125,9.0,73.0,0.0325503541125,0.031,0.002
2023-08-15 07:00:00,7,26.6,29.6,96.0,60.0,0.352433664,0.348,0.004
2023-08-15 08:00:00,8,27.9,36.3375,270.0,100.0,0.8763687,0.881,-0.005
2023-08-15 09:00:00,9,29.6,44.81875,487.0,99.0,1.5283477961375,1.523,0.005
2023-08-15 10:00:00,10,30.4,50.99375,659.0,79.0,2.1130343797875,2.101,0.012
2023-08-15 11:00:00,11,31.3,53.01875,695.0,96.0,2.11914844275,2.118,0.001
2023-08-15 12:00:00,12,31.8,55.20625,749.0,34.0,2.6083267190750004,2.608,0.0
2023-08-15 13:00:00,13,32.3,56.70625,781.0,46.0,2.631643795825,2.622,0.01
2023-08-15 14:00:00,14,32.5,50.90625,589.0,40.0,2.06434266125,2.082,-0.018
2023-08-15 15:00:00,15,33.0,50.1875,550.0,33.0,1.96326508125,1.96,0.003
2023-08-15 16:00:00,16,32.7,46.60625,445.0,42.0,1.5826636263750002,1.59,-0.007
2023-08-15 17:00:00,17,30.0,37.4375,238.0,95.0,0.7785540787499999,0.786,-0.007
2023-08-15 18:00:00,18,28.3,31.425,100.0,72.0,0.35445034,0.359,-0.005
2023-08-15 19:00:00,19,27.7,27.95,8.0,38.0,0.0310452911999999,0.03,0.001
2023-08-15 20:00:00,20,26.9,26.9,0.0,25.0,0.0,0.001,-0.001
2023-08-15 21:00:00,21,26.6,26.6,0.0,31.0,0.0,0.0,0.0
2023-08-15 22:00:00,22,26.1,26.1,0.0,22.0,0.0,0.0,0.0
2023-08-15 23:00:00,23,25.7,25.7,0.0,16.0,0.0,0.0,0.0
2023-08-16 00:00:00,0,25.6,25.6,0.0,20.0,0.0,0.0,0.0
2023-08-16 01:00:00,1,25.6,25.6,0.0,16.0,0.0,0.0,0.0
2023-08-16 02:00:00,2,25.6,25.6,0.0,6.0,0.0,0.0,0.0
2023-08-16 03:00:00,3,25.6,25.6,0.0,11.0,0.0,0.0,0.0
2023-08-16 04:00:00,4,25.5,25.5,0.0,7.0,0.0,0.0,0.0
2023-08-16 05:00:00,5,25.9,25.9,0.0,4.0,0.0,0.0,0.0
2023-08-16 06:00:00,6,26.1,26.35,8.0,43.0,0.0309081896,0.028,0.003
2023-08-16 07:00:00,7,26.8,29.925,100.0,42.0,0.38163079,0.388,-0.006
2023-08-16 08:00:00,8,28.2,36.2625,258.0,28.0,0.9884649252,0.988,0.0
2023-08-16 09:00:00,9,29.9,44.3375,462.0,36.0,1.6811863992,1.669,0.012
2023-08-16 10:00:00,10,31.5,52.0625,658.0,55.0,2.21946319875,2.182,0.037
2023-08-16 11:00:00,11,32.2,52.04375,635.0,62.0,2.108367941625,2.105,0.003
2023-08-16 12:00:00,12,33.3,56.6125,746.0,94.0,2.2489073033,2.279,-0.03
2023-08-16 13:00:00,13,33.8,54.89375,675.0,100.0,2.020575375,1.989,0.032
2023-08-16 14:00:00,14,33.5,48.3125,474.0,100.0,1.4613183,1.457,0.004
2023-08-16 15:00:00,15,33.8,47.45625,437.0,62.0,1.480810126425,1.475,0.006
2023-08-16 16:00:00,16,34.0,48.0625,450.0,25.0,1.64926828125,1.661,-0.012
2023-08-16 17:00:00,17,29.9,38.5875,278.0,45.0,1.01672978225,1.001,0.016
2023-08-16 18:00:00,18,29.6,33.225,116.0,32.0,0.4462663608,0.434,0.012
2023-08-16 19:00:00,19,28.3,28.6125,10.0,9.0,0.04113192925,0.035,0.006
2023-08-16 20:00:00,20,28.0,28.0,0.0,26.0,0.0,0.002,-0.002
2023-08-16 21:00:00,21,28.0,28.0,0.0,33.0,0.0,0.002,-0.002
2023-08-16 22:00:00,22,27.8,27.8,0.0,35.0,0.0,0.001,-0.001
2023-08-16 23:00:00,23,27.9,27.9,0.0,4.0,0.0,0.001,-0.001
2023-08-17 00:00:00,0,27.6,27.6,0.0,8.0,0.0,0.0,0.0
2023-08-17 01:00:00,1,27.1,27.1,0.0,5.0,0.0,0.0,0.0
2023-08-17 02:00:00,2,26.5,26.5,0.0,0.0,0.0,0.0,0.0
2023-08-17 03:00:00,3,26.1,26.1,0.0,0.0,0.0,0.0,0.0
2023-08-17 04:00:00,4,25.6,25.6,0.0,0.0,0.0,0.0,0.0
2023-08-17 05:00:00,5,25.7,25.7,0.0,6.0,0.0,0.0,0.0
2023-08-17 06:00:00,6,25.7,25.95,8.0,79.0,0.0285192136,0.027,0.002
2023-08-17 07:00:00,7,26.6,30.25625,117.0,84.0,0.4050137052,0.401,0.004
2023-08-17 08:00:00,8,27.9,37.525,308.0,73.0,1.0618799114,1.061,0.001
2023-08-17 09:00:00,9,29.5,45.46875,511.0,14.0,1.938107705625,1.961,-0.023
2023-08-17 10:00:00,10,31.0,52.5625,690.0,0.0,2.609191875,2.716,-0.107
2023-08-17 11:00:00,11,32.1,57.75625000000001,821.0,11.0,2.965365456337499,2.988,-0.023
2023-08-17 12:00:00,12,32.9,59.087500000000006,838.0,35.0,2.86057721175,2.882,-0.021
2023-08-17 13:00:00,13,33.3,59.39375,835.0,54.0,2.729993401125,2.734,-0.004
2023-08-17 14:00:00,14,33.8,58.51875,791.0,22.0,2.782938340525,2.79,-0.007
2023-08-17 15:00:00,15,33.8,54.08125,649.0,20.0,2.3399007059999994,2.343,-0.003
2023-08-17 16:00:00,16,33.2,48.8875,502.0,22.0,1.8447397357,1.84,0.005
2023-08-17 17:00:00,17,32.6,41.725,292.0,68.0,1.0004922144,1.007,-0.007
2023-08-17 18:00:00,18,31.1,34.69375,115.0,94.0,0.381476559625,0.383,-0.002
2023-08-17 19:00:00,19,29.3,29.6125,10.0,100.0,0.0333727,0.031,0.002
2023-08-17 20:00:00,20,29.2,29.2,0.0,100.0,0.0,0.0,0.0
2023-08-17 21:00:00,21,28.9,28.9,0.0,100.0,0.0,0.0,0.0
2023-08-17 22:00:00,22,28.3,28.3,0.0,100.0,0.0,0.001,-0.001
2023-08-17 23:00:00,23,28.0,28.0,0.0,100.0,0.0,0.001,-0.001
2023-08-18 00:00:00,0,27.4,27.4,0.0,99.0,0.0,0.0,0.0
2023-08-18 01:00:00,1,26.6,26.6,0.0,99.0,0.0,0.0,0.0
2023-08-18 02:00:00,2,26.1,26.1,0.0,100.0,0.0,0.0,0.0
2023-08-18 03:00:00,3,25.9,25.9,0.0,100.0,0.0,0.0,0.0
2023-08-18 04:00:00,4,25.5,25.5,0.0,100.0,0.0,0.0,0.0
2023-08-18 05:00:00,5,24.9,24.9,0.0,100.0,0.0,0.0,0.0
2023-08-18 06:00:00,6,25.0,25.25,8.0,89.0,0.027920052,0.027,0.001
2023-08-18 07:00:00,7,26.0,29.5625,114.0,26.0,0.4509236655,0.437,0.014
2023-08-18 08:00:00,8,27.6,37.44375,315.0,5.0,1.2593925815624998,1.223,0.036
2023-08-18 09:00:00,9,29.4,45.65,520.0,0.0,2.027454,2.021,0.006
2023-08-18 10:00:00,10,31.1,52.88125,697.0,5.0,2.6055662180625,2.631,-0.025
2023-08-18 11:00:00,11,32.3,58.1125,826.0,29.0,2.86889328705,2.875,-0.006
2023-08-18 12:00:00,12,33.1,60.44375,875.0,79.0,2.6872633921875,2.654,0.033
2023-08-18 13:00:00,13,33.3,56.89375,755.0,77.0,2.3682870860625,2.381,-0.013
2023-08-18 14:00:00,14,33.7,57.91875,775.0,92.0,2.3337971025,2.327,0.007
2023-08-18 15:00:00,15,33.9,54.525,660.0,19.0,2.379727779,2.367,0.013
2023-08-18 16:00:00,16,33.8,49.425,500.0,43.0,1.752492175,1.767,-0.015
2023-08-18 17:00:00,17,33.0,42.53125,305.0,80.0,1.01249439375,1.011,0.001
2023-08-18 18:00:00,18,31.5,34.8125,106.0,97.0,0.34885120725,0.345,0.004
2023-08-18 19:00:00,19,30.4,30.65,8.0,100.0,0.02658528,0.028,-0.001
2023-08-18 20:00:00,20,29.4,29.4,0.0,94.0,0.0,0.001,-0.001
2023-08-18 21:00:00,21,27.0,27.0,0.0,100.0,0.0,0.0,0.0
2023-08-18 22:00:00,22,27.0,27.0,0.0,100.0,0.0,0.0,0.0
2023-08-18 23:00:00,23,27.0,27.0,0.0,89.0,0.0,0.0,0.0
2023-08-19 00:00:00,0,26.5,26.5,0.0,47.0,0.0,0.0,0.0
2023-08-19 01:00:00,1,26.6,26.6,0.0,39.0,0.0,0.0,0.0
2023-08-19 02:00:00,2,26.6,26.6,0.0,31.0,0.0,0.0,0.0
2023-08-19 03:00:00,3,26.5,26.5,0.0,65.0,0.0,0.0,0.0
2023-08-19 04:00:00,4,26.1,26.1,0.0,51.0,0.0,0.0,0.0
2023-08-19 05:00:00,5,26.5,26.5,0.0,61.0,0.0,0.0,0.0
2023-08-19 06:00:00,6,26.4,26.61875,7.0,69.0,0.0254784518625,0.027,-0.002
2023-08-19 07:00:00,7,27.3,30.6125,106.0,100.0,0.3523090200000001,0.366,-0.014
2023-08-19 08:00:00,8,27.9,34.2125,202.0,100.0,0.6614914199999999,0.67,-0.009
2023-08-19 09:00:00,9,29.0,38.71875,311.0,99.0,1.0018736129375,0.998,0.004
2023-08-19 10:00:00,10,31.0,48.4375,558.0,48.0,1.942851375,1.928,0.015
2023-08-19 11:00:00,11,32.1,54.25625,709.0,59.0,2.3466707373374995,2.338,0.009
2023-08-19 12:00:00,12,32.4,52.9625,658.0,20.0,2.384363016,2.357,0.027
2023-08-19 13:00:00,13,33.1,58.31875,807.0,100.0,2.378120055,2.383,-0.005
2023-08-19 14:00:00,14,31.6,51.1,624.0,76.0,2.0141112576,2.029,-0.015
2023-08-19 15:00:00,15,31.3,47.51875,519.0,16.0,1.94284092255,1.947,-0.004
2023-08-19 16:00:00,16,32.3,48.05,504.0,10.0,1.905617448,1.891,0.015
2023-08-19 17:00:00,17,32.1,41.5375,302.0,12.0,1.1698301595999998,1.176,-0.006
2023-08-19 18:00:00,18,31.0,34.21875,103.0,79.0,0.3549939096874999,0.361,-0.006
2023-08-19 19:00:00,19,29.8,30.01875,7.0,96.0,0.02355543715,0.024,-0.0
2023-08-19 20:00:00,20,29.0,29.0,0.0,98.0,0.0,0.0,0.0
2023-08-19 21:00:00,21,28.4,28.4,0.0,100.0,0.0,0.001,-0.001
2023-08-19 22:00:00,22,28.0,28.0,0.0,100.0,0.0,0.001,-0.001
2023-08-19 23:00:00,23,27.8,27.8,0.0,99.0,0.0,0.0,0.0
2023-08-20 00:00:00,0,27.6,27.6,0.0,100.0,0.0,0.0,0.0
2023-08-20 01:00:00,1,27.2,27.2,0.0,100.0,0.0,0.0,0.0
2023-08-20 02:00:00,2,26.9,26.9,0.0,99.0,0.0,0.0,0.0
2023-08-20 03:00:00,3,26.4,26.4,0.0,99.0,0.0,0.0,0.0
2023-08-20 04:00:00,4,26.4,26.4,0.0,91.0,0.0,0.0,0.0
2023-08-20 05:00:00,5,27.2,27.2,0.0,97.0,0.0,0.0,0.0
2023-08-20 06:00:00,6,27.2,27.41875,7.0,96.0,0.02380543235,0.026,-0.002
2023-08-20 07:00:00,7,27.6,30.85,104.0,88.0,0.3556855328,0.36,-0.004
2023-08-20 08:00:00,8,28.9,38.025,292.0,79.0,0.9904815637999996,0.991,-0.001
2023-08-20 09:00:00,9,30.5,46.125,500.0,99.0,1.560240875,1.565,-0.005
2023-08-20 10:00:00,10,31.5,51.0625,626.0,45.0,2.16866001625,2.179,-0.01
2023-08-20 11:00:00,11,32.5,55.375,732.0,20.0,2.62369296,2.585,0.039
2023-08-20 12:00:00,12,33.1,59.25625,837.0,64.0,2.67688113795,2.66,0.017
2023-08-20 13:00:00,13,33.3,57.425,772.0,16.0,2.7640797624,2.757,0.007
2023-08-20 14:00:00,14,33.7,57.075,748.0,71.0,2.3776332294,2.398,-0.02
2023-08-20 15:00:00,15,34.4,54.5875,646.0,63.0,2.11557824555,2.071,0.045
2023-08-20 16:00:00,16,30.6,40.725,324.0,52.0,1.1561864832,1.155,0.001
2023-08-20 17:00:00,17,30.0,38.34375,267.0,67.0,0.9302422344375,0.93,0.0
2023-08-20 18:00:00,18,30.2,33.325,100.0,67.0,0.3557939349999999,0.352,0.004
2023-08-20 19:00:00,19,29.2,29.3875,6.0,71.0,0.02149502355,0.019,0.002
2023-08-20 20:00:00,20,28.8,28.8,0.0,14.0,0.0,0.001,-0.001
2023-08-20 21:00:00,21,28.3,28.3,0.0,17.0,0.0,0.001,-0.001
2023-08-20 22:00:00,22,27.8,27.8,0.0,21.0,0.0,0.001,-0.001
2023-08-20 23:00:00,23,27.2,27.2,0.0,12.0,0.0,0.0,0.0
2023-08-21 00:00:00,0,27.2,27.2,0.0,10.0,0.0,0.0,0.0
2023-08-21 01:00:00,1,26.7,26.7,0.0,24.0,0.0,0.0,0.0
2023-08-21 02:00:00,2,26.5,26.5,0.0,29.0,0.0,0.0,0.0
2023-08-21 03:00:00,3,25.9,25.9,0.0,92.0,0.0,0.0,0.0
2023-08-21 04:00:00,4,25.9,25.9,0.0,68.0,0.0,0.0,0.0
2023-08-21 05:00:00,5,26.7,26.7,0.0,68.0,0.0,0.0,0.0
2023-08-21 06:00:00,6,27.3,27.51875,7.0,67.0,0.0255039327375,0.026,-0.0
2023-08-21 07:00:00,7,27.7,31.1375,110.0,73.0,0.38944353525,0.38,0.009
2023-08-21 08:00:00,8,27.7,34.2625,210.0,46.0,0.7803650505,0.805,-0.025
2023-08-21 09:00:00,9,29.6,44.75625,485.0,83.0,1.5832320054374998,1.599,-0.016
2023-08-21 10:00:00,10,31.2,52.075,668.0,100.0,2.02522904,2.034,-0.009
2023-08-21 11:00:00,11,32.4,56.7125,778.0,100.0,2.3096563800000003,2.312,-0.002
2023-08-21 12:00:00,12,33.5,59.71875,839.0,100.0,2.4564451750000003,2.459,-0.003
2023-08-21 13:00:00,13,33.8,58.58125,793.0,100.0,2.334032935,2.336,-0.002
2023-08-21 14:00:00,14,33.9,55.65,696.0,87.0,2.1437584391999995,2.143,0.001
2023-08-21 15:00:00,15,34.2,52.825,596.0,26.0,2.1340210908,2.154,-0.02
2023-08-21 16:00:00,16,33.9,47.55625,437.0,50.0,1.520711656875,1.511,0.01
2023-08-21 17:00:00,17,32.2,40.325,260.0,92.0,0.8464070159999999,0.852,-0.006
2023-08-21 18:00:00,18,31.1,33.69375,83.0,90.0,0.279196157375,0.284,-0.005
2023-08-21 19:00:00,19,30.0,30.1875,6.0,15.0,0.0242217487499999,0.022,0.002
2023-08-21 20:00:00,20,29.3,29.3,0.0,92.0,0.0,0.001,-0.001
2023-08-21 21:00:00,21,28.8,28.8,0.0,97.0,0.0,0.0,0.0
2023-08-21 22:00:00,22,28.4,28.4,0.0,100.0,0.0,0.001,-0.001
2023-08-21 23:00:00,23,27.8,27.8,0.0,100.0,0.0,0.0,0.0
2023-08-22 00:00:00,0,27.1,27.1,0.0,100.0,0.0,0.0,0.0
2023-08-22 01:00:00,1,27.0,27.0,0.0,100.0,0.0,0.0,0.0
2023-08-22 02:00:00,2,27.0,27.0,0.0,100.0,0.0,0.0,0.0
2023-08-22 03:00:00,3,27.1,27.1,0.0,100.0,0.0,0.0,0.0
2023-08-22 04:00:00,4,27.0,27.0,0.0,99.0,0.0,0.0,0.0
2023-08-22 05:00:00,5,27.9,27.9,0.0,97.0,0.0,0.0,0.0
2023-08-22 06:00:00,6,28.0,28.15625,5.0,100.0,0.016785375,0.018,-0.001
2023-08-22 07:00:00,7,28.3,30.33125,65.0,100.0,0.216287175,0.223,-0.007
2023-08-22 08:00:00,8,29.6,37.9125,266.0,100.0,0.8576877400000001,0.854,0.004
2023-08-22 09:00:00,9,31.2,44.85625,437.0,100.0,1.3677903350000002,1.346,0.022
2023-08-22 10:00:00,10,32.7,52.16875,623.0,100.0,1.8880046150000005,1.892,-0.004
2023-08-22 11:00:00,11,34.0,58.3125,778.0,100.0,2.2927271,2.294,-0.001
2023-08-22 12:00:00,12,35.1,61.50625,845.0,100.0,2.453470175,2.462,-0.009
2023-08-22 13:00:00,13,32.2,53.73125,689.0,100.0,2.073376695,2.08,-0.007
2023-08-22 14:00:00,14,31.7,45.16875,431.0,100.0,1.347178855,1.336,0.011
2023-08-22 15:00:00,15,32.9,47.0875,454.0,100.0,1.40722294,1.428,-0.021
2023-08-22 16:00:00,16,28.0,33.03125,161.0,100.0,0.5298147750000001,0.51,0.02
2023-08-22 17:00:00,17,29.2,31.85625,85.0,100.0,0.281074175,0.278,0.003
2023-08-22 18:00:00,18,28.8,29.95625,37.0,100.0,0.123306015,0.121,0.002
2023-08-22 19:00:00,19,28.3,28.39375,3.0,100.0,0.010061535,0.006,0.004
2023-08-22 20:00:00,20,28.3,28.3,0.0,100.0,0.0,0.001,-0.001
2023-08-22 21:00:00,21,28.5,28.5,0.0,100.0,0.0,0.0,0.0
2023-08-22 22:00:00,22,28.4,28.4,0.0,100.0,0.0,0.001,-0.001
2023-08-22 23:00:00,23,28.4,28.4,0.0,100.0,0.0,0.001,-0.001
2023-08-23 00:00:00,0,28.3,28.3,0.0,100.0,0.0,0.0,0.0
2023-08-23 01:00:00,1,28.1,28.1,0.0,100.0,0.0,0.0,0.0
2023-08-23 02:00:00,2,27.8,27.8,0.0,100.0,0.0,0.0,0.0
2023-08-23 03:00:00,3,27.5,27.5,0.0,100.0,0.0,0.0,0.0
2023-08-23 04:00:00,4,27.2,27.2,0.0,100.0,0.0,0.0,0.0
2023-08-23 05:00:00,5,26.1,26.1,0.0,100.0,0.0,0.0,0.0
2023-08-23 06:00:00,6,26.2,26.2625,2.0,100.0,0.00676566,0.004,0.003
2023-08-23 07:00:00,7,26.5,27.90625,45.0,100.0,0.151221375,0.166,-0.015
2023-08-23 08:00:00,8,27.2,32.41875,167.0,100.0,0.550950535,0.556,-0.005
2023-08-23 09:00:00,9,28.0,36.53125,273.0,100.0,0.8853867750000003,0.891,-0.006
2023-08-23 10:00:00,10,29.3,44.76875,495.0,100.0,1.5499167750000002,1.532,0.018
2023-08-23 11:00:00,11,30.1,47.6,560.0,100.0,1.7318784000000005,1.723,0.009
2023-08-23 12:00:00,12,31.0,54.6875,758.0,100.0,2.2711575,2.276,-0.005
2023-08-23 13:00:00,13,30.7,46.7625,514.0,100.0,1.5954714200000002,1.585,0.01
2023-08-23 14:00:00,14,30.4,42.61875,391.0,100.0,1.2357105350000002,1.26,-0.024
2023-08-23 15:00:00,15,29.6,34.475,156.0,100.0,0.51029784,0.518,-0.008
2023-08-23 16:00:00,16,29.5,33.875,140.0,100.0,0.459102,0.461,-0.002
2023-08-23 17:00:00,17,28.4,31.275,92.0,100.0,0.30494872,0.299,0.006
2023-08-23 18:00:00,18,28.0,29.78125,57.0,100.0,0.190093575,0.183,0.007
2023-08-23 19:00:00,19,27.5,27.625,4.0,100.0,0.0134572,0.01,0.003
2023-08-23 20:00:00,20,27.6,27.6,0.0,100.0,0.0,0.0,0.0
2023-08-23 21:00:00,21,27.3,27.3,0.0,100.0,0.0,0.0,0.0
2023-08-23 22:00:00,22,26.9,26.9,0.0,100.0,0.0,0.0,0.0
2023-08-23 23:00:00,23,26.6,26.6,0.0,100.0,0.0,0.0,0.0
2023-08-24 00:00:00,0,26.2,26.2,0.0,100.0,0.0,0.0,0.0
2023-08-24 01:00:00,1,25.9,25.9,0.0,100.0,0.0,0.0,0.0
2023-08-24 02:00:00,2,25.6,25.6,0.0,100.0,0.0,0.0,0.0
2023-08-24 03:00:00,3,25.3,25.3,0.0,92.0,0.0,0.0,0.0
2023-08-24 04:00:00,4,24.8,24.8,0.0,58.0,0.0,0.0,0.0
2023-08-24 05:00:00,5,25.1,25.1,0.0,95.0,0.0,0.0,0.0
2023-08-24 06:00:00,6,25.4,25.5875,6.0,100.0,0.02035206,0.02,0.0
2023-08-24 07:00:00,7,25.8,28.01875,71.0,100.0,0.2384850949999999,0.241,-0.003
2023-08-24 08:00:00,8,26.7,34.7,256.0,100.0,0.8366284800000001,0.855,-0.018
2023-08-24 09:00:00,9,27.5,38.46875,351.0,100.0,1.129105575,1.144,-0.015
2023-08-24 10:00:00,10,28.3,43.58125,489.0,100.0,1.539027255,1.517,0.022
2023-08-24 11:00:00,11,28.8,45.76875,543.0,100.0,1.6928269350000005,1.727,-0.034
2023-08-24 12:00:00,12,29.5,45.03125,497.0,100.0,1.554404775,1.537,0.017
2023-08-24 13:00:00,13,30.0,44.4375,462.0,100.0,1.4486703,1.456,-0.007
2023-08-24 14:00:00,14,30.8,44.8625,450.0,100.0,1.4084415,1.421,-0.013
2023-08-24 15:00:00,15,30.8,46.95625,517.0,100.0,1.603421215,1.614,-0.011
2023-08-24 16:00:00,16,31.0,42.28125,361.0,100.0,1.142555975,1.146,-0.003
2023-08-24 17:00:00,17,29.4,35.05625,181.0,100.0,0.590645535,0.589,0.002
2023-08-24 18:00:00,18,28.4,30.61875,71.0,100.0,0.2359745349999999,0.247,-0.011
2023-08-24 19:00:00,19,27.4,27.55625,5.0,100.0,0.016826175,0.014,0.003
2023-08-24 20:00:00,20,26.9,26.9,0.0,100.0,0.0,0.0,0.0
2023-08-24 21:00:00,21,26.8,26.8,0.0,90.0,0.0,0.0,0.0
2023-08-24 22:00:00,22,25.7,25.7,0.0,78.0,0.0,0.0,0.0
2023-08-24 23:00:00,23,25.7,25.7,0.0,95.0,0.0,0.0,0.0
2023-08-25 00:00:00,0,25.4,25.4,0.0,95.0,0.0,0.0,0.0
2023-08-25 01:00:00,1,25.2,25.2,0.0,100.0,0.0,0.0,0.0
2023-08-25 02:00:00,2,25.1,25.1,0.0,100.0,0.0,0.0,0.0
2023-08-25 03:00:00,3,24.7,24.7,0.0,100.0,0.0,0.0,0.0
2023-08-25 04:00:00,4,24.4,24.4,0.0,99.0,0.0,0.0,0.0
2023-08-25 05:00:00,5,24.9,24.9,0.0,98.0,0.0,0.0,0.0
2023-08-25 06:00:00,6,24.8,24.9875,6.0,100.0,0.0204,0.02,0.0
2023-08-25 07:00:00,7,25.6,29.00625,109.0,99.0,0.3655727878375,0.358,0.008
2023-08-25 08:00:00,8,26.7,36.0125,298.0,98.0,0.9734113827,0.969,0.004
2023-08-25 09:00:00,9,28.0,43.9375,510.0,97.0,1.6146693712500002,1.628,-0.013
2023-08-25 10:00:00,10,29.3,50.7375,686.0,80.0,2.196893391,2.195,0.002
2023-08-25 11:00:00,11,29.9,52.55625,725.0,91.0,2.2426445209375,2.246,-0.003
2023-08-25 12:00:00,12,30.6,51.88125,681.0,68.0,2.2317515442,2.21,0.022
2023-08-25 13:00:00,13,31.3,54.3625,738.0,100.0,2.21449446,2.239,-0.025
2023-08-25 14:00:00,14,30.3,46.20625,509.0,80.0,1.66299194775,1.674,-0.011
2023-08-25 15:00:00,15,31.0,48.96875,575.0,89.0,1.8161723953125,1.853,-0.037
2023-08-25 16:00:00,16,30.2,38.29375,259.0,19.0,1.0026133492374998,0.981,0.022
2023-08-25 17:00:00,17,29.6,37.88125,265.0,38.0,0.987035251125,0.931,0.056
2023-08-25 18:00:00,18,28.0,31.25,104.0,6.0,0.4257786,0.427,-0.001
2023-08-25 19:00:00,19,26.3,26.45625,5.0,56.0,0.01876008225,0.016,0.003
2023-08-25 20:00:00,20,27.3,27.3,0.0,10.0,0.0,0.0,0.0
2023-08-25 21:00:00,21,27.2,27.2,0.0,0.0,0.0,0.0,0.0
2023-08-25 22:00:00,22,26.4,26.4,0.0,0.0,0.0,0.0,0.0
2023-08-25 23:00:00,23,25.8,25.8,0.0,1.0,0.0,0.0,0.0
2023-08-26 00:00:00,0,25.1,25.1,0.0,35.0,0.0,0.0,0.0
2023-08-26 01:00:00,1,24.7,24.7,0.0,21.0,0.0,0.0,0.0
2023-08-26 02:00:00,2,24.4,24.4,0.0,18.0,0.0,0.0,0.0
2023-08-26 03:00:00,3,24.4,24.4,0.0,18.0,0.0,0.0,0.0
2023-08-26 04:00:00,4,24.5,24.5,0.0,100.0,0.0,0.0,0.0
2023-08-26 05:00:00,5,25.0,25.0,0.0,99.0,0.0,0.0,0.0
2023-08-26 06:00:00,6,25.6,25.75625,5.0,40.0,0.0194908612499999,0.019,0.0
2023-08-26 07:00:00,7,26.3,28.95625,85.0,60.0,0.3128692325,0.315,-0.002
2023-08-26 08:00:00,8,27.4,35.525,260.0,1.0,1.056362541,1.038,0.018
2023-08-26 09:00:00,9,28.9,45.15,520.0,0.0,2.031874,2.005,0.027
2023-08-26 10:00:00,10,30.0,51.9375,702.0,8.0,2.619435429,2.646,-0.027
2023-08-26 11:00:00,11,30.8,56.20625,813.0,10.0,2.963469450375,2.948,0.015
2023-08-26 12:00:00,12,31.5,57.8125,842.0,43.0,2.841463193750001,2.835,0.006
2023-08-26 13:00:00,13,32.0,57.71875,823.0,19.0,2.9244626539375003,2.916,0.008
2023-08-26 14:00:00,14,32.7,57.04375,779.0,24.0,2.74784767705,2.758,-0.01
2023-08-26 15:00:00,15,32.8,52.3,624.0,26.0,2.2395567168,2.221,0.019
2023-08-26 16:00:00,16,32.4,46.49375,451.0,30.0,1.646839973625,1.651,-0.004
2023-08-26 17:00:00,17,29.4,37.68125,265.0,5.0,1.0584297590625,0.976,0.082
2023-08-26 18:00:00,18,27.5,29.9375,78.0,34.0,0.3028560794999999,0.287,0.016
2023-08-26 19:00:00,19,27.0,27.125,4.0,22.0,0.016113858,0.012,0.004
2023-08-26 20:00:00,20,27.3,27.3,0.0,26.0,0.0,0.001,-0.001
2023-08-26 21:00:00,21,27.0,27.0,0.0,6.0,0.0,0.0,0.0
2023-08-26 22:00:00,22,26.5,26.5,0.0,2.0,0.0,0.0,0.0
2023-08-26 23:00:00,23,25.7,25.7,0.0,0.0,0.0,0.0,0.0
2023-08-27 00:00:00,0,25.3,25.3,0.0,0.0,0.0,0.0,0.0
2023-08-27 01:00:00,1,24.9,24.9,0.0,0.0,0.0,0.0,0.0
2023-08-27 02:00:00,2,24.2,24.2,0.0,0.0,0.0,0.0,0.0
2023-08-27 03:00:00,3,23.6,23.6,0.0,0.0,0.0,0.0,0.0
2023-08-27 04:00:00,4,23.2,23.2,0.0,8.0,0.0,0.0,0.0
2023-08-27 05:00:00,5,23.9,23.9,0.0,0.0,0.0,0.0,0.0
2023-08-27 06:00:00,6,24.1,24.2875,6.0,0.0,0.0255,0.021,0.005
2023-08-27 07:00:00,7,25.2,28.7,112.0,1.0,0.4680172896,0.456,0.012
2023-08-27 08:00:00,8,26.8,36.425,308.0,7.0,1.2316901982,1.224,0.008
2023-08-27 09:00:00,9,28.4,44.0875,502.0,9.0,1.93513634405,1.946,-0.011
2023-08-27 10:00:00,10,29.7,50.8875,678.0,56.0,2.2938111594,2.242,0.052
2023-08-27 11:00:00,11,30.7,54.3875,758.0,48.0,2.5699026582,2.586,-0.016
2023-08-27 12:00:00,12,31.3,56.9875,822.0,14.0,2.9612044881,2.993,-0.032
2023-08-27 13:00:00,13,31.8,56.83125,801.0,17.0,2.8697965372124994,2.865,0.005
2023-08-27 14:00:00,14,32.1,55.31875,743.0,7.0,2.7359467545875,2.72,0.016
2023-08-27 15:00:00,15,32.3,53.3,672.0,28.0,2.3908695552,2.372,0.019
2023-08-27 16:00:00,16,31.8,46.45625,469.0,15.0,1.7675139391874997,1.769,-0.001
2023-08-27 17:00:00,17,30.6,39.06875,271.0,20.0,1.043457858,1.013,0.03
2023-08-27 18:00:00,18,29.4,32.4,96.0,18.0,0.3816699648,0.389,-0.007
2023-08-27 19:00:00,19,28.4,28.525,4.0,23.0,0.0159893262,0.013,0.003
2023-08-27 20:00:00,20,27.6,27.6,0.0,16.0,0.0,0.0,0.0
2023-08-27 21:00:00,21,26.9,26.9,0.0,11.0,0.0,0.0,0.0
2023-08-27 22:00:00,22,26.2,26.2,0.0,6.0,0.0,0.0,0.0
2023-08-27 23:00:00,23,25.4,25.4,0.0,2.0,0.0,0.0,0.0
2023-08-28 00:00:00,0,25.2,25.2,0.0,5.0,0.0,0.0,0.0
2023-08-28 01:00:00,1,25.2,25.2,0.0,24.0,0.0,0.0,0.0
2023-08-28 02:00:00,2,25.1,25.1,0.0,15.0,0.0,0.0,0.0
2023-08-28 03:00:00,3,24.8,24.8,0.0,1.0,0.0,0.0,0.0
2023-08-28 04:00:00,4,24.7,24.7,0.0,6.0,0.0,0.0,0.0
2023-08-28 05:00:00,5,25.1,25.1,0.0,4.0,0.0,0.0,0.0
2023-08-28 06:00:00,6,25.1,25.25625,5.0,4.0,0.0210583929999999,0.02,0.001
2023-08-28 07:00:00,7,25.7,29.075,108.0,1.0,0.4506152634,0.443,0.008
2023-08-28 08:00:00,8,26.7,36.23125,305.0,0.0,1.23801596875,1.207,0.031
2023-08-28 09:00:00,9,28.2,44.23125,513.0,0.0,2.01253426875,1.978,0.035
2023-08-28 10:00:00,10,29.8,51.4875,694.0,0.0,2.637000475,2.67,-0.033
2023-08-28 11:00:00,11,31.3,57.14375,827.0,0.0,3.06284101875,3.087,-0.024
2023-08-28 12:00:00,12,32.3,60.20625,893.0,8.0,3.20861137605,3.256,-0.047
2023-08-28 13:00:00,13,32.8,60.3,880.0,19.0,3.089859344,3.081,0.009
2023-08-28 14:00:00,14,33.1,57.6625,786.0,31.0,2.72401172715,2.712,0.012
2023-08-28 15:00:00,15,32.9,53.24375,651.0,34.0,2.287292422275,2.301,-0.014
2023-08-28 16:00:00,16,32.4,46.9625,466.0,17.0,1.74509163045,1.749,-0.004
2023-08-28 17:00:00,17,31.2,39.85625,277.0,8.0,1.08957524805,1.099,-0.009
2023-08-28 18:00:00,18,29.8,32.8625,98.0,7.0,0.39775345995,0.397,0.001
2023-08-28 19:00:00,19,28.8,28.925,4.0,8.0,0.0164653704,0.012,0.004
2023-08-28 20:00:00,20,28.3,28.3,0.0,4.0,0.0,0.001,-0.001
2023-08-28 21:00:00,21,27.8,27.8,0.0,5.0,0.0,0.0,0.0
2023-08-28 22:00:00,22,27.2,27.2,0.0,2.0,0.0,0.0,0.0
2023-08-28 23:00:00,23,26.6,26.6,0.0,0.0,0.0,0.0,0.0
2023-08-29 00:00:00,0,26.1,26.1,0.0,0.0,0.0,0.0,0.0
2023-08-29 01:00:00,1,25.5,25.5,0.0,0.0,0.0,0.0,0.0
2023-08-29 02:00:00,2,24.9,24.9,0.0,0.0,0.0,0.0,0.0
2023-08-29 03:00:00,3,24.5,24.5,0.0,0.0,0.0,0.0,0.0
2023-08-29 04:00:00,4,24.1,24.1,0.0,0.0,0.0,0.0,0.0
2023-08-29 05:00:00,5,24.5,24.5,0.0,0.0,0.0,0.0,0.0
2023-08-29 06:00:00,6,24.8,24.95625,5.0,0.0,0.02125,0.019,0.002
2023-08-29 07:00:00,7,25.9,29.30625,109.0,0.0,0.4552705187499999,0.432,0.023
2023-08-29 08:00:00,8,27.3,36.83125,305.0,0.0,1.23490496875,1.178,0.057
2023-08-29 09:00:00,9,28.8,44.89375,515.0,0.0,2.0145802187500004,1.962,0.053
2023-08-29 10:00:00,10,30.4,52.2125,698.0,28.0,2.4955550724,2.534,-0.038
2023-08-29 11:00:00,11,31.3,55.14375,763.0,14.0,2.7719062670250003,2.756,0.016
2023-08-29 12:00:00,12,31.9,58.58749999999999,854.0,14.0,3.0539041281,3.068,-0.014
2023-08-29 13:00:00,13,32.4,59.05624999999999,853.0,21.0,2.9998815053625,2.995,0.005
2023-08-29 14:00:00,14,32.6,56.975,780.0,7.0,2.850537339,2.866,-0.015
2023-08-29 15:00:00,15,32.8,53.6125,666.0,3.0,2.49150997935,2.462,0.03
2023-08-29 16:00:00,16,32.7,48.41875,503.0,6.0,1.914246313525,1.893,0.021
2023-08-29 17:00:00,17,32.1,41.06875,287.0,6.0,1.127654361925,1.134,-0.006
2023-08-29 18:00:00,18,30.3,33.1125,90.0,13.0,0.3604655902499999,0.368,-0.008
2023-08-29 19:00:00,19,29.1,29.19375,3.0,19.0,0.0120597462375,0.008,0.004
2023-08-29 20:00:00,20,28.1,28.1,0.0,7.0,0.0,0.001,-0.001
2023-08-29 21:00:00,21,27.4,27.4,0.0,2.0,0.0,0.0,0.0
2023-08-29 22:00:00,22,27.1,27.1,0.0,2.0,0.0,0.0,0.0
2023-08-29 23:00:00,23,26.8,26.8,0.0,1.0,0.0,0.0,0.0
2023-08-30 00:00:00,0,26.1,26.1,0.0,1.0,0.0,0.0,0.0
2023-08-30 01:00:00,1,25.5,25.5,0.0,1.0,0.0,0.0,0.0
2023-08-30 02:00:00,2,25.3,25.3,0.0,0.0,0.0,0.0,0.0
2023-08-30 03:00:00,3,24.9,24.9,0.0,0.0,0.0,0.0,0.0
2023-08-30 04:00:00,4,24.5,24.5,0.0,1.0,0.0,0.0,0.0
2023-08-30 05:00:00,5,24.8,24.8,0.0,0.0,0.0,0.0,0.0
2023-08-30 06:00:00,6,25.2,25.35625,5.0,0.0,0.02121971875,0.019,0.002
2023-08-30 07:00:00,7,26.5,29.84375,107.0,0.0,0.44593921875,0.433,0.013
2023-08-30 08:00:00,8,28.2,37.66875,303.0,0.0,1.22249326875,1.196,0.026
2023-08-30 09:00:00,9,30.0,45.9375,510.0,0.0,1.985971875,1.968,0.018
2023-08-30 10:00:00,10,31.6,53.1,688.0,15.0,2.5174821279999997,2.559,-0.042
2023-08-30 11:00:00,11,32.5,55.5,736.0,25.0,2.6090648,2.638,-0.029
2023-08-30 12:00:00,12,33.0,57.875,796.0,30.0,2.7618473700000004,2.756,0.006
2023-08-30 13:00:00,13,33.2,57.5125,778.0,27.0,2.7211592325500003,2.709,0.012
2023-08-30 14:00:00,14,33.5,55.5625,706.0,50.0,2.3703199875,2.312,0.058
2023-08-30 15:00:00,15,33.7,51.0125,554.0,76.0,1.7888681052000004,1.784,0.005
2023-08-30 16:00:00,16,33.4,43.4625,322.0,73.0,1.08239057885,1.082,0.0
2023-08-30 17:00:00,17,26.9,33.24375,203.0,62.0,0.7308475172250002,0.707,0.024
2023-08-30 18:00:00,18,27.5,30.0625,82.0,25.0,0.32437073125,0.313,0.011
2023-08-30 19:00:00,19,26.8,26.89375,3.0,4.0,0.0125521914,0.006,0.007
2023-08-30 20:00:00,20,25.8,25.8,0.0,3.0,0.0,0.0,0.0
2023-08-30 21:00:00,21,25.1,25.1,0.0,4.0,0.0,0.0,0.0
2023-08-30 22:00:00,22,24.8,24.8,0.0,6.0,0.0,0.0,0.0
2023-08-30 23:00:00,23,24.8,24.8,0.0,2.0,0.0,0.0,0.0
2023-08-31 00:00:00,0,24.7,24.7,0.0,0.0,0.0,0.0,0.0
2023-08-31 01:00:00,1,24.4,24.4,0.0,3.0,0.0,0.0,0.0
2023-08-31 02:00:00,2,24.5,24.5,0.0,4.0,0.0,0.0,0.0
2023-08-31 03:00:00,3,24.6,24.6,0.0,2.0,0.0,0.0,0.0
2023-08-31 04:00:00,4,24.4,24.4,0.0,1.0,0.0,0.0,0.0
2023-08-31 05:00:00,5,25.9,25.9,0.0,3.0,0.0,0.0,0.0
2023-08-31 06:00:00,6,26.0,26.15625,5.0,0.0,0.02115171875,0.019,0.002
2023-08-31 07:00:00,7,27.0,30.375,108.0,0.0,0.4491315,0.425,0.024
2023-08-31 08:00:00,8,28.7,38.2625,306.0,0.0,1.231508475,1.201,0.031
2023-08-31 09:00:00,9,30.7,46.73125,513.0,3.0,1.9787873781375,1.975,0.004
2023-08-31 10:00:00,10,32.3,54.01875,695.0,12.0,2.548232025499999,2.581,-0.033
2023-08-31 11:00:00,11,33.3,58.1125,794.0,11.0,2.8631414305500003,2.841,0.022
2023-08-31 12:00:00,12,33.9,58.86875,799.0,23.0,2.8006680733875,2.812,-0.011
2023-08-31 13:00:00,13,34.3,59.95625,821.0,18.0,2.893316456475,2.901,-0.008
2023-08-31 14:00:00,14,34.5,57.6875,742.0,17.0,2.64797975925,2.631,0.017
2023-08-31 15:00:00,15,34.5,53.375,604.0,19.0,2.189170971,2.206,-0.017
2023-08-31 16:00:00,16,33.8,47.64375,443.0,22.0,1.636882242325,1.643,-0.006
2023-08-31 17:00:00,17,34.0,42.21875,263.0,27.0,0.9845636604375,0.948,0.037
2023-08-31 18:00:00,18,32.0,34.53125,81.0,29.0,0.3119201915624999,0.321,-0.009
2023-08-31 19:00:00,19,30.1,30.1625,2.0,25.0,0.00790825125,0.006,0.002
2023-08-31 20:00:00,20,29.4,29.4,0.0,14.0,0.0,0.001,-0.001
2023-08-31 21:00:00,21,28.9,28.9,0.0,6.0,0.0,0.001,-0.001
2023-08-31 22:00:00,22,28.4,28.4,0.0,2.0,0.0,0.001,-0.001
2023-08-31 23:00:00,23,27.8,27.8,0.0,2.0,0.0,0.0,0.0
2023-09-01 00:00:00,0,27.3,27.3,0.0,1.0,0.0,0.0,0.0
2023-09-01 01:00:00,1,27.1,27.1,0.0,0.0,0.0,0.0,0.0
2023-09-01 02:00:00,2,26.7,26.7,0.0,7.0,0.0,0.0,0.0
2023-09-01 03:00:00,3,26.4,26.4,0.0,6.0,0.0,0.0,0.0
2023-09-01 04:00:00,4,26.1,26.1,0.0,6.0,0.0,0.0,0.0
2023-09-01 05:00:00,5,26.8,26.8,0.0,1.0,0.0,0.0,0.0
2023-09-01 06:00:00,6,26.9,27.025,4.0,20.0,0.0161878079999999,0.015,0.001
2023-09-01 07:00:00,7,27.8,30.9875,102.0,15.0,0.4104241447499999,0.416,-0.006
2023-09-01 08:00:00,8,29.4,38.2125,282.0,1.0,1.13288895645,1.146,-0.013
2023-09-01 09:00:00,9,31.2,46.91875,503.0,0.0,1.95032276875,1.711,0.239
2023-09-01 10:00:00,10,32.9,54.275,684.0,1.0,2.5614571194,2.555,0.006
2023-09-01 11:00:00,11,34.0,59.21875,807.0,22.0,2.830049638125,2.83,0.0
2023-09-01 12:00:00,12,34.4,58.7125,778.0,12.0,2.7919636316,2.781,0.011
2023-09-01 13:00:00,13,34.8,61.08125,841.0,12.0,2.9849948559,2.978,0.007
2023-09-01 14:00:00,14,35.1,59.31875,775.0,16.0,2.75066925375,2.749,0.002
2023-09-01 15:00:00,15,35.1,55.475,652.0,23.0,2.3212872054,2.34,-0.019
2023-09-01 16:00:00,16,34.4,48.99375,467.0,6.0,1.772732455325,1.784,-0.011
2023-09-01 17:00:00,17,33.6,41.7875,262.0,4.0,1.0304186472,0.981,0.049
2023-09-01 18:00:00,18,32.1,34.6625,82.0,3.0,0.33302029215,0.336,-0.003
2023-09-01 19:00:00,19,31.1,31.1625,2.0,1.0,0.00827389405,0.008,0.0
2023-09-01 20:00:00,20,30.6,30.6,0.0,1.0,0.0,0.001,-0.001
2023-09-01 21:00:00,21,29.6,29.6,0.0,5.0,0.0,0.0,0.0
2023-09-01 22:00:00,22,28.9,28.9,0.0,0.0,0.0,0.001,-0.001
2023-09-01 23:00:00,23,28.4,28.4,0.0,0.0,0.0,0.001,-0.001
2023-09-02 00:00:00,0,27.8,27.8,0.0,0.0,0.0,0.0,0.0
2023-09-02 01:00:00,1,27.5,27.5,0.0,0.0,0.0,0.0,0.0
2023-09-02 02:00:00,2,27.1,27.1,0.0,0.0,0.0,0.0,0.0
2023-09-02 03:00:00,3,26.7,26.7,0.0,0.0,0.0,0.0,0.0
2023-09-02 04:00:00,4,26.5,26.5,0.0,0.0,0.0,0.0,0.0
2023-09-02 05:00:00,5,26.7,26.7,0.0,0.0,0.0,0.0,0.0
2023-09-02 06:00:00,6,26.7,26.825,4.0,0.0,0.0168759,0.014,0.003
2023-09-02 07:00:00,7,27.6,30.88125,105.0,0.0,0.43575196875,0.412,0.024
2023-09-02 08:00:00,8,29.2,38.60625,301.0,1.0,1.2072075651124996,1.214,-0.007
2023-09-02 09:00:00,9,31.1,46.975,508.0,0.0,1.9692239,1.753,0.216
2023-09-02 10:00:00,10,32.6,54.06875,687.0,0.0,2.58025606875,2.555,0.025
2023-09-02 11:00:00,11,33.7,59.2,816.0,0.0,2.9935776,2.945,0.049
2023-09-02 12:00:00,12,34.5,62.0625,882.0,14.0,3.1033868985,3.099,0.004
2023-09-02 13:00:00,13,35.1,60.88125,825.0,15.0,2.9129250046875,2.911,0.002
2023-09-02 14:00:00,14,35.3,58.33125,737.0,17.0,2.6223449146125,2.617,0.005
2023-09-02 15:00:00,15,35.1,55.56875,655.0,5.0,2.4189332990625005,2.449,-0.03
2023-09-02 16:00:00,16,34.7,49.98125,489.0,4.0,1.8556162218,1.851,0.005
2023-09-02 17:00:00,17,33.9,42.65,280.0,2.0,1.101562056,1.156,-0.054
2023-09-02 18:00:00,18,32.2,34.8875,86.0,6.0,0.3468319412999999,0.341,0.006
2023-09-02 19:00:00,19,30.7,30.7625,2.0,1.0,0.00828746685,0.006,0.002
2023-09-02 20:00:00,20,29.7,29.7,0.0,0.0,0.0,0.0,0.0
2023-09-02 21:00:00,21,28.7,28.7,0.0,0.0,0.0,0.001,-0.001
2023-09-02 22:00:00,22,28.1,28.1,0.0,0.0,0.0,0.0,0.0
2023-09-02 23:00:00,23,27.8,27.8,0.0,0.0,0.0,0.0,0.0
2023-09-03 00:00:00,0,27.3,27.3,0.0,0.0,0.0,0.0,0.0
2023-09-03 01:00:00,1,26.9,26.9,0.0,0.0,0.0,0.0,0.0
2023-09-03 02:00:00,2,26.3,26.3,0.0,0.0,0.0,0.0,0.0
2023-09-03 03:00:00,3,25.8,25.8,0.0,0.0,0.0,0.0,0.0
2023-09-03 04:00:00,4,25.5,25.5,0.0,0.0,0.0,0.0,0.0
2023-09-03 05:00:00,5,25.4,25.4,0.0,0.0,0.0,0.0,0.0
2023-09-03 06:00:00,6,25.4,25.525,4.0,0.0,0.0169643,0.014,0.003
2023-09-03 07:00:00,7,26.4,29.7125,106.0,0.0,0.442008075,0.428,0.014
2023-09-03 08:00:00,8,28.2,37.73125,305.0,0.0,1.23023846875,1.202,0.028
2023-09-03 09:00:00,9,30.0,46.09375,515.0,0.0,2.00407421875,1.994,0.01
2023-09-03 10:00:00,10,31.6,53.38125,697.0,0.0,2.62596056875,2.686,-0.06
2023-09-03 11:00:00,11,32.9,58.74375,827.0,0.0,3.04034661875,3.02,0.02
2023-09-03 12:00:00,12,33.8,61.64375,891.0,0.0,3.23170711875,3.203,0.029
2023-09-03 13:00:00,13,34.5,62.1875,886.0,0.0,3.205381875,3.185,0.02
2023-09-03 14:00:00,14,34.8,60.175,812.0,0.0,2.9654443,2.947,0.018
2023-09-03 15:00:00,15,34.9,56.05625,677.0,0.0,2.51982361875,2.465,0.055
2023-09-03 16:00:00,16,34.5,49.84375,491.0,1.0,1.8756204603125,1.875,0.001
2023-09-03 17:00:00,17,33.4,42.11875,279.0,1.0,1.1023466572125,1.127,-0.025
2023-09-03 18:00:00,18,31.1,33.7875,86.0,0.0,0.3526526749999999,0.321,0.032
2023-09-03 19:00:00,19,29.3,29.33125,1.0,0.0,0.00417636875,0.0,0.004
2023-09-03 20:00:00,20,28.4,28.4,0.0,0.0,0.0,0.001,-0.001
2023-09-03 21:00:00,21,27.4,27.4,0.0,0.0,0.0,0.0,0.0
2023-09-03 22:00:00,22,27.2,27.2,0.0,0.0,0.0,0.0,0.0
2023-09-03 23:00:00,23,27.3,27.3,0.0,0.0,0.0,0.0,0.0
2023-09-04 00:00:00,0,27.0,27.0,0.0,0.0,0.0,0.0,0.0
2023-09-04 01:00:00,1,26.7,26.7,0.0,0.0,0.0,0.0,0.0
2023-09-04 02:00:00,2,26.4,26.4,0.0,0.0,0.0,0.0,0.0
2023-09-04 03:00:00,3,26.0,26.0,0.0,0.0,0.0,0.0,0.0
2023-09-04 04:00:00,4,25.6,25.6,0.0,0.0,0.0,0.0,0.0
2023-09-04 05:00:00,5,25.9,25.9,0.0,0.0,0.0,0.0,0.0
2023-09-04 06:00:00,6,26.0,26.125,4.0,0.0,0.0169235,0.014,0.003
2023-09-04 07:00:00,7,27.0,30.25,104.0,0.0,0.432718,0.42,0.013
2023-09-04 08:00:00,8,28.8,38.20625,301.0,0.0,1.2116736187499997,1.183,0.029
2023-09-04 09:00:00,9,30.7,46.66875,511.0,0.0,1.98351356875,1.858,0.126
2023-09-04 10:00:00,10,32.3,53.8625,690.0,0.0,2.593942875,2.606,-0.012
2023-09-04 11:00:00,11,33.6,59.225,820.0,3.0,2.9898560789999995,2.976,0.014
2023-09-04 12:00:00,12,34.4,61.2125,858.0,12.0,3.0434651676,3.008,0.035
2023-09-04 13:00:00,13,34.9,61.11875,839.0,25.0,2.8980588553125,2.901,-0.003
2023-09-04 14:00:00,14,34.9,58.15,744.0,21.0,2.6275246104,2.61,0.018
2023-09-04 15:00:00,15,34.9,54.9625,642.0,11.0,2.34865651095,2.332,0.017
2023-09-04 16:00:00,16,34.7,48.91875,455.0,67.0,1.5144075139375,1.521,-0.007
2023-09-04 17:00:00,17,34.1,41.85,248.0,38.0,0.9082554096,0.899,0.009
2023-09-04 18:00:00,18,32.5,34.9375,78.0,10.0,0.3119564174999999,0.303,0.009
2023-09-04 19:00:00,19,31.5,31.53125,1.0,8.0,0.00407274525,0.004,0.0
2023-09-04 20:00:00,20,30.7,30.7,0.0,4.0,0.0,0.002,-0.002
2023-09-04 21:00:00,21,29.8,29.8,0.0,2.0,0.0,0.001,-0.001
2023-09-04 22:00:00,22,28.8,28.8,0.0,5.0,0.0,0.001,-0.001
2023-09-04 23:00:00,23,28.4,28.4,0.0,23.0,0.0,0.002,-0.002
2023-09-05 00:00:00,0,28.2,28.2,0.0,100.0,0.0,0.0,0.0
2023-09-05 01:00:00,1,28.4,28.4,0.0,14.0,0.0,0.001,-0.001
2023-09-05 02:00:00,2,26.7,26.7,0.0,0.0,0.0,0.0,0.0
2023-09-05 03:00:00,3,25.9,25.9,0.0,0.0,0.0,0.0,0.0
2023-09-05 04:00:00,4,25.8,25.8,0.0,0.0,0.0,0.0,0.0
2023-09-05 05:00:00,5,26.2,26.2,0.0,0.0,0.0,0.0,0.0
2023-09-05 06:00:00,6,26.4,26.525,4.0,0.0,0.0168963,0.014,0.003
2023-09-05 07:00:00,7,27.4,30.65,104.0,0.0,0.4320108,0.431,0.001
2023-09-05 08:00:00,8,29.5,38.96875,303.0,0.0,1.21579696875,1.122,0.094
2023-09-05 09:00:00,9,31.9,47.86875,511.0,0.0,1.9730891687500005,1.85,0.123
2023-09-05 10:00:00,10,33.5,55.09375,691.0,0.0,2.58323871875,2.504,0.079
2023-09-05 11:00:00,11,34.7,60.35625,821.0,24.0,2.8519852434499997,2.859,-0.007
2023-09-05 12:00:00,12,35.2,60.48125,809.0,35.0,2.7437570229375,2.742,0.002
2023-09-05 13:00:00,13,35.5,58.96875,751.0,29.0,2.5981028525625,2.585,0.013
2023-09-05 14:00:00,14,35.7,59.2625,754.0,9.0,2.71554745605,2.69,0.026
2023-09-05 15:00:00,15,35.8,54.925,612.0,30.0,2.152280682,2.15,0.002
2023-09-05 16:00:00,16,35.2,49.2,448.0,54.0,1.5339659776,1.537,-0.003
2023-09-05 17:00:00,17,32.0,39.0,224.0,41.0,0.8249955840000001,0.838,-0.013
2023-09-05 18:00:00,18,29.6,31.1625,50.0,31.0,0.1944116387499999,0.209,-0.015
2023-09-05 19:00:00,19,29.9,29.93125,1.0,6.0,0.004116174725,0.003,0.001
2023-09-05 20:00:00,20,29.0,29.0,0.0,9.0,0.0,0.001,-0.001
2023-09-05 21:00:00,21,27.9,27.9,0.0,3.0,0.0,0.001,-0.001
2023-09-05 22:00:00,22,27.6,27.6,0.0,2.0,0.0,0.0,0.0
2023-09-05 23:00:00,23,27.3,27.3,0.0,3.0,0.0,0.0,0.0
2023-09-06 00:00:00,0,26.6,26.6,0.0,6.0,0.0,0.0,0.0
2023-09-06 01:00:00,1,25.9,25.9,0.0,1.0,0.0,0.0,0.0
2023-09-06 02:00:00,2,25.5,25.5,0.0,1.0,0.0,0.0,0.0
2023-09-06 03:00:00,3,25.5,25.5,0.0,0.0,0.0,0.0,0.0
2023-09-06 04:00:00,4,25.3,25.3,0.0,2.0,0.0,0.0,0.0
2023-09-06 05:00:00,5,25.6,25.6,0.0,0.0,0.0,0.0,0.0
2023-09-06 06:00:00,6,25.6,25.69375,3.0,8.0,0.0125111848499999,0.01,0.003
2023-09-06 07:00:00,7,26.8,29.8,96.0,6.0,0.3953644032,0.399,-0.004
2023-09-06 08:00:00,8,28.9,37.86875,287.0,2.0,1.152335515275,1.169,-0.017
2023-09-06 09:00:00,9,30.7,46.2,496.0,0.0,1.9292416,1.862,0.067
2023-09-06 10:00:00,10,32.0,53.0,672.0,5.0,2.5107667200000003,2.526,-0.015
2023-09-06 11:00:00,11,33.2,57.8875,790.0,17.0,2.81668296525,2.82,-0.003
2023-09-06 12:00:00,12,33.9,59.3375,814.0,21.0,2.858995492649999,2.885,-0.026
2023-09-06 13:00:00,13,34.4,58.9,784.0,13.0,2.8052960992,2.815,-0.01
2023-09-06 14:00:00,14,34.8,58.70625,765.0,16.0,2.7228874117500004,2.692,0.031
2023-09-06 15:00:00,15,34.6,53.56875,607.0,15.0,2.2164005966875,2.236,-0.02
2023-09-06 16:00:00,16,33.9,47.49375,435.0,10.0,1.6487605443749995,1.644,0.005
2023-09-06 17:00:00,17,31.5,39.4375,254.0,26.0,0.9642666135,0.956,0.008
2023-09-06 18:00:00,18,28.5,30.3125,58.0,64.0,0.210380355,0.193,0.017
2023-09-06 19:00:00,19,27.0,27.03125,1.0,42.0,0.003861369375,0.001,0.003
2023-09-06 20:00:00,20,26.7,26.7,0.0,31.0,0.0,0.001,-0.001
2023-09-06 21:00:00,21,26.3,26.3,0.0,66.0,0.0,0.0,0.0
2023-09-06 22:00:00,22,25.9,25.9,0.0,43.0,0.0,0.0,0.0
2023-09-06 23:00:00,23,25.3,25.3,0.0,41.0,0.0,0.0,0.0
2023-09-07 00:00:00,0,25.0,25.0,0.0,8.0,0.0,0.0,0.0
2023-09-07 01:00:00,1,24.6,24.6,0.0,15.0,0.0,0.0,0.0
2023-09-07 02:00:00,2,24.3,24.3,0.0,3.0,0.0,0.0,0.0
2023-09-07 03:00:00,3,24.3,24.3,0.0,0.0,0.0,0.0,0.0
2023-09-07 04:00:00,4,24.6,24.6,0.0,0.0,0.0,0.0,0.0
2023-09-07 05:00:00,5,24.3,24.3,0.0,17.0,0.0,0.0,0.0
2023-09-07 06:00:00,6,25.1,25.19375,3.0,1.0,0.0127146385125,0.01,0.003
2023-09-07 07:00:00,7,27.2,30.29375,99.0,79.0,0.3467698009875,0.342,0.005
2023-09-07 08:00:00,8,29.7,38.66875,287.0,21.0,1.1046316416625,1.112,-0.007
2023-09-07 09:00:00,9,30.8,45.675,476.0,17.0,1.7926041713999998,1.785,0.008
2023-09-07 10:00:00,10,32.0,52.15625,645.0,3.0,2.4288208284375004,2.383,0.046
2023-09-07 11:00:00,11,33.0,57.3125,778.0,7.0,2.83882698675,2.802,0.037
2023-09-07 12:00:00,12,33.7,59.23125,817.0,14.0,2.912901428025,2.903,0.01
2023-09-07 13:00:00,13,34.3,59.6125,810.0,44.0,2.7048879180000007,2.714,-0.009
2023-09-07 14:00:00,14,34.4,55.43125,673.0,31.0,2.3563367324875,2.295,0.061
2023-09-07 15:00:00,15,34.6,51.85,552.0,18.0,2.0186541744,2.034,-0.015
2023-09-07 16:00:00,16,34.1,47.63125,433.0,17.0,1.6167568822124998,1.621,-0.004
2023-09-07 17:00:00,17,29.6,36.63125,225.0,75.0,0.7749963984374999,0.769,0.006
2023-09-07 18:00:00,18,30.0,32.09375,67.0,54.0,0.2467898351249999,0.256,-0.009
2023-09-07 19:00:00,19,29.2,29.2,0.0,37.0,0.0,0.002,-0.002
2023-09-07 20:00:00,20,28.2,28.2,0.0,85.0,0.0,0.001,-0.001
2023-09-07 21:00:00,21,27.4,27.4,0.0,67.0,0.0,0.001,-0.001
2023-09-07 22:00:00,22,27.1,27.1,0.0,21.0,0.0,0.001,-0.001
2023-09-07 23:00:00,23,26.8,26.8,0.0,18.0,0.0,0.0,0.0
2023-09-08 00:00:00,0,26.5,26.5,0.0,11.0,0.0,0.0,0.0
2023-09-08 01:00:00,1,26.3,26.3,0.0,21.0,0.0,0.0,0.0
2023-09-08 02:00:00,2,25.9,25.9,0.0,11.0,0.0,0.0,0.0
2023-09-08 03:00:00,3,25.7,25.7,0.0,49.0,0.0,0.0,0.0
2023-09-08 04:00:00,4,25.9,25.9,0.0,95.0,0.0,0.0,0.0
2023-09-08 05:00:00,5,26.6,26.6,0.0,81.0,0.0,0.0,0.0
2023-09-08 06:00:00,6,26.6,26.69375,3.0,13.0,0.0123343646625,0.01,0.002
2023-09-08 07:00:00,7,27.8,30.8,96.0,24.0,0.3794047487999999,0.385,-0.006
2023-09-08 08:00:00,8,29.3,38.14375,283.0,11.0,1.1144460795374995,1.149,-0.035
2023-09-08 09:00:00,9,30.5,45.71875,487.0,29.0,1.7881227395624997,1.78,0.008
2023-09-08 10:00:00,10,31.4,50.3375,606.0,26.0,2.1941204751,2.205,-0.011
2023-09-08 11:00:00,11,32.4,54.4625,706.0,21.0,2.53572164985,2.538,-0.002
2023-09-08 12:00:00,12,33.2,57.66875,783.0,18.0,2.788752003075,2.792,-0.003
2023-09-08 13:00:00,13,33.8,58.76875,799.0,31.0,2.7549707864875,2.74,0.015
2023-09-08 14:00:00,14,34.3,55.675,684.0,23.0,2.4329967894,2.433,-0.0
2023-09-08 15:00:00,15,33.6,51.4125,570.0,31.0,2.03223597675,2.026,0.006
2023-09-08 16:00:00,16,32.9,45.86875,415.0,22.0,1.5453940461249998,1.589,-0.044
2023-09-08 17:00:00,17,31.4,37.24375,187.0,49.0,0.6817560611125001,0.697,-0.015
2023-09-08 18:00:00,18,30.5,32.65625,69.0,31.0,0.2666445271875,0.277,-0.01
2023-09-08 19:00:00,19,29.8,29.8,0.0,6.0,0.0,0.001,-0.001
2023-09-08 20:00:00,20,29.1,29.1,0.0,99.0,0.0,0.001,-0.001
2023-09-08 21:00:00,21,27.7,27.7,0.0,100.0,0.0,0.0,0.0
2023-09-08 22:00:00,22,26.6,26.6,0.0,99.0,0.0,0.0,0.0
2023-09-08 23:00:00,23,26.0,26.0,0.0,100.0,0.0,0.0,0.0
2023-09-09 00:00:00,0,25.6,25.6,0.0,100.0,0.0,0.0,0.0
2023-09-09 01:00:00,1,25.3,25.3,0.0,100.0,0.0,0.0,0.0
2023-09-09 02:00:00,2,25.1,25.1,0.0,99.0,0.0,0.0,0.0
2023-09-09 03:00:00,3,24.8,24.8,0.0,92.0,0.0,0.0,0.0
2023-09-09 04:00:00,4,24.7,24.7,0.0,69.0,0.0,0.0,0.0
2023-09-09 05:00:00,5,24.9,24.9,0.0,5.0,0.0,0.0,0.0
2023-09-09 06:00:00,6,25.2,25.29375,3.0,100.0,0.010188015,0.009,0.001
2023-09-09 07:00:00,7,25.9,27.9625,66.0,100.0,0.22174086,0.226,-0.004
2023-09-09 08:00:00,8,27.4,34.4625,226.0,99.0,0.7411643501500002,0.753,-0.012
2023-09-09 09:00:00,9,29.1,42.06875,415.0,65.0,1.4296970728124998,1.403,0.027
2023-09-09 10:00:00,10,30.7,50.7625,642.0,96.0,1.9774410846000003,1.995,-0.018
2023-09-09 11:00:00,11,32.1,55.56875,751.0,92.0,2.2860066753,2.287,-0.001
2023-09-09 12:00:00,12,33.2,59.075,828.0,100.0,2.43148824,2.429,0.002
2023-09-09 13:00:00,13,33.4,56.9,752.0,100.0,2.23055232,2.242,-0.011
2023-09-09 14:00:00,14,28.8,46.64375,571.0,100.0,1.773323295,1.792,-0.019
2023-09-09 15:00:00,15,29.9,42.0875,390.0,100.0,1.2353679000000002,1.238,-0.003
2023-09-09 16:00:00,16,30.5,41.875,364.0,100.0,1.154062,1.171,-0.017
2023-09-09 17:00:00,17,29.0,34.65625,181.0,77.0,0.6256489100624999,0.636,-0.01
2023-09-09 18:00:00,18,28.2,30.1375,62.0,13.0,0.25137486305,0.228,0.023
2023-09-09 19:00:00,19,27.1,27.1,0.0,22.0,0.0,0.001,-0.001
2023-09-09 20:00:00,20,26.1,26.1,0.0,14.0,0.0,0.0,0.0
2023-09-09 21:00:00,21,25.5,25.5,0.0,2.0,0.0,0.0,0.0
2023-09-09 22:00:00,22,25.1,25.1,0.0,15.0,0.0,0.0,0.0
2023-09-09 23:00:00,23,24.8,24.8,0.0,27.0,0.0,0.0,0.0
2023-09-10 00:00:00,0,24.7,24.7,0.0,100.0,0.0,0.0,0.0
2023-09-10 01:00:00,1,24.5,24.5,0.0,93.0,0.0,0.0,0.0
2023-09-10 02:00:00,2,24.4,24.4,0.0,92.0,0.0,0.0,0.0
2023-09-10 03:00:00,3,24.9,24.9,0.0,100.0,0.0,0.0,0.0
2023-09-10 04:00:00,4,24.9,24.9,0.0,23.0,0.0,0.0,0.0
2023-09-10 05:00:00,5,24.9,24.9,0.0,1.0,0.0,0.0,0.0
2023-09-10 06:00:00,6,24.9,24.99375,3.0,9.0,0.0125204999999999,0.01,0.003
2023-09-10 07:00:00,7,26.0,28.96875,95.0,4.0,0.394161745,0.383,0.011
2023-09-10 08:00:00,8,27.6,36.50625,285.0,10.0,1.1323921743749996,1.143,-0.011
2023-09-10 09:00:00,9,29.4,44.65,488.0,11.0,1.8689419608,1.872,-0.003
2023-09-10 10:00:00,10,30.9,51.24375,651.0,5.0,2.4515473145625,2.483,-0.031
2023-09-10 11:00:00,11,32.5,56.6875,774.0,17.0,2.77488897525,2.8,-0.025
2023-09-10 12:00:00,12,33.8,59.14375,811.0,100.0,2.3808080950000003,2.383,-0.002
2023-09-10 13:00:00,13,32.1,52.50625,653.0,20.0,2.371106994,2.359,0.012
2023-09-10 14:00:00,14,33.1,53.7875,662.0,34.0,2.3202377427,2.367,-0.047
2023-09-10 15:00:00,15,32.2,49.5125,554.0,29.0,2.00047008105,1.998,0.002
2023-09-10 16:00:00,16,30.3,42.7375,398.0,75.0,1.33576486375,1.347,-0.011
2023-09-10 17:00:00,17,29.5,34.9375,174.0,54.0,0.6334135485,0.636,-0.003
2023-09-10 18:00:00,18,27.1,28.75625,53.0,75.0,0.1885857759375,0.198,-0.009
2023-09-10 19:00:00,19,26.1,26.1,0.0,69.0,0.0,0.0,0.0
2023-09-10 20:00:00,20,25.8,25.8,0.0,91.0,0.0,0.0,0.0
2023-09-10 21:00:00,21,25.5,25.5,0.0,96.0,0.0,0.0,0.0
2023-09-10 22:00:00,22,25.1,25.1,0.0,95.0,0.0,0.0,0.0
2023-09-10 23:00:00,23,24.8,24.8,0.0,91.0,0.0,0.0,0.0
2023-09-11 00:00:00,0,24.3,24.3,0.0,96.0,0.0,0.0,0.0
2023-09-11 01:00:00,1,24.4,24.4,0.0,32.0,0.0,0.0,0.0
2023-09-11 02:00:00,2,24.0,24.0,0.0,36.0,0.0,0.0,0.0
2023-09-11 03:00:00,3,23.8,23.8,0.0,39.0,0.0,0.0,0.0
2023-09-11 04:00:00,4,23.6,23.6,0.0,21.0,0.0,0.0,0.0
2023-09-11 05:00:00,5,24.1,24.1,0.0,55.0,0.0,0.0,0.0
2023-09-11 06:00:00,6,24.9,24.9625,2.0,14.0,0.008262,0.005,0.003
2023-09-11 07:00:00,7,26.0,28.75,88.0,14.0,0.3580750799999999,0.36,-0.002
2023-09-11 08:00:00,8,27.6,36.1625,274.0,26.0,1.0546548111,1.087,-0.032
2023-09-11 09:00:00,9,28.9,42.55625,437.0,21.0,1.6542979847625,1.62,0.034
2023-09-11 10:00:00,10,30.2,49.2625,610.0,15.0,2.27067093875,2.257,0.014
2023-09-11 11:00:00,11,31.5,54.1875,726.0,24.0,2.594455017,2.599,-0.005
2023-09-11 12:00:00,12,32.5,57.5625,802.0,18.0,2.8578193315,2.864,-0.006
2023-09-11 13:00:00,13,32.6,56.81875,775.0,40.0,2.64457493125,2.642,0.003
2023-09-11 14:00:00,14,32.1,51.00625,605.0,27.0,2.1793718299375,2.174,0.005
2023-09-11 15:00:00,15,32.6,49.06875,527.0,86.0,1.6759697609250004,1.685,-0.009
2023-09-11 16:00:00,16,29.9,40.93125,353.0,48.0,1.26980049815,1.271,-0.001
2023-09-11 17:00:00,17,30.8,37.55,216.0,25.0,0.82832058,0.808,0.02
2023-09-11 18:00:00,18,29.2,31.075,60.0,13.0,0.242334609,0.24,0.002
2023-09-11 19:00:00,19,28.2,28.2,0.0,4.0,0.0,0.001,-0.001
2023-09-11 20:00:00,20,27.7,27.7,0.0,4.0,0.0,0.0,0.0
2023-09-11 21:00:00,21,27.2,27.2,0.0,5.0,0.0,0.0,0.0
2023-09-11 22:00:00,22,26.7,26.7,0.0,8.0,0.0,0.0,0.0
2023-09-11 23:00:00,23,26.1,26.1,0.0,19.0,0.0,0.0,0.0
2023-09-12 00:00:00,0,25.5,25.5,0.0,16.0,0.0,0.0,0.0
2023-09-12 01:00:00,1,25.4,25.4,0.0,21.0,0.0,0.0,0.0
2023-09-12 02:00:00,2,25.0,25.0,0.0,13.0,0.0,0.0,0.0
2023-09-12 03:00:00,3,24.7,24.7,0.0,1.0,0.0,0.0,0.0
2023-09-12 04:00:00,4,24.5,24.5,0.0,2.0,0.0,0.0,0.0
2023-09-12 05:00:00,5,25.3,25.3,0.0,4.0,0.0,0.0,0.0
2023-09-12 06:00:00,6,25.9,25.99375,3.0,17.0,0.0122675419124999,0.01,0.002
2023-09-12 07:00:00,7,27.2,30.04375,91.0,9.0,0.3721262670124999,0.378,-0.006
2023-09-12 08:00:00,8,29.0,37.78125,281.0,1.0,1.1309275808125003,1.158,-0.027
2023-09-12 09:00:00,9,30.3,45.58125,489.0,5.0,1.8880864880625,1.904,-0.016
2023-09-12 10:00:00,10,31.3,51.925,660.0,21.0,2.397779637,2.411,-0.013
2023-09-12 11:00:00,11,31.8,54.1125,714.0,34.0,2.4988154667,2.474,0.025
2023-09-12 12:00:00,12,32.0,55.5,752.0,26.0,2.660171424,2.662,-0.002
2023-09-12 13:00:00,13,32.2,55.825,756.0,25.0,2.675995245,2.654,0.022
2023-09-12 14:00:00,14,32.5,52.875,652.0,28.0,2.324159624,2.33,-0.006
2023-09-12 15:00:00,15,32.0,49.25,552.0,21.0,2.029463604,2.011,0.018
2023-09-12 16:00:00,16,31.7,43.575,380.0,21.0,1.4322152689999998,1.343,0.089
2023-09-12 17:00:00,17,31.1,37.50625,205.0,25.0,0.7862824328124998,0.791,-0.005
2023-09-12 18:00:00,18,29.8,31.20625,45.0,43.0,0.1704630279374999,0.173,-0.003
2023-09-12 19:00:00,19,28.7,28.7,0.0,22.0,0.0,0.002,-0.002
2023-09-12 20:00:00,20,28.1,28.1,0.0,6.0,0.0,0.001,-0.001
2023-09-12 21:00:00,21,27.4,27.4,0.0,11.0,0.0,0.0,0.0
2023-09-12 22:00:00,22,27.0,27.0,0.0,14.0,0.0,0.0,0.0
2023-09-12 23:00:00,23,26.6,26.6,0.0,26.0,0.0,0.0,0.0
2023-09-13 00:00:00,0,26.1,26.1,0.0,15.0,0.0,0.0,0.0
2023-09-13 01:00:00,1,25.8,25.8,0.0,13.0,0.0,0.0,0.0
2023-09-13 02:00:00,2,25.7,25.7,0.0,91.0,0.0,0.0,0.0
2023-09-13 03:00:00,3,25.3,25.3,0.0,39.0,0.0,0.0,0.0
2023-09-13 04:00:00,4,25.5,25.5,0.0,3.0,0.0,0.0,0.0
2023-09-13 05:00:00,5,24.0,24.0,0.0,6.0,0.0,0.0,0.0
2023-09-13 06:00:00,6,25.1,25.1625,2.0,79.0,0.0071523479499999,0.005,0.002
2023-09-13 07:00:00,7,26.0,28.53125,81.0,46.0,0.308163821625,0.315,-0.007
2023-09-13 08:00:00,8,27.4,34.99375,243.0,43.0,0.9061997583375,0.914,-0.008
2023-09-13 09:00:00,9,29.4,43.93125,465.0,50.0,1.6439386218749998,1.651,-0.007
2023-09-13 10:00:00,10,31.2,51.7,656.0,17.0,2.4055733856,2.441,-0.035
2023-09-13 11:00:00,11,32.3,54.89375,723.0,28.0,2.5538276673,2.547,0.007
2023-09-13 12:00:00,12,32.8,56.58125,761.0,100.0,2.260546695,2.251,0.01
2023-09-13 13:00:00,13,30.5,40.5,320.0,80.0,1.0715712,1.044,0.028
2023-09-13 14:00:00,14,32.0,50.90625,605.0,76.0,1.9544739775,1.975,-0.021
2023-09-13 15:00:00,15,30.7,46.79375,515.0,90.0,1.638315489375,1.634,0.004
2023-09-13 16:00:00,16,30.6,39.88125,297.0,77.0,1.0042989251625,1.004,0.0
2023-09-13 17:00:00,17,29.8,34.6125,154.0,94.0,0.5110195936999999,0.503,0.008
2023-09-13 18:00:00,18,28.6,29.9125,42.0,35.0,0.16274300175,0.156,0.007
2023-09-13 19:00:00,19,27.8,27.8,0.0,23.0,0.0,0.002,-0.002
2023-09-13 20:00:00,20,27.3,27.3,0.0,22.0,0.0,0.001,-0.001
2023-09-13 21:00:00,21,26.9,26.9,0.0,4.0,0.0,0.0,0.0
2023-09-13 22:00:00,22,26.6,26.6,0.0,41.0,0.0,0.0,0.0
2023-09-13 23:00:00,23,26.3,26.3,0.0,4.0,0.0,0.0,0.0
2023-09-14 00:00:00,0,26.1,26.1,0.0,15.0,0.0,0.0,0.0
2023-09-14 01:00:00,1,26.3,26.3,0.0,51.0,0.0,0.0,0.0
2023-09-14 02:00:00,2,26.2,26.2,0.0,16.0,0.0,0.0,0.0
2023-09-14 03:00:00,3,26.3,26.3,0.0,25.0,0.0,0.0,0.0
2023-09-14 04:00:00,4,26.3,26.3,0.0,21.0,0.0,0.0,0.0
2023-09-14 05:00:00,5,27.2,27.2,0.0,10.0,0.0,0.0,0.0
2023-09-14 06:00:00,6,26.6,26.6625,2.0,96.0,0.0068223278,0.004,0.003
2023-09-14 07:00:00,7,26.0,28.1875,70.0,100.0,0.2349655,0.224,0.011
2023-09-14 08:00:00,8,26.2,29.8875,118.0,100.0,0.39335654,0.412,-0.019
2023-09-14 09:00:00,9,26.8,32.55,184.0,96.0,0.6127739488,0.594,0.019
2023-09-14 10:00:00,10,29.2,45.575,524.0,98.0,1.6431491916,1.671,-0.028
2023-09-14 11:00:00,11,31.2,53.0125,698.0,95.0,2.13362397675,2.148,-0.014
2023-09-14 12:00:00,12,32.1,54.56875,719.0,94.0,2.187796909025,2.194,-0.006
2023-09-14 13:00:00,13,32.8,56.58125,761.0,61.0,2.4809499977625,2.461,0.02
2023-09-14 14:00:00,14,33.0,55.15625,709.0,12.0,2.5861820775,2.575,0.011
2023-09-14 15:00:00,15,33.3,52.20625,605.0,10.0,2.245605044375,2.256,-0.01
2023-09-14 16:00:00,16,33.2,46.45,424.0,20.0,1.581492864,1.594,-0.013
2023-09-14 17:00:00,17,29.0,35.78125,217.0,26.0,0.8365891143749999,0.813,0.024
2023-09-14 18:00:00,18,27.7,29.0125,42.0,100.0,0.14050806,0.139,0.002
2023-09-14 19:00:00,19,26.1,26.1,0.0,100.0,0.0,0.0,0.0
2023-09-14 20:00:00,20,26.2,26.2,0.0,100.0,0.0,0.0,0.0
2023-09-14 21:00:00,21,25.9,25.9,0.0,100.0,0.0,0.0,0.0
2023-09-14 22:00:00,22,25.7,25.7,0.0,100.0,0.0,0.0,0.0
2023-09-14 23:00:00,23,25.4,25.4,0.0,100.0,0.0,0.0,0.0
2023-09-15 00:00:00,0,25.3,25.3,0.0,100.0,0.0,0.0,0.0
2023-09-15 01:00:00,1,25.0,25.0,0.0,100.0,0.0,0.0,0.0
2023-09-15 02:00:00,2,24.8,24.8,0.0,0.0,0.0,0.0,0.0
2023-09-15 03:00:00,3,24.2,24.2,0.0,55.0,0.0,0.0,0.0
2023-09-15 04:00:00,4,24.5,24.5,0.0,90.0,0.0,0.0,0.0
2023-09-15 05:00:00,5,25.0,25.0,0.0,88.0,0.0,0.0,0.0
2023-09-15 06:00:00,6,25.4,25.4625,2.0,100.0,0.00678742,0.004,0.003
2023-09-15 07:00:00,7,26.8,29.64375,91.0,100.0,0.303652895,0.309,-0.005
2023-09-15 08:00:00,8,29.3,38.05,280.0,100.0,0.9023056,0.917,-0.015
2023-09-15 09:00:00,9,31.2,45.95,472.0,92.0,1.4997241151999998,1.514,-0.014
2023-09-15 10:00:00,10,32.6,53.25625,661.0,55.0,2.2176437216875,2.189,0.029
2023-09-15 11:00:00,11,32.9,54.80625,701.0,21.0,2.5138388641625,2.517,-0.003
2023-09-15 12:00:00,12,32.7,56.23125,753.0,7.0,2.7612523459875,2.767,-0.006
2023-09-15 13:00:00,13,33.6,58.69375,803.0,78.0,2.4921603462250004,2.528,-0.036
2023-09-15 14:00:00,14,32.8,54.51875,695.0,100.0,2.083988775,2.095,-0.011
2023-09-15 15:00:00,15,31.1,46.475,492.0,100.0,1.52910648,1.539,-0.01
2023-09-15 16:00:00,16,31.0,43.53125,401.0,99.0,1.2654938199375,1.273,-0.008
2023-09-15 17:00:00,17,31.1,37.94375,219.0,86.0,0.7307600267249998,0.741,-0.01
2023-09-15 18:00:00,18,29.7,31.23125,49.0,44.0,0.1851901443,0.193,-0.008
2023-09-15 19:00:00,19,28.8,28.8,0.0,44.0,0.0,0.002,-0.002
2023-09-15 20:00:00,20,28.5,28.5,0.0,4.0,0.0,0.001,-0.001
2023-09-15 21:00:00,21,28.0,28.0,0.0,2.0,0.0,0.001,-0.001
2023-09-15 22:00:00,22,27.8,27.8,0.0,49.0,0.0,0.001,-0.001
2023-09-15 23:00:00,23,27.4,27.4,0.0,95.0,0.0,0.0,0.0
2023-09-16 00:00:00,0,27.3,27.3,0.0,100.0,0.0,0.0,0.0
2023-09-16 01:00:00,1,26.9,26.9,0.0,83.0,0.0,0.0,0.0
2023-09-16 02:00:00,2,26.7,26.7,0.0,63.0,0.0,0.0,0.0
2023-09-16 03:00:00,3,26.4,26.4,0.0,27.0,0.0,0.0,0.0
2023-09-16 04:00:00,4,26.2,26.2,0.0,97.0,0.0,0.0,0.0
2023-09-16 05:00:00,5,26.6,26.6,0.0,45.0,0.0,0.0,0.0
2023-09-16 06:00:00,6,26.8,26.8625,2.0,21.0,0.00808233465,0.005,0.003
2023-09-16 07:00:00,7,27.6,30.13125,81.0,23.0,0.3216737923875,0.326,-0.004
2023-09-16 08:00:00,8,28.6,37.0375,270.0,96.0,0.8825362830000001,0.885,-0.002
2023-09-16 09:00:00,9,28.7,38.575,316.0,62.0,1.1125857875999998,1.105,0.008
2023-09-16 10:00:00,10,29.4,42.7125,426.0,85.0,1.3962476422499996,1.395,0.001
2023-09-16 11:00:00,11,29.9,50.025,644.0,81.0,2.0640160394,2.053,0.011
2023-09-16 12:00:00,12,28.7,47.79375,611.0,85.0,1.9587927945625,1.945,0.014
2023-09-16 13:00:00,13,29.1,50.475,684.0,64.0,2.2765972824,2.249,0.028
2023-09-16 14:00:00,14,29.1,44.63125,497.0,81.0,1.6310711066125,1.639,-0.008
2023-09-16 15:00:00,15,29.5,43.21875,439.0,92.0,1.4115033104999997,1.408,0.004
2023-09-16 16:00:00,16,29.4,38.7125,298.0,100.0,0.95762598,0.957,0.001
2023-09-16 17:00:00,17,27.9,32.49375,147.0,100.0,0.484818495,0.478,0.007
2023-09-16 18:00:00,18,27.3,28.4875,38.0,100.0,0.12739766,0.131,-0.004
2023-09-16 19:00:00,19,26.5,26.5,0.0,100.0,0.0,0.0,0.0
2023-09-16 20:00:00,20,26.1,26.1,0.0,98.0,0.0,0.0,0.0
2023-09-16 21:00:00,21,25.0,25.0,0.0,99.0,0.0,0.0,0.0
2023-09-16 22:00:00,22,24.9,24.9,0.0,96.0,0.0,0.0,0.0
2023-09-16 23:00:00,23,25.2,25.2,0.0,99.0,0.0,0.0,0.0
2023-09-17 00:00:00,0,24.6,24.6,0.0,78.0,0.0,0.0,0.0
2023-09-17 01:00:00,1,24.5,24.5,0.0,91.0,0.0,0.0,0.0
2023-09-17 02:00:00,2,24.2,24.2,0.0,50.0,0.0,0.0,0.0
2023-09-17 03:00:00,3,24.0,24.0,0.0,65.0,0.0,0.0,0.0
2023-09-17 04:00:00,4,24.0,24.0,0.0,100.0,0.0,0.0,0.0
2023-09-17 05:00:00,5,24.4,24.4,0.0,100.0,0.0,0.0,0.0
2023-09-17 06:00:00,6,24.3,24.33125,1.0,100.0,0.0034,0.002,0.001
2023-09-17 07:00:00,7,24.6,25.81875,39.0,65.0,0.1437302368125,0.16,-0.016
2023-09-17 08:00:00,8,26.3,33.58125,233.0,100.0,0.7650077350000001,0.744,0.021
2023-09-17 09:00:00,9,27.3,39.95625,405.0,100.0,1.2946209750000002,1.318,-0.023
2023-09-17 10:00:00,10,28.4,46.0875,566.0,100.0,1.7620768599999996,1.775,-0.013
2023-09-17 11:00:00,11,28.9,49.80625,669.0,100.0,2.0489028150000004,2.067,-0.018
2023-09-17 12:00:00,12,28.9,50.65,696.0,100.0,2.12360736,2.124,-0.0
2023-09-17 13:00:00,13,29.6,49.1,624.0,94.0,1.9458339264,1.932,0.014
2023-09-17 14:00:00,14,27.2,46.075,604.0,100.0,1.88048152,1.885,-0.005
2023-09-17 15:00:00,15,26.9,35.2125,266.0,51.0,0.97371852935,0.964,0.01
2023-09-17 16:00:00,16,27.4,35.99375,275.0,62.0,0.978802295625,0.966,0.013
2023-09-17 17:00:00,17,25.1,29.85,152.0,81.0,0.5308458488,0.526,0.005
2023-09-17 18:00:00,18,25.0,25.75,24.0,98.0,0.081761976,0.087,-0.005
2023-09-17 19:00:00,19,24.4,24.4,0.0,100.0,0.0,0.0,0.0
2023-09-17 20:00:00,20,24.5,24.5,0.0,83.0,0.0,0.0,0.0
2023-09-17 21:00:00,21,24.0,24.0,0.0,34.0,0.0,0.0,0.0
2023-09-17 22:00:00,22,23.8,23.8,0.0,21.0,0.0,0.0,0.0
2023-09-17 23:00:00,23,23.5,23.5,0.0,32.0,0.0,0.0,0.0
2023-09-18 00:00:00,0,23.2,23.2,0.0,59.0,0.0,0.0,0.0
2023-09-18 01:00:00,1,23.0,23.0,0.0,78.0,0.0,0.0,0.0
2023-09-18 02:00:00,2,22.7,22.7,0.0,100.0,0.0,0.0,0.0
2023-09-18 03:00:00,3,22.9,22.9,0.0,100.0,0.0,0.0,0.0
2023-09-18 04:00:00,4,23.0,23.0,0.0,100.0,0.0,0.0,0.0
2023-09-18 05:00:00,5,23.0,23.0,0.0,100.0,0.0,0.0,0.0
2023-09-18 06:00:00,6,23.2,23.23125,1.0,100.0,0.0034,0.002,0.001
2023-09-18 07:00:00,7,23.6,24.38125,25.0,100.0,0.085,0.1,-0.015
2023-09-18 08:00:00,8,23.4,24.68125,41.0,100.0,0.1394,0.165,-0.026
2023-09-18 09:00:00,9,23.8,26.26875,79.0,100.0,0.267236855,0.287,-0.02
2023-09-18 10:00:00,10,24.9,30.275,172.0,100.0,0.5724607199999999,0.587,-0.015
2023-09-18 11:00:00,11,26.5,33.75,232.0,98.0,0.7649979600000001,0.745,0.02
2023-09-18 12:00:00,12,27.5,39.09375,371.0,96.0,1.20219146075,1.206,-0.004
2023-09-18 13:00:00,13,28.3,44.58125,521.0,100.0,1.6326550949999998,1.581,0.052
2023-09-18 14:00:00,14,29.0,44.3125,490.0,25.0,1.82554553125,1.815,0.011
2023-09-18 15:00:00,15,29.3,45.95625,533.0,21.0,1.9882000711625,1.984,0.004
2023-09-18 16:00:00,16,29.1,41.38125,393.0,25.0,1.4827665253124998,1.49,-0.007
2023-09-18 17:00:00,17,27.7,33.95,200.0,18.0,0.7900654799999999,0.798,-0.008
2023-09-18 18:00:00,18,27.1,28.1,32.0,78.0,0.1133606784,0.133,-0.02
2023-09-18 19:00:00,19,26.2,26.2,0.0,38.0,0.0,0.0,0.0
2023-09-18 20:00:00,20,25.9,25.9,0.0,60.0,0.0,0.0,0.0
2023-09-18 21:00:00,21,25.5,25.5,0.0,98.0,0.0,0.0,0.0
2023-09-18 22:00:00,22,25.5,25.5,0.0,20.0,0.0,0.0,0.0
2023-09-18 23:00:00,23,24.9,24.9,0.0,93.0,0.0,0.0,0.0
2023-09-19 00:00:00,0,24.6,24.6,0.0,98.0,0.0,0.0,0.0
2023-09-19 01:00:00,1,24.5,24.5,0.0,100.0,0.0,0.0,0.0
2023-09-19 02:00:00,2,24.2,24.2,0.0,41.0,0.0,0.0,0.0
2023-09-19 03:00:00,3,23.7,23.7,0.0,30.0,0.0,0.0,0.0
2023-09-19 04:00:00,4,23.5,23.5,0.0,42.0,0.0,0.0,0.0
2023-09-19 05:00:00,5,24.0,24.0,0.0,38.0,0.0,0.0,0.0
2023-09-19 06:00:00,6,24.2,24.23125,1.0,66.0,0.003689,0.002,0.002
2023-09-19 07:00:00,7,25.1,27.19375,67.0,9.0,0.2771707950125,0.284,-0.007
2023-09-19 08:00:00,8,26.4,34.86875,271.0,5.0,1.0952218220625,1.07,0.025
2023-09-19 09:00:00,9,28.0,42.71875,471.0,2.0,1.852436464875,1.868,-0.016
2023-09-19 10:00:00,10,29.3,49.55,648.0,10.0,2.433886056,2.463,-0.029
2023-09-19 11:00:00,11,30.4,53.86875,751.0,16.0,2.73284082335,2.714,0.019
2023-09-19 12:00:00,12,30.9,54.775,764.0,16.0,2.7687532664,2.759,0.01
2023-09-19 13:00:00,13,31.3,55.1125,762.0,20.0,2.734485768,2.713,0.021
2023-09-19 14:00:00,14,31.3,52.8,688.0,20.0,2.494897152,2.525,-0.03
2023-09-19 15:00:00,15,31.3,48.55,552.0,40.0,1.955006256,1.972,-0.017
2023-09-19 16:00:00,16,31.1,43.31875,391.0,47.0,1.3952266534875002,1.391,0.004
2023-09-19 17:00:00,17,30.2,35.91875,183.0,27.0,0.7036175532375,0.675,0.029
2023-09-19 18:00:00,18,28.3,29.6125,42.0,3.0,0.17415543495,0.16,0.014
2023-09-19 19:00:00,19,27.3,27.3,0.0,2.0,0.0,0.0,0.0
2023-09-19 20:00:00,20,26.6,26.6,0.0,6.0,0.0,0.0,0.0
2023-09-19 21:00:00,21,26.2,26.2,0.0,0.0,0.0,0.0,0.0
2023-09-19 22:00:00,22,25.7,25.7,0.0,0.0,0.0,0.0,0.0
2023-09-19 23:00:00,23,25.6,25.6,0.0,1.0,0.0,0.0,0.0
2023-09-20 00:00:00,0,25.3,25.3,0.0,0.0,0.0,0.0,0.0
2023-09-20 01:00:00,1,24.9,24.9,0.0,1.0,0.0,0.0,0.0
2023-09-20 02:00:00,2,24.8,24.8,0.0,2.0,0.0,0.0,0.0
2023-09-20 03:00:00,3,24.6,24.6,0.0,1.0,0.0,0.0,0.0
2023-09-20 04:00:00,4,24.2,24.2,0.0,3.0,0.0,0.0,0.0
2023-09-20 05:00:00,5,25.7,25.7,0.0,4.0,0.0,0.0,0.0
2023-09-20 06:00:00,6,25.5,25.53125,1.0,15.0,0.0041137396875,0.003,0.001
2023-09-20 07:00:00,7,26.8,29.26875,79.0,16.0,0.31945652255,0.317,0.002
2023-09-20 08:00:00,8,28.2,36.2625,258.0,10.0,1.0261606215,1.019,0.007
2023-09-20 09:00:00,9,29.4,43.80625,461.0,8.0,1.78287557205,1.779,0.004
2023-09-20 10:00:00,10,30.5,50.03125,625.0,10.0,2.342487109375,2.327,0.015
2023-09-20 11:00:00,11,31.3,54.08125,729.0,25.0,2.6009537653125,2.6,0.001
2023-09-20 12:00:00,12,31.9,55.18125,745.0,18.0,2.683780307875,2.697,-0.013
2023-09-20 13:00:00,13,32.2,54.23125,705.0,13.0,2.5771197185625,2.589,-0.012
2023-09-20 14:00:00,14,32.4,53.93125,689.0,17.0,2.5013394076125,2.529,-0.028
2023-09-20 15:00:00,15,32.3,49.6125,554.0,11.0,2.07600008655,2.059,0.017
2023-09-20 16:00:00,16,31.9,44.24375,395.0,17.0,1.4968442593124998,1.516,-0.019
2023-09-20 17:00:00,17,31.1,37.31875,199.0,25.0,0.7638718853125,0.769,-0.005
2023-09-20 18:00:00,18,29.3,30.4875,38.0,15.0,0.15321642275,0.155,-0.002
2023-09-20 19:00:00,19,28.6,28.6,0.0,11.0,0.0,0.002,-0.002
2023-09-20 20:00:00,20,28.1,28.1,0.0,7.0,0.0,0.001,-0.001
2023-09-20 21:00:00,21,27.8,27.8,0.0,30.0,0.0,0.001,-0.001
2023-09-20 22:00:00,22,27.4,27.4,0.0,8.0,0.0,0.0,0.0
2023-09-20 23:00:00,23,26.9,26.9,0.0,17.0,0.0,0.0,0.0
2023-09-21 00:00:00,0,26.5,26.5,0.0,65.0,0.0,0.0,0.0
2023-09-21 01:00:00,1,26.1,26.1,0.0,64.0,0.0,0.0,0.0
2023-09-21 02:00:00,2,25.9,25.9,0.0,60.0,0.0,0.0,0.0
2023-09-21 03:00:00,3,25.7,25.7,0.0,25.0,0.0,0.0,0.0
2023-09-21 04:00:00,4,25.4,25.4,0.0,19.0,0.0,0.0,0.0
2023-09-21 05:00:00,5,25.7,25.7,0.0,21.0,0.0,0.0,0.0
2023-09-21 06:00:00,6,25.7,25.73125,1.0,25.0,0.0040256903125,0.002,0.002
2023-09-21 07:00:00,7,27.2,29.79375,83.0,56.0,0.30723558465,0.311,-0.004
2023-09-21 08:00:00,8,29.1,37.6,272.0,90.0,0.9001448320000001,0.907,-0.007
2023-09-21 09:00:00,9,30.6,45.44375,475.0,92.0,1.5125920424999997,1.508,0.005
2023-09-21 10:00:00,10,31.4,50.275,604.0,19.0,2.2197922006,2.218,0.002
2023-09-21 11:00:00,11,32.2,54.825,724.0,45.0,2.466021649,2.47,-0.004
2023-09-21 12:00:00,12,32.8,57.9875,806.0,25.0,2.82483001125,2.826,-0.001
2023-09-21 13:00:00,13,33.1,57.19375,771.0,50.0,2.569307866875,2.578,-0.009
2023-09-21 14:00:00,14,33.3,54.925,692.0,29.0,2.4388024866,2.443,-0.004
2023-09-21 15:00:00,15,33.0,50.21875,551.0,20.0,2.02130493,2.014,0.007
2023-09-21 16:00:00,16,32.6,44.7875,390.0,21.0,1.46220390225,1.459,0.003
2023-09-21 17:00:00,17,25.7,31.45,184.0,36.0,0.7069730431999999,0.726,-0.019
2023-09-21 18:00:00,18,26.1,26.69375,19.0,100.0,0.064162335,0.075,-0.011
2023-09-21 19:00:00,19,26.3,26.3,0.0,100.0,0.0,0.0,0.0
2023-09-21 20:00:00,20,26.2,26.2,0.0,100.0,0.0,0.0,0.0
2023-09-21 21:00:00,21,26.0,26.0,0.0,100.0,0.0,0.0,0.0
2023-09-21 22:00:00,22,25.7,25.7,0.0,100.0,0.0,0.0,0.0
2023-09-21 23:00:00,23,25.4,25.4,0.0,100.0,0.0,0.0,0.0
2023-09-22 00:00:00,0,25.3,25.3,0.0,100.0,0.0,0.0,0.0
2023-09-22 01:00:00,1,25.2,25.2,0.0,100.0,0.0,0.0,0.0
2023-09-22 02:00:00,2,25.3,25.3,0.0,100.0,0.0,0.0,0.0
2023-09-22 03:00:00,3,25.3,25.3,0.0,100.0,0.0,0.0,0.0
2023-09-22 04:00:00,4,25.4,25.4,0.0,100.0,0.0,0.0,0.0
2023-09-22 05:00:00,5,24.7,24.7,0.0,100.0,0.0,0.0,0.0
2023-09-22 06:00:00,6,24.9,24.93125,1.0,88.0,0.003502,0.002,0.002
2023-09-22 07:00:00,7,25.8,28.14375,75.0,34.0,0.2933392818749999,0.291,0.002
2023-09-22 08:00:00,8,27.7,35.7,256.0,66.0,0.9039643648,0.914,-0.01
2023-09-22 09:00:00,9,29.6,43.975,460.0,74.0,1.539236406,1.558,-0.019
2023-09-22 10:00:00,10,30.8,50.20625,621.0,45.0,2.1595643330625003,2.177,-0.017
2023-09-22 11:00:00,11,31.8,54.33125,721.0,80.0,2.27197896975,2.27,0.002
2023-09-22 12:00:00,12,32.5,57.09375,787.0,78.0,2.460570354625,2.487,-0.026
2023-09-22 13:00:00,13,33.0,56.40625,749.0,100.0,2.226683375,2.241,-0.014
2023-09-22 14:00:00,14,32.5,43.6875,358.0,100.0,1.1262143,1.155,-0.029
2023-09-22 15:00:00,15,32.2,42.7625,338.0,100.0,1.06754934,1.068,-0.0
2023-09-22 16:00:00,16,32.1,41.63125,305.0,33.0,1.1301558488125,1.144,-0.014
2023-09-22 17:00:00,17,29.2,34.60625,173.0,80.0,0.5938783357499999,0.6,-0.006
2023-09-22 18:00:00,18,28.5,29.625,36.0,66.0,0.130347126,0.127,0.003
2023-09-22 19:00:00,19,28.2,28.2,0.0,63.0,0.0,0.002,-0.002
2023-09-22 20:00:00,20,26.7,26.7,0.0,53.0,0.0,0.0,0.0
2023-09-22 21:00:00,21,26.7,26.7,0.0,7.0,0.0,0.0,0.0
2023-09-22 22:00:00,22,26.4,26.4,0.0,13.0,0.0,0.0,0.0
2023-09-22 23:00:00,23,26.0,26.0,0.0,1.0,0.0,0.0,0.0
2023-09-23 00:00:00,0,25.8,25.8,0.0,0.0,0.0,0.0,0.0
2023-09-23 01:00:00,1,25.6,25.6,0.0,0.0,0.0,0.0,0.0
2023-09-23 02:00:00,2,25.3,25.3,0.0,1.0,0.0,0.0,0.0
2023-09-23 03:00:00,3,25.1,25.1,0.0,20.0,0.0,0.0,0.0
2023-09-23 04:00:00,4,24.9,24.9,0.0,64.0,0.0,0.0,0.0
2023-09-23 05:00:00,5,25.7,25.7,0.0,45.0,0.0,0.0,0.0
2023-09-23 06:00:00,6,24.1,24.13125,1.0,76.0,0.003604,0.002,0.002
2023-09-23 07:00:00,7,25.3,27.76875,79.0,98.0,0.2669533812749999,0.257,0.01
2023-09-23 08:00:00,8,28.1,36.1625,258.0,98.0,0.8422231851000002,0.847,-0.005
2023-09-23 09:00:00,9,28.7,41.35625,405.0,99.0,1.2901270494375,1.294,-0.004
2023-09-23 10:00:00,10,29.6,43.35,440.0,97.0,1.396590052,1.385,0.012
2023-09-23 11:00:00,11,31.0,50.75,632.0,93.0,1.961204388,1.972,-0.011
2023-09-23 12:00:00,12,30.2,53.48125,745.0,52.0,2.513759332,2.518,-0.004
2023-09-23 13:00:00,13,27.5,43.40625,509.0,66.0,1.7394552638749994,1.768,-0.029
2023-09-23 14:00:00,14,29.4,45.025,500.0,41.0,1.7944949250000002,1.77,0.024
2023-09-23 15:00:00,15,30.4,46.86875,527.0,44.0,1.8639710163000005,1.839,0.025
2023-09-23 16:00:00,16,30.4,41.7125,362.0,25.0,1.36386871125,1.334,0.03
2023-09-23 17:00:00,17,28.5,34.40625,189.0,25.0,0.7343763328124999,0.738,-0.004
2023-09-23 18:00:00,18,27.8,28.83125,33.0,93.0,0.1124139443625,0.128,-0.016
2023-09-23 19:00:00,19,26.7,26.7,0.0,92.0,0.0,0.0,0.0
2023-09-23 20:00:00,20,26.0,26.0,0.0,72.0,0.0,0.0,0.0
2023-09-23 21:00:00,21,25.4,25.4,0.0,95.0,0.0,0.0,0.0
2023-09-23 22:00:00,22,25.3,25.3,0.0,82.0,0.0,0.0,0.0
2023-09-23 23:00:00,23,25.0,25.0,0.0,6.0,0.0,0.0,0.0
2023-09-24 00:00:00,0,25.3,25.3,0.0,5.0,0.0,0.0,0.0
2023-09-24 01:00:00,1,26.2,26.2,0.0,2.0,0.0,0.0,0.0
2023-09-24 02:00:00,2,26.0,26.0,0.0,7.0,0.0,0.0,0.0
2023-09-24 03:00:00,3,25.8,25.8,0.0,30.0,0.0,0.0,0.0
2023-09-24 04:00:00,4,24.7,24.7,0.0,64.0,0.0,0.0,0.0
2023-09-24 05:00:00,5,24.5,24.5,0.0,41.0,0.0,0.0,0.0
2023-09-24 06:00:00,6,24.4,24.43125,1.0,2.0,0.004233,0.003,0.001
2023-09-24 07:00:00,7,25.5,28.03125,81.0,33.0,0.3176309548124999,0.321,-0.003
2023-09-24 08:00:00,8,27.4,34.86875,239.0,21.0,0.9346758314625,0.988,-0.053
2023-09-24 09:00:00,9,29.3,42.89375,435.0,7.0,1.6923957586875,1.691,0.001
2023-09-24 10:00:00,10,31.1,50.4125,618.0,4.0,2.340640144799999,2.333,0.008
2023-09-24 11:00:00,11,31.3,54.3,736.0,19.0,2.6564652608,2.666,-0.01
2023-09-24 12:00:00,12,32.5,53.96875,687.0,15.0,2.5039812496875005,2.533,-0.029
2023-09-24 13:00:00,13,33.0,56.5,752.0,33.0,2.608945936,2.614,-0.005
2023-09-24 14:00:00,14,33.2,53.575,652.0,7.0,2.4199148541999995,2.47,-0.05
2023-09-24 15:00:00,15,33.5,50.96875,559.0,13.0,2.0736157755625,2.071,0.003
2023-09-24 16:00:00,16,33.0,45.0625,386.0,45.0,1.37305338625,1.322,0.051
2023-09-24 17:00:00,17,26.3,31.175,156.0,30.0,0.607826466,0.566,0.042
2023-09-24 18:00:00,18,27.2,28.23125,33.0,8.0,0.13622227245,0.144,-0.008
2023-09-24 19:00:00,19,26.6,26.6,0.0,4.0,0.0,0.0,0.0
2023-09-24 20:00:00,20,25.9,25.9,0.0,1.0,0.0,0.0,0.0
2023-09-24 21:00:00,21,25.0,25.0,0.0,20.0,0.0,0.0,0.0
2023-09-24 22:00:00,22,25.3,25.3,0.0,5.0,0.0,0.0,0.0
2023-09-24 23:00:00,23,26.0,26.0,0.0,2.0,0.0,0.0,0.0
2023-09-25 00:00:00,0,26.0,26.0,0.0,2.0,0.0,0.0,0.0
2023-09-25 01:00:00,1,24.5,24.5,0.0,0.0,0.0,0.0,0.0
2023-09-25 02:00:00,2,24.0,24.0,0.0,6.0,0.0,0.0,0.0
2023-09-25 03:00:00,3,23.7,23.7,0.0,0.0,0.0,0.0,0.0
2023-09-25 04:00:00,4,23.4,23.4,0.0,0.0,0.0,0.0,0.0
2023-09-25 05:00:00,5,25.0,25.0,0.0,6.0,0.0,0.0,0.0
2023-09-25 06:00:00,6,24.8,24.83125,1.0,6.0,0.004199,0.003,0.001
2023-09-25 07:00:00,7,25.3,27.76875,79.0,7.0,0.3273831267874999,0.318,0.009
2023-09-25 08:00:00,8,27.3,35.39375,259.0,6.0,1.042326482925,1.031,0.011
2023-09-25 09:00:00,9,29.0,42.96875,447.0,22.0,1.6856244281249997,1.767,-0.081
2023-09-25 10:00:00,10,29.0,47.9375,606.0,86.0,1.9368558405,1.944,-0.007
2023-09-25 11:00:00,11,29.3,45.45625,517.0,38.0,1.864133057325,1.851,0.013
2023-09-25 12:00:00,12,30.8,53.3,720.0,6.0,2.681044704,2.699,-0.018
2023-09-25 13:00:00,13,31.7,56.325,788.0,10.0,2.8707828940000004,2.879,-0.008
2023-09-25 14:00:00,14,32.1,53.13125,673.0,14.0,2.467325158425,2.458,0.009
2023-09-25 15:00:00,15,31.8,48.76875,543.0,14.0,2.0298671300250004,2.038,-0.008
2023-09-25 16:00:00,16,31.3,42.51875,359.0,33.0,1.3251900862125,1.296,0.029
2023-09-25 17:00:00,17,30.4,34.86875,143.0,27.0,0.5522360790374999,0.535,0.017
2023-09-25 18:00:00,18,27.7,28.7,32.0,3.0,0.1331832768,0.139,-0.006
2023-09-25 19:00:00,19,26.9,26.9,0.0,8.0,0.0,0.001,-0.001
2023-09-25 20:00:00,20,25.7,25.7,0.0,2.0,0.0,0.0,0.0
2023-09-25 21:00:00,21,25.4,25.4,0.0,6.0,0.0,0.0,0.0
2023-09-25 22:00:00,22,25.2,25.2,0.0,5.0,0.0,0.0,0.0
2023-09-25 23:00:00,23,26.8,26.8,0.0,1.0,0.0,0.0,0.0
2023-09-26 00:00:00,0,27.0,27.0,0.0,1.0,0.0,0.0,0.0
2023-09-26 01:00:00,1,27.0,27.0,0.0,0.0,0.0,0.0,0.0
2023-09-26 02:00:00,2,24.9,24.9,0.0,0.0,0.0,0.0,0.0
2023-09-26 03:00:00,3,24.3,24.3,0.0,0.0,0.0,0.0,0.0
2023-09-26 04:00:00,4,23.9,23.9,0.0,0.0,0.0,0.0,0.0
2023-09-26 05:00:00,5,24.6,24.6,0.0,0.0,0.0,0.0,0.0
2023-09-26 06:00:00,6,24.9,24.93125,1.0,37.0,0.0039355,0.002,0.002
2023-09-26 07:00:00,7,26.3,28.70625,77.0,19.0,0.3101473750374999,0.302,0.008
2023-09-26 08:00:00,8,27.8,36.01875,263.0,14.0,1.0385675840250002,1.022,0.017
2023-09-26 09:00:00,9,29.0,43.6875,470.0,50.0,1.6633681874999997,1.669,-0.006
2023-09-26 10:00:00,10,29.5,45.3125,506.0,31.0,1.85327401875,1.853,0.0
2023-09-26 11:00:00,11,30.8,53.3,720.0,37.0,2.512801008,2.546,-0.033
2023-09-26 12:00:00,12,31.7,56.60625,797.0,7.0,2.9175906818875,2.944,-0.026
2023-09-26 13:00:00,13,32.3,56.425,772.0,11.0,2.8054695774,2.831,-0.026
2023-09-26 14:00:00,14,32.6,53.7875,678.0,22.0,2.4375086829,2.435,0.003
2023-09-26 15:00:00,15,32.0,48.8125,538.0,31.0,1.94045080075,1.948,-0.008
2023-09-26 16:00:00,16,30.9,41.4,336.0,68.0,1.1528552448000002,1.127,0.026
2023-09-26 17:00:00,17,28.0,32.53125,145.0,54.0,0.533135438125,0.521,0.012
2023-09-26 18:00:00,18,27.6,28.225,20.0,12.0,0.081889816,0.086,-0.004
2023-09-26 19:00:00,19,26.6,26.6,0.0,3.0,0.0,0.0,0.0
2023-09-26 20:00:00,20,26.0,26.0,0.0,5.0,0.0,0.0,0.0
2023-09-26 21:00:00,21,25.5,25.5,0.0,27.0,0.0,0.0,0.0
2023-09-26 22:00:00,22,25.2,25.2,0.0,1.0,0.0,0.0,0.0
2023-09-26 23:00:00,23,24.9,24.9,0.0,1.0,0.0,0.0,0.0
2023-09-27 00:00:00,0,24.8,24.8,0.0,2.0,0.0,0.0,0.0
2023-09-27 01:00:00,1,24.7,24.7,0.0,0.0,0.0,0.0,0.0
2023-09-27 02:00:00,2,24.5,24.5,0.0,0.0,0.0,0.0,0.0
2023-09-27 03:00:00,3,24.5,24.5,0.0,0.0,0.0,0.0,0.0
2023-09-27 04:00:00,4,24.4,24.4,0.0,0.0,0.0,0.0,0.0
2023-09-27 05:00:00,5,25.0,25.0,0.0,0.0,0.0,0.0,0.0
2023-09-27 06:00:00,6,25.2,25.23125,1.0,0.0,0.00424606875,0.002,0.002
2023-09-27 07:00:00,7,26.3,28.76875,79.0,0.0,0.33068856875,0.314,0.017
2023-09-27 08:00:00,8,28.5,36.875,268.0,0.0,1.0848975,0.982,0.103
2023-09-27 09:00:00,9,30.2,44.95,472.0,0.0,1.8459212,1.706,0.14
2023-09-27 10:00:00,10,31.4,51.49375,643.0,10.0,2.394283882375,2.379,0.015
2023-09-27 11:00:00,11,32.3,54.8,720.0,10.0,2.64134304,2.645,-0.004
2023-09-27 12:00:00,12,32.9,57.7125,794.0,16.0,2.8390923814,2.831,0.008
2023-09-27 13:00:00,13,33.2,56.85625,757.0,11.0,2.7455314965375,2.764,-0.018
2023-09-27 14:00:00,14,33.2,54.5125,682.0,11.0,2.50009276935,2.504,-0.004
2023-09-27 15:00:00,15,33.2,50.10625,541.0,12.0,2.0187074711,2.001,0.018
2023-09-27 16:00:00,16,33.1,44.6,368.0,16.0,1.3952581631999996,1.385,0.01
2023-09-27 17:00:00,17,31.4,37.05625,181.0,19.0,0.7043311078375,0.712,-0.008
2023-09-27 18:00:00,18,28.6,29.475,28.0,29.0,0.1100914457999999,0.126,-0.016
2023-09-27 19:00:00,19,27.2,27.2,0.0,31.0,0.0,0.001,-0.001
2023-09-27 20:00:00,20,26.0,26.0,0.0,10.0,0.0,0.0,0.0
2023-09-27 21:00:00,21,25.3,25.3,0.0,4.0,0.0,0.0,0.0
2023-09-27 22:00:00,22,24.6,24.6,0.0,1.0,0.0,0.0,0.0
2023-09-27 23:00:00,23,24.5,24.5,0.0,0.0,0.0,0.0,0.0
2023-09-28 00:00:00,0,23.5,23.5,0.0,0.0,0.0,0.0,0.0
2023-09-28 01:00:00,1,22.9,22.9,0.0,0.0,0.0,0.0,0.0
2023-09-28 02:00:00,2,23.2,23.2,0.0,0.0,0.0,0.0,0.0
2023-09-28 03:00:00,3,23.2,23.2,0.0,0.0,0.0,0.0,0.0
2023-09-28 04:00:00,4,22.9,22.9,0.0,41.0,0.0,0.0,0.0
2023-09-28 05:00:00,5,22.2,22.2,0.0,58.0,0.0,0.0,0.0
2023-09-28 06:00:00,6,22.7,22.73125,1.0,3.0,0.0042245,0.003,0.001
2023-09-28 07:00:00,7,24.4,27.025,84.0,28.0,0.3342782352,0.327,0.007
2023-09-28 08:00:00,8,27.3,36.175,284.0,20.0,1.106925216,1.135,-0.028
2023-09-28 09:00:00,9,29.8,45.26875,495.0,0.0,1.9331884687500005,1.831,0.102
2023-09-28 10:00:00,10,31.4,52.525,676.0,0.0,2.5566827,2.488,0.069
2023-09-28 11:00:00,11,32.3,57.26875,799.0,0.0,2.95744356875,2.906,0.051
2023-09-28 12:00:00,12,33.0,59.65625,853.0,0.0,3.1226997187499994,2.966,0.157
2023-09-28 13:00:00,13,33.5,59.625,836.0,0.0,3.0609094999999997,2.857,0.204
2023-09-28 14:00:00,14,33.8,57.14375,747.0,0.0,2.76655651875,2.6,0.167
2023-09-28 15:00:00,15,33.9,52.55625,597.0,0.0,2.25758161875,2.219,0.039
2023-09-28 16:00:00,16,33.4,45.9625,402.0,22.0,1.4963716149,1.5,-0.004
2023-09-28 17:00:00,17,31.4,37.3375,190.0,2.0,0.7645792755,0.781,-0.016
2023-09-28 18:00:00,18,27.3,28.20625,29.0,13.0,0.1185059164625,0.136,-0.017
2023-09-28 19:00:00,19,26.6,26.6,0.0,40.0,0.0,0.0,0.0
2023-09-28 20:00:00,20,25.6,25.6,0.0,100.0,0.0,0.0,0.0
2023-09-28 21:00:00,21,24.6,24.6,0.0,100.0,0.0,0.0,0.0
2023-09-28 22:00:00,22,23.7,23.7,0.0,97.0,0.0,0.0,0.0
2023-09-28 23:00:00,23,23.2,23.2,0.0,93.0,0.0,0.0,0.0
2023-09-29 00:00:00,0,23.6,23.6,0.0,99.0,0.0,0.0,0.0
2023-09-29 01:00:00,1,22.9,22.9,0.0,96.0,0.0,0.0,0.0
2023-09-29 02:00:00,2,22.9,22.9,0.0,50.0,0.0,0.0,0.0
2023-09-29 03:00:00,3,22.2,22.2,0.0,35.0,0.0,0.0,0.0
2023-09-29 04:00:00,4,21.6,21.6,0.0,28.0,0.0,0.0,0.0
2023-09-29 05:00:00,5,21.5,21.5,0.0,0.0,0.0,0.0,0.0
2023-09-29 06:00:00,6,22.1,22.13125,1.0,0.0,0.00425,0.002,0.002
2023-09-29 07:00:00,7,25.3,27.89375,83.0,0.0,0.34866691875,0.329,0.02
2023-09-29 08:00:00,8,28.2,37.0125,282.0,0.0,1.140912075,1.091,0.05
2023-09-29 09:00:00,9,30.6,46.0375,494.0,0.0,1.922827075,1.801,0.122
2023-09-29 10:00:00,10,32.2,53.2625,674.0,0.0,2.5406682750000003,2.397,0.144
2023-09-29 11:00:00,11,33.2,58.1375,798.0,0.0,2.941956675,2.924,0.018
2023-09-29 12:00:00,12,33.8,60.4875,854.0,0.0,3.114292475,3.096,0.018
2023-09-29 13:00:00,13,34.1,60.225,836.0,0.0,3.0523823,3.06,-0.008
2023-09-29 14:00:00,14,34.3,57.70625,749.0,0.0,2.76680131875,2.717,0.05
2023-09-29 15:00:00,15,34.4,53.11875,599.0,0.0,2.25941676875,2.257,0.002
2023-09-29 16:00:00,16,33.3,45.89375,403.0,0.0,1.56960691875,1.548,0.022
2023-09-29 17:00:00,17,30.7,36.6375,190.0,1.0,0.76837105325,0.785,-0.017
2023-09-29 18:00:00,18,28.5,29.34375,27.0,2.0,0.112305193875,0.111,0.001
2023-09-29 19:00:00,19,27.0,27.0,0.0,0.0,0.0,0.0,0.0
2023-09-29 20:00:00,20,26.5,26.5,0.0,0.0,0.0,0.0,0.0
2023-09-29 21:00:00,21,25.1,25.1,0.0,16.0,0.0,0.0,0.0
2023-09-29 22:00:00,22,24.2,24.2,0.0,0.0,0.0,0.0,0.0
2023-09-29 23:00:00,23,23.6,23.6,0.0,32.0,0.0,0.0,0.0
2023-09-30 00:00:00,0,23.4,23.4,0.0,45.0,0.0,0.0,0.0
2023-09-30 01:00:00,1,22.7,22.7,0.0,90.0,0.0,0.0,0.0
2023-09-30 02:00:00,2,22.4,22.4,0.0,63.0,0.0,0.0,0.0
2023-09-30 03:00:00,3,21.9,21.9,0.0,21.0,0.0,0.0,0.0
2023-09-30 04:00:00,4,21.5,21.5,0.0,36.0,0.0,0.0,0.0
2023-09-30 05:00:00,5,21.6,21.6,0.0,2.0,0.0,0.0,0.0
2023-09-30 06:00:00,6,22.5,22.53125,1.0,0.0,0.00425,0.002,0.002
2023-09-30 07:00:00,7,24.4,26.93125,81.0,0.0,0.34159066875,0.333,0.009
2023-09-30 08:00:00,8,28.3,36.95625,277.0,0.0,1.12094801875,1.038,0.083
2023-09-30 09:00:00,9,30.6,45.85,488.0,0.0,1.9010284,1.838,0.063
2023-09-30 10:00:00,10,32.2,53.0125,666.0,0.0,2.513342475,2.433,0.08
2023-09-30 11:00:00,11,33.6,58.31875,791.0,0.0,2.9137127687499995,2.882,0.032
2023-09-30 12:00:00,12,34.4,60.9,848.0,0.0,3.0864656000000004,3.064,0.022
2023-09-30 13:00:00,13,35.0,60.96875,831.0,0.0,3.0236194687499998,2.941,0.083
2023-09-30 14:00:00,14,35.3,58.55,744.0,0.0,2.7376596,1.95,0.788
2023-09-30 15:00:00,15,34.9,53.4625,594.0,4.0,2.2191889896,2.251,-0.032
2023-09-30 16:00:00,16,33.7,46.1375,398.0,0.0,1.5484836750000002,1.5,0.048
2023-09-30 17:00:00,17,30.6,36.35,184.0,0.0,0.7464972,0.681,0.065
2023-09-30 18:00:00,18,28.7,29.48125,25.0,3.0,0.1037193959375,0.109,-0.005
2023-09-30 19:00:00,19,27.3,27.3,0.0,0.0,0.0,0.0,0.0
2023-09-30 20:00:00,20,25.9,25.9,0.0,0.0,0.0,0.0,0.0
2023-09-30 21:00:00,21,25.6,25.6,0.0,0.0,0.0,0.0,0.0
2023-09-30 22:00:00,22,25.3,25.3,0.0,0.0,0.0,0.0,0.0
2023-09-30 23:00:00,23,25.0,25.0,0.0,0.0,0.0,0.0,0.0
2023-10-01 00:00:00,0,24.2,24.2,0.0,0.0,0.0,0.0,0.0
2023-10-01 01:00:00,1,22.9,22.9,0.0,36.0,0.0,0.0,0.0
2023-10-01 02:00:00,2,22.3,22.3,0.0,100.0,0.0,0.0,0.0
2023-10-01 03:00:00,3,22.1,22.1,0.0,93.0,0.0,0.0,0.0
2023-10-01 04:00:00,4,21.8,21.8,0.0,95.0,0.0,0.0,0.0
2023-10-01 05:00:00,5,21.2,21.2,0.0,84.0,0.0,0.0,0.0
2023-10-01 06:00:00,6,21.7,21.73125,1.0,97.0,0.0034255,0.002,0.001
2023-10-01 07:00:00,7,24.0,26.53125,81.0,97.0,0.2757660238125,0.28,-0.004
2023-10-01 08:00:00,8,27.3,36.01875,279.0,94.0,0.9203923118250004,0.92,0.0
2023-10-01 09:00:00,9,29.8,45.14375,491.0,86.0,1.5886091783249998,1.599,-0.01
2023-10-01 10:00:00,10,31.6,52.5375,670.0,97.0,2.04228138725,2.029,0.013
2023-10-01 11:00:00,11,33.0,57.75,792.0,90.0,2.39854428,2.38,0.019
2023-10-01 12:00:00,12,33.9,60.368750000000006,847.0,1.0,3.0842944180125,3.095,-0.011
2023-10-01 13:00:00,13,34.1,60.03750000000001,830.0,0.0,3.0331208749999994,3.047,-0.014
2023-10-01 14:00:00,14,34.2,57.41875,743.0,0.0,2.74826876875,2.445,0.303
2023-10-01 15:00:00,15,34.3,52.76875,591.0,0.0,2.23275736875,2.212,0.021
2023-10-01 16:00:00,16,33.3,45.6125,394.0,59.0,1.35513785295,1.372,-0.017
2023-10-01 17:00:00,17,30.0,35.65625,181.0,0.0,0.73646071875,0.678,0.058
2023-10-01 18:00:00,18,27.5,28.25,24.0,0.0,0.1006739999999999,0.103,-0.002
2023-10-01 19:00:00,19,26.5,26.5,0.0,0.0,0.0,0.0,0.0
2023-10-01 20:00:00,20,26.0,26.0,0.0,65.0,0.0,0.0,0.0
2023-10-01 21:00:00,21,25.1,25.1,0.0,65.0,0.0,0.0,0.0
2023-10-01 22:00:00,22,24.3,24.3,0.0,2.0,0.0,0.0,0.0
2023-10-01 23:00:00,23,24.2,24.2,0.0,2.0,0.0,0.0,0.0
2023-10-02 00:00:00,0,23.1,23.1,0.0,3.0,0.0,0.0,0.0
2023-10-02 01:00:00,1,22.2,22.2,0.0,2.0,0.0,0.0,0.0
2023-10-02 02:00:00,2,21.8,21.8,0.0,0.0,0.0,0.0,0.0
2023-10-02 03:00:00,3,21.2,21.2,0.0,0.0,0.0,0.0,0.0
2023-10-02 04:00:00,4,20.9,20.9,0.0,0.0,0.0,0.0,0.0
2023-10-02 05:00:00,5,21.1,21.1,0.0,0.0,0.0,0.0,0.0
2023-10-02 06:00:00,6,21.8,21.8,0.0,0.0,0.0,0.001,-0.001
2023-10-02 07:00:00,7,23.8,26.2375,78.0,0.0,0.329859075,0.315,0.015
2023-10-02 08:00:00,8,27.7,36.2,272.0,0.0,1.1042112000000002,1.03,0.074
2023-10-02 09:00:00,9,30.7,45.7625,482.0,0.0,1.878372075,1.679,0.199
2023-10-02 10:00:00,10,32.5,53.09375,659.0,0.0,2.48601571875,2.164,0.322
2023-10-02 11:00:00,11,33.4,57.8375,782.0,0.0,2.886958275,2.831,0.056
2023-10-02 12:00:00,12,34.1,60.28750000000001,838.0,0.0,3.058794275,3.04,0.019
2023-10-02 13:00:00,13,34.7,60.35625,821.0,0.0,2.9957828187499995,2.979,0.017
2023-10-02 14:00:00,14,35.2,58.325,740.0,12.0,2.660352984,2.506,0.154
2023-10-02 15:00:00,15,35.0,53.0,576.0,86.0,1.799926272,1.823,-0.023
2023-10-02 16:00:00,16,33.6,44.25625,341.0,46.0,1.2145603390250002,1.258,-0.043
2023-10-02 17:00:00,17,30.9,35.775,156.0,7.0,0.6255427542,0.619,0.007
2023-10-02 18:00:00,18,30.0,30.59375,19.0,9.0,0.0775222408125,0.082,-0.004
2023-10-02 19:00:00,19,28.4,28.4,0.0,36.0,0.0,0.002,-0.002
2023-10-02 20:00:00,20,26.1,26.1,0.0,15.0,0.0,0.0,0.0
2023-10-02 21:00:00,21,25.8,25.8,0.0,0.0,0.0,0.0,0.0
2023-10-02 22:00:00,22,24.9,24.9,0.0,0.0,0.0,0.0,0.0
2023-10-02 23:00:00,23,25.2,25.2,0.0,0.0,0.0,0.0,0.0
2023-10-03 00:00:00,0,23.9,23.9,0.0,0.0,0.0,0.0,0.0
2023-10-03 01:00:00,1,22.9,22.9,0.0,0.0,0.0,0.0,0.0
2023-10-03 02:00:00,2,21.4,21.4,0.0,0.0,0.0,0.0,0.0
2023-10-03 03:00:00,3,21.1,21.1,0.0,0.0,0.0,0.0,0.0
2023-10-03 04:00:00,4,20.9,20.9,0.0,0.0,0.0,0.0,0.0
2023-10-03 05:00:00,5,21.8,21.8,0.0,0.0,0.0,0.0,0.0
2023-10-03 06:00:00,6,22.4,22.4,0.0,0.0,0.0,0.001,-0.001
2023-10-03 07:00:00,7,24.6,27.00625,77.0,0.0,0.2034092848287499,0.298,-0.095
2023-10-03 08:00:00,8,28.1,36.6,272.0,0.0,0.7151019699200001,0.935,-0.22
2023-10-03 09:00:00,9,30.7,45.7625,482.0,0.0,1.22094184875,1.679,-0.458
2023-10-03 10:00:00,10,32.1,52.75625,661.0,0.0,1.6232794621875,1.876,-0.253
2023-10-03 11:00:00,11,33.0,57.5,784.0,0.0,1.722200844,2.144,-0.422
2023-10-03 12:00:00,12,33.6,59.88125,841.0,0.0,1.9351378020975,2.314,-0.379
2023-10-03 13:00:00,13,33.8,59.51875,823.0,0.0,1.6304028496599998,1.954,-0.324
2023-10-03 14:00:00,14,33.9,56.8375,734.0,0.0,1.7694505887500005,2.096,-0.327
2023-10-03 15:00:00,15,33.7,51.91875,583.0,0.0,1.4371228746875,1.655,-0.218
2023-10-03 16:00:00,16,33.1,45.1625,386.0,0.0,0.98032588875,1.011,-0.031
2023-10-03 17:00:00,17,30.4,35.8375,174.0,0.0,0.4598377387499999,0.578,-0.118
2023-10-03 18:00:00,18,27.9,28.55625,21.0,0.0,0.0571872721875,0.088,-0.031
2023-10-03 19:00:00,19,27.3,27.3,0.0,0.0,0.0,0.0,0.0
2023-10-03 20:00:00,20,25.8,25.8,0.0,0.0,0.0,0.0,0.0
2023-10-03 21:00:00,21,24.4,24.4,0.0,0.0,0.0,0.0,0.0
2023-10-03 22:00:00,22,24.2,24.2,0.0,0.0,0.0,0.0,0.0
2023-10-03 23:00:00,23,23.6,23.6,0.0,0.0,0.0,0.0,0.0
2023-10-04 00:00:00,0,23.0,23.0,0.0,0.0,0.0,0.0,0.0
2023-10-04 01:00:00,1,22.5,22.5,0.0,0.0,0.0,0.0,0.0
2023-10-04 02:00:00,2,21.8,21.8,0.0,0.0,0.0,0.0,0.0
2023-10-04 03:00:00,3,21.3,21.3,0.0,0.0,0.0,0.0,0.0
2023-10-04 04:00:00,4,21.1,21.1,0.0,0.0,0.0,0.0,0.0
2023-10-04 05:00:00,5,20.4,20.4,0.0,0.0,0.0,0.0,0.0
2023-10-04 06:00:00,6,20.5,20.5,0.0,0.0,0.0,0.001,-0.001
2023-10-04 07:00:00,7,21.8,24.20625,77.0,0.0,0.32725,0.291,0.036
2023-10-04 08:00:00,8,25.7,34.2625,274.0,0.0,1.121355275,1.136,-0.015
2023-10-04 09:00:00,9,29.0,44.1875,486.0,0.0,1.906972875,1.842,0.065
2023-10-04 10:00:00,10,31.0,51.8125,666.0,0.0,2.526928875,2.542,-0.015
2023-10-04 11:00:00,11,32.5,57.21875,791.0,0.0,2.92850446875,2.883,0.046
2023-10-04 12:00:00,12,33.5,59.9375,846.0,0.0,3.0930288749999995,2.976,0.117
2023-10-04 13:00:00,13,34.1,59.94375,827.0,0.0,3.02347581875,2.965,0.058
2023-10-04 14:00:00,14,34.7,57.73125,737.0,0.0,2.7221601687500003,2.687,0.035
2023-10-04 15:00:00,15,34.6,52.88125,585.0,0.0,2.20897096875,2.199,0.01
2023-10-04 16:00:00,16,33.4,45.525,388.0,0.0,1.5136171,1.411,0.103
2023-10-04 17:00:00,17,30.4,35.80625,173.0,0.0,0.70346881875,0.578,0.125
2023-10-04 18:00:00,18,27.9,28.525,20.0,0.0,0.0838015,0.082,0.002
2023-10-04 19:00:00,19,27.3,27.3,0.0,0.0,0.0,0.0,0.0
2023-10-04 20:00:00,20,26.8,26.8,0.0,0.0,0.0,0.0,0.0
2023-10-04 21:00:00,21,25.9,25.9,0.0,0.0,0.0,0.0,0.0
2023-10-04 22:00:00,22,24.7,24.7,0.0,0.0,0.0,0.0,0.0
2023-10-04 23:00:00,23,23.6,23.6,0.0,0.0,0.0,0.0,0.0
2023-10-05 00:00:00,0,21.4,21.4,0.0,0.0,0.0,0.0,0.0
2023-10-05 01:00:00,1,21.9,21.9,0.0,0.0,0.0,0.0,0.0
2023-10-05 02:00:00,2,21.4,21.4,0.0,0.0,0.0,0.0,0.0
2023-10-05 03:00:00,3,20.8,20.8,0.0,0.0,0.0,0.0,0.0
2023-10-05 04:00:00,4,20.8,20.8,0.0,0.0,0.0,0.0,0.0
2023-10-05 05:00:00,5,21.3,21.3,0.0,0.0,0.0,0.0,0.0
2023-10-05 06:00:00,6,21.7,21.7,0.0,0.0,0.0,0.001,-0.001
2023-10-05 07:00:00,7,23.2,25.575,76.0,0.0,0.3222571,0.308,0.014
2023-10-05 08:00:00,8,25.9,34.36875,271.0,0.0,1.10858816875,1.087,0.022
2023-10-05 09:00:00,9,28.3,43.39375,483.0,0.0,1.90171891875,1.859,0.043
2023-10-05 10:00:00,10,30.6,51.2875,662.0,0.0,2.517660475,2.448,0.07
2023-10-05 11:00:00,11,32.6,57.1,784.0,0.0,2.9041711999999995,2.781,0.123
2023-10-05 12:00:00,12,34.0,60.15625,837.0,0.0,3.05701171875,3.033,0.024
2023-10-05 13:00:00,13,34.9,60.36875,815.0,0.0,2.973715968749999,2.953,0.021
2023-10-05 14:00:00,14,35.1,57.69375,723.0,0.0,2.67091111875,2.624,0.047
2023-10-05 15:00:00,15,34.8,52.64375,571.0,0.0,2.15841211875,2.084,0.074
2023-10-05 16:00:00,16,34.1,45.7875,374.0,0.0,1.457333075,1.44,0.017
2023-10-05 17:00:00,17,30.8,35.95625,165.0,0.0,0.67051771875,0.598,0.073
2023-10-05 18:00:00,18,28.7,29.2625,18.0,0.0,0.075195675,0.079,-0.004
2023-10-05 19:00:00,19,28.3,28.3,0.0,19.0,0.0,0.002,-0.002
2023-10-05 20:00:00,20,27.9,27.9,0.0,1.0,0.0,0.001,-0.001
2023-10-05 21:00:00,21,27.4,27.4,0.0,0.0,0.0,0.0,0.0
2023-10-05 22:00:00,22,26.9,26.9,0.0,0.0,0.0,0.0,0.0
2023-10-05 23:00:00,23,25.9,25.9,0.0,0.0,0.0,0.0,0.0
2023-10-06 00:00:00,0,25.3,25.3,0.0,0.0,0.0,0.0,0.0
2023-10-06 01:00:00,1,24.6,24.6,0.0,0.0,0.0,0.0,0.0
2023-10-06 02:00:00,2,24.1,24.1,0.0,0.0,0.0,0.0,0.0
2023-10-06 03:00:00,3,23.6,23.6,0.0,0.0,0.0,0.0,0.0
2023-10-06 04:00:00,4,23.2,23.2,0.0,0.0,0.0,0.0,0.0
2023-10-06 05:00:00,5,23.0,23.0,0.0,0.0,0.0,0.0,0.0
2023-10-06 06:00:00,6,23.0,23.0,0.0,0.0,0.0,0.001,-0.001
2023-10-06 07:00:00,7,24.1,26.38125,73.0,0.0,0.30853586875,0.297,0.012
2023-10-06 08:00:00,8,26.3,34.51875,263.0,0.0,1.07519166875,1.024,0.051
2023-10-06 09:00:00,9,28.5,43.1875,470.0,0.0,1.852181875,1.877,-0.025
2023-10-06 10:00:00,10,30.9,51.025,644.0,0.0,2.4520783,2.368,0.084
2023-10-06 11:00:00,11,32.8,56.7375,766.0,0.0,2.842214275,2.801,0.041
2023-10-06 12:00:00,12,34.1,59.725,820.0,0.0,3.0009334999999995,2.984,0.017
2023-10-06 13:00:00,13,34.9,59.9625,802.0,0.0,2.9318212749999994,2.924,0.008
2023-10-06 14:00:00,14,35.2,57.48125,713.0,0.0,2.6365447687499994,2.505,0.132
2023-10-06 15:00:00,15,35.0,52.625,564.0,0.0,2.1321315,2.014,0.118
2023-10-06 16:00:00,16,34.3,45.8625,370.0,0.0,1.441274875,1.435,0.006
2023-10-06 17:00:00,17,31.7,36.7625,162.0,0.0,0.656106075,0.617,0.039
2023-10-06 18:00:00,18,29.4,29.93125,17.0,0.0,0.07082486875,0.066,0.005
2023-10-06 19:00:00,19,28.0,28.0,0.0,0.0,0.0,0.001,-0.001
2023-10-06 20:00:00,20,27.4,27.4,0.0,0.0,0.0,0.0,0.0
2023-10-06 21:00:00,21,27.3,27.3,0.0,0.0,0.0,0.0,0.0
2023-10-06 22:00:00,22,26.9,26.9,0.0,0.0,0.0,0.0,0.0
2023-10-06 23:00:00,23,26.1,26.1,0.0,0.0,0.0,0.0,0.0
2023-10-07 00:00:00,0,25.2,25.2,0.0,0.0,0.0,0.0,0.0
2023-10-07 01:00:00,1,24.5,24.5,0.0,0.0,0.0,0.0,0.0
2023-10-07 02:00:00,2,24.0,24.0,0.0,0.0,0.0,0.0,0.0
2023-10-07 03:00:00,3,23.6,23.6,0.0,0.0,0.0,0.0,0.0
2023-10-07 04:00:00,4,23.3,23.3,0.0,0.0,0.0,0.0,0.0
2023-10-07 05:00:00,5,23.1,23.1,0.0,0.0,0.0,0.0,0.0
2023-10-07 06:00:00,6,23.3,23.3,0.0,0.0,0.0,0.001,-0.001
2023-10-07 07:00:00,7,24.4,26.61875,71.0,0.0,0.29979616875,0.297,0.003
2023-10-07 08:00:00,8,26.7,34.825,260.0,0.0,1.0615735,1.018,0.044
2023-10-07 09:00:00,9,29.1,43.63125,465.0,0.0,1.82896996875,1.803,0.026
2023-10-07 10:00:00,10,31.2,51.2,640.0,0.0,2.434944,2.439,-0.004
2023-10-07 11:00:00,11,32.8,56.55,760.0,0.0,2.822374,2.82,0.002
2023-10-07 12:00:00,12,34.0,59.40625,813.0,0.0,2.9797212187499995,2.937,0.043
2023-10-07 13:00:00,13,34.8,59.64375,795.0,0.0,2.91053971875,2.785,0.126
2023-10-07 14:00:00,14,35.1,57.19375,707.0,0.0,2.61781331875,2.535,0.083
2023-10-07 15:00:00,15,34.9,52.275,556.0,0.0,2.1051967,2.006,0.099
2023-10-07 16:00:00,16,34.3,45.58125,361.0,0.0,1.40794286875,1.455,-0.047
2023-10-07 17:00:00,17,32.3,37.14375,155.0,0.0,0.62675121875,0.585,0.042
2023-10-07 18:00:00,18,29.5,30.0,16.0,0.0,0.06664,0.063,0.004
2023-10-07 19:00:00,19,28.3,28.3,0.0,0.0,0.0,0.001,-0.001
2023-10-07 20:00:00,20,27.8,27.8,0.0,0.0,0.0,0.0,0.0
2023-10-07 21:00:00,21,27.4,27.4,0.0,0.0,0.0,0.0,0.0
2023-10-07 22:00:00,22,26.8,26.8,0.0,0.0,0.0,0.0,0.0
2023-10-07 23:00:00,23,25.9,25.9,0.0,0.0,0.0,0.0,0.0
2023-10-08 00:00:00,0,25.1,25.1,0.0,0.0,0.0,0.0,0.0
2023-10-08 01:00:00,1,24.7,24.7,0.0,0.0,0.0,0.0,0.0
2023-10-08 02:00:00,2,24.3,24.3,0.0,0.0,0.0,0.0,0.0
2023-10-08 03:00:00,3,24.0,24.0,0.0,0.0,0.0,0.0,0.0
2023-10-08 04:00:00,4,23.6,23.6,0.0,0.0,0.0,0.0,0.0
2023-10-08 05:00:00,5,23.5,23.5,0.0,0.0,0.0,0.0,0.0
2023-10-08 06:00:00,6,23.5,23.5,0.0,0.0,0.0,0.001,-0.001
2023-10-08 07:00:00,7,24.8,26.925,68.0,0.0,0.2867747,0.279,0.008
2023-10-08 08:00:00,8,27.1,35.00625,253.0,0.0,1.03221311875,1.001,0.031
2023-10-08 09:00:00,9,29.4,43.65,456.0,0.0,1.7934252000000002,1.649,0.144
2023-10-08 10:00:00,10,31.4,51.025,628.0,0.0,2.3911571,2.216,0.175
2023-10-08 11:00:00,11,32.9,56.275,748.0,0.0,2.7813071000000003,2.631,0.15
2023-10-08 12:00:00,12,34.0,59.0625,802.0,0.0,2.944091875,2.929,0.015
2023-10-08 13:00:00,13,34.6,59.1,784.0,0.0,2.8775151999999995,2.787,0.091
2023-10-08 14:00:00,14,34.7,56.45,696.0,0.0,2.5858836,2.609,-0.023
2023-10-08 15:00:00,15,34.6,51.725,548.0,0.0,2.0800299,2.049,0.031
2023-10-08 16:00:00,16,34.0,45.125,356.0,0.0,1.3912034999999998,1.309,0.082
2023-10-08 17:00:00,17,32.5,37.21875,151.0,0.0,0.61038446875,0.564,0.046
2023-10-08 18:00:00,18,29.9,30.36875,15.0,0.0,0.06238096875,0.064,-0.002
2023-10-08 19:00:00,19,28.8,28.8,0.0,0.0,0.0,0.001,-0.001
2023-10-08 20:00:00,20,28.1,28.1,0.0,0.0,0.0,0.0,0.0
2023-10-08 21:00:00,21,27.5,27.5,0.0,0.0,0.0,0.0,0.0
2023-10-08 22:00:00,22,27.4,27.4,0.0,0.0,0.0,0.0,0.0
2023-10-08 23:00:00,23,26.7,26.7,0.0,0.0,0.0,0.0,0.0
2023-10-09 00:00:00,0,26.0,26.0,0.0,0.0,0.0,0.0,0.0
2023-10-09 01:00:00,1,25.4,25.4,0.0,0.0,0.0,0.0,0.0
2023-10-09 02:00:00,2,24.9,24.9,0.0,0.0,0.0,0.0,0.0
2023-10-09 03:00:00,3,24.5,24.5,0.0,0.0,0.0,0.0,0.0
2023-10-09 04:00:00,4,24.5,24.5,0.0,0.0,0.0,0.0,0.0
2023-10-09 05:00:00,5,24.3,24.3,0.0,0.0,0.0,0.0,0.0
2023-10-09 06:00:00,6,24.5,24.5,0.0,0.0,0.0,0.001,-0.001
2023-10-09 07:00:00,7,25.6,27.69375,67.0,0.0,0.28168181875,0.273,0.009
2023-10-09 08:00:00,8,27.7,35.54375,251.0,0.0,1.02175981875,0.998,0.024
2023-10-09 09:00:00,9,29.9,44.05625,453.0,0.0,1.7784978187500002,1.719,0.059
2023-10-09 10:00:00,10,31.6,51.1,624.0,0.0,2.3751312,2.272,0.103
2023-10-09 11:00:00,11,32.9,56.11875,743.0,0.0,2.76468906875,2.315,0.45
2023-10-09 12:00:00,12,34.0,59.0,800.0,0.0,2.9376,2.894,0.044
2023-10-09 13:00:00,13,34.3,58.925,788.0,0.0,2.8945407000000003,2.826,0.069
2023-10-09 14:00:00,14,34.2,55.98125,697.0,0.0,2.59515316875,2.554,0.041
2023-10-09 15:00:00,15,34.2,51.16875,543.0,0.0,2.06618626875,2.067,-0.001
2023-10-09 16:00:00,16,33.8,44.70625,349.0,0.0,1.36633281875,1.32,0.046
2023-10-09 17:00:00,17,32.2,36.79375,147.0,0.0,0.5952774187500001,0.574,0.021
2023-10-09 18:00:00,18,29.8,30.2375,14.0,0.0,0.058253475,0.052,0.006
2023-10-09 19:00:00,19,28.9,28.9,0.0,0.0,0.0,0.001,-0.001
2023-10-09 20:00:00,20,28.7,28.7,0.0,0.0,0.0,0.001,-0.001
2023-10-09 21:00:00,21,28.5,28.5,0.0,0.0,0.0,0.001,-0.001
2023-10-09 22:00:00,22,27.3,27.3,0.0,0.0,0.0,0.0,0.0
2023-10-09 23:00:00,23,26.0,26.0,0.0,0.0,0.0,0.0,0.0
2023-10-10 00:00:00,0,25.6,25.6,0.0,0.0,0.0,0.0,0.0
2023-10-10 01:00:00,1,25.3,25.3,0.0,0.0,0.0,0.0,0.0
2023-10-10 02:00:00,2,24.8,24.8,0.0,0.0,0.0,0.0,0.0
2023-10-10 03:00:00,3,24.5,24.5,0.0,0.0,0.0,0.0,0.0
2023-10-10 04:00:00,4,24.4,24.4,0.0,0.0,0.0,0.0,0.0
2023-10-10 05:00:00,5,23.9,23.9,0.0,0.0,0.0,0.0,0.0
2023-10-10 06:00:00,6,23.5,23.5,0.0,0.0,0.0,0.001,-0.001
2023-10-10 07:00:00,7,24.9,26.93125,65.0,0.0,0.27411596875,0.277,-0.003
2023-10-10 08:00:00,8,27.2,34.8875,246.0,0.0,1.004150475,0.98,0.024
2023-10-10 09:00:00,9,29.1,43.0375,446.0,0.0,1.758739675,1.761,-0.002
2023-10-10 10:00:00,10,30.9,50.15,616.0,10.0,2.307536616,2.313,-0.005
2023-10-10 11:00:00,11,31.8,53.33125,689.0,16.0,2.51332107455,2.56,-0.047
2023-10-10 12:00:00,12,32.5,54.25,696.0,12.0,2.549228064,2.566,-0.017
2023-10-10 13:00:00,13,33.2,55.7,720.0,14.0,2.6090735039999995,2.592,0.017
2023-10-10 14:00:00,14,33.6,53.63125,641.0,24.0,2.29646701585,2.28,0.016
2023-10-10 15:00:00,15,33.6,48.725,484.0,26.0,1.7649775836,1.771,-0.006
2023-10-10 16:00:00,16,33.1,43.25625,325.0,6.0,1.2650196081249998,1.272,-0.007
2023-10-10 17:00:00,17,31.9,36.15,136.0,12.0,0.5389678912000001,0.55,-0.011
2023-10-10 18:00:00,18,30.1,30.475,12.0,9.0,0.0489852041999999,0.057,-0.008
2023-10-10 19:00:00,19,29.8,29.8,0.0,1.0,0.0,0.002,-0.002
2023-10-10 20:00:00,20,29.6,29.6,0.0,0.0,0.0,0.0,0.0
2023-10-10 21:00:00,21,28.1,28.1,0.0,3.0,0.0,0.001,-0.001
2023-10-10 22:00:00,22,26.7,26.7,0.0,1.0,0.0,0.0,0.0
2023-10-10 23:00:00,23,25.8,25.8,0.0,0.0,0.0,0.0,0.0
2023-10-11 00:00:00,0,24.9,24.9,0.0,0.0,0.0,0.0,0.0
2023-10-11 01:00:00,1,24.4,24.4,0.0,0.0,0.0,0.0,0.0
2023-10-11 02:00:00,2,23.6,23.6,0.0,0.0,0.0,0.0,0.0
2023-10-11 03:00:00,3,22.7,22.7,0.0,0.0,0.0,0.0,0.0
2023-10-11 04:00:00,4,22.2,22.2,0.0,0.0,0.0,0.0,0.0
2023-10-11 05:00:00,5,23.1,23.1,0.0,0.0,0.0,0.0,0.0
2023-10-11 06:00:00,6,22.7,22.7,0.0,0.0,0.0,0.001,-0.001
2023-10-11 07:00:00,7,23.5,25.59375,67.0,0.0,0.28407371875,0.285,-0.001
2023-10-11 08:00:00,8,25.9,33.86875,255.0,0.0,1.04530396875,1.037,0.008
2023-10-11 09:00:00,9,28.8,43.2375,462.0,0.0,1.820262675,1.819,0.001
2023-10-11 10:00:00,10,31.0,50.90625,637.0,0.0,2.4267112187500004,2.211,0.216
2023-10-11 11:00:00,11,32.7,56.35625,757.0,0.0,2.81372641875,2.82,-0.006
2023-10-11 12:00:00,12,33.8,59.1125,810.0,0.0,2.9727708750000006,2.887,0.086
2023-10-11 13:00:00,13,34.2,58.85625,789.0,0.0,2.89913611875,2.826,0.073
2023-10-11 14:00:00,14,34.3,56.08125,697.0,0.0,2.5939682687499994,2.554,0.04
2023-10-11 15:00:00,15,34.1,51.1,544.0,0.0,2.0706272,2.077,-0.006
2023-10-11 16:00:00,16,33.3,44.175,348.0,0.0,1.3655606999999998,1.317,0.049
2023-10-11 17:00:00,17,31.1,35.56875,143.0,0.0,0.58205736875,0.565,0.017
2023-10-11 18:00:00,18,28.9,29.275,12.0,0.0,0.0501278999999999,0.056,-0.006
2023-10-11 19:00:00,19,26.9,26.9,0.0,0.0,0.0,0.0,0.0
2023-10-11 20:00:00,20,25.7,25.7,0.0,0.0,0.0,0.0,0.0
2023-10-11 21:00:00,21,24.2,24.2,0.0,0.0,0.0,0.0,0.0
2023-10-11 22:00:00,22,23.7,23.7,0.0,0.0,0.0,0.0,0.0
2023-10-11 23:00:00,23,23.6,23.6,0.0,0.0,0.0,0.0,0.0
2023-10-12 00:00:00,0,23.7,23.7,0.0,0.0,0.0,0.0,0.0
2023-10-12 01:00:00,1,22.9,22.9,0.0,0.0,0.0,0.0,0.0
2023-10-12 02:00:00,2,21.9,21.9,0.0,0.0,0.0,0.0,0.0
2023-10-12 03:00:00,3,21.4,21.4,0.0,0.0,0.0,0.0,0.0
2023-10-12 04:00:00,4,20.1,20.1,0.0,0.0,0.0,0.0,0.0
2023-10-12 05:00:00,5,21.4,21.4,0.0,0.0,0.0,0.0,0.0
2023-10-12 06:00:00,6,21.0,21.0,0.0,0.0,0.0,0.001,-0.001
2023-10-12 07:00:00,7,23.7,25.73125,65.0,0.0,0.27544196875,0.285,-0.01
2023-10-12 08:00:00,8,26.4,34.24375,251.0,0.0,1.02730691875,1.01,0.017
2023-10-12 09:00:00,9,29.1,43.35,456.0,0.0,1.7957508000000002,1.767,0.029
2023-10-12 10:00:00,10,31.3,50.95625,629.0,0.0,2.3956998187500003,2.237,0.159
2023-10-12 11:00:00,11,32.5,55.875,748.0,0.0,2.7863935000000004,2.734,0.052
2023-10-12 12:00:00,12,33.4,58.4,800.0,0.0,2.94576,2.861,0.085
2023-10-12 13:00:00,13,33.9,58.2125,778.0,0.0,2.867231475,2.768,0.099
2023-10-12 14:00:00,14,34.2,55.6375,686.0,0.0,2.558205475,2.51,0.048
2023-10-12 15:00:00,15,34.1,50.75625,533.0,0.0,2.03187261875,1.983,0.049
2023-10-12 16:00:00,16,33.4,43.99375,339.0,0.0,1.33128901875,1.309,0.022
2023-10-12 17:00:00,17,30.4,34.61875,135.0,0.0,0.55167496875,0.49,0.062
2023-10-12 18:00:00,18,28.3,28.64375,11.0,0.0,0.0460686187499999,0.054,-0.008
2023-10-12 19:00:00,19,27.9,27.9,0.0,0.0,0.0,0.001,-0.001
2023-10-12 20:00:00,20,27.2,27.2,0.0,0.0,0.0,0.0,0.0
2023-10-12 21:00:00,21,26.0,26.0,0.0,0.0,0.0,0.0,0.0
2023-10-12 22:00:00,22,24.8,24.8,0.0,0.0,0.0,0.0,0.0
2023-10-12 23:00:00,23,24.0,24.0,0.0,0.0,0.0,0.0,0.0
2023-10-13 00:00:00,0,24.7,24.7,0.0,0.0,0.0,0.0,0.0
2023-10-13 01:00:00,1,24.6,24.6,0.0,0.0,0.0,0.0,0.0
2023-10-13 02:00:00,2,24.5,24.5,0.0,0.0,0.0,0.0,0.0
2023-10-13 03:00:00,3,23.8,23.8,0.0,0.0,0.0,0.0,0.0
2023-10-13 04:00:00,4,22.0,22.0,0.0,0.0,0.0,0.0,0.0
2023-10-13 05:00:00,5,24.1,24.1,0.0,0.0,0.0,0.0,0.0
2023-10-13 06:00:00,6,23.8,23.8,0.0,0.0,0.0,0.001,-0.001
2023-10-13 07:00:00,7,24.9,26.86875,63.0,0.0,0.2657485687499999,0.246,0.02
2023-10-13 08:00:00,8,27.7,35.35625,245.0,0.0,0.99811621875,0.996,0.002
2023-10-13 09:00:00,9,30.3,44.26875,447.0,0.0,1.7533267687499998,1.639,0.114
2023-10-13 10:00:00,10,32.4,51.74375,619.0,0.0,2.34932551875,2.199,0.15
2023-10-13 11:00:00,11,33.6,56.63125,737.0,0.0,2.73594206875,2.55,0.186
2023-10-13 12:00:00,12,34.1,58.75625,789.0,0.0,2.9004774187500004,2.855,0.045
2023-10-13 13:00:00,13,34.4,58.43125,769.0,0.0,2.83120326875,2.756,0.075
2023-10-13 14:00:00,14,34.5,55.6875,678.0,0.0,2.527795875,2.406,0.122
2023-10-13 15:00:00,15,34.2,50.54375,523.0,4.0,1.9796753946,1.999,-0.019
2023-10-13 16:00:00,16,33.7,43.3875,310.0,87.0,1.00821384475,1.015,-0.007
2023-10-13 17:00:00,17,31.5,35.40625,125.0,5.0,0.5040453515625,0.51,-0.006
2023-10-13 18:00:00,18,28.8,29.1125,10.0,2.0,0.0416336715,0.05,-0.008
2023-10-13 19:00:00,19,28.0,28.0,0.0,0.0,0.0,0.001,-0.001
2023-10-13 20:00:00,20,26.8,26.8,0.0,1.0,0.0,0.0,0.0
2023-10-13 21:00:00,21,25.0,25.0,0.0,0.0,0.0,0.0,0.0
2023-10-13 22:00:00,22,25.3,25.3,0.0,0.0,0.0,0.0,0.0
2023-10-13 23:00:00,23,25.5,25.5,0.0,0.0,0.0,0.0,0.0
2023-10-14 00:00:00,0,26.0,26.0,0.0,0.0,0.0,0.0,0.0
2023-10-14 01:00:00,1,25.3,25.3,0.0,0.0,0.0,0.0,0.0
2023-10-14 02:00:00,2,24.6,24.6,0.0,0.0,0.0,0.0,0.0
2023-10-14 03:00:00,3,24.2,24.2,0.0,0.0,0.0,0.0,0.0
2023-10-14 04:00:00,4,22.2,22.2,0.0,0.0,0.0,0.0,0.0
2023-10-14 05:00:00,5,23.2,23.2,0.0,0.0,0.0,0.0,0.0
2023-10-14 06:00:00,6,23.6,23.6,0.0,0.0,0.0,0.001,-0.001
2023-10-14 07:00:00,7,25.2,27.10625,61.0,0.0,0.2570658187499999,0.246,0.011
2023-10-14 08:00:00,8,28.4,35.99375,243.0,1.0,0.9853601491124998,0.979,0.006
2023-10-14 09:00:00,9,30.7,44.575,444.0,0.0,1.7392478999999998,1.55,0.189
2023-10-14 10:00:00,10,32.2,51.3875,614.0,0.0,2.334067275,2.261,0.073
2023-10-14 11:00:00,11,33.5,56.21875,727.0,7.0,2.6660626241875,2.38,0.286
2023-10-14 12:00:00,12,34.0,57.1875,742.0,24.0,2.615607505,2.577,0.039
2023-10-14 13:00:00,13,34.2,54.79375,659.0,33.0,2.3041505579124992,2.325,-0.021
2023-10-14 14:00:00,14,34.3,51.6125,554.0,72.0,1.8009071346000003,1.805,-0.004
2023-10-14 15:00:00,15,33.9,46.55625,405.0,37.0,1.4564454125625002,1.472,-0.016
2023-10-14 16:00:00,16,33.3,41.4875,262.0,71.0,0.89237549115,0.894,-0.002
2023-10-14 17:00:00,17,30.2,33.79375,115.0,90.0,0.386677739375,0.382,0.005
2023-10-14 18:00:00,18,28.4,28.68125,9.0,2.0,0.037536021675,0.045,-0.007
2023-10-14 19:00:00,19,29.6,29.6,0.0,1.0,0.0,0.001,-0.001
2023-10-14 20:00:00,20,29.0,29.0,0.0,11.0,0.0,0.001,-0.001
2023-10-14 21:00:00,21,27.0,27.0,0.0,81.0,0.0,0.0,0.0
2023-10-14 22:00:00,22,26.1,26.1,0.0,20.0,0.0,0.0,0.0
2023-10-14 23:00:00,23,24.9,24.9,0.0,0.0,0.0,0.0,0.0
2023-10-15 00:00:00,0,23.5,23.5,0.0,0.0,0.0,0.0,0.0
2023-10-15 01:00:00,1,22.6,22.6,0.0,0.0,0.0,0.0,0.0
2023-10-15 02:00:00,2,23.1,23.1,0.0,0.0,0.0,0.0,0.0
2023-10-15 03:00:00,3,23.5,23.5,0.0,0.0,0.0,0.0,0.0
2023-10-15 04:00:00,4,23.5,23.5,0.0,0.0,0.0,0.0,0.0
2023-10-15 05:00:00,5,23.6,23.6,0.0,2.0,0.0,0.0,0.0
2023-10-15 06:00:00,6,23.3,23.3,0.0,6.0,0.0,0.002,-0.002
2023-10-15 07:00:00,7,24.6,26.475,60.0,19.0,0.2438626709999999,0.235,0.009
2023-10-15 08:00:00,8,27.6,35.0375,238.0,46.0,0.8815665536999999,0.908,-0.026
2023-10-15 09:00:00,9,29.7,43.45,440.0,71.0,1.486050852,1.473,0.013
2023-10-15 10:00:00,10,31.6,50.6,608.0,67.0,2.0085990144,2.004,0.005
2023-10-15 11:00:00,11,32.2,50.04375,571.0,66.0,1.895408476675,1.887,0.008
2023-10-15 12:00:00,12,32.9,54.43125,689.0,60.0,2.2734991565,2.281,-0.008
2023-10-15 13:00:00,13,33.2,53.575,652.0,78.0,2.0714078468,2.087,-0.016
2023-10-15 14:00:00,14,33.2,50.8875,566.0,92.0,1.7596309475999994,1.747,0.013
2023-10-15 15:00:00,15,33.0,47.84375,475.0,94.0,1.489440815625,1.49,-0.001
2023-10-15 16:00:00,16,32.4,41.9625,306.0,93.0,0.98678051505,0.989,-0.002
2023-10-15 17:00:00,17,30.8,34.237500000000004,110.0,94.0,0.3655834105,0.368,-0.002
2023-10-15 18:00:00,18,27.3,27.55,8.0,73.0,0.0287398328,0.04,-0.011
2023-10-15 19:00:00,19,26.1,26.1,0.0,68.0,0.0,0.0,0.0
2023-10-15 20:00:00,20,25.9,25.9,0.0,45.0,0.0,0.0,0.0
2023-10-15 21:00:00,21,24.8,24.8,0.0,14.0,0.0,0.0,0.0
2023-10-15 22:00:00,22,26.1,26.1,0.0,5.0,0.0,0.0,0.0
2023-10-15 23:00:00,23,25.4,25.4,0.0,52.0,0.0,0.0,0.0
2023-10-16 00:00:00,0,23.1,23.1,0.0,83.0,0.0,0.0,0.0
2023-10-16 01:00:00,1,22.7,22.7,0.0,22.0,0.0,0.0,0.0
2023-10-16 02:00:00,2,21.9,21.9,0.0,46.0,0.0,0.0,0.0
2023-10-16 03:00:00,3,21.3,21.3,0.0,95.0,0.0,0.0,0.0
2023-10-16 04:00:00,4,21.0,21.0,0.0,1.0,0.0,0.0,0.0
2023-10-16 05:00:00,5,23.0,23.0,0.0,0.0,0.0,0.0,0.0
2023-10-16 06:00:00,6,23.9,23.9,0.0,37.0,0.0,0.002,-0.002
2023-10-16 07:00:00,7,25.0,26.71875,55.0,20.0,0.22285725,0.224,-0.001
2023-10-16 08:00:00,8,27.2,34.45,232.0,75.0,0.8064198200000001,0.788,0.018
2023-10-16 09:00:00,9,29.2,42.23125,417.0,100.0,1.3200781350000002,1.327,-0.007
2023-10-16 10:00:00,10,30.8,47.26875,527.0,90.0,1.6730003003750002,1.67,0.003
2023-10-16 11:00:00,11,32.0,50.65625,597.0,73.0,1.9444424698125,1.956,-0.012
2023-10-16 12:00:00,12,32.7,53.91875,679.0,64.0,2.2252924375500003,2.177,0.048
2023-10-16 13:00:00,13,29.3,44.76875,495.0,45.0,1.7630303315625002,1.708,0.055
2023-10-16 14:00:00,14,30.6,48.7875,582.0,77.0,1.8934719178499992,1.902,-0.009
2023-10-16 15:00:00,15,30.2,42.45,392.0,100.0,1.2397705600000002,1.23,0.01
2023-10-16 16:00:00,16,29.7,36.7625,226.0,100.0,0.7322467800000001,0.722,0.01
2023-10-16 17:00:00,17,24.7,27.325,84.0,100.0,0.28294392,0.289,-0.006
2023-10-16 18:00:00,18,24.3,24.51875,7.0,74.0,0.025347,0.029,-0.004
2023-10-16 19:00:00,19,24.1,24.1,0.0,77.0,0.0,0.0,0.0
2023-10-16 20:00:00,20,22.6,22.6,0.0,95.0,0.0,0.0,0.0
2023-10-16 21:00:00,21,22.9,22.9,0.0,98.0,0.0,0.0,0.0
2023-10-16 22:00:00,22,22.5,22.5,0.0,43.0,0.0,0.0,0.0
2023-10-16 23:00:00,23,21.4,21.4,0.0,17.0,0.0,0.0,0.0
2023-10-17 00:00:00,0,21.0,21.0,0.0,26.0,0.0,0.0,0.0
2023-10-17 01:00:00,1,20.8,20.8,0.0,13.0,0.0,0.0,0.0
2023-10-17 02:00:00,2,20.4,20.4,0.0,24.0,0.0,0.0,0.0
2023-10-17 03:00:00,3,20.1,20.1,0.0,17.0,0.0,0.0,0.0
2023-10-17 04:00:00,4,20.0,20.0,0.0,0.0,0.0,0.0,0.0
2023-10-17 05:00:00,5,19.7,19.7,0.0,5.0,0.0,0.0,0.0
2023-10-17 06:00:00,6,19.6,19.6,0.0,26.0,0.0,0.001,-0.001
2023-10-17 07:00:00,7,20.7,22.04375,43.0,69.0,0.1575304999999999,0.144,0.014
2023-10-17 08:00:00,8,22.0,27.71875,183.0,10.0,0.753906129375,0.756,-0.002
2023-10-17 09:00:00,9,24.3,37.425,420.0,1.0,1.692892929,1.736,-0.043
2023-10-17 10:00:00,10,26.2,44.575,588.0,16.0,2.2296217944,2.259,-0.029
2023-10-17 11:00:00,11,27.9,49.9625,706.0,23.0,2.57665867155,2.581,-0.004
2023-10-17 12:00:00,12,29.2,51.7,720.0,90.0,2.24121744,2.263,-0.022
2023-10-17 13:00:00,13,29.7,49.60625,637.0,32.0,2.28457842795,2.28,0.005
2023-10-17 14:00:00,14,30.4,49.05625,597.0,52.0,2.0546203944,2.056,-0.001
2023-10-17 15:00:00,15,25.9,39.43125,433.0,39.0,1.5987678863874997,1.612,-0.013
2023-10-17 16:00:00,16,26.5,34.875,268.0,11.0,1.069941291,1.032,0.038
2023-10-17 17:00:00,17,27.5,30.875,108.0,20.0,0.43028496,0.419,0.011
2023-10-17 18:00:00,18,24.2,24.3875,6.0,2.0,0.0253979999999999,0.025,0.0
2023-10-17 19:00:00,19,22.7,22.7,0.0,2.0,0.0,0.0,0.0
2023-10-17 20:00:00,20,21.5,21.5,0.0,5.0,0.0,0.0,0.0
2023-10-17 21:00:00,21,20.7,20.7,0.0,3.0,0.0,0.0,0.0
2023-10-17 22:00:00,22,20.4,20.4,0.0,5.0,0.0,0.0,0.0
2023-10-17 23:00:00,23,20.1,20.1,0.0,12.0,0.0,0.0,0.0
2023-10-18 00:00:00,0,20.0,20.0,0.0,36.0,0.0,0.0,0.0
2023-10-18 01:00:00,1,19.9,19.9,0.0,35.0,0.0,0.0,0.0
2023-10-18 02:00:00,2,19.9,19.9,0.0,12.0,0.0,0.0,0.0
2023-10-18 03:00:00,3,19.0,19.0,0.0,4.0,0.0,0.0,0.0
2023-10-18 04:00:00,4,19.0,19.0,0.0,6.0,0.0,0.0,0.0
2023-10-18 05:00:00,5,19.5,19.5,0.0,12.0,0.0,0.0,0.0
2023-10-18 06:00:00,6,19.7,19.7,0.0,18.0,0.0,0.001,-0.001
2023-10-18 07:00:00,7,21.5,23.125,52.0,20.0,0.21216,0.197,0.015
2023-10-18 08:00:00,8,24.1,30.35,200.0,15.0,0.8068557000000001,0.772,0.035
2023-10-18 09:00:00,9,26.0,38.34375,395.0,11.0,1.5541854909375,1.591,-0.037
2023-10-18 10:00:00,10,27.4,45.65,584.0,24.0,2.1676914336,2.193,-0.025
2023-10-18 11:00:00,11,27.9,48.275,652.0,41.0,2.3069522682000003,2.337,-0.03
2023-10-18 12:00:00,12,28.4,48.525,644.0,23.0,2.3653936782,2.297,0.068
2023-10-18 13:00:00,13,29.1,49.975,668.0,5.0,2.529830061,2.535,-0.005
2023-10-18 14:00:00,14,29.7,49.41875,631.0,17.0,2.3375365264125003,2.315,0.023
2023-10-18 15:00:00,15,30.0,44.875,476.0,18.0,1.7951333259999995,1.766,0.029
2023-10-18 16:00:00,16,29.8,39.2375,302.0,17.0,1.16925091605,1.15,0.019
2023-10-18 17:00:00,17,26.8,30.3625,114.0,21.0,0.45419496105,0.458,-0.004
2023-10-18 18:00:00,18,24.9,25.0875,6.0,0.0,0.025491075,0.024,0.001
2023-10-18 19:00:00,19,23.8,23.8,0.0,0.0,0.0,0.0,0.0
2023-10-18 20:00:00,20,22.4,22.4,0.0,0.0,0.0,0.0,0.0
2023-10-18 21:00:00,21,21.8,21.8,0.0,5.0,0.0,0.0,0.0
2023-10-18 22:00:00,22,21.6,21.6,0.0,0.0,0.0,0.0,0.0
2023-10-18 23:00:00,23,20.8,20.8,0.0,0.0,0.0,0.0,0.0
2023-10-19 00:00:00,0,19.8,19.8,0.0,0.0,0.0,0.0,0.0
2023-10-19 01:00:00,1,18.9,18.9,0.0,0.0,0.0,0.0,0.0
2023-10-19 02:00:00,2,18.1,18.1,0.0,0.0,0.0,0.0,0.0
2023-10-19 03:00:00,3,17.2,17.2,0.0,0.0,0.0,0.0,0.0
2023-10-19 04:00:00,4,16.9,16.9,0.0,0.0,0.0,0.0,0.0
2023-10-19 05:00:00,5,17.9,17.9,0.0,0.0,0.0,0.0,0.0
2023-10-19 06:00:00,6,18.3,18.3,0.0,0.0,0.0,0.0,0.0
2023-10-19 07:00:00,7,20.1,21.81875,55.0,0.0,0.23375,0.205,0.029
2023-10-19 08:00:00,8,23.2,30.45,232.0,0.0,0.9645052,0.927,0.038
2023-10-19 09:00:00,9,25.8,39.33125,433.0,0.0,1.73475766875,1.666,0.069
2023-10-19 10:00:00,10,27.5,46.375,604.0,0.0,2.3475215,2.33,0.018
2023-10-19 11:00:00,11,28.9,51.4,720.0,0.0,2.736864,2.726,0.011
2023-10-19 12:00:00,12,30.0,54.0625,770.0,0.0,2.892071875,2.85,0.042
2023-10-19 13:00:00,13,30.7,54.10625,749.0,0.0,2.81264011875,2.753,0.06
2023-10-19 14:00:00,14,30.9,51.4625,658.0,0.0,2.500490475,2.346,0.154
2023-10-19 15:00:00,15,30.8,46.64375,507.0,0.0,1.96820251875,1.849,0.119
2023-10-19 16:00:00,16,30.2,40.0125,314.0,1.0,1.25185454845,1.23,0.022
2023-10-19 17:00:00,17,27.3,30.925,116.0,0.0,0.4813159,0.452,0.029
2023-10-19 18:00:00,18,24.8,24.9875,6.0,0.0,0.0255,0.024,0.001
2023-10-19 19:00:00,19,24.0,24.0,0.0,0.0,0.0,0.0,0.0
2023-10-19 20:00:00,20,23.3,23.3,0.0,0.0,0.0,0.0,0.0
2023-10-19 21:00:00,21,22.4,22.4,0.0,0.0,0.0,0.0,0.0
2023-10-19 22:00:00,22,21.9,21.9,0.0,0.0,0.0,0.0,0.0
2023-10-19 23:00:00,23,21.4,21.4,0.0,0.0,0.0,0.0,0.0
2023-10-20 00:00:00,0,20.7,20.7,0.0,0.0,0.0,0.0,0.0
2023-10-20 01:00:00,1,20.2,20.2,0.0,0.0,0.0,0.0,0.0
2023-10-20 02:00:00,2,19.8,19.8,0.0,0.0,0.0,0.0,0.0
2023-10-20 03:00:00,3,19.5,19.5,0.0,0.0,0.0,0.0,0.0
2023-10-20 04:00:00,4,19.1,19.1,0.0,0.0,0.0,0.0,0.0
2023-10-20 05:00:00,5,19.4,19.4,0.0,0.0,0.0,0.0,0.0
2023-10-20 06:00:00,6,19.7,19.7,0.0,0.0,0.0,0.001,-0.001
2023-10-20 07:00:00,7,21.1,22.75625,53.0,0.0,0.22525,0.212,0.013
2023-10-20 08:00:00,8,23.9,30.99375,227.0,0.0,0.94162011875,0.942,-0.0
2023-10-20 09:00:00,9,26.4,39.68125,425.0,0.0,1.7001779687499998,1.666,0.034
2023-10-20 10:00:00,10,28.1,46.6625,594.0,0.0,2.305752075,2.265,0.041
2023-10-20 11:00:00,11,29.3,51.4875,710.0,2.0,2.6870046915,2.679,0.008
2023-10-20 12:00:00,12,30.3,53.39375,739.0,12.0,2.7172223750999995,2.706,0.011
2023-10-20 13:00:00,13,30.9,52.24375,683.0,22.0,2.472620214725,2.49,-0.017
2023-10-20 14:00:00,14,31.2,48.48125,553.0,31.0,1.9974735970874995,1.979,0.018
2023-10-20 15:00:00,15,31.2,44.6375,430.0,17.0,1.62669557925,1.621,0.006
2023-10-20 16:00:00,16,30.6,39.25625,277.0,23.0,1.0590519220875,1.07,-0.011
2023-10-20 17:00:00,17,28.4,31.61875,103.0,2.0,0.4244559264749999,0.423,0.001
2023-10-20 18:00:00,18,26.2,26.35625,5.0,2.0,0.0210501798749999,0.03,-0.009
2023-10-20 19:00:00,19,24.8,24.8,0.0,5.0,0.0,0.0,0.0
2023-10-20 20:00:00,20,24.0,24.0,0.0,0.0,0.0,0.0,0.0
2023-10-20 21:00:00,21,23.8,23.8,0.0,1.0,0.0,0.0,0.0
2023-10-20 22:00:00,22,23.2,23.2,0.0,0.0,0.0,0.0,0.0
2023-10-20 23:00:00,23,21.9,21.9,0.0,0.0,0.0,0.0,0.0
2023-10-21 00:00:00,0,20.7,20.7,0.0,0.0,0.0,0.0,0.0
2023-10-21 01:00:00,1,20.1,20.1,0.0,0.0,0.0,0.0,0.0
2023-10-21 02:00:00,2,19.7,19.7,0.0,0.0,0.0,0.0,0.0
2023-10-21 03:00:00,3,19.4,19.4,0.0,0.0,0.0,0.0,0.0
2023-10-21 04:00:00,4,19.1,19.1,0.0,0.0,0.0,0.0,0.0
2023-10-21 05:00:00,5,19.8,19.8,0.0,0.0,0.0,0.0,0.0
2023-10-21 06:00:00,6,19.7,19.7,0.0,0.0,0.0,0.001,-0.001
2023-10-21 07:00:00,7,21.4,23.025,52.0,0.0,0.221,0.198,0.023
2023-10-21 08:00:00,8,24.3,31.33125,225.0,0.0,0.93203296875,0.933,-0.001
2023-10-21 09:00:00,9,26.8,39.9875,422.0,0.0,1.685979675,1.66,0.026
2023-10-21 10:00:00,10,28.7,47.1375,590.0,0.0,2.285460875,2.223,0.062
2023-10-21 11:00:00,11,30.0,52.03125,705.0,18.0,2.576078371875,2.578,-0.002
2023-10-21 12:00:00,12,30.8,51.9875,678.0,20.0,2.467624392,2.455,0.013
2023-10-21 13:00:00,13,31.5,52.28125,665.0,34.0,2.346622656875,2.358,-0.011
2023-10-21 14:00:00,14,31.6,48.35,536.0,20.0,1.982625408,1.947,0.036
2023-10-21 15:00:00,15,31.7,44.41875,407.0,22.0,1.5251944353249995,1.527,-0.002
2023-10-21 16:00:00,16,31.2,39.48125,265.0,34.0,0.988863154875,0.962,0.027
2023-10-21 17:00:00,17,29.0,32.03125,97.0,29.0,0.3774174515625,0.384,-0.007
2023-10-21 18:00:00,18,26.5,26.65625,5.0,10.0,0.020687034375,0.03,-0.009
2023-10-21 19:00:00,19,27.8,27.8,0.0,1.0,0.0,0.001,-0.001
2023-10-21 20:00:00,20,26.9,26.9,0.0,0.0,0.0,0.0,0.0
2023-10-21 21:00:00,21,22.7,22.7,0.0,0.0,0.0,0.0,0.0
2023-10-21 22:00:00,22,22.2,22.2,0.0,0.0,0.0,0.0,0.0
2023-10-21 23:00:00,23,21.7,21.7,0.0,0.0,0.0,0.0,0.0
2023-10-22 00:00:00,0,21.9,21.9,0.0,0.0,0.0,0.0,0.0
2023-10-22 01:00:00,1,21.4,21.4,0.0,0.0,0.0,0.0,0.0
2023-10-22 02:00:00,2,20.5,20.5,0.0,0.0,0.0,0.0,0.0
2023-10-22 03:00:00,3,20.2,20.2,0.0,0.0,0.0,0.0,0.0
2023-10-22 04:00:00,4,19.8,19.8,0.0,0.0,0.0,0.0,0.0
2023-10-22 05:00:00,5,20.1,20.1,0.0,0.0,0.0,0.0,0.0
2023-10-22 06:00:00,6,19.8,19.8,0.0,4.0,0.0,0.002,-0.002
2023-10-22 07:00:00,7,21.5,23.0625,50.0,1.0,0.2120749999999999,0.203,0.009
2023-10-22 08:00:00,8,24.5,31.4375,222.0,7.0,0.90633600675,0.921,-0.015
2023-10-22 09:00:00,9,27.2,40.2625,418.0,43.0,1.5245928329499998,1.543,-0.018
2023-10-22 10:00:00,10,29.2,47.2625,578.0,8.0,2.2019446962,2.22,-0.018
2023-10-22 11:00:00,11,30.5,52.375,700.0,12.0,2.5856558,2.596,-0.01
2023-10-22 12:00:00,12,31.3,53.70625,717.0,3.0,2.6811654216375005,2.693,-0.012
2023-10-22 13:00:00,13,31.9,54.3375,718.0,17.0,2.60183065485,2.618,-0.016
2023-10-22 14:00:00,14,32.0,50.5625,594.0,16.0,2.193846039,2.206,-0.012
2023-10-22 15:00:00,15,31.8,45.26875,431.0,10.0,1.6495760513749995,1.63,0.02
2023-10-22 16:00:00,16,31.3,40.3,288.0,24.0,1.0939348223999998,1.129,-0.035
2023-10-22 17:00:00,17,27.8,30.70625,93.0,19.0,0.3715517388375,0.36,0.012
2023-10-22 18:00:00,18,25.5,25.625,4.0,7.0,0.016720095,0.018,-0.001
2023-10-22 19:00:00,19,24.4,24.4,0.0,11.0,0.0,0.0,0.0
2023-10-22 20:00:00,20,24.2,24.2,0.0,1.0,0.0,0.0,0.0
2023-10-22 21:00:00,21,23.6,23.6,0.0,0.0,0.0,0.0,0.0
2023-10-22 22:00:00,22,22.9,22.9,0.0,0.0,0.0,0.0,0.0
2023-10-22 23:00:00,23,21.9,21.9,0.0,0.0,0.0,0.0,0.0
2023-10-23 00:00:00,0,21.2,21.2,0.0,0.0,0.0,0.0,0.0
2023-10-23 01:00:00,1,20.9,20.9,0.0,0.0,0.0,0.0,0.0
2023-10-23 02:00:00,2,20.3,20.3,0.0,0.0,0.0,0.0,0.0
2023-10-23 03:00:00,3,19.9,19.9,0.0,0.0,0.0,0.0,0.0
2023-10-23 04:00:00,4,19.5,19.5,0.0,0.0,0.0,0.0,0.0
2023-10-23 05:00:00,5,19.1,19.1,0.0,0.0,0.0,0.0,0.0
2023-10-23 06:00:00,6,19.7,19.7,0.0,0.0,0.0,0.001,-0.001
2023-10-23 07:00:00,7,21.4,22.93125,49.0,0.0,0.20825,0.198,0.01
2023-10-23 08:00:00,8,25.0,31.875,220.0,0.0,0.9092875,0.87,0.039
2023-10-23 09:00:00,9,27.3,40.26875,415.0,0.0,1.6560289687499998,1.595,0.061
2023-10-23 10:00:00,10,28.9,47.11875,583.0,10.0,2.213360447375,2.184,0.029
2023-10-23 11:00:00,11,29.7,50.1375,654.0,7.0,2.46502097715,2.452,0.013
2023-10-23 12:00:00,12,30.5,52.875,716.0,7.0,2.665853623,2.567,0.099
2023-10-23 13:00:00,13,31.0,52.8125,698.0,10.0,2.5837473375,2.607,-0.023
2023-10-23 14:00:00,14,31.0,49.90625,605.0,17.0,2.2363761853125004,2.258,-0.022
2023-10-23 15:00:00,15,30.6,44.19375,435.0,9.0,1.6760895988125,1.65,0.026
2023-10-23 16:00:00,16,30.2,38.825,276.0,9.0,1.0881867042,1.094,-0.006
2023-10-23 17:00:00,17,28.5,31.75,104.0,7.0,0.424045076,0.427,-0.003
2023-10-23 18:00:00,18,26.6,26.725,4.0,10.0,0.016545046,0.027,-0.01
2023-10-23 19:00:00,19,25.1,25.1,0.0,1.0,0.0,0.0,0.0
2023-10-23 20:00:00,20,23.9,23.9,0.0,4.0,0.0,0.0,0.0
2023-10-23 21:00:00,21,23.1,23.1,0.0,1.0,0.0,0.0,0.0
2023-10-23 22:00:00,22,22.5,22.5,0.0,0.0,0.0,0.0,0.0
2023-10-23 23:00:00,23,22.7,22.7,0.0,0.0,0.0,0.0,0.0
2023-10-24 00:00:00,0,22.1,22.1,0.0,0.0,0.0,0.0,0.0
2023-10-24 01:00:00,1,20.6,20.6,0.0,0.0,0.0,0.0,0.0
2023-10-24 02:00:00,2,19.3,19.3,0.0,0.0,0.0,0.0,0.0
2023-10-24 03:00:00,3,18.7,18.7,0.0,0.0,0.0,0.0,0.0
2023-10-24 04:00:00,4,18.1,18.1,0.0,0.0,0.0,0.0,0.0
2023-10-24 05:00:00,5,18.4,18.4,0.0,0.0,0.0,0.0,0.0
2023-10-24 06:00:00,6,18.5,18.5,0.0,0.0,0.0,0.0,0.0
2023-10-24 07:00:00,7,21.1,22.6,48.0,0.0,0.204,0.177,0.027
2023-10-24 08:00:00,8,24.0,30.84375,219.0,0.0,0.90899371875,0.879,0.03
2023-10-24 09:00:00,9,26.5,39.46875,415.0,0.0,1.6616729687499998,1.682,-0.02
2023-10-24 10:00:00,10,28.1,46.35,584.0,3.0,2.2564169767999998,2.263,-0.007
2023-10-24 11:00:00,11,29.3,50.7375,686.0,5.0,2.58919578225,2.621,-0.032
2023-10-24 12:00:00,12,30.3,52.33125,705.0,4.0,2.647335489,2.652,-0.005
2023-10-24 13:00:00,13,30.8,51.9875,678.0,10.0,2.5190332335,2.528,-0.009
2023-10-24 14:00:00,14,30.7,48.8875,582.0,5.0,2.2147855042499995,2.235,-0.02
2023-10-24 15:00:00,15,30.4,44.99375,467.0,23.0,1.7420227162875,1.715,0.027
2023-10-24 16:00:00,16,29.6,38.225,276.0,1.0,1.1087264034,1.092,0.017
2023-10-24 17:00:00,17,27.3,30.45625,101.0,0.0,0.4198816187499999,0.41,0.01
2023-10-24 18:00:00,18,25.5,25.59375,3.0,9.0,0.0124907638125,0.012,0.0
2023-10-24 19:00:00,19,23.7,23.7,0.0,0.0,0.0,0.0,0.0
2023-10-24 20:00:00,20,22.0,22.0,0.0,0.0,0.0,0.0,0.0
2023-10-24 21:00:00,21,21.9,21.9,0.0,0.0,0.0,0.0,0.0
2023-10-24 22:00:00,22,22.3,22.3,0.0,0.0,0.0,0.0,0.0
2023-10-24 23:00:00,23,21.6,21.6,0.0,0.0,0.0,0.0,0.0
2023-10-25 00:00:00,0,20.6,20.6,0.0,0.0,0.0,0.0,0.0
2023-10-25 01:00:00,1,19.4,19.4,0.0,0.0,0.0,0.0,0.0
2023-10-25 02:00:00,2,18.8,18.8,0.0,0.0,0.0,0.0,0.0
2023-10-25 03:00:00,3,18.4,18.4,0.0,0.0,0.0,0.0,0.0
2023-10-25 04:00:00,4,17.9,17.9,0.0,0.0,0.0,0.0,0.0
2023-10-25 05:00:00,5,17.8,17.8,0.0,0.0,0.0,0.0,0.0
2023-10-25 06:00:00,6,18.2,18.2,0.0,0.0,0.0,0.0,0.0
2023-10-25 07:00:00,7,21.2,22.66875,47.0,0.0,0.1997499999999999,0.177,0.023
2023-10-25 08:00:00,8,24.7,31.54375,219.0,0.0,0.90638761875,0.868,0.038
2023-10-25 09:00:00,9,26.9,39.9,416.0,0.0,1.6626272,1.658,0.005
2023-10-25 10:00:00,10,28.5,46.75,584.0,0.0,2.266066,2.133,0.133
2023-10-25 11:00:00,11,29.8,51.58125,697.0,14.0,2.5731646832249995,2.61,-0.037
2023-10-25 12:00:00,12,30.3,52.01875,695.0,18.0,2.539680623875,2.552,-0.012
2023-10-25 13:00:00,13,30.7,51.98125,681.0,12.0,2.5199227551,2.527,-0.007
2023-10-25 14:00:00,14,30.9,49.5875,598.0,19.0,2.2044648229499995,2.235,-0.031
2023-10-25 15:00:00,15,30.7,44.7,448.0,5.0,1.736425152,1.714,0.022
2023-10-25 16:00:00,16,29.7,38.2625,274.0,2.0,1.0983123819,1.093,0.005
2023-10-25 17:00:00,17,28.1,30.7875,86.0,4.0,0.3541823655999999,0.332,0.022
2023-10-25 18:00:00,18,26.2,26.29375,3.0,4.0,0.0125825465999999,0.02,-0.007
2023-10-25 19:00:00,19,25.2,25.2,0.0,4.0,0.0,0.0,0.0
2023-10-25 20:00:00,20,24.4,24.4,0.0,3.0,0.0,0.0,0.0
2023-10-25 21:00:00,21,23.3,23.3,0.0,0.0,0.0,0.0,0.0
2023-10-25 22:00:00,22,22.4,22.4,0.0,0.0,0.0,0.0,0.0
2023-10-25 23:00:00,23,21.8,21.8,0.0,0.0,0.0,0.0,0.0
2023-10-26 00:00:00,0,21.2,21.2,0.0,0.0,0.0,0.0,0.0
2023-10-26 01:00:00,1,20.7,20.7,0.0,0.0,0.0,0.0,0.0
2023-10-26 02:00:00,2,20.0,20.0,0.0,0.0,0.0,0.0,0.0
2023-10-26 03:00:00,3,19.1,19.1,0.0,0.0,0.0,0.0,0.0
2023-10-26 04:00:00,4,18.7,18.7,0.0,0.0,0.0,0.0,0.0
2023-10-26 05:00:00,5,18.2,18.2,0.0,0.0,0.0,0.0,0.0
2023-10-26 06:00:00,6,19.0,19.0,0.0,0.0,0.0,0.0,0.0
2023-10-26 07:00:00,7,20.9,22.3375,46.0,0.0,0.1954999999999999,0.177,0.018
2023-10-26 08:00:00,8,24.5,31.3125,218.0,0.0,0.903105875,0.865,0.038
2023-10-26 09:00:00,9,26.8,39.83125,417.0,0.0,1.66711126875,1.658,0.009
2023-10-26 10:00:00,10,28.3,46.675,588.0,0.0,2.2823367,2.201,0.081
2023-10-26 11:00:00,11,29.4,51.4,704.0,0.0,2.6760448,2.568,0.108
2023-10-26 12:00:00,12,30.3,53.83125,753.0,0.0,2.83118116875,2.657,0.174
2023-10-26 13:00:00,13,30.8,53.64375,731.0,0.0,2.75079411875,2.661,0.09
2023-10-26 14:00:00,14,31.2,51.1375,638.0,0.0,2.428012675,2.187,0.241
2023-10-26 15:00:00,15,30.7,45.95,488.0,0.0,1.9001988,1.781,0.119
2023-10-26 16:00:00,16,29.9,39.11875,295.0,0.0,1.18294446875,1.01,0.173
2023-10-26 17:00:00,17,27.0,30.125,100.0,0.0,0.4162875,0.419,-0.003
2023-10-26 18:00:00,18,24.3,24.39375,3.0,0.0,0.01275,0.012,0.001
2023-10-26 19:00:00,19,23.2,23.2,0.0,0.0,0.0,0.0,0.0
2023-10-26 20:00:00,20,22.0,22.0,0.0,0.0,0.0,0.0,0.0
2023-10-26 21:00:00,21,21.2,21.2,0.0,0.0,0.0,0.0,0.0
2023-10-26 22:00:00,22,20.5,20.5,0.0,0.0,0.0,0.0,0.0
2023-10-26 23:00:00,23,19.9,19.9,0.0,0.0,0.0,0.0,0.0
2023-10-27 00:00:00,0,19.4,19.4,0.0,0.0,0.0,0.0,0.0
2023-10-27 01:00:00,1,18.7,18.7,0.0,0.0,0.0,0.0,0.0
2023-10-27 02:00:00,2,18.7,18.7,0.0,0.0,0.0,0.0,0.0
2023-10-27 03:00:00,3,18.4,18.4,0.0,0.0,0.0,0.0,0.0
2023-10-27 04:00:00,4,17.5,17.5,0.0,0.0,0.0,0.0,0.0
2023-10-27 05:00:00,5,16.9,16.9,0.0,0.0,0.0,0.0,0.0
2023-10-27 06:00:00,6,17.6,17.6,0.0,0.0,0.0,0.0,0.0
2023-10-27 07:00:00,7,20.3,21.7375,46.0,0.0,0.1954999999999999,0.169,0.027
2023-10-27 08:00:00,8,23.6,30.44375,219.0,0.0,0.91048291875,0.836,0.074
2023-10-27 09:00:00,9,26.5,39.5625,418.0,0.0,1.6730188749999997,1.694,-0.021
2023-10-27 10:00:00,10,28.2,46.5125,586.0,0.0,2.276192475,2.28,-0.004
2023-10-27 11:00:00,11,29.3,51.175,700.0,0.0,2.6635175,2.613,0.051
2023-10-27 12:00:00,12,30.2,53.575,748.0,22.0,2.6917521268,2.693,-0.001
2023-10-27 13:00:00,13,30.8,53.39375,723.0,100.0,2.179009935,2.189,-0.01
2023-10-27 14:00:00,14,31.0,50.40625,621.0,87.0,1.9584759166875,1.96,-0.002
2023-10-27 15:00:00,15,30.8,45.51875,471.0,63.0,1.6059368662874998,1.62,-0.014
2023-10-27 16:00:00,16,30.1,38.9125,282.0,72.0,0.9688237746,0.988,-0.019
2023-10-27 17:00:00,17,27.4,30.36875,95.0,15.0,0.3832270846875,0.391,-0.008
2023-10-27 18:00:00,18,25.7,25.7625,2.0,0.0,0.008474075,0.011,-0.003
2023-10-27 19:00:00,19,23.7,23.7,0.0,5.0,0.0,0.0,0.0
2023-10-27 20:00:00,20,23.0,23.0,0.0,53.0,0.0,0.0,0.0
2023-10-27 21:00:00,21,22.1,22.1,0.0,95.0,0.0,0.0,0.0
2023-10-27 22:00:00,22,21.5,21.5,0.0,97.0,0.0,0.0,0.0
2023-10-27 23:00:00,23,21.1,21.1,0.0,28.0,0.0,0.0,0.0
2023-10-28 00:00:00,0,19.8,19.8,0.0,0.0,0.0,0.0,0.0
2023-10-28 01:00:00,1,19.3,19.3,0.0,0.0,0.0,0.0,0.0
2023-10-28 02:00:00,2,19.2,19.2,0.0,0.0,0.0,0.0,0.0
2023-10-28 03:00:00,3,20.3,20.3,0.0,0.0,0.0,0.0,0.0
2023-10-28 04:00:00,4,22.1,22.1,0.0,0.0,0.0,0.0,0.0
2023-10-28 05:00:00,5,21.8,21.8,0.0,0.0,0.0,0.0,0.0
2023-10-28 06:00:00,6,21.9,21.9,0.0,0.0,0.0,0.001,-0.001
2023-10-28 07:00:00,7,22.2,23.5125,42.0,0.0,0.0956046,0.163,-0.067
2023-10-28 08:00:00,8,24.0,30.375,204.0,0.0,0.44114694,0.745,-0.304
2023-10-28 09:00:00,9,26.5,38.3125,378.0,0.0,0.7908960150000001,1.431,-0.64
2023-10-28 10:00:00,10,28.3,44.39375,515.0,0.0,1.0498580137500002,1.48,-0.43
2023-10-28 11:00:00,11,29.1,44.31875,487.0,0.0,0.99310123575,1.238,-0.245
2023-10-28 12:00:00,12,30.1,47.0375,542.0,0.0,1.092232167,1.331,-0.239
2023-10-28 13:00:00,13,30.5,45.90625,493.0,0.0,0.99841805375,1.24,-0.242
2023-10-28 14:00:00,14,30.8,44.9875,454.0,0.0,0.9231229670000002,1.036,-0.113
2023-10-28 15:00:00,15,30.6,41.1,336.0,0.0,0.694739136,0.925,-0.23
2023-10-28 16:00:00,16,29.8,36.45625,213.0,0.0,0.44915879775,0.592,-0.143
2023-10-28 17:00:00,17,29.4,31.80625,77.0,0.0,0.16553712175,0.279,-0.113
2023-10-28 18:00:00,18,24.6,24.6625,2.0,0.0,0.00442,0.009,-0.005
2023-10-28 19:00:00,19,23.3,23.3,0.0,0.0,0.0,0.0,0.0
2023-10-28 20:00:00,20,22.8,22.8,0.0,0.0,0.0,0.0,0.0
2023-10-28 21:00:00,21,22.5,22.5,0.0,0.0,0.0,0.0,0.0
2023-10-28 22:00:00,22,21.9,21.9,0.0,0.0,0.0,0.0,0.0
2023-10-28 23:00:00,23,21.8,21.8,0.0,0.0,0.0,0.0,0.0
2023-10-29 00:00:00,0,20.4,20.4,0.0,82.0,0.0,0.0,0.0
2023-10-29 01:00:00,1,20.2,20.2,0.0,64.0,0.0,0.0,0.0
2023-10-29 02:00:00,2,19.9,19.9,0.0,98.0,0.0,0.0,0.0
2023-10-29 03:00:00,3,20.4,20.4,0.0,100.0,0.0,0.0,0.0
2023-10-29 04:00:00,4,20.0,20.0,0.0,100.0,0.0,0.0,0.0
2023-10-29 05:00:00,5,19.6,19.6,0.0,0.0,0.0,0.0,0.0
2023-10-29 06:00:00,6,19.6,19.6,0.0,78.0,0.0,0.001,-0.001
2023-10-29 07:00:00,7,20.9,22.18125,41.0,8.0,0.171462,0.164,0.007
2023-10-29 08:00:00,8,24.3,30.8,208.0,0.0,0.8634912,0.841,0.022
2023-10-29 09:00:00,9,27.2,39.79375,403.0,0.0,1.61139801875,1.588,0.023
2023-10-29 10:00:00,10,29.5,47.28125,569.0,0.0,2.2027234687499995,2.046,0.157
2023-10-29 11:00:00,11,30.9,52.2125,682.0,0.0,2.582998275,2.526,0.057
2023-10-29 12:00:00,12,31.9,54.68125,729.0,0.0,2.73041026875,2.535,0.195
2023-10-29 13:00:00,13,32.3,54.3625,706.0,0.0,2.648091275,2.504,0.144
2023-10-29 14:00:00,14,32.5,51.6875,614.0,0.0,2.330935875,1.87,0.461
2023-10-29 15:00:00,15,32.1,46.63125,465.0,0.0,1.80525496875,1.683,0.122
2023-10-29 16:00:00,16,31.1,39.725,276.0,0.0,1.1039103,0.993,0.111
2023-10-29 17:00:00,17,27.9,30.7125,90.0,0.0,0.3737598749999999,0.347,0.027
2023-10-29 18:00:00,18,27.6,27.6625,2.0,0.0,0.008409475,0.019,-0.011
2023-10-29 19:00:00,19,25.5,25.5,0.0,0.0,0.0,0.0,0.0
2023-10-29 20:00:00,20,25.0,25.0,0.0,0.0,0.0,0.0,0.0
2023-10-29 21:00:00,21,24.8,24.8,0.0,0.0,0.0,0.0,0.0
2023-10-29 22:00:00,22,24.0,24.0,0.0,0.0,0.0,0.0,0.0
2023-10-29 23:00:00,23,23.3,23.3,0.0,0.0,0.0,0.0,0.0
2023-10-30 00:00:00,0,21.6,21.6,0.0,0.0,0.0,0.0,0.0
2023-10-30 01:00:00,1,21.0,21.0,0.0,0.0,0.0,0.0,0.0
2023-10-30 02:00:00,2,19.6,19.6,0.0,0.0,0.0,0.0,0.0
2023-10-30 03:00:00,3,20.5,20.5,0.0,0.0,0.0,0.0,0.0
2023-10-30 04:00:00,4,19.7,19.7,0.0,0.0,0.0,0.0,0.0
2023-10-30 05:00:00,5,19.5,19.5,0.0,0.0,0.0,0.0,0.0
2023-10-30 06:00:00,6,20.0,20.0,0.0,0.0,0.0,0.001,-0.001
2023-10-30 07:00:00,7,21.2,22.45,40.0,0.0,0.17,0.163,0.007
2023-10-30 08:00:00,8,24.2,30.60625,205.0,0.0,0.8517122187499998,0.795,0.057
2023-10-30 09:00:00,9,27.3,39.76875,399.0,0.0,1.59557356875,1.54,0.056
2023-10-30 10:00:00,10,29.6,47.25625,565.0,0.0,2.18747871875,1.872,0.315
2023-10-30 11:00:00,11,31.4,52.5875,678.0,11.0,2.50712889255,2.516,-0.009
2023-10-30 12:00:00,12,32.0,53.6875,694.0,15.0,2.53271352875,2.574,-0.041
2023-10-30 13:00:00,13,32.2,52.91875,663.0,6.0,2.4730408355250004,2.457,0.016
2023-10-30 14:00:00,14,32.3,50.39375,579.0,8.0,2.1754265296499997,2.162,0.013
2023-10-30 15:00:00,15,31.9,45.61875,439.0,7.0,1.6879060569875,1.688,-0.0
2023-10-30 16:00:00,16,30.6,38.63125,257.0,3.0,1.0264988983375,1.006,0.02
2023-10-30 17:00:00,17,28.1,30.6,80.0,4.0,0.329724928,0.325,0.005
2023-10-30 18:00:00,18,25.4,25.4625,2.0,10.0,0.0083145895,0.009,-0.001
2023-10-30 19:00:00,19,24.7,24.7,0.0,60.0,0.0,0.0,0.0
2023-10-30 20:00:00,20,23.8,23.8,0.0,98.0,0.0,0.0,0.0
2023-10-30 21:00:00,21,23.1,23.1,0.0,94.0,0.0,0.0,0.0
2023-10-30 22:00:00,22,22.3,22.3,0.0,98.0,0.0,0.0,0.0
2023-10-30 23:00:00,23,22.0,22.0,0.0,9.0,0.0,0.0,0.0
2023-10-31 00:00:00,0,21.7,21.7,0.0,40.0,0.0,0.0,0.0
2023-10-31 01:00:00,1,21.5,21.5,0.0,55.0,0.0,0.0,0.0
2023-10-31 02:00:00,2,21.0,21.0,0.0,77.0,0.0,0.0,0.0
2023-10-31 03:00:00,3,20.7,20.7,0.0,25.0,0.0,0.0,0.0
2023-10-31 04:00:00,4,20.1,20.1,0.0,8.0,0.0,0.0,0.0
2023-10-31 05:00:00,5,19.2,19.2,0.0,0.0,0.0,0.0,0.0
2023-10-31 06:00:00,6,19.8,19.8,0.0,0.0,0.0,0.001,-0.001
2023-10-31 07:00:00,7,21.7,22.91875,39.0,0.0,0.16575,0.163,0.003
2023-10-31 08:00:00,8,25.2,31.5125,202.0,0.0,0.8361360749999999,0.789,0.047
2023-10-31 09:00:00,9,28.0,40.375,396.0,3.0,1.570018527,1.555,0.015
2023-10-31 10:00:00,10,30.1,47.6625,562.0,11.0,2.1241988605500004,2.052,0.072
2023-10-31 11:00:00,11,31.4,52.5875,678.0,23.0,2.4456042571500003,2.449,-0.003
2023-10-31 12:00:00,12,32.2,54.79375,723.0,82.0,2.262679995675,2.253,0.01
2023-10-31 13:00:00,13,32.5,54.125,692.0,96.0,2.099485788,2.096,0.003
2023-10-31 14:00:00,14,32.4,51.11875,599.0,98.0,1.8329453460750005,1.826,0.007
2023-10-31 15:00:00,15,32.1,46.225,452.0,91.0,1.4379680078,1.473,-0.035
2023-10-31 16:00:00,16,30.8,38.6125,250.0,49.0,0.90619148125,0.916,-0.01
2023-10-31 17:00:00,17,28.2,30.7,80.0,55.0,0.29570072,0.297,-0.001
2023-10-31 18:00:00,18,27.3,27.33125,1.0,100.0,0.003368295,0.018,-0.015
2023-10-31 19:00:00,19,25.9,25.9,0.0,14.0,0.0,0.001,-0.001
2023-10-31 20:00:00,20,23.5,23.5,0.0,0.0,0.0,0.0,0.0
2023-10-31 21:00:00,21,22.4,22.4,0.0,0.0,0.0,0.0,0.0
2023-10-31 22:00:00,22,22.1,22.1,0.0,0.0,0.0,0.0,0.0
2023-10-31 23:00:00,23,21.7,21.7,0.0,0.0,0.0,0.0,0.0
2023-11-01 00:00:00,0,21.4,21.4,0.0,0.0,0.0,0.0,0.0
2023-11-01 01:00:00,1,21.0,21.0,0.0,0.0,0.0,0.0,0.0
2023-11-01 02:00:00,2,20.6,20.6,0.0,0.0,0.0,0.0,0.0
2023-11-01 03:00:00,3,20.0,20.0,0.0,0.0,0.0,0.0,0.0
2023-11-01 04:00:00,4,19.6,19.6,0.0,0.0,0.0,0.0,0.0
2023-11-01 05:00:00,5,19.2,19.2,0.0,0.0,0.0,0.0,0.0
2023-11-01 06:00:00,6,19.6,19.6,0.0,0.0,0.0,0.001,-0.001
2023-11-01 07:00:00,7,20.7,21.8875,38.0,0.0,0.104975,0.139,-0.034
2023-11-01 08:00:00,8,23.5,29.71875,199.0,0.0,0.5393612046875002,0.742,-0.203
2023-11-01 09:00:00,9,26.1,38.2875,390.0,0.0,1.0201125187500002,1.377,-0.357
2023-11-01 10:00:00,10,28.1,45.44375,555.0,0.0,1.4078110921875002,1.601,-0.193
2023-11-01 11:00:00,11,29.5,50.375,668.0,0.0,1.658046975,1.886,-0.228
2023-11-01 12:00:00,12,30.6,52.88125,713.0,0.0,1.6799960541,1.875,-0.195
2023-11-01 13:00:00,13,31.1,50.85,632.0,0.0,1.5497202006,1.841,-0.291
2023-11-01 14:00:00,14,31.4,49.4625,578.0,0.0,1.4289615750799998,1.949,-0.52
2023-11-01 15:00:00,15,31.2,44.98125,441.0,0.0,1.11192572673,1.187,-0.075
2023-11-01 16:00:00,16,30.4,38.49375,259.0,0.0,0.667392895316875,0.727,-0.06
2023-11-01 17:00:00,17,27.5,29.96875,79.0,0.0,0.2079108288562499,0.313,-0.105
2023-11-01 18:00:00,18,26.3,26.33125,1.0,0.0,0.002731302949375,0.015,-0.012
2023-11-01 19:00:00,19,24.7,24.7,0.0,0.0,0.0,0.0,0.0
2023-11-01 20:00:00,20,23.5,23.5,0.0,0.0,0.0,0.0,0.0
2023-11-01 21:00:00,21,22.1,22.1,0.0,0.0,0.0,0.0,0.0
2023-11-01 22:00:00,22,23.2,23.2,0.0,0.0,0.0,0.0,0.0
2023-11-01 23:00:00,23,21.4,21.4,0.0,0.0,0.0,0.0,0.0
2023-11-02 00:00:00,0,20.2,20.2,0.0,0.0,0.0,0.0,0.0
2023-11-02 01:00:00,1,21.0,21.0,0.0,0.0,0.0,0.0,0.0
2023-11-02 02:00:00,2,23.6,23.6,0.0,0.0,0.0,0.0,0.0
2023-11-02 03:00:00,3,23.6,23.6,0.0,0.0,0.0,0.0,0.0
2023-11-02 04:00:00,4,21.0,21.0,0.0,0.0,0.0,0.0,0.0
2023-11-02 05:00:00,5,18.5,18.5,0.0,0.0,0.0,0.0,0.0
2023-11-02 06:00:00,6,19.2,19.2,0.0,0.0,0.0,0.0,0.0
2023-11-02 07:00:00,7,20.4,21.55625,37.0,0.0,0.15725,0.139,0.018
2023-11-02 08:00:00,8,23.5,29.6875,198.0,0.0,0.8257218749999999,0.75,0.076
2023-11-02 09:00:00,9,26.3,38.55,392.0,0.0,1.5757028,1.472,0.104
2023-11-02 10:00:00,10,28.2,45.6375,558.0,0.0,2.1757326750000003,2.062,0.114
2023-11-02 11:00:00,11,29.5,50.46875,671.0,7.0,2.5253707771875,2.458,0.067
2023-11-02 12:00:00,12,30.7,52.98125,713.0,23.0,2.5672991623874992,2.533,0.034
2023-11-02 13:00:00,13,31.0,51.0,640.0,17.0,2.35425792,2.338,0.016
2023-11-02 14:00:00,14,31.0,47.5,528.0,17.0,1.97261064,1.954,0.019
2023-11-02 15:00:00,15,30.9,43.65,408.0,12.0,1.5661321536,1.56,0.006
2023-11-02 16:00:00,16,30.1,37.63125,241.0,16.0,0.94137977615,0.962,-0.021
2023-11-02 17:00:00,17,27.1,29.5375,78.0,4.0,0.3228794088,0.341,-0.018
2023-11-02 18:00:00,18,26.0,26.03125,1.0,4.0,0.004198609,0.015,-0.011
2023-11-02 19:00:00,19,25.0,25.0,0.0,0.0,0.0,0.0,0.0
2023-11-02 20:00:00,20,24.3,24.3,0.0,0.0,0.0,0.0,0.0
2023-11-02 21:00:00,21,22.8,22.8,0.0,0.0,0.0,0.0,0.0
2023-11-02 22:00:00,22,22.0,22.0,0.0,0.0,0.0,0.0,0.0
2023-11-02 23:00:00,23,20.9,20.9,0.0,0.0,0.0,0.0,0.0
2023-11-03 00:00:00,0,20.7,20.7,0.0,0.0,0.0,0.0,0.0
2023-11-03 01:00:00,1,19.8,19.8,0.0,0.0,0.0,0.0,0.0
2023-11-03 02:00:00,2,22.5,22.5,0.0,0.0,0.0,0.0,0.0
2023-11-03 03:00:00,3,23.2,23.2,0.0,0.0,0.0,0.0,0.0
2023-11-03 04:00:00,4,22.7,22.7,0.0,0.0,0.0,0.0,0.0
2023-11-03 05:00:00,5,22.0,22.0,0.0,0.0,0.0,0.0,0.0
2023-11-03 06:00:00,6,18.4,18.4,0.0,0.0,0.0,0.0,0.0
2023-11-03 07:00:00,7,20.7,21.825,36.0,0.0,0.153,0.139,0.014
2023-11-03 08:00:00,8,23.7,29.85625,197.0,0.0,0.82098641875,0.767,0.054
2023-11-03 09:00:00,9,26.2,38.35625,389.0,0.0,1.56492511875,1.472,0.093
2023-11-03 10:00:00,10,28.6,45.9125,554.0,0.0,2.1575460750000004,1.95,0.208
2023-11-03 11:00:00,11,30.1,50.94375,667.0,20.0,2.4389508660000003,2.422,0.017
2023-11-03 12:00:00,12,30.9,51.49375,659.0,21.0,2.3987750169625,2.418,-0.019
2023-11-03 13:00:00,13,31.2,50.6375,622.0,14.0,2.3059816209,2.304,0.002
2023-11-03 14:00:00,14,31.4,48.7125,554.0,8.0,2.0970768642,2.089,0.008
2023-11-03 15:00:00,15,31.0,44.125,420.0,31.0,1.5462437549999997,1.554,-0.008
2023-11-03 16:00:00,16,30.1,37.5375,238.0,29.0,0.9050484250499998,0.947,-0.042
2023-11-03 17:00:00,17,27.0,29.34375,75.0,20.0,0.3006832499999999,0.318,-0.017
2023-11-03 18:00:00,18,26.1,26.13125,1.0,0.0,0.00423076875,0.015,-0.011
2023-11-03 19:00:00,19,24.8,24.8,0.0,0.0,0.0,0.0,0.0
2023-11-03 20:00:00,20,23.5,23.5,0.0,0.0,0.0,0.0,0.0
2023-11-03 21:00:00,21,22.1,22.1,0.0,0.0,0.0,0.0,0.0
2023-11-03 22:00:00,22,21.1,21.1,0.0,0.0,0.0,0.0,0.0
2023-11-03 23:00:00,23,20.3,20.3,0.0,0.0,0.0,0.0,0.0
2023-11-04 00:00:00,0,19.2,19.2,0.0,0.0,0.0,0.0,0.0
2023-11-04 01:00:00,1,19.1,19.1,0.0,2.0,0.0,0.0,0.0
2023-11-04 02:00:00,2,19.0,19.0,0.0,18.0,0.0,0.0,0.0
2023-11-04 03:00:00,3,18.4,18.4,0.0,41.0,0.0,0.0,0.0
2023-11-04 04:00:00,4,17.6,17.6,0.0,43.0,0.0,0.0,0.0
2023-11-04 05:00:00,5,17.6,17.6,0.0,78.0,0.0,0.0,0.0
2023-11-04 06:00:00,6,18.4,18.4,0.0,96.0,0.0,0.0,0.0
2023-11-04 07:00:00,7,20.1,21.13125,33.0,100.0,0.1122,0.115,-0.003
2023-11-04 08:00:00,8,22.8,28.175,172.0,100.0,0.5773730399999999,0.592,-0.015
2023-11-04 09:00:00,9,25.6,36.9125,362.0,100.0,1.17215238,1.168,0.004
2023-11-04 10:00:00,10,27.6,43.81875,519.0,100.0,1.631769735,1.625,0.007
2023-11-04 11:00:00,11,28.8,47.4875,598.0,100.0,1.85031366,1.86,-0.01
2023-11-04 12:00:00,12,29.6,49.1,624.0,100.0,1.91707776,1.906,0.011
2023-11-04 13:00:00,13,29.9,46.68125,537.0,98.0,1.675794782475,1.663,0.013
2023-11-04 14:00:00,14,30.3,46.05,504.0,28.0,1.8517915583999995,1.838,0.014
2023-11-04 15:00:00,15,30.0,41.875,380.0,24.0,1.4337001,1.358,0.076
2023-11-04 16:00:00,16,29.2,35.5125,202.0,50.0,0.7401600675,0.735,0.005
2023-11-04 17:00:00,17,29.0,30.8125,58.0,45.0,0.21909967625,0.211,0.008
2023-11-04 18:00:00,18,24.7,24.73125,1.0,2.0,0.004233,0.007,-0.003
2023-11-04 19:00:00,19,22.5,22.5,0.0,0.0,0.0,0.0,0.0
2023-11-04 20:00:00,20,22.7,22.7,0.0,0.0,0.0,0.0,0.0
2023-11-04 21:00:00,21,21.7,21.7,0.0,0.0,0.0,0.0,0.0
2023-11-04 22:00:00,22,22.2,22.2,0.0,0.0,0.0,0.0,0.0
2023-11-04 23:00:00,23,20.8,20.8,0.0,0.0,0.0,0.0,0.0
2023-11-05 00:00:00,0,19.9,19.9,0.0,0.0,0.0,0.0,0.0
2023-11-05 01:00:00,1,19.4,19.4,0.0,0.0,0.0,0.0,0.0
2023-11-05 02:00:00,2,19.0,19.0,0.0,0.0,0.0,0.0,0.0
2023-11-05 03:00:00,3,19.7,19.7,0.0,0.0,0.0,0.0,0.0
2023-11-05 04:00:00,4,20.4,20.4,0.0,0.0,0.0,0.0,0.0
2023-11-05 05:00:00,5,21.8,21.8,0.0,0.0,0.0,0.0,0.0
2023-11-05 06:00:00,6,22.2,22.2,0.0,3.0,0.0,0.002,-0.002
2023-11-05 07:00:00,7,21.3,22.33125,33.0,3.0,0.1394085,0.149,-0.01
2023-11-05 08:00:00,8,24.2,30.10625,189.0,2.0,0.783696244275,0.752,0.032
2023-11-05 09:00:00,9,26.4,38.2125,378.0,2.0,1.5155100891000002,1.499,0.017
2023-11-05 10:00:00,10,28.6,45.50625,541.0,0.0,2.11065401875,1.999,0.112
2023-11-05 11:00:00,11,30.0,50.40625,653.0,21.0,2.3885001795625,2.381,0.008
2023-11-05 12:00:00,12,30.6,50.56875,639.0,47.0,2.2088249818875005,2.212,-0.003
2023-11-05 13:00:00,13,30.7,47.04375,523.0,20.0,1.945688658,1.918,0.028
2023-11-05 14:00:00,14,30.8,47.175,524.0,25.0,1.927991845,1.924,0.004
2023-11-05 15:00:00,15,30.4,42.7125,394.0,26.0,1.4749568679,1.479,-0.004
2023-11-05 16:00:00,16,29.6,36.69375,227.0,22.0,0.879160370725,0.878,0.001
2023-11-05 17:00:00,17,26.2,28.325,68.0,15.0,0.276601611,0.296,-0.019
2023-11-05 18:00:00,18,23.6,23.63125,1.0,4.0,0.004216,0.007,-0.003
2023-11-05 19:00:00,19,26.3,26.3,0.0,5.0,0.0,0.0,0.0
2023-11-05 20:00:00,20,21.9,21.9,0.0,1.0,0.0,0.0,0.0
2023-11-05 21:00:00,21,22.9,22.9,0.0,0.0,0.0,0.0,0.0
2023-11-05 22:00:00,22,21.9,21.9,0.0,0.0,0.0,0.0,0.0
2023-11-05 23:00:00,23,21.6,21.6,0.0,0.0,0.0,0.0,0.0
2023-11-06 00:00:00,0,20.8,20.8,0.0,0.0,0.0,0.0,0.0
2023-11-06 01:00:00,1,20.0,20.0,0.0,0.0,0.0,0.0,0.0
2023-11-06 02:00:00,2,19.9,19.9,0.0,0.0,0.0,0.0,0.0
2023-11-06 03:00:00,3,19.3,19.3,0.0,0.0,0.0,0.0,0.0
2023-11-06 04:00:00,4,18.6,18.6,0.0,0.0,0.0,0.0,0.0
2023-11-06 05:00:00,5,18.7,18.7,0.0,0.0,0.0,0.0,0.0
2023-11-06 06:00:00,6,19.6,19.6,0.0,0.0,0.0,0.001,-0.001
2023-11-06 07:00:00,7,20.8,21.8,32.0,0.0,0.0884,0.139,-0.051
2023-11-06 08:00:00,8,23.7,29.48125,185.0,0.0,0.5019017046875001,0.721,-0.219
2023-11-06 09:00:00,9,26.3,37.95625,373.0,0.0,0.975057349443125,1.409,-0.434
2023-11-06 10:00:00,10,28.3,45.01875,535.0,0.0,1.3568724713781253,1.555,-0.198
2023-11-06 11:00:00,11,29.5,49.65625,645.0,0.0,1.6028690797031253,1.758,-0.155
2023-11-06 12:00:00,12,30.2,51.29375,675.0,0.0,1.5350834728124998,1.881,-0.346
2023-11-06 13:00:00,13,30.1,45.88125,505.0,0.0,1.2248412286906247,1.283,-0.058
2023-11-06 14:00:00,14,30.4,46.74375,523.0,0.0,1.247894243399375,1.329,-0.081
2023-11-06 15:00:00,15,30.2,42.10625,381.0,0.0,0.8922498422906251,0.995,-0.103
2023-11-06 16:00:00,16,29.8,36.6125,218.0,0.0,0.4973019278175,0.633,-0.136
2023-11-06 17:00:00,17,26.6,28.38125,57.0,0.0,0.153779491490625,0.239,-0.085
2023-11-06 18:00:00,18,24.2,24.2,0.0,0.0,0.0,0.008,-0.008
2023-11-06 19:00:00,19,23.5,23.5,0.0,0.0,0.0,0.0,0.0
2023-11-06 20:00:00,20,22.7,22.7,0.0,0.0,0.0,0.0,0.0
2023-11-06 21:00:00,21,23.6,23.6,0.0,0.0,0.0,0.0,0.0
2023-11-06 22:00:00,22,20.4,20.4,0.0,0.0,0.0,0.0,0.0
2023-11-06 23:00:00,23,19.5,19.5,0.0,0.0,0.0,0.0,0.0
2023-11-07 00:00:00,0,19.4,19.4,0.0,0.0,0.0,0.0,0.0
2023-11-07 01:00:00,1,18.7,18.7,0.0,0.0,0.0,0.0,0.0
2023-11-07 02:00:00,2,18.7,18.7,0.0,0.0,0.0,0.0,0.0
2023-11-07 03:00:00,3,18.2,18.2,0.0,0.0,0.0,0.0,0.0
2023-11-07 04:00:00,4,18.2,18.2,0.0,0.0,0.0,0.0,0.0
2023-11-07 05:00:00,5,17.5,17.5,0.0,0.0,0.0,0.0,0.0
2023-11-07 06:00:00,6,18.7,18.7,0.0,0.0,0.0,0.0,0.0
2023-11-07 07:00:00,7,20.2,21.1375,30.0,0.0,0.1275,0.129,-0.001
2023-11-07 08:00:00,8,23.1,28.7875,182.0,0.0,0.7617814749999999,0.741,0.021
2023-11-07 09:00:00,9,25.8,37.33125,369.0,0.0,1.49089606875,1.369,0.122
2023-11-07 10:00:00,10,27.9,44.49375,531.0,0.0,2.08077991875,1.845,0.236
2023-11-07 11:00:00,11,29.4,49.4625,642.0,0.0,2.461516275,2.08,0.382
2023-11-07 12:00:00,12,30.3,51.675,684.0,9.0,2.5500802842,2.555,-0.005
2023-11-07 13:00:00,13,30.9,50.775,636.0,14.0,2.3564397204,2.35,0.006
2023-11-07 14:00:00,14,31.1,48.06875,543.0,9.0,2.0570959261125004,2.055,0.002
2023-11-07 15:00:00,15,31.0,43.78125,409.0,8.0,1.5819413452499995,1.613,-0.031
2023-11-07 16:00:00,16,30.2,37.6375,238.0,21.0,0.92003319065,0.953,-0.033
2023-11-07 17:00:00,17,27.3,29.4875,70.0,13.0,0.28456371825,0.298,-0.013
2023-11-07 18:00:00,18,25.0,25.0,0.0,4.0,0.0,0.008,-0.008
2023-11-07 19:00:00,19,23.1,23.1,0.0,4.0,0.0,0.0,0.0
2023-11-07 20:00:00,20,24.5,24.5,0.0,1.0,0.0,0.0,0.0
2023-11-07 21:00:00,21,25.1,25.1,0.0,0.0,0.0,0.0,0.0
2023-11-07 22:00:00,22,24.7,24.7,0.0,4.0,0.0,0.0,0.0
2023-11-07 23:00:00,23,20.6,20.6,0.0,7.0,0.0,0.0,0.0
2023-11-08 00:00:00,0,19.7,19.7,0.0,0.0,0.0,0.0,0.0
2023-11-08 01:00:00,1,19.4,19.4,0.0,0.0,0.0,0.0,0.0
2023-11-08 02:00:00,2,20.7,20.7,0.0,0.0,0.0,0.0,0.0
2023-11-08 03:00:00,3,22.9,22.9,0.0,4.0,0.0,0.0,0.0
2023-11-08 04:00:00,4,22.4,22.4,0.0,9.0,0.0,0.0,0.0
2023-11-08 05:00:00,5,21.7,21.7,0.0,10.0,0.0,0.0,0.0
2023-11-08 06:00:00,6,18.4,18.4,0.0,14.0,0.0,0.0,0.0
2023-11-08 07:00:00,7,19.8,20.7375,30.0,0.0,0.1275,0.125,0.003
2023-11-08 08:00:00,8,23.8,29.4875,182.0,3.0,0.75505798095,0.717,0.038
2023-11-08 09:00:00,9,27.0,38.5625,370.0,29.0,1.40093474625,1.369,0.032
2023-11-08 10:00:00,10,28.9,45.4625,530.0,65.0,1.7992756012500002,1.773,0.026
2023-11-08 11:00:00,11,30.3,50.1125,634.0,94.0,1.9681560297,1.96,0.008
2023-11-08 12:00:00,12,30.6,49.19375,595.0,56.0,2.02821883425,2.03,-0.002
2023-11-08 13:00:00,13,30.8,49.7375,606.0,49.0,2.09323015605,2.073,0.02
2023-11-08 14:00:00,14,30.5,46.15625,501.0,14.0,1.894488476625,1.867,0.027
2023-11-08 15:00:00,15,30.3,42.8,400.0,33.0,1.47474864,1.459,0.016
2023-11-08 16:00:00,16,29.3,35.7375,206.0,54.0,0.7474043692999999,0.736,0.011
2023-11-08 17:00:00,17,26.7,28.60625,61.0,75.0,0.2171837709374999,0.233,-0.016
2023-11-08 18:00:00,18,26.0,26.0,0.0,21.0,0.0,0.015,-0.015
2023-11-08 19:00:00,19,25.1,25.1,0.0,32.0,0.0,0.0,0.0
2023-11-08 20:00:00,20,23.8,23.8,0.0,57.0,0.0,0.0,0.0
2023-11-08 21:00:00,21,23.6,23.6,0.0,72.0,0.0,0.0,0.0
2023-11-08 22:00:00,22,22.0,22.0,0.0,50.0,0.0,0.0,0.0
2023-11-08 23:00:00,23,20.8,20.8,0.0,50.0,0.0,0.0,0.0
2023-11-09 00:00:00,0,20.3,20.3,0.0,50.0,0.0,0.0,0.0
2023-11-09 01:00:00,1,21.8,21.8,0.0,25.0,0.0,0.0,0.0
2023-11-09 02:00:00,2,22.3,22.3,0.0,43.0,0.0,0.0,0.0
2023-11-09 03:00:00,3,22.4,22.4,0.0,34.0,0.0,0.0,0.0
2023-11-09 04:00:00,4,22.0,22.0,0.0,26.0,0.0,0.0,0.0
2023-11-09 05:00:00,5,22.1,22.1,0.0,13.0,0.0,0.0,0.0
2023-11-09 06:00:00,6,18.8,18.8,0.0,1.0,0.0,0.0,0.0
2023-11-09 07:00:00,7,20.4,21.275,28.0,3.0,0.118286,0.13,-0.012
2023-11-09 08:00:00,8,23.6,29.13125,177.0,3.0,0.7353801543374999,0.693,0.042
2023-11-09 09:00:00,9,26.4,37.775,364.0,4.0,1.4562047136,1.471,-0.015
2023-11-09 10:00:00,10,28.5,44.90625,525.0,5.0,2.0330508515624994,1.969,0.064
2023-11-09 11:00:00,11,29.8,49.675,636.0,51.0,2.1877200822,2.154,0.034
2023-11-09 12:00:00,12,30.4,49.2125,602.0,100.0,1.84856742,1.855,-0.006
2023-11-09 13:00:00,13,30.7,48.10625,557.0,80.0,1.80470381175,1.797,0.008
2023-11-09 14:00:00,14,30.8,46.9875,518.0,20.0,1.927562952,1.927,0.001
2023-11-09 15:00:00,15,30.4,42.65,392.0,24.0,1.4740581407999995,1.434,0.04
2023-11-09 16:00:00,16,29.4,36.30625,221.0,20.0,0.8609015219999999,0.88,-0.019
2023-11-09 17:00:00,17,26.6,28.50625,61.0,27.0,0.2418108617375,0.262,-0.02
2023-11-09 18:00:00,18,24.9,24.9,0.0,56.0,0.0,0.007,-0.007
2023-11-09 19:00:00,19,24.0,24.0,0.0,31.0,0.0,0.0,0.0
2023-11-09 20:00:00,20,23.1,23.1,0.0,19.0,0.0,0.0,0.0
2023-11-09 21:00:00,21,22.5,22.5,0.0,23.0,0.0,0.0,0.0
2023-11-09 22:00:00,22,21.6,21.6,0.0,11.0,0.0,0.0,0.0
2023-11-09 23:00:00,23,20.8,20.8,0.0,13.0,0.0,0.0,0.0
2023-11-10 00:00:00,0,20.5,20.5,0.0,3.0,0.0,0.0,0.0
2023-11-10 01:00:00,1,20.0,20.0,0.0,1.0,0.0,0.0,0.0
2023-11-10 02:00:00,2,19.6,19.6,0.0,0.0,0.0,0.0,0.0
2023-11-10 03:00:00,3,19.1,19.1,0.0,3.0,0.0,0.0,0.0
2023-11-10 04:00:00,4,19.1,19.1,0.0,4.0,0.0,0.0,0.0
2023-11-10 05:00:00,5,18.5,18.5,0.0,13.0,0.0,0.0,0.0
2023-11-10 06:00:00,6,19.8,19.8,0.0,33.0,0.0,0.001,-0.001
2023-11-10 07:00:00,7,20.1,20.7875,22.0,23.0,0.0891989999999999,0.096,-0.007
2023-11-10 08:00:00,8,22.1,26.725,148.0,16.0,0.6046707832,0.612,-0.007
2023-11-10 09:00:00,9,24.4,34.3375,318.0,28.0,1.2281642724,1.207,0.021
2023-11-10 10:00:00,10,26.6,41.25625,469.0,45.0,1.6959114160624995,1.721,-0.025
2023-11-10 11:00:00,11,27.8,43.83125,513.0,73.0,1.7216833591125005,1.707,0.015
2023-11-10 12:00:00,12,28.7,45.48125,537.0,24.0,1.99470338865,1.957,0.038
2023-11-10 13:00:00,13,29.5,47.9375,590.0,52.0,2.04058344,2.008,0.033
2023-11-10 14:00:00,14,29.0,42.875,444.0,30.0,1.6469547299999998,1.693,-0.046
2023-11-10 15:00:00,15,28.5,39.375,348.0,35.0,1.296380475,1.301,-0.005
2023-11-10 16:00:00,16,27.9,34.11875,199.0,23.0,0.7774158103875001,0.78,-0.003
2023-11-10 17:00:00,17,25.8,27.675,60.0,21.0,0.2416760969999999,0.258,-0.016
2023-11-10 18:00:00,18,24.5,24.5,0.0,37.0,0.0,0.007,-0.007
2023-11-10 19:00:00,19,22.8,22.8,0.0,30.0,0.0,0.0,0.0
2023-11-10 20:00:00,20,22.0,22.0,0.0,22.0,0.0,0.0,0.0
2023-11-10 21:00:00,21,20.8,20.8,0.0,0.0,0.0,0.0,0.0
2023-11-10 22:00:00,22,19.6,19.6,0.0,0.0,0.0,0.0,0.0
2023-11-10 23:00:00,23,18.7,18.7,0.0,0.0,0.0,0.0,0.0
2023-11-11 00:00:00,0,18.0,18.0,0.0,0.0,0.0,0.0,0.0
2023-11-11 01:00:00,1,17.1,17.1,0.0,0.0,0.0,0.0,0.0
2023-11-11 02:00:00,2,16.6,16.6,0.0,0.0,0.0,0.0,0.0
2023-11-11 03:00:00,3,15.8,15.8,0.0,0.0,0.0,0.0,0.0
2023-11-11 04:00:00,4,15.4,15.4,0.0,0.0,0.0,0.0,0.0
2023-11-11 05:00:00,5,15.0,15.0,0.0,0.0,0.0,0.0,0.0
2023-11-11 06:00:00,6,15.4,15.4,0.0,53.0,0.0,0.0,0.0
2023-11-11 07:00:00,7,15.7,16.5125,26.0,100.0,0.0884,0.083,0.005
2023-11-11 08:00:00,8,18.1,23.19375,163.0,16.0,0.670582,0.654,0.017
2023-11-11 09:00:00,9,20.2,30.7625,338.0,17.0,1.3556734600500002,1.379,-0.023
2023-11-11 10:00:00,10,22.5,38.75,520.0,0.0,2.08845,2.08,0.008
2023-11-11 11:00:00,11,24.4,44.4,640.0,0.0,2.508928,2.358,0.151
2023-11-11 12:00:00,12,25.5,47.0,688.0,0.0,2.666688,2.645,0.022
2023-11-11 13:00:00,13,26.2,47.0125,666.0,0.0,2.581274475,2.537,0.044
2023-11-11 14:00:00,14,26.5,44.5,576.0,0.0,2.257056,2.185,0.072
2023-11-11 15:00:00,15,26.4,39.775,428.0,0.0,1.7114971,1.674,0.037
2023-11-11 16:00:00,16,25.7,33.29375,243.0,0.0,0.99848851875,0.957,0.041
2023-11-11 17:00:00,17,23.5,25.59375,67.0,0.0,0.28407371875,0.302,-0.018
2023-11-11 18:00:00,18,21.6,21.6,0.0,0.0,0.0,0.005,-0.005
2023-11-11 19:00:00,19,20.6,20.6,0.0,0.0,0.0,0.0,0.0
2023-11-11 20:00:00,20,19.9,19.9,0.0,0.0,0.0,0.0,0.0
2023-11-11 21:00:00,21,19.1,19.1,0.0,0.0,0.0,0.0,0.0
2023-11-11 22:00:00,22,18.5,18.5,0.0,0.0,0.0,0.0,0.0
2023-11-11 23:00:00,23,18.0,18.0,0.0,0.0,0.0,0.0,0.0
2023-11-12 00:00:00,0,17.4,17.4,0.0,0.0,0.0,0.0,0.0
2023-11-12 01:00:00,1,16.6,16.6,0.0,0.0,0.0,0.0,0.0
2023-11-12 02:00:00,2,16.0,16.0,0.0,0.0,0.0,0.0,0.0
2023-11-12 03:00:00,3,15.4,15.4,0.0,0.0,0.0,0.0,0.0
2023-11-12 04:00:00,4,15.0,15.0,0.0,0.0,0.0,0.0,0.0
2023-11-12 05:00:00,5,14.5,14.5,0.0,0.0,0.0,0.0,0.0
2023-11-12 06:00:00,6,14.6,14.6,0.0,0.0,0.0,0.0,0.0
2023-11-12 07:00:00,7,15.5,16.3125,26.0,0.0,0.1105,0.104,0.006
2023-11-12 08:00:00,8,18.7,24.1375,174.0,0.0,0.7394999999999999,0.693,0.046
2023-11-12 09:00:00,9,21.1,32.44375,363.0,0.0,1.4968146187499998,1.461,0.036
2023-11-12 10:00:00,10,22.7,39.2,528.0,0.0,2.1165408,2.063,0.054
2023-11-12 11:00:00,11,24.0,44.03125,641.0,0.0,2.51686646875,2.452,0.065
2023-11-12 12:00:00,12,25.1,46.6625,690.0,0.0,2.678398875,2.683,-0.005
2023-11-12 13:00:00,13,25.9,46.80625,669.0,0.0,2.5952475187500004,2.523,0.072
2023-11-12 14:00:00,14,26.3,44.39375,579.0,0.0,2.26985731875,2.2,0.07
2023-11-12 15:00:00,15,26.2,39.6375,430.0,0.0,1.720499875,1.657,0.063
2023-11-12 16:00:00,16,25.6,33.225,244.0,1.0,1.0008769345999995,1.02,-0.019
2023-11-12 17:00:00,17,22.2,24.29375,67.0,2.0,0.283611,0.291,-0.007
2023-11-12 18:00:00,18,21.3,21.3,0.0,0.0,0.0,0.005,-0.005
2023-11-12 19:00:00,19,20.3,20.3,0.0,0.0,0.0,0.0,0.0
2023-11-12 20:00:00,20,19.1,19.1,0.0,0.0,0.0,0.0,0.0
2023-11-12 21:00:00,21,18.0,18.0,0.0,1.0,0.0,0.0,0.0
2023-11-12 22:00:00,22,17.5,17.5,0.0,23.0,0.0,0.0,0.0
2023-11-12 23:00:00,23,17.1,17.1,0.0,1.0,0.0,0.0,0.0
2023-11-13 00:00:00,0,16.6,16.6,0.0,15.0,0.0,0.0,0.0
2023-11-13 01:00:00,1,16.1,16.1,0.0,0.0,0.0,0.0,0.0
2023-11-13 02:00:00,2,15.8,15.8,0.0,1.0,0.0,0.0,0.0
2023-11-13 03:00:00,3,15.3,15.3,0.0,55.0,0.0,0.0,0.0
2023-11-13 04:00:00,4,14.9,14.9,0.0,26.0,0.0,0.0,0.0
2023-11-13 05:00:00,5,14.5,14.5,0.0,52.0,0.0,0.0,0.0
2023-11-13 06:00:00,6,14.7,14.7,0.0,64.0,0.0,0.0,0.0
2023-11-13 07:00:00,7,15.9,16.68125,25.0,36.0,0.0986,0.102,-0.003
2023-11-13 08:00:00,8,19.2,24.575,172.0,79.0,0.6155019999999999,0.614,0.002
2023-11-13 09:00:00,9,21.8,32.9875,358.0,71.0,1.26373796835,1.274,-0.01
2023-11-13 10:00:00,10,23.4,39.7125,522.0,99.0,1.6745289025500003,1.692,-0.017
2023-11-13 11:00:00,11,24.6,44.225,628.0,99.0,1.9759306278,1.96,0.016
2023-11-13 12:00:00,12,25.4,46.275,668.0,93.0,2.1142844954,2.121,-0.007
2023-11-13 13:00:00,13,26.0,46.21875,647.0,100.0,2.013091975,2.022,-0.009
2023-11-13 14:00:00,14,26.2,43.10625,541.0,100.0,1.7061814549999998,1.727,-0.021
2023-11-13 15:00:00,15,26.1,37.5375,366.0,100.0,1.18199334,1.178,0.004
2023-11-13 16:00:00,16,25.6,32.2875,214.0,100.0,0.70639046,0.719,-0.013
2023-11-13 17:00:00,17,22.9,24.68125,57.0,100.0,0.1938,0.202,-0.008
2023-11-13 18:00:00,18,22.8,22.8,0.0,100.0,0.0,0.007,-0.007
2023-11-13 19:00:00,19,21.5,21.5,0.0,100.0,0.0,0.0,0.0
2023-11-13 20:00:00,20,20.8,20.8,0.0,100.0,0.0,0.0,0.0
2023-11-13 21:00:00,21,20.3,20.3,0.0,100.0,0.0,0.0,0.0
2023-11-13 22:00:00,22,19.7,19.7,0.0,100.0,0.0,0.0,0.0
2023-11-13 23:00:00,23,19.4,19.4,0.0,100.0,0.0,0.0,0.0
2023-11-14 00:00:00,0,18.8,18.8,0.0,100.0,0.0,0.0,0.0
2023-11-14 01:00:00,1,18.6,18.6,0.0,100.0,0.0,0.0,0.0
2023-11-14 02:00:00,2,18.3,18.3,0.0,100.0,0.0,0.0,0.0
2023-11-14 03:00:00,3,18.0,18.0,0.0,100.0,0.0,0.0,0.0
2023-11-14 04:00:00,4,17.3,17.3,0.0,100.0,0.0,0.0,0.0
2023-11-14 05:00:00,5,17.0,17.0,0.0,100.0,0.0,0.0,0.0
2023-11-14 06:00:00,6,16.5,16.5,0.0,100.0,0.0,0.0,0.0
2023-11-14 07:00:00,7,17.4,17.86875,15.0,100.0,0.051,0.054,-0.003
2023-11-14 08:00:00,8,19.3,22.33125,97.0,100.0,0.3298,0.332,-0.002
2023-11-14 09:00:00,9,21.6,29.31875,247.0,100.0,0.825292455,0.833,-0.008
2023-11-14 10:00:00,10,23.1,35.4125,394.0,100.0,1.2838056600000003,1.315,-0.031
2023-11-14 11:00:00,11,23.9,36.5875,406.0,100.0,1.3164184600000004,1.331,-0.015
2023-11-14 12:00:00,12,24.6,39.225,468.0,100.0,1.5006607200000002,1.512,-0.011
2023-11-14 13:00:00,13,24.9,38.43125,433.0,100.0,1.393106055,1.402,-0.009
2023-11-14 14:00:00,14,25.3,38.2375,414.0,100.0,1.33306758,1.337,-0.004
2023-11-14 15:00:00,15,25.3,36.39375,355.0,90.0,1.1807907493749998,1.172,0.009
2023-11-14 16:00:00,16,24.8,30.89375,195.0,87.0,0.6684092926875,0.675,-0.007
2023-11-14 17:00:00,17,22.5,24.21875,55.0,100.0,0.187,0.2,-0.013
2023-11-14 18:00:00,18,21.7,21.7,0.0,100.0,0.0,0.005,-0.005
2023-11-14 19:00:00,19,21.2,21.2,0.0,74.0,0.0,0.0,0.0
2023-11-14 20:00:00,20,20.2,20.2,0.0,1.0,0.0,0.0,0.0
2023-11-14 21:00:00,21,19.2,19.2,0.0,2.0,0.0,0.0,0.0
2023-11-14 22:00:00,22,18.4,18.4,0.0,0.0,0.0,0.0,0.0
2023-11-14 23:00:00,23,17.2,17.2,0.0,9.0,0.0,0.0,0.0
2023-11-15 00:00:00,0,16.7,16.7,0.0,2.0,0.0,0.0,0.0
2023-11-15 01:00:00,1,16.5,16.5,0.0,0.0,0.0,0.0,0.0
2023-11-15 02:00:00,2,16.0,16.0,0.0,0.0,0.0,0.0,0.0
2023-11-15 03:00:00,3,15.7,15.7,0.0,0.0,0.0,0.0,0.0
2023-11-15 04:00:00,4,15.3,15.3,0.0,0.0,0.0,0.0,0.0
2023-11-15 05:00:00,5,14.8,14.8,0.0,0.0,0.0,0.0,0.0
2023-11-15 06:00:00,6,14.3,14.3,0.0,0.0,0.0,0.0,0.0
2023-11-15 07:00:00,7,15.5,16.21875,23.0,0.0,0.0977499999999999,0.09,0.008
2023-11-15 08:00:00,8,19.1,24.2875,166.0,0.0,0.7055,0.683,0.022
2023-11-15 09:00:00,9,21.6,32.6625,354.0,0.0,1.458387075,1.447,0.011
2023-11-15 10:00:00,10,23.1,39.2875,518.0,0.0,2.0756842749999995,2.062,0.014
2023-11-15 11:00:00,11,24.3,44.05,632.0,0.0,2.4813268,2.393,0.088
2023-11-15 12:00:00,12,25.3,46.58125,681.0,0.0,2.64440386875,2.609,0.035
2023-11-15 13:00:00,13,26.0,46.59375,659.0,0.0,2.55883521875,2.585,-0.026
2023-11-15 14:00:00,14,26.3,44.05,568.0,0.0,2.2300531999999995,2.136,0.094
2023-11-15 15:00:00,15,26.2,39.35625,421.0,0.0,1.68650231875,1.676,0.011
2023-11-15 16:00:00,16,25.6,33.0375,238.0,0.0,0.9789802749999998,0.982,-0.003
2023-11-15 17:00:00,17,22.4,24.4,64.0,0.0,0.272,0.25,0.022
2023-11-15 18:00:00,18,21.3,21.3,0.0,0.0,0.0,0.005,-0.005
2023-11-15 19:00:00,19,20.0,20.0,0.0,0.0,0.0,0.0,0.0
2023-11-15 20:00:00,20,19.0,19.0,0.0,0.0,0.0,0.0,0.0
2023-11-15 21:00:00,21,17.9,17.9,0.0,0.0,0.0,0.0,0.0
2023-11-15 22:00:00,22,17.2,17.2,0.0,0.0,0.0,0.0,0.0
2023-11-15 23:00:00,23,15.9,15.9,0.0,0.0,0.0,0.0,0.0
2023-11-16 00:00:00,0,15.2,15.2,0.0,0.0,0.0,0.0,0.0
2023-11-16 01:00:00,1,14.9,14.9,0.0,0.0,0.0,0.0,0.0
2023-11-16 02:00:00,2,14.7,14.7,0.0,0.0,0.0,0.0,0.0
2023-11-16 03:00:00,3,14.3,14.3,0.0,0.0,0.0,0.0,0.0
2023-11-16 04:00:00,4,14.1,14.1,0.0,0.0,0.0,0.0,0.0
2023-11-16 05:00:00,5,13.9,13.9,0.0,0.0,0.0,0.0,0.0
2023-11-16 06:00:00,6,13.9,13.9,0.0,0.0,0.0,0.0,0.0
2023-11-16 07:00:00,7,15.3,15.9875,22.0,0.0,0.0934999999999999,0.09,0.003
2023-11-16 08:00:00,8,18.8,23.9875,166.0,0.0,0.7055,0.688,0.017
2023-11-16 09:00:00,9,21.4,32.43125,353.0,0.0,1.4556550687499998,1.447,0.009
2023-11-16 10:00:00,10,23.1,39.2875,518.0,0.0,2.0756842749999995,2.062,0.014
2023-11-16 11:00:00,11,24.1,43.7875,630.0,0.0,2.476285875,2.397,0.079
2023-11-16 12:00:00,12,25.0,46.1875,678.0,0.0,2.637292875,2.584,0.053
2023-11-16 13:00:00,13,25.6,46.13125,657.0,0.0,2.5562350687500004,2.558,-0.002
2023-11-16 14:00:00,14,25.8,43.55,568.0,0.0,2.2348812,2.009,0.226
2023-11-16 15:00:00,15,25.6,38.75625,421.0,0.0,1.69079651875,1.687,0.004
2023-11-16 16:00:00,16,24.9,32.275,236.0,0.0,0.9738127,0.947,0.027
2023-11-16 17:00:00,17,21.4,23.3375,62.0,0.0,0.2635,0.253,0.011
2023-11-16 18:00:00,18,20.6,20.6,0.0,0.0,0.0,0.005,-0.005
2023-11-16 19:00:00,19,20.1,20.1,0.0,0.0,0.0,0.0,0.0
2023-11-16 20:00:00,20,19.1,19.1,0.0,0.0,0.0,0.0,0.0
2023-11-16 21:00:00,21,18.4,18.4,0.0,0.0,0.0,0.0,0.0
2023-11-16 22:00:00,22,17.8,17.8,0.0,0.0,0.0,0.0,0.0
2023-11-16 23:00:00,23,17.1,17.1,0.0,0.0,0.0,0.0,0.0
2023-11-17 00:00:00,0,16.6,16.6,0.0,0.0,0.0,0.0,0.0
2023-11-17 01:00:00,1,16.1,16.1,0.0,0.0,0.0,0.0,0.0
2023-11-17 02:00:00,2,15.4,15.4,0.0,0.0,0.0,0.0,0.0
2023-11-17 03:00:00,3,15.0,15.0,0.0,0.0,0.0,0.0,0.0
2023-11-17 04:00:00,4,14.7,14.7,0.0,0.0,0.0,0.0,0.0
2023-11-17 05:00:00,5,14.4,14.4,0.0,0.0,0.0,0.0,0.0
2023-11-17 06:00:00,6,14.2,14.2,0.0,0.0,0.0,0.0,0.0
2023-11-17 07:00:00,7,15.0,15.65625,21.0,0.0,0.08925,0.082,0.007
2023-11-17 08:00:00,8,18.3,23.3625,162.0,0.0,0.6885,0.648,0.04
2023-11-17 09:00:00,9,21.0,31.90625,349.0,0.0,1.44227521875,1.454,-0.012
2023-11-17 10:00:00,10,22.4,38.4625,514.0,0.0,2.0668646750000006,2.027,0.04
2023-11-17 11:00:00,11,23.5,43.125,628.0,0.0,2.4754975,2.355,0.12
2023-11-17 12:00:00,12,24.4,45.55625,677.0,0.0,2.6406681187500003,2.606,0.035
2023-11-17 13:00:00,13,25.0,45.53125,657.0,0.0,2.5629364687500003,2.558,0.005
2023-11-17 14:00:00,14,25.3,43.05,568.0,0.0,2.2397092,2.203,0.037
2023-11-17 15:00:00,15,25.3,38.45625,421.0,0.0,1.69294361875,1.682,0.011
2023-11-17 16:00:00,16,24.8,32.175,236.0,14.0,0.9469359108,0.963,-0.016
2023-11-17 17:00:00,17,21.5,23.4375,62.0,86.0,0.218178,0.223,-0.005
2023-11-17 18:00:00,18,21.0,21.0,0.0,42.0,0.0,0.005,-0.005
2023-11-17 19:00:00,19,20.0,20.0,0.0,99.0,0.0,0.0,0.0
2023-11-17 20:00:00,20,18.7,18.7,0.0,90.0,0.0,0.0,0.0
2023-11-17 21:00:00,21,17.8,17.8,0.0,3.0,0.0,0.0,0.0
2023-11-17 22:00:00,22,16.6,16.6,0.0,0.0,0.0,0.0,0.0
2023-11-17 23:00:00,23,15.6,15.6,0.0,0.0,0.0,0.0,0.0
2023-11-18 00:00:00,0,17.6,17.6,0.0,0.0,0.0,0.0,0.0
2023-11-18 01:00:00,1,17.6,17.6,0.0,2.0,0.0,0.0,0.0
2023-11-18 02:00:00,2,17.4,17.4,0.0,19.0,0.0,0.0,0.0
2023-11-18 03:00:00,3,17.1,17.1,0.0,40.0,0.0,0.0,0.0
2023-11-18 04:00:00,4,16.9,16.9,0.0,26.0,0.0,0.0,0.0
2023-11-18 05:00:00,5,15.9,15.9,0.0,26.0,0.0,0.0,0.0
2023-11-18 06:00:00,6,15.3,15.3,0.0,59.0,0.0,0.0,0.0
2023-11-18 07:00:00,7,15.6,16.225,20.0,97.0,0.06851,0.066,0.003
2023-11-18 08:00:00,8,18.4,23.0875,150.0,90.0,0.5227499999999999,0.534,-0.011
2023-11-18 09:00:00,9,21.0,31.65625,341.0,90.0,1.156744249375,1.174,-0.017
2023-11-18 10:00:00,10,22.6,38.2875,502.0,90.0,1.6564856694999996,1.642,0.014
2023-11-18 11:00:00,11,23.7,42.79375,611.0,10.0,2.3636877923749995,2.4,-0.036
2023-11-18 12:00:00,12,24.5,45.375,668.0,12.0,2.545038584,2.556,-0.011
2023-11-18 13:00:00,13,25.1,45.25625,645.0,41.0,2.3125707208125,2.302,0.011
2023-11-18 14:00:00,14,25.3,42.3625,546.0,42.0,1.9779566079000008,2.009,-0.031
2023-11-18 15:00:00,15,25.2,37.85625,405.0,87.0,1.3486388776875,1.332,0.017
2023-11-18 16:00:00,16,24.7,31.5125,218.0,37.0,0.83558968905,0.832,0.004
2023-11-18 17:00:00,17,21.4,23.24375,59.0,11.0,0.2452334999999999,0.246,-0.001
2023-11-18 18:00:00,18,20.9,20.9,0.0,0.0,0.0,0.005,-0.005
2023-11-18 19:00:00,19,18.6,18.6,0.0,0.0,0.0,0.0,0.0
2023-11-18 20:00:00,20,17.8,17.8,0.0,0.0,0.0,0.0,0.0
2023-11-18 21:00:00,21,17.9,17.9,0.0,0.0,0.0,0.0,0.0
2023-11-18 22:00:00,22,17.6,17.6,0.0,0.0,0.0,0.0,0.0
2023-11-18 23:00:00,23,15.5,15.5,0.0,0.0,0.0,0.0,0.0
2023-11-19 00:00:00,0,15.0,15.0,0.0,0.0,0.0,0.0,0.0
2023-11-19 01:00:00,1,14.3,14.3,0.0,0.0,0.0,0.0,0.0
2023-11-19 02:00:00,2,14.5,14.5,0.0,0.0,0.0,0.0,0.0
2023-11-19 03:00:00,3,14.4,14.4,0.0,0.0,0.0,0.0,0.0
2023-11-19 04:00:00,4,14.8,14.8,0.0,0.0,0.0,0.0,0.0
2023-11-19 05:00:00,5,14.1,14.1,0.0,0.0,0.0,0.0,0.0
2023-11-19 06:00:00,6,15.4,15.4,0.0,0.0,0.0,0.0,0.0
2023-11-19 07:00:00,7,14.9,15.49375,19.0,0.0,0.08075,0.074,0.007
2023-11-19 08:00:00,8,18.5,23.375,156.0,0.0,0.663,0.641,0.022
2023-11-19 09:00:00,9,21.6,32.225,340.0,0.0,1.4032395,1.437,-0.034
2023-11-19 10:00:00,10,23.7,39.3875,502.0,0.0,2.010717075,1.938,0.073
2023-11-19 11:00:00,11,24.8,43.95625,613.0,0.0,2.40770691875,2.387,0.021
2023-11-19 12:00:00,12,25.6,46.225,660.0,0.0,2.5668555000000004,2.571,-0.004
2023-11-19 13:00:00,13,26.1,46.0375,638.0,0.0,2.483327275,2.262,0.221
2023-11-19 14:00:00,14,26.3,43.4875,550.0,0.0,2.164641875,2.136,0.029
2023-11-19 15:00:00,15,26.1,38.75625,405.0,1.0,1.6232851423125,1.642,-0.019
2023-11-19 16:00:00,16,25.6,32.63125,225.0,4.0,0.919643985,0.933,-0.013
2023-11-19 17:00:00,17,21.8,23.6125,58.0,0.0,0.2465,0.235,0.012
2023-11-19 18:00:00,18,19.9,19.9,0.0,0.0,0.0,0.005,-0.005
2023-11-19 19:00:00,19,19.1,19.1,0.0,0.0,0.0,0.0,0.0
2023-11-19 20:00:00,20,18.3,18.3,0.0,0.0,0.0,0.0,0.0
2023-11-19 21:00:00,21,17.6,17.6,0.0,0.0,0.0,0.0,0.0
2023-11-19 22:00:00,22,16.7,16.7,0.0,0.0,0.0,0.0,0.0
2023-11-19 23:00:00,23,15.8,15.8,0.0,0.0,0.0,0.0,0.0
2023-11-20 00:00:00,0,15.6,15.6,0.0,0.0,0.0,0.0,0.0
2023-11-20 01:00:00,1,14.7,14.7,0.0,0.0,0.0,0.0,0.0
2023-11-20 02:00:00,2,14.6,14.6,0.0,0.0,0.0,0.0,0.0
2023-11-20 03:00:00,3,14.6,14.6,0.0,0.0,0.0,0.0,0.0
2023-11-20 04:00:00,4,14.3,14.3,0.0,0.0,0.0,0.0,0.0
2023-11-20 05:00:00,5,14.1,14.1,0.0,0.0,0.0,0.0,0.0
2023-11-20 06:00:00,6,14.4,14.4,0.0,0.0,0.0,0.0,0.0
2023-11-20 07:00:00,7,15.5,16.0625,18.0,0.0,0.0765,0.074,0.002
2023-11-20 08:00:00,8,18.9,23.65,152.0,0.0,0.646,0.639,0.007
2023-11-20 09:00:00,9,21.9,32.4,336.0,0.0,1.3857312000000002,1.334,0.052
2023-11-20 10:00:00,10,24.1,39.6625,498.0,0.0,1.9923672750000003,1.936,0.056
2023-11-20 11:00:00,11,25.4,44.4625,610.0,0.0,2.390673875,2.304,0.087
2023-11-20 12:00:00,12,26.1,46.69375,659.0,0.0,2.55771491875,2.46,0.098
2023-11-20 13:00:00,13,26.6,46.5375,638.0,0.0,2.477904275,2.317,0.161
2023-11-20 14:00:00,14,26.8,43.9875,550.0,0.0,2.159966875,2.066,0.094
2023-11-20 15:00:00,15,26.7,39.3875,406.0,0.0,1.6261974750000003,1.575,0.051
2023-11-20 16:00:00,16,26.1,33.19375,227.0,0.0,0.93313031875,0.846,0.087
2023-11-20 17:00:00,17,22.5,24.3125,58.0,0.0,0.2465,0.236,0.01
2023-11-20 18:00:00,18,22.5,22.5,0.0,0.0,0.0,0.006,-0.006
2023-11-20 19:00:00,19,22.6,22.6,0.0,0.0,0.0,0.0,0.0
2023-11-20 20:00:00,20,21.9,21.9,0.0,0.0,0.0,0.0,0.0
2023-11-20 21:00:00,21,17.8,17.8,0.0,0.0,0.0,0.0,0.0
2023-11-20 22:00:00,22,16.9,16.9,0.0,0.0,0.0,0.0,0.0
2023-11-20 23:00:00,23,16.5,16.5,0.0,0.0,0.0,0.0,0.0
2023-11-21 00:00:00,0,16.1,16.1,0.0,0.0,0.0,0.0,0.0
2023-11-21 01:00:00,1,15.8,15.8,0.0,0.0,0.0,0.0,0.0
2023-11-21 02:00:00,2,14.9,14.9,0.0,0.0,0.0,0.0,0.0
2023-11-21 03:00:00,3,14.5,14.5,0.0,0.0,0.0,0.0,0.0
2023-11-21 04:00:00,4,14.5,14.5,0.0,0.0,0.0,0.0,0.0
2023-11-21 05:00:00,5,14.5,14.5,0.0,0.0,0.0,0.0,0.0
2023-11-21 06:00:00,6,14.8,14.8,0.0,0.0,0.0,0.0,0.0
2023-11-21 07:00:00,7,15.4,15.93125,17.0,0.0,0.07225,0.067,0.005
2023-11-21 08:00:00,8,18.7,23.325,148.0,4.0,0.623968,0.626,-0.002
2023-11-21 09:00:00,9,21.7,32.04375,331.0,10.0,1.339772522375,1.376,-0.036
2023-11-21 10:00:00,10,23.5,38.84375,491.0,1.0,1.9672538263125,1.96,0.007
2023-11-21 11:00:00,11,24.9,43.775,604.0,0.0,2.3742183,2.373,0.001
2023-11-21 12:00:00,12,25.9,46.275,652.0,47.0,2.2968802374,2.362,-0.065
2023-11-21 13:00:00,13,26.5,46.125,628.0,25.0,2.321296025,2.336,-0.015
2023-11-21 14:00:00,14,26.8,43.51875,535.0,87.0,1.7389959461875002,1.725,0.014
2023-11-21 15:00:00,15,26.7,38.79375,387.0,57.0,1.3768448140125,1.352,0.025
2023-11-21 16:00:00,16,25.6,32.2875,214.0,1.0,0.88122209885,0.862,0.019
2023-11-21 17:00:00,17,22.6,24.38125,57.0,0.0,0.24225,0.236,0.006
2023-11-21 18:00:00,18,20.7,20.7,0.0,0.0,0.0,0.005,-0.005
2023-11-21 19:00:00,19,20.3,20.3,0.0,0.0,0.0,0.0,0.0
2023-11-21 20:00:00,20,19.2,19.2,0.0,0.0,0.0,0.0,0.0
2023-11-21 21:00:00,21,18.3,18.3,0.0,0.0,0.0,0.0,0.0
2023-11-21 22:00:00,22,17.2,17.2,0.0,0.0,0.0,0.0,0.0
2023-11-21 23:00:00,23,16.5,16.5,0.0,0.0,0.0,0.0,0.0
2023-11-22 00:00:00,0,15.9,15.9,0.0,0.0,0.0,0.0,0.0
2023-11-22 01:00:00,1,15.4,15.4,0.0,0.0,0.0,0.0,0.0
2023-11-22 02:00:00,2,14.8,14.8,0.0,0.0,0.0,0.0,0.0
2023-11-22 03:00:00,3,14.2,14.2,0.0,0.0,0.0,0.0,0.0
2023-11-22 04:00:00,4,13.6,13.6,0.0,0.0,0.0,0.0,0.0
2023-11-22 05:00:00,5,12.9,12.9,0.0,0.0,0.0,0.0,0.0
2023-11-22 06:00:00,6,12.6,12.6,0.0,0.0,0.0,0.0,0.0
2023-11-22 07:00:00,7,13.7,14.23125,17.0,0.0,0.07225,0.067,0.005
2023-11-22 08:00:00,8,17.5,22.28125,153.0,0.0,0.65025,0.639,0.011
2023-11-22 09:00:00,9,20.9,31.55625,341.0,0.0,1.41124341875,1.447,-0.036
2023-11-22 10:00:00,10,22.4,38.2125,506.0,0.0,2.036846075,2.026,0.011
2023-11-22 11:00:00,11,23.6,42.975,620.0,0.0,2.4455435,2.446,-0.0
2023-11-22 12:00:00,12,24.5,45.46875,671.0,0.0,2.6182629687500003,2.59,0.028
2023-11-22 13:00:00,13,25.3,45.675,652.0,0.0,2.5418383,2.543,-0.001
2023-11-22 14:00:00,14,25.6,43.225,564.0,0.0,2.2222587,2.2,0.022
2023-11-22 15:00:00,15,25.5,38.5625,418.0,0.0,1.6801248749999995,1.682,-0.002
2023-11-22 16:00:00,16,24.5,31.8125,234.0,0.0,0.967399875,0.945,0.022
2023-11-22 17:00:00,17,20.7,22.54375,59.0,0.0,0.25075,0.244,0.007
2023-11-22 18:00:00,18,19.5,19.5,0.0,0.0,0.0,0.005,-0.005
2023-11-22 19:00:00,19,19.5,19.5,0.0,0.0,0.0,0.0,0.0
2023-11-22 20:00:00,20,19.5,19.5,0.0,0.0,0.0,0.0,0.0
2023-11-22 21:00:00,21,17.3,17.3,0.0,0.0,0.0,0.0,0.0
2023-11-22 22:00:00,22,16.6,16.6,0.0,0.0,0.0,0.0,0.0
2023-11-22 23:00:00,23,16.7,16.7,0.0,0.0,0.0,0.0,0.0
2023-11-23 00:00:00,0,16.1,16.1,0.0,0.0,0.0,0.0,0.0
2023-11-23 01:00:00,1,15.3,15.3,0.0,0.0,0.0,0.0,0.0
2023-11-23 02:00:00,2,14.6,14.6,0.0,0.0,0.0,0.0,0.0
2023-11-23 03:00:00,3,14.0,14.0,0.0,0.0,0.0,0.0,0.0
2023-11-23 04:00:00,4,13.5,13.5,0.0,0.0,0.0,0.0,0.0
2023-11-23 05:00:00,5,12.9,12.9,0.0,0.0,0.0,0.0,0.0
2023-11-23 06:00:00,6,12.6,12.6,0.0,0.0,0.0,0.0,0.0
2023-11-23 07:00:00,7,13.8,14.3,16.0,0.0,0.068,0.062,0.006
2023-11-23 08:00:00,8,17.4,22.0875,150.0,0.0,0.6375,0.637,0.0
2023-11-23 09:00:00,9,20.5,31.03125,337.0,0.0,1.39769696875,1.37,0.028
2023-11-23 10:00:00,10,23.0,38.65625,501.0,0.0,2.01293971875,1.968,0.045
2023-11-23 11:00:00,11,24.6,43.7875,614.0,0.0,2.413396075,2.38,0.033
2023-11-23 12:00:00,12,25.5,46.1875,662.0,0.0,2.575055875,2.603,-0.028
2023-11-23 13:00:00,13,26.0,46.0,640.0,0.0,2.4915200000000004,2.393,0.099
2023-11-23 14:00:00,14,26.2,43.45,552.0,0.0,2.1728652,2.02,0.153
2023-11-23 15:00:00,15,26.0,38.75,408.0,0.0,1.6386299999999998,1.637,0.002
2023-11-23 16:00:00,16,25.2,32.29375,227.0,0.0,0.93660341875,0.901,0.036
2023-11-23 17:00:00,17,20.9,22.68125,57.0,0.0,0.24225,0.237,0.005
2023-11-23 18:00:00,18,19.8,19.8,0.0,0.0,0.0,0.005,-0.005
2023-11-23 19:00:00,19,18.9,18.9,0.0,0.0,0.0,0.0,0.0
2023-11-23 20:00:00,20,18.4,18.4,0.0,0.0,0.0,0.0,0.0
2023-11-23 21:00:00,21,21.2,21.2,0.0,0.0,0.0,0.0,0.0
2023-11-23 22:00:00,22,20.9,20.9,0.0,0.0,0.0,0.0,0.0
2023-11-23 23:00:00,23,16.0,16.0,0.0,0.0,0.0,0.0,0.0
2023-11-24 00:00:00,0,14.5,14.5,0.0,0.0,0.0,0.0,0.0
2023-11-24 01:00:00,1,14.5,14.5,0.0,0.0,0.0,0.0,0.0
2023-11-24 02:00:00,2,14.1,14.1,0.0,0.0,0.0,0.0,0.0
2023-11-24 03:00:00,3,13.8,13.8,0.0,0.0,0.0,0.0,0.0
2023-11-24 04:00:00,4,15.6,15.6,0.0,0.0,0.0,0.0,0.0
2023-11-24 05:00:00,5,14.7,14.7,0.0,0.0,0.0,0.0,0.0
2023-11-24 06:00:00,6,13.2,13.2,0.0,0.0,0.0,0.0,0.0
2023-11-24 07:00:00,7,13.8,14.26875,15.0,0.0,0.06375,0.062,0.002
2023-11-24 08:00:00,8,17.3,21.76875,143.0,0.0,0.60775,0.604,0.004
2023-11-24 09:00:00,9,20.5,30.625,324.0,0.0,1.3460175,1.324,0.022
2023-11-24 10:00:00,10,22.9,38.05625,485.0,0.0,1.95360121875,1.899,0.055
2023-11-24 11:00:00,11,24.5,43.1875,598.0,0.0,2.356605875,2.365,-0.008
2023-11-24 12:00:00,12,25.5,45.75,648.0,0.0,2.525418,2.517,0.008
2023-11-24 13:00:00,13,26.1,45.75625,629.0,0.0,2.45130341875,2.245,0.206
2023-11-24 14:00:00,14,26.3,43.3,544.0,42.0,1.9627696256000005,2.012,-0.049
2023-11-24 15:00:00,15,26.2,38.73125,401.0,40.0,1.48179254325,1.522,-0.04
2023-11-24 16:00:00,16,25.6,32.5375,222.0,0.0,0.915053475,0.898,0.017
2023-11-24 17:00:00,17,24.6,26.35,56.0,0.0,0.2367148,0.252,-0.015
2023-11-24 18:00:00,18,19.9,19.9,0.0,0.0,0.0,0.005,-0.005
2023-11-24 19:00:00,19,21.6,21.6,0.0,0.0,0.0,0.0,0.0
2023-11-24 20:00:00,20,20.9,20.9,0.0,0.0,0.0,0.0,0.0
2023-11-24 21:00:00,21,18.8,18.8,0.0,0.0,0.0,0.0,0.0
2023-11-24 22:00:00,22,16.7,16.7,0.0,0.0,0.0,0.0,0.0
2023-11-24 23:00:00,23,15.8,15.8,0.0,0.0,0.0,0.0,0.0
2023-11-25 00:00:00,0,15.4,15.4,0.0,0.0,0.0,0.0,0.0
2023-11-25 01:00:00,1,15.1,15.1,0.0,0.0,0.0,0.0,0.0
2023-11-25 02:00:00,2,14.8,14.8,0.0,0.0,0.0,0.0,0.0
2023-11-25 03:00:00,3,14.5,14.5,0.0,0.0,0.0,0.0,0.0
2023-11-25 04:00:00,4,13.9,13.9,0.0,0.0,0.0,0.0,0.0
2023-11-25 05:00:00,5,13.3,13.3,0.0,0.0,0.0,0.0,0.0
2023-11-25 06:00:00,6,13.4,13.4,0.0,5.0,0.0,0.0,0.0
2023-11-25 07:00:00,7,14.3,14.7375,14.0,0.0,0.0595,0.053,0.007
2023-11-25 08:00:00,8,17.6,22.00625,141.0,2.0,0.596853,0.581,0.016
2023-11-25 09:00:00,9,20.4,30.49375,323.0,100.0,1.074067055,1.082,-0.008
2023-11-25 10:00:00,10,22.4,36.74375,459.0,100.0,1.4872908150000002,1.457,0.03
2023-11-25 11:00:00,11,24.0,40.71875,535.0,100.0,1.704630375,1.715,-0.01
2023-11-25 12:00:00,12,25.0,42.71875,567.0,100.0,1.791167175,1.788,0.003
2023-11-25 13:00:00,13,25.1,38.75625,437.0,98.0,1.4110640742750002,1.408,0.003
2023-11-25 14:00:00,14,25.5,40.46875,479.0,95.0,1.5469282546875005,1.562,-0.015
2023-11-25 15:00:00,15,25.4,37.775,396.0,92.0,1.3031509391999998,1.307,-0.004
2023-11-25 16:00:00,16,24.6,31.06875,207.0,35.0,0.7983064839374999,0.785,0.013
2023-11-25 17:00:00,17,20.5,22.21875,55.0,4.0,0.23188,0.235,-0.003
2023-11-25 18:00:00,18,19.8,19.8,0.0,35.0,0.0,0.004,-0.004
2023-11-25 19:00:00,19,18.7,18.7,0.0,100.0,0.0,0.0,0.0
2023-11-25 20:00:00,20,18.4,18.4,0.0,99.0,0.0,0.0,0.0
2023-11-25 21:00:00,21,18.0,18.0,0.0,100.0,0.0,0.0,0.0
2023-11-25 22:00:00,22,17.7,17.7,0.0,100.0,0.0,0.0,0.0
2023-11-25 23:00:00,23,16.8,16.8,0.0,100.0,0.0,0.0,0.0
2023-11-26 00:00:00,0,17.0,17.0,0.0,99.0,0.0,0.0,0.0
2023-11-26 01:00:00,1,16.7,16.7,0.0,100.0,0.0,0.0,0.0
2023-11-26 02:00:00,2,15.9,15.9,0.0,100.0,0.0,0.0,0.0
2023-11-26 03:00:00,3,16.2,16.2,0.0,100.0,0.0,0.0,0.0
2023-11-26 04:00:00,4,15.9,15.9,0.0,100.0,0.0,0.0,0.0
2023-11-26 05:00:00,5,16.0,16.0,0.0,98.0,0.0,0.0,0.0
2023-11-26 06:00:00,6,14.8,14.8,0.0,80.0,0.0,0.0,0.0
2023-11-26 07:00:00,7,15.1,15.50625,13.0,80.0,0.04641,0.049,-0.003
2023-11-26 08:00:00,8,17.5,21.71875,135.0,32.0,0.5370299999999999,0.542,-0.005
2023-11-26 09:00:00,9,20.4,30.15,312.0,20.0,1.2467370240000002,1.232,0.015
2023-11-26 10:00:00,10,22.7,37.16875,463.0,100.0,1.497575815,1.476,0.022
2023-11-26 11:00:00,11,24.3,40.89375,531.0,100.0,1.6906216950000006,1.694,-0.003
2023-11-26 12:00:00,12,24.9,41.05625,517.0,100.0,1.644905295,1.663,-0.018
2023-11-26 13:00:00,13,25.2,39.3875,454.0,100.0,1.4547658200000002,1.461,-0.006
2023-11-26 14:00:00,14,25.0,36.4375,366.0,100.0,1.1874687000000002,1.191,-0.004
2023-11-26 15:00:00,15,24.4,32.4625,258.0,100.0,0.85101558,0.852,-0.001
2023-11-26 16:00:00,16,23.5,28.09375,147.0,100.0,0.493614975,0.516,-0.022
2023-11-26 17:00:00,17,21.7,22.575,28.0,100.0,0.0952,0.129,-0.034
2023-11-26 18:00:00,18,20.7,20.7,0.0,100.0,0.0,0.005,-0.005
2023-11-26 19:00:00,19,19.3,19.3,0.0,100.0,0.0,0.0,0.0
2023-11-26 20:00:00,20,19.3,19.3,0.0,100.0,0.0,0.0,0.0
2023-11-26 21:00:00,21,18.7,18.7,0.0,100.0,0.0,0.0,0.0
2023-11-26 22:00:00,22,18.0,18.0,0.0,100.0,0.0,0.0,0.0
2023-11-26 23:00:00,23,17.3,17.3,0.0,100.0,0.0,0.0,0.0
2023-11-27 00:00:00,0,17.6,17.6,0.0,100.0,0.0,0.0,0.0
2023-11-27 01:00:00,1,17.7,17.7,0.0,100.0,0.0,0.0,0.0
2023-11-27 02:00:00,2,17.0,17.0,0.0,100.0,0.0,0.0,0.0
2023-11-27 03:00:00,3,16.6,16.6,0.0,100.0,0.0,0.0,0.0
2023-11-27 04:00:00,4,16.5,16.5,0.0,100.0,0.0,0.0,0.0
2023-11-27 05:00:00,5,16.5,16.5,0.0,100.0,0.0,0.0,0.0
2023-11-27 06:00:00,6,15.7,15.7,0.0,100.0,0.0,0.0,0.0
2023-11-27 07:00:00,7,15.3,15.4875,6.0,49.0,0.023001,0.027,-0.004
2023-11-27 08:00:00,8,17.1,20.31875,103.0,32.0,0.4097339999999999,0.42,-0.01
2023-11-27 09:00:00,9,19.1,27.975,284.0,97.0,0.9612651801999998,0.983,-0.022
2023-11-27 10:00:00,10,20.5,31.78125,361.0,93.0,1.2150036435625,1.225,-0.01
2023-11-27 11:00:00,11,21.4,34.05625,405.0,95.0,1.3437071521875004,1.346,-0.002
2023-11-27 12:00:00,12,21.9,35.3375,430.0,69.0,1.5101661382499998,1.438,0.072
2023-11-27 13:00:00,13,21.4,38.4625,546.0,36.0,2.0374621176000005,2.031,0.006
2023-11-27 14:00:00,14,21.5,36.3125,474.0,97.0,1.55021516325,1.527,0.023
2023-11-27 15:00:00,15,21.3,31.3,320.0,90.0,1.08709696,1.104,-0.017
2023-11-27 16:00:00,16,20.5,26.34375,187.0,61.0,0.6940398760625001,0.72,-0.026
2023-11-27 17:00:00,17,18.5,19.90625,45.0,100.0,0.153,0.162,-0.009
2023-11-27 18:00:00,18,18.4,18.4,0.0,26.0,0.0,0.004,-0.004
2023-11-27 19:00:00,19,17.1,17.1,0.0,26.0,0.0,0.0,0.0
2023-11-27 20:00:00,20,16.2,16.2,0.0,14.0,0.0,0.0,0.0
2023-11-27 21:00:00,21,15.8,15.8,0.0,34.0,0.0,0.0,0.0
2023-11-27 22:00:00,22,15.6,15.6,0.0,37.0,0.0,0.0,0.0
2023-11-27 23:00:00,23,15.3,15.3,0.0,44.0,0.0,0.0,0.0
2023-11-28 00:00:00,0,14.9,14.9,0.0,11.0,0.0,0.0,0.0
2023-11-28 01:00:00,1,14.1,14.1,0.0,47.0,0.0,0.0,0.0
2023-11-28 02:00:00,2,14.6,14.6,0.0,91.0,0.0,0.0,0.0
2023-11-28 03:00:00,3,14.6,14.6,0.0,95.0,0.0,0.0,0.0
2023-11-28 04:00:00,4,14.9,14.9,0.0,100.0,0.0,0.0,0.0
2023-11-28 05:00:00,5,15.3,15.3,0.0,100.0,0.0,0.0,0.0
2023-11-28 06:00:00,6,15.4,15.4,0.0,100.0,0.0,0.0,0.0
2023-11-28 07:00:00,7,15.8,15.9875,6.0,100.0,0.0204,0.025,-0.005
2023-11-28 08:00:00,8,16.7,19.7,96.0,100.0,0.3264,0.312,0.014
2023-11-28 09:00:00,9,17.9,23.775,188.0,58.0,0.7063159999999999,0.715,-0.009
2023-11-28 10:00:00,10,19.3,29.64375,331.0,95.0,1.1183018911875,1.101,0.017
2023-11-28 11:00:00,11,20.3,30.08125,313.0,100.0,1.0425701349999998,1.038,0.005
2023-11-28 12:00:00,12,20.4,27.30625,221.0,100.0,0.744468335,0.737,0.007
2023-11-28 13:00:00,13,20.0,25.84375,187.0,90.0,0.649495529375,0.657,-0.008
2023-11-28 14:00:00,14,20.6,29.06875,271.0,24.0,1.07862101585,1.061,0.018
2023-11-28 15:00:00,15,20.6,29.44375,283.0,23.0,1.1270280472874998,1.145,-0.018
2023-11-28 16:00:00,16,20.1,25.19375,163.0,26.0,0.656218036575,0.652,0.004
2023-11-28 17:00:00,17,18.5,19.90625,45.0,26.0,0.1813049999999999,0.193,-0.012
2023-11-28 18:00:00,18,17.2,17.2,0.0,16.0,0.0,0.005,-0.005
2023-11-28 19:00:00,19,16.6,16.6,0.0,18.0,0.0,0.0,0.0
2023-11-28 20:00:00,20,16.3,16.3,0.0,14.0,0.0,0.0,0.0
2023-11-28 21:00:00,21,15.8,15.8,0.0,14.0,0.0,0.0,0.0
2023-11-28 22:00:00,22,15.3,15.3,0.0,14.0,0.0,0.0,0.0
2023-11-28 23:00:00,23,14.9,14.9,0.0,16.0,0.0,0.0,0.0
2023-11-29 00:00:00,0,14.6,14.6,0.0,15.0,0.0,0.0,0.0
2023-11-29 01:00:00,1,14.4,14.4,0.0,6.0,0.0,0.0,0.0
2023-11-29 02:00:00,2,14.3,14.3,0.0,2.0,0.0,0.0,0.0
2023-11-29 03:00:00,3,14.1,14.1,0.0,0.0,0.0,0.0,0.0
2023-11-29 04:00:00,4,14.0,14.0,0.0,23.0,0.0,0.0,0.0
2023-11-29 05:00:00,5,13.9,13.9,0.0,0.0,0.0,0.0,0.0
2023-11-29 06:00:00,6,14.1,14.1,0.0,3.0,0.0,0.0,0.0
2023-11-29 07:00:00,7,14.4,14.74375,11.0,1.0,0.0466564999999999,0.047,-0.0
2023-11-29 08:00:00,8,16.9,20.8375,126.0,0.0,0.5355,0.524,0.012
2023-11-29 09:00:00,9,19.5,28.875,300.0,13.0,1.222601325,1.208,0.015
2023-11-29 10:00:00,10,21.2,35.48125,457.0,22.0,1.778945037325,1.749,0.03
2023-11-29 11:00:00,11,22.1,38.44375,523.0,32.0,1.96861543515,2.006,-0.037
2023-11-29 12:00:00,12,22.7,39.85625,549.0,36.0,2.0365856622,2.034,0.003
2023-11-29 13:00:00,13,23.1,39.6,528.0,12.0,2.0622395904000004,2.071,-0.009
2023-11-29 14:00:00,14,23.3,38.08125,473.0,15.0,1.8479117586875,1.866,-0.018
2023-11-29 15:00:00,15,23.2,34.54375,363.0,9.0,1.4571461194124995,1.469,-0.012
2023-11-29 16:00:00,16,22.6,28.88125,201.0,7.0,0.8292139399875,0.84,-0.011
2023-11-29 17:00:00,17,19.5,21.0625,50.0,9.0,0.208675,0.218,-0.009
2023-11-29 18:00:00,18,17.9,17.9,0.0,7.0,0.0,0.005,-0.005
2023-11-29 19:00:00,19,17.4,17.4,0.0,6.0,0.0,0.0,0.0
2023-11-29 20:00:00,20,17.0,17.0,0.0,5.0,0.0,0.0,0.0
2023-11-29 21:00:00,21,16.5,16.5,0.0,2.0,0.0,0.0,0.0
2023-11-29 22:00:00,22,15.9,15.9,0.0,1.0,0.0,0.0,0.0
2023-11-29 23:00:00,23,15.4,15.4,0.0,0.0,0.0,0.0,0.0
2023-11-30 00:00:00,0,15.2,15.2,0.0,1.0,0.0,0.0,0.0
2023-11-30 01:00:00,1,15.3,15.3,0.0,0.0,0.0,0.0,0.0
2023-11-30 02:00:00,2,15.0,15.0,0.0,0.0,0.0,0.0,0.0
2023-11-30 03:00:00,3,14.7,14.7,0.0,0.0,0.0,0.0,0.0
2023-11-30 04:00:00,4,14.5,14.5,0.0,0.0,0.0,0.0,0.0
2023-11-30 05:00:00,5,14.3,14.3,0.0,0.0,0.0,0.0,0.0
2023-11-30 06:00:00,6,15.3,15.3,0.0,18.0,0.0,0.0,0.0
2023-11-30 07:00:00,7,15.6,15.88125,9.0,19.0,0.0367964999999999,0.038,-0.001
2023-11-30 08:00:00,8,17.3,20.8625,114.0,8.0,0.476748,0.47,0.007
2023-11-30 09:00:00,9,19.4,28.30625,285.0,2.0,1.1904502938749997,1.191,-0.001
2023-11-30 10:00:00,10,21.2,35.2,448.0,2.0,1.8190115328,1.806,0.013
2023-11-30 11:00:00,11,22.3,39.425,548.0,28.0,2.0717181648,2.086,-0.014
2023-11-30 12:00:00,12,23.2,41.1375,574.0,24.0,2.1724928218,2.209,-0.037
2023-11-30 13:00:00,13,23.9,41.55625,565.0,19.0,2.1570225844375,2.146,0.011
2023-11-30 14:00:00,14,24.1,39.5375,494.0,11.0,1.93391096535,1.918,0.016
2023-11-30 15:00:00,15,24.1,35.725,372.0,3.0,1.5040960494,1.487,0.017
2023-11-30 16:00:00,16,23.5,30.0625,210.0,1.0,0.8726780212499999,0.845,0.028
2023-11-30 17:00:00,17,20.6,22.25625,53.0,0.0,0.22525,0.229,-0.004
2023-11-30 18:00:00,18,19.3,19.3,0.0,9.0,0.0,0.005,-0.005
2023-11-30 19:00:00,19,18.3,18.3,0.0,4.0,0.0,0.0,0.0
2023-11-30 20:00:00,20,17.2,17.2,0.0,1.0,0.0,0.0,0.0
2023-11-30 21:00:00,21,16.6,16.6,0.0,0.0,0.0,0.0,0.0
2023-11-30 22:00:00,22,16.1,16.1,0.0,0.0,0.0,0.0,0.0
2023-11-30 23:00:00,23,15.6,15.6,0.0,0.0,0.0,0.0,0.0
2023-12-01 00:00:00,0,15.2,15.2,0.0,4.0,0.0,0.0,0.0
2023-12-01 01:00:00,1,15.0,15.0,0.0,4.0,0.0,0.0,0.0
2023-12-01 02:00:00,2,14.4,14.4,0.0,0.0,0.0,0.0,0.0
2023-12-01 03:00:00,3,14.3,14.3,0.0,1.0,0.0,0.0,0.0
2023-12-01 04:00:00,4,14.2,14.2,0.0,0.0,0.0,0.0,0.0
2023-12-01 05:00:00,5,14.2,14.2,0.0,0.0,0.0,0.0,0.0
2023-12-01 06:00:00,6,15.1,15.1,0.0,0.0,0.0,0.0,0.0
2023-12-01 07:00:00,7,15.3,15.58125,9.0,13.0,0.0372555,0.038,-0.001
2023-12-01 08:00:00,8,16.8,20.4875,118.0,7.0,0.4944789999999999,0.481,0.013
2023-12-01 09:00:00,9,18.9,27.99375,291.0,8.0,1.2023888800499998,1.192,0.01
2023-12-01 10:00:00,10,20.8,35.01875,455.0,17.0,1.7931422998124995,1.784,0.009
2023-12-01 11:00:00,11,22.1,38.75625,533.0,11.0,2.0935113171375,2.112,-0.018
2023-12-01 12:00:00,12,23.1,41.1,576.0,12.0,2.2353804288,2.265,-0.03
2023-12-01 13:00:00,13,23.8,41.76875,575.0,25.0,2.1658436953125,2.201,-0.035
2023-12-01 14:00:00,14,24.0,38.625,468.0,16.0,1.820420316,1.832,-0.012
2023-12-01 15:00:00,15,24.0,35.25,360.0,19.0,1.4115137399999995,1.447,-0.035
2023-12-01 16:00:00,16,23.4,29.65,200.0,7.0,0.8225113399999999,0.802,0.021
2023-12-01 17:00:00,17,20.3,21.8625,50.0,14.0,0.2065499999999999,0.219,-0.012
2023-12-01 18:00:00,18,18.3,18.3,0.0,2.0,0.0,0.005,-0.005
2023-12-01 19:00:00,19,16.8,16.8,0.0,0.0,0.0,0.0,0.0
2023-12-01 20:00:00,20,16.3,16.3,0.0,0.0,0.0,0.0,0.0
2023-12-01 21:00:00,21,15.9,15.9,0.0,0.0,0.0,0.0,0.0
2023-12-01 22:00:00,22,15.5,15.5,0.0,0.0,0.0,0.0,0.0
2023-12-01 23:00:00,23,15.3,15.3,0.0,0.0,0.0,0.0,0.0
2023-12-02 00:00:00,0,15.2,15.2,0.0,0.0,0.0,0.0,0.0
2023-12-02 01:00:00,1,15.0,15.0,0.0,0.0,0.0,0.0,0.0
2023-12-02 02:00:00,2,14.8,14.8,0.0,0.0,0.0,0.0,0.0
2023-12-02 03:00:00,3,14.8,14.8,0.0,0.0,0.0,0.0,0.0
2023-12-02 04:00:00,4,14.6,14.6,0.0,0.0,0.0,0.0,0.0
2023-12-02 05:00:00,5,14.5,14.5,0.0,0.0,0.0,0.0,0.0
2023-12-02 06:00:00,6,15.0,15.0,0.0,0.0,0.0,0.0,0.0
2023-12-02 07:00:00,7,15.2,15.48125,9.0,24.0,0.0364139999999999,0.038,-0.002
2023-12-02 08:00:00,8,17.2,20.5125,106.0,31.0,0.422569,0.426,-0.003
2023-12-02 09:00:00,9,19.6,28.00625,269.0,10.0,1.106912370375,1.101,0.006
2023-12-02 10:00:00,10,21.3,34.518750000000004,423.0,24.0,1.6462942366499995,1.649,-0.003
2023-12-02 11:00:00,11,22.6,39.5375,542.0,4.0,2.1521950632,2.126,0.026
2023-12-02 12:00:00,12,23.4,42.3375,606.0,7.0,2.36333262795,2.383,-0.02
2023-12-02 13:00:00,13,23.9,42.55625,597.0,0.0,2.35907161875,2.375,-0.016
2023-12-02 14:00:00,14,23.9,38.74375,475.0,2.0,1.900138141875,1.897,0.003
2023-12-02 15:00:00,15,23.7,35.1375,366.0,1.0,1.4894396260500002,1.458,0.031
2023-12-02 16:00:00,16,23.0,29.34375,203.0,2.0,0.8443686798750001,0.85,-0.006
2023-12-02 17:00:00,17,20.7,22.29375,51.0,2.0,0.215883,0.221,-0.005
2023-12-02 18:00:00,18,19.9,19.9,0.0,27.0,0.0,0.004,-0.004
2023-12-02 19:00:00,19,18.9,18.9,0.0,2.0,0.0,0.0,0.0
2023-12-02 20:00:00,20,18.2,18.2,0.0,1.0,0.0,0.0,0.0
2023-12-02 21:00:00,21,17.6,17.6,0.0,1.0,0.0,0.0,0.0
2023-12-02 22:00:00,22,17.1,17.1,0.0,2.0,0.0,0.0,0.0
2023-12-02 23:00:00,23,16.5,16.5,0.0,2.0,0.0,0.0,0.0
2023-12-03 00:00:00,0,16.0,16.0,0.0,0.0,0.0,0.0,0.0
2023-12-03 01:00:00,1,15.7,15.7,0.0,1.0,0.0,0.0,0.0
2023-12-03 02:00:00,2,15.3,15.3,0.0,3.0,0.0,0.0,0.0
2023-12-03 03:00:00,3,15.1,15.1,0.0,5.0,0.0,0.0,0.0
2023-12-03 04:00:00,4,15.0,15.0,0.0,7.0,0.0,0.0,0.0
2023-12-03 05:00:00,5,15.0,15.0,0.0,0.0,0.0,0.0,0.0
2023-12-03 06:00:00,6,15.3,15.3,0.0,18.0,0.0,0.0,0.0
2023-12-03 07:00:00,7,15.3,15.55,8.0,29.0,0.032028,0.034,-0.002
2023-12-03 08:00:00,8,17.4,20.525,100.0,22.0,0.4063,0.423,-0.017
2023-12-03 09:00:00,9,19.4,27.3375,254.0,32.0,1.0009646477999998,0.982,0.019
2023-12-03 10:00:00,10,21.1,33.0375,382.0,31.0,1.47388359755,1.421,0.053
2023-12-03 11:00:00,11,22.3,37.2375,478.0,34.0,1.8006781259,1.802,-0.001
2023-12-03 12:00:00,12,23.1,37.7875,470.0,98.0,1.5238436114999998,1.512,0.012
2023-12-03 13:00:00,13,22.9,32.15,296.0,80.0,1.026497808,1.028,-0.002
2023-12-03 14:00:00,14,23.0,33.875,348.0,99.0,1.144049391,1.143,0.001
2023-12-03 15:00:00,15,21.9,25.86875,127.0,100.0,0.430299495,0.461,-0.031
2023-12-03 16:00:00,16,21.1,22.81875,55.0,99.0,0.1874675,0.228,-0.041
2023-12-03 17:00:00,17,19.9,20.525,20.0,100.0,0.068,0.101,-0.033
2023-12-03 18:00:00,18,17.6,17.6,0.0,100.0,0.0,0.004,-0.004
2023-12-03 19:00:00,19,17.3,17.3,0.0,85.0,0.0,0.0,0.0
2023-12-03 20:00:00,20,17.0,17.0,0.0,100.0,0.0,0.0,0.0
2023-12-03 21:00:00,21,17.0,17.0,0.0,72.0,0.0,0.0,0.0
2023-12-03 22:00:00,22,16.3,16.3,0.0,28.0,0.0,0.0,0.0
2023-12-03 23:00:00,23,15.4,15.4,0.0,11.0,0.0,0.0,0.0
2023-12-04 00:00:00,0,15.0,15.0,0.0,8.0,0.0,0.0,0.0
2023-12-04 01:00:00,1,14.7,14.7,0.0,2.0,0.0,0.0,0.0
2023-12-04 02:00:00,2,14.3,14.3,0.0,1.0,0.0,0.0,0.0
2023-12-04 03:00:00,3,14.1,14.1,0.0,11.0,0.0,0.0,0.0
2023-12-04 04:00:00,4,14.0,14.0,0.0,30.0,0.0,0.0,0.0
2023-12-04 05:00:00,5,13.8,13.8,0.0,23.0,0.0,0.0,0.0
2023-12-04 06:00:00,6,14.5,14.5,0.0,28.0,0.0,0.0,0.0
2023-12-04 07:00:00,7,14.7,14.91875,7.0,20.0,0.02856,0.033,-0.004
2023-12-04 08:00:00,8,16.0,19.34375,107.0,12.0,0.4438359999999999,0.433,0.011
2023-12-04 09:00:00,9,18.1,26.85,280.0,5.0,1.1693820600000002,1.183,-0.014
2023-12-04 10:00:00,10,20.0,33.71875,439.0,10.0,1.7646683293749996,1.737,0.028
2023-12-04 11:00:00,11,21.3,38.14375,539.0,13.0,2.1138856594625,2.103,0.011
2023-12-04 12:00:00,12,22.4,40.93125,593.0,54.0,2.104805185325,2.11,-0.005
2023-12-04 13:00:00,13,22.5,37.59375,483.0,38.0,1.8011926721249998,1.799,0.002
2023-12-04 14:00:00,14,22.3,36.2375,446.0,36.0,1.6799558712,1.705,-0.025
2023-12-04 15:00:00,15,21.9,31.24375,299.0,28.0,1.1696282897,1.175,-0.005
2023-12-04 16:00:00,16,21.2,26.575,172.0,21.0,0.6958861225999998,0.704,-0.008
2023-12-04 17:00:00,17,19.2,20.6375,46.0,21.0,0.1872889999999999,0.194,-0.007
2023-12-04 18:00:00,18,18.0,18.0,0.0,30.0,0.0,0.004,-0.004
2023-12-04 19:00:00,19,17.2,17.2,0.0,17.0,0.0,0.0,0.0
2023-12-04 20:00:00,20,16.3,16.3,0.0,26.0,0.0,0.0,0.0
2023-12-04 21:00:00,21,15.8,15.8,0.0,4.0,0.0,0.0,0.0
2023-12-04 22:00:00,22,15.1,15.1,0.0,0.0,0.0,0.0,0.0
2023-12-04 23:00:00,23,14.6,14.6,0.0,0.0,0.0,0.0,0.0
2023-12-05 00:00:00,0,14.2,14.2,0.0,0.0,0.0,0.0,0.0
2023-12-05 01:00:00,1,14.0,14.0,0.0,0.0,0.0,0.0,0.0
2023-12-05 02:00:00,2,13.8,13.8,0.0,0.0,0.0,0.0,0.0
2023-12-05 03:00:00,3,13.8,13.8,0.0,0.0,0.0,0.0,0.0
2023-12-05 04:00:00,4,13.7,13.7,0.0,0.0,0.0,0.0,0.0
2023-12-05 05:00:00,5,13.2,13.2,0.0,0.0,0.0,0.0,0.0
2023-12-05 06:00:00,6,13.4,13.4,0.0,0.0,0.0,0.0,0.0
2023-12-05 07:00:00,7,13.5,13.75,8.0,0.0,0.0221,0.033,-0.011
2023-12-05 08:00:00,8,15.6,19.25625,117.0,0.0,0.3232125,0.457,-0.134
2023-12-05 09:00:00,9,18.4,27.61875,295.0,0.0,0.8064010296874999,1.019,-0.213
2023-12-05 10:00:00,10,20.4,34.68125,457.0,0.0,1.2135736396875,1.55,-0.336
2023-12-05 11:00:00,11,21.6,39.44375,571.0,0.0,1.4862539371874997,2.309,-0.823
2023-12-05 12:00:00,12,22.3,41.8,624.0,0.0,1.60796064,2.007,-0.399
2023-12-05 13:00:00,13,22.8,41.8625,610.0,0.0,1.57146331875,2.141,-0.57
2023-12-05 14:00:00,14,22.9,39.43125,529.0,0.0,1.3770053496875,1.838,-0.461
2023-12-05 15:00:00,15,22.7,34.95,392.0,0.0,1.03980058,1.328,-0.288
2023-12-05 16:00:00,16,21.9,28.68125,217.0,0.0,0.5906354146874999,0.859,-0.268
2023-12-05 17:00:00,17,18.6,20.2875,54.0,0.0,0.149175,0.225,-0.076
2023-12-05 18:00:00,18,18.0,18.0,0.0,0.0,0.0,0.005,-0.005
2023-12-05 19:00:00,19,17.1,17.1,0.0,0.0,0.0,0.0,0.0
2023-12-05 20:00:00,20,16.0,16.0,0.0,0.0,0.0,0.0,0.0
2023-12-05 21:00:00,21,15.1,15.1,0.0,0.0,0.0,0.0,0.0
2023-12-05 22:00:00,22,14.7,14.7,0.0,0.0,0.0,0.0,0.0
2023-12-05 23:00:00,23,14.3,14.3,0.0,0.0,0.0,0.0,0.0
2023-12-06 00:00:00,0,13.8,13.8,0.0,4.0,0.0,0.0,0.0
2023-12-06 01:00:00,1,13.5,13.5,0.0,0.0,0.0,0.0,0.0
2023-12-06 02:00:00,2,13.5,13.5,0.0,0.0,0.0,0.0,0.0
2023-12-06 03:00:00,3,13.5,13.5,0.0,0.0,0.0,0.0,0.0
2023-12-06 04:00:00,4,12.9,12.9,0.0,0.0,0.0,0.0,0.0
2023-12-06 05:00:00,5,12.5,12.5,0.0,0.0,0.0,0.0,0.0
2023-12-06 06:00:00,6,12.4,12.4,0.0,0.0,0.0,0.0,0.0
2023-12-06 07:00:00,7,12.5,12.71875,7.0,0.0,0.02975,0.032,-0.002
2023-12-06 08:00:00,8,15.4,19.11875,119.0,0.0,0.5057499999999999,0.473,0.033
2023-12-06 09:00:00,9,18.5,27.8125,298.0,0.0,1.252251875,1.21,0.042
2023-12-06 10:00:00,10,20.2,34.6375,462.0,0.0,1.887807075,1.798,0.09
2023-12-06 11:00:00,11,21.1,39.19375,579.0,0.0,2.32104091875,2.345,-0.024
2023-12-06 12:00:00,12,21.8,41.55,632.0,0.0,2.5081868,2.409,0.099
2023-12-06 13:00:00,13,22.2,41.5125,618.0,0.0,2.4530196749999997,2.411,0.042
2023-12-06 14:00:00,14,22.4,39.2125,538.0,0.0,2.1565124750000004,2.094,0.063
2023-12-06 15:00:00,15,22.2,34.66875,399.0,0.0,1.6301668687500002,1.569,0.061
2023-12-06 16:00:00,16,21.3,28.26875,223.0,0.0,0.93535816875,0.939,-0.004
2023-12-06 17:00:00,17,17.6,19.35,56.0,0.0,0.238,0.229,0.009
2023-12-06 18:00:00,18,17.2,17.2,0.0,0.0,0.0,0.005,-0.005
2023-12-06 19:00:00,19,16.1,16.1,0.0,0.0,0.0,0.0,0.0
2023-12-06 20:00:00,20,15.2,15.2,0.0,0.0,0.0,0.0,0.0
2023-12-06 21:00:00,21,14.1,14.1,0.0,0.0,0.0,0.0,0.0
2023-12-06 22:00:00,22,13.7,13.7,0.0,0.0,0.0,0.0,0.0
2023-12-06 23:00:00,23,13.5,13.5,0.0,0.0,0.0,0.0,0.0
2023-12-07 00:00:00,0,13.2,13.2,0.0,0.0,0.0,0.0,0.0
2023-12-07 01:00:00,1,13.4,13.4,0.0,0.0,0.0,0.0,0.0
2023-12-07 02:00:00,2,13.4,13.4,0.0,0.0,0.0,0.0,0.0
2023-12-07 03:00:00,3,13.2,13.2,0.0,0.0,0.0,0.0,0.0
2023-12-07 04:00:00,4,13.2,13.2,0.0,6.0,0.0,0.0,0.0
2023-12-07 05:00:00,5,13.1,13.1,0.0,18.0,0.0,0.0,0.0
2023-12-07 06:00:00,6,12.9,12.9,0.0,2.0,0.0,0.0,0.0
2023-12-07 07:00:00,7,13.1,13.31875,7.0,0.0,0.02975,0.032,-0.002
2023-12-07 08:00:00,8,15.5,19.03125,113.0,2.0,0.478329,0.443,0.035
2023-12-07 09:00:00,9,18.3,27.3,288.0,5.0,1.200611808,1.137,0.064
2023-12-07 10:00:00,10,20.7,34.7,448.0,0.0,1.8301248,1.783,0.047
2023-12-07 11:00:00,11,22.0,39.65625,565.0,0.0,2.26047671875,2.202,0.058
2023-12-07 12:00:00,12,22.7,42.04375,619.0,0.0,2.45139861875,2.433,0.018
2023-12-07 13:00:00,13,23.2,42.1375,606.0,0.0,2.398949475,2.392,0.007
2023-12-07 14:00:00,14,23.4,39.8375,526.0,0.0,2.102823075,2.064,0.039
2023-12-07 15:00:00,15,23.3,35.51875,391.0,0.0,1.5918318687500002,1.495,0.097
2023-12-07 16:00:00,16,22.8,29.6125,218.0,0.0,0.909406075,0.877,0.032
2023-12-07 17:00:00,17,21.8,23.51875,55.0,0.0,0.23375,0.232,0.002
2023-12-07 18:00:00,18,18.5,18.5,0.0,0.0,0.0,0.005,-0.005
2023-12-07 19:00:00,19,17.4,17.4,0.0,0.0,0.0,0.0,0.0
2023-12-07 20:00:00,20,16.1,16.1,0.0,0.0,0.0,0.0,0.0
2023-12-07 21:00:00,21,15.2,15.2,0.0,0.0,0.0,0.0,0.0
2023-12-07 22:00:00,22,14.9,14.9,0.0,0.0,0.0,0.0,0.0
2023-12-07 23:00:00,23,14.9,14.9,0.0,0.0,0.0,0.0,0.0
2023-12-08 00:00:00,0,14.6,14.6,0.0,0.0,0.0,0.0,0.0
2023-12-08 01:00:00,1,14.0,14.0,0.0,0.0,0.0,0.0,0.0
2023-12-08 02:00:00,2,13.4,13.4,0.0,0.0,0.0,0.0,0.0
2023-12-08 03:00:00,3,13.1,13.1,0.0,0.0,0.0,0.0,0.0
2023-12-08 04:00:00,4,12.9,12.9,0.0,0.0,0.0,0.0,0.0
2023-12-08 05:00:00,5,12.4,12.4,0.0,0.0,0.0,0.0,0.0
2023-12-08 06:00:00,6,13.7,13.7,0.0,24.0,0.0,0.0,0.0
2023-12-08 07:00:00,7,13.8,13.9875,6.0,53.0,0.0227969999999999,0.026,-0.003
2023-12-08 08:00:00,8,16.5,19.71875,103.0,15.0,0.4246175,0.429,-0.004
2023-12-08 09:00:00,9,20.0,28.6875,278.0,0.0,1.164072875,1.12,0.044
2023-12-08 10:00:00,10,21.7,35.60625,445.0,0.0,1.81101371875,1.748,0.063
2023-12-08 11:00:00,11,22.8,40.3,560.0,0.0,2.234344,2.179,0.055
2023-12-08 12:00:00,12,23.7,42.8875,614.0,20.0,2.325878664,2.347,-0.021
2023-12-08 13:00:00,13,24.0,42.375,588.0,29.0,2.190450969,2.243,-0.053
2023-12-08 14:00:00,14,24.2,40.16875,511.0,49.0,1.8400611200125,1.887,-0.047
2023-12-08 15:00:00,15,24.2,35.85625,373.0,53.0,1.3556710037625,1.356,-0.0
2023-12-08 16:00:00,16,23.4,29.61875,199.0,64.0,0.7238687983500001,0.73,-0.006
2023-12-08 17:00:00,17,20.5,22.03125,49.0,97.0,0.1678495,0.185,-0.017
2023-12-08 18:00:00,18,19.7,19.7,0.0,100.0,0.0,0.004,-0.004
2023-12-08 19:00:00,19,18.1,18.1,0.0,39.0,0.0,0.0,0.0
2023-12-08 20:00:00,20,17.2,17.2,0.0,17.0,0.0,0.0,0.0
2023-12-08 21:00:00,21,17.3,17.3,0.0,7.0,0.0,0.0,0.0
2023-12-08 22:00:00,22,15.8,15.8,0.0,13.0,0.0,0.0,0.0
2023-12-08 23:00:00,23,15.4,15.4,0.0,14.0,0.0,0.0,0.0
2023-12-09 00:00:00,0,13.7,13.7,0.0,0.0,0.0,0.0,0.0
2023-12-09 01:00:00,1,13.1,13.1,0.0,0.0,0.0,0.0,0.0
2023-12-09 02:00:00,2,12.5,12.5,0.0,0.0,0.0,0.0,0.0
2023-12-09 03:00:00,3,12.6,12.6,0.0,0.0,0.0,0.0,0.0
2023-12-09 04:00:00,4,12.7,12.7,0.0,0.0,0.0,0.0,0.0
2023-12-09 05:00:00,5,13.1,13.1,0.0,0.0,0.0,0.0,0.0
2023-12-09 06:00:00,6,12.4,12.4,0.0,0.0,0.0,0.0,0.0
2023-12-09 07:00:00,7,13.8,13.9875,6.0,0.0,0.0255,0.026,-0.001
2023-12-09 08:00:00,8,17.1,20.5375,110.0,0.0,0.4675,0.437,0.03
2023-12-09 09:00:00,9,20.5,29.4375,286.0,0.0,1.193924875,1.177,0.017
2023-12-09 10:00:00,10,22.4,36.4,448.0,0.0,1.8171776,1.8,0.017
2023-12-09 11:00:00,11,23.2,40.825,564.0,0.0,2.2452699,2.181,0.064
2023-12-09 12:00:00,12,23.7,43.075,620.0,0.0,2.4444894999999995,2.44,0.004
2023-12-09 13:00:00,13,24.1,43.06875,607.0,0.0,2.39329856875,2.37,0.023
2023-12-09 14:00:00,14,24.1,40.63125,529.0,0.0,2.10767816875,2.051,0.057
2023-12-09 15:00:00,15,23.9,36.2125,394.0,0.0,1.5993986750000002,1.571,0.028
2023-12-09 16:00:00,16,22.9,29.80625,221.0,0.0,0.92119291875,0.917,0.004
2023-12-09 17:00:00,17,21.1,22.85,56.0,0.0,0.238,0.235,0.003
2023-12-09 18:00:00,18,20.7,20.7,0.0,0.0,0.0,0.005,-0.005
2023-12-09 19:00:00,19,19.7,19.7,0.0,0.0,0.0,0.0,0.0
2023-12-09 20:00:00,20,18.6,18.6,0.0,0.0,0.0,0.0,0.0
2023-12-09 21:00:00,21,15.3,15.3,0.0,0.0,0.0,0.0,0.0
2023-12-09 22:00:00,22,14.7,14.7,0.0,0.0,0.0,0.0,0.0
2023-12-09 23:00:00,23,13.2,13.2,0.0,4.0,0.0,0.0,0.0
2023-12-10 00:00:00,0,13.0,13.0,0.0,0.0,0.0,0.0,0.0
2023-12-10 01:00:00,1,12.7,12.7,0.0,0.0,0.0,0.0,0.0
2023-12-10 02:00:00,2,12.2,12.2,0.0,0.0,0.0,0.0,0.0
2023-12-10 03:00:00,3,11.8,11.8,0.0,24.0,0.0,0.0,0.0
2023-12-10 04:00:00,4,10.9,10.9,0.0,15.0,0.0,0.0,0.0
2023-12-10 05:00:00,5,11.0,11.0,0.0,8.0,0.0,0.0,0.0
2023-12-10 06:00:00,6,11.1,11.1,0.0,42.0,0.0,0.0,0.0
2023-12-10 07:00:00,7,11.5,11.6875,6.0,37.0,0.023613,0.026,-0.002
2023-12-10 08:00:00,8,14.8,18.3,112.0,0.0,0.476,0.464,0.012
2023-12-10 09:00:00,9,19.2,28.35625,293.0,0.0,1.2285325187499998,1.187,0.042
2023-12-10 10:00:00,10,21.3,35.6125,458.0,0.0,1.863871075,1.763,0.101
2023-12-10 11:00:00,11,22.6,40.63125,577.0,0.0,2.29892306875,2.315,-0.016
2023-12-10 12:00:00,12,23.3,43.08125,633.0,0.0,2.49567766875,2.448,0.048
2023-12-10 13:00:00,13,23.7,43.1375,622.0,16.0,2.3732592246,2.386,-0.013
2023-12-10 14:00:00,14,23.8,40.76875,543.0,94.0,1.7556971990250003,1.762,-0.006
2023-12-10 15:00:00,15,23.5,36.09375,403.0,99.0,1.3126708684375,1.321,-0.008
2023-12-10 16:00:00,16,22.1,29.0375,222.0,4.0,0.9208363752,0.945,-0.024
2023-12-10 17:00:00,17,19.4,21.24375,59.0,0.0,0.25075,0.238,0.013
2023-12-10 18:00:00,18,18.8,18.8,0.0,0.0,0.0,0.005,-0.005
2023-12-10 19:00:00,19,15.9,15.9,0.0,0.0,0.0,0.0,0.0
2023-12-10 20:00:00,20,14.7,14.7,0.0,0.0,0.0,0.0,0.0
2023-12-10 21:00:00,21,14.2,14.2,0.0,0.0,0.0,0.0,0.0
2023-12-10 22:00:00,22,13.7,13.7,0.0,0.0,0.0,0.0,0.0
2023-12-10 23:00:00,23,13.9,13.9,0.0,0.0,0.0,0.0,0.0
2023-12-11 00:00:00,0,12.3,12.3,0.0,0.0,0.0,0.0,0.0
2023-12-11 01:00:00,1,12.2,12.2,0.0,0.0,0.0,0.0,0.0
2023-12-11 02:00:00,2,11.8,11.8,0.0,0.0,0.0,0.0,0.0
2023-12-11 03:00:00,3,11.7,11.7,0.0,0.0,0.0,0.0,0.0
2023-12-11 04:00:00,4,11.3,11.3,0.0,0.0,0.0,0.0,0.0
2023-12-11 05:00:00,5,10.9,10.9,0.0,0.0,0.0,0.0,0.0
2023-12-11 06:00:00,6,10.6,10.6,0.0,0.0,0.0,0.0,0.0
2023-12-11 07:00:00,7,10.7,10.85625,5.0,0.0,0.02125,0.024,-0.003
2023-12-11 08:00:00,8,13.5,16.875,108.0,0.0,0.459,0.447,0.012
2023-12-11 09:00:00,9,16.7,25.575,284.0,0.0,1.2042239,1.214,-0.01
2023-12-11 10:00:00,10,19.3,33.2375,446.0,0.0,1.833043275,1.809,0.024
2023-12-11 11:00:00,11,21.0,38.625,564.0,0.0,2.2663635,2.237,0.029
2023-12-11 12:00:00,12,22.1,41.475,620.0,0.0,2.4613535,2.414,0.047
2023-12-11 13:00:00,13,22.8,41.83125,609.0,0.0,2.41399606875,2.141,0.273
2023-12-11 14:00:00,14,23.0,39.59375,531.0,0.0,2.12501221875,2.101,0.024
2023-12-11 15:00:00,15,22.9,35.275,396.0,0.0,1.6138287,1.572,0.042
2023-12-11 16:00:00,16,22.0,28.96875,223.0,0.0,0.93270446875,0.926,0.007
2023-12-11 17:00:00,17,17.7,19.48125,57.0,0.0,0.24225,0.229,0.013
2023-12-11 18:00:00,18,16.9,16.9,0.0,0.0,0.0,0.005,-0.005
2023-12-11 19:00:00,19,15.7,15.7,0.0,0.0,0.0,0.0,0.0
2023-12-11 20:00:00,20,15.4,15.4,0.0,0.0,0.0,0.0,0.0
2023-12-11 21:00:00,21,15.1,15.1,0.0,0.0,0.0,0.0,0.0
2023-12-11 22:00:00,22,13.5,13.5,0.0,0.0,0.0,0.0,0.0
2023-12-11 23:00:00,23,16.3,16.3,0.0,0.0,0.0,0.0,0.0
2023-12-12 00:00:00,0,12.9,12.9,0.0,0.0,0.0,0.0,0.0
2023-12-12 01:00:00,1,15.9,15.9,0.0,0.0,0.0,0.0,0.0
2023-12-12 02:00:00,2,11.3,11.3,0.0,0.0,0.0,0.0,0.0
2023-12-12 03:00:00,3,11.6,11.6,0.0,4.0,0.0,0.0,0.0
2023-12-12 04:00:00,4,11.6,11.6,0.0,0.0,0.0,0.0,0.0
2023-12-12 05:00:00,5,12.7,12.7,0.0,2.0,0.0,0.0,0.0
2023-12-12 06:00:00,6,11.8,11.8,0.0,0.0,0.0,0.0,0.0
2023-12-12 07:00:00,7,12.9,13.05625,5.0,0.0,0.02125,0.024,-0.003
2023-12-12 08:00:00,8,14.0,17.3125,106.0,0.0,0.4505,0.447,0.004
2023-12-12 09:00:00,9,16.9,25.68125,281.0,0.0,1.1909956687500003,1.196,-0.005
2023-12-12 10:00:00,10,19.3,33.175000000000004,444.0,5.0,1.807042149,1.848,-0.041
2023-12-12 11:00:00,11,21.0,38.53125,561.0,0.0,2.2552024687500003,2.222,0.033
2023-12-12 12:00:00,12,22.2,41.48125,617.0,0.0,2.44937816875,2.416,0.033
2023-12-12 13:00:00,13,22.8,41.76875,607.0,0.0,2.4067132687500004,2.32,0.087
2023-12-12 14:00:00,14,23.1,39.63125,529.0,0.0,2.11667116875,2.045,0.072
2023-12-12 15:00:00,15,23.0,35.34375,395.0,5.0,1.5931988015625,1.605,-0.012
2023-12-12 16:00:00,16,22.1,29.0375,222.0,2.0,0.9245494251,0.948,-0.023
2023-12-12 17:00:00,17,17.9,19.68125,57.0,4.0,0.240312,0.235,0.005
2023-12-12 18:00:00,18,17.5,17.5,0.0,0.0,0.0,0.005,-0.005
2023-12-12 19:00:00,19,15.7,15.7,0.0,15.0,0.0,0.0,0.0
2023-12-12 20:00:00,20,15.4,15.4,0.0,6.0,0.0,0.0,0.0
2023-12-12 21:00:00,21,15.3,15.3,0.0,19.0,0.0,0.0,0.0
2023-12-12 22:00:00,22,14.4,14.4,0.0,12.0,0.0,0.0,0.0
2023-12-12 23:00:00,23,13.6,13.6,0.0,19.0,0.0,0.0,0.0
2023-12-13 00:00:00,0,13.6,13.6,0.0,0.0,0.0,0.0,0.0
2023-12-13 01:00:00,1,12.4,12.4,0.0,0.0,0.0,0.0,0.0
2023-12-13 02:00:00,2,12.9,12.9,0.0,0.0,0.0,0.0,0.0
2023-12-13 03:00:00,3,12.0,12.0,0.0,0.0,0.0,0.0,0.0
2023-12-13 04:00:00,4,11.1,11.1,0.0,0.0,0.0,0.0,0.0
2023-12-13 05:00:00,5,10.8,10.8,0.0,0.0,0.0,0.0,0.0
2023-12-13 06:00:00,6,13.9,13.9,0.0,0.0,0.0,0.0,0.0
2023-12-13 07:00:00,7,12.9,13.025,4.0,0.0,0.017,0.02,-0.003
2023-12-13 08:00:00,8,14.8,18.01875,103.0,0.0,0.43775,0.439,-0.001
2023-12-13 09:00:00,9,17.9,26.5875,278.0,0.0,1.173997475,1.156,0.018
2023-12-13 10:00:00,10,20.3,34.08125,441.0,0.0,1.80616786875,1.742,0.064
2023-12-13 11:00:00,11,21.9,39.36875,559.0,0.0,2.2392037687500004,2.186,0.053
2023-12-13 12:00:00,12,22.8,42.08125,617.0,0.0,2.44308476875,2.405,0.038
2023-12-13 13:00:00,13,23.2,42.1375,606.0,0.0,2.398949475,2.392,0.007
2023-12-13 14:00:00,14,23.4,39.9625,530.0,0.0,2.117687875000001,2.069,0.049
2023-12-13 15:00:00,15,23.2,35.60625,397.0,0.0,1.61566841875,1.588,0.028
2023-12-13 16:00:00,16,22.3,29.3,224.0,0.0,0.9356256,0.924,0.012
2023-12-13 17:00:00,17,18.2,20.0125,58.0,0.0,0.2465,0.23,0.016
2023-12-13 18:00:00,18,18.0,18.0,0.0,0.0,0.0,0.005,-0.005
2023-12-13 19:00:00,19,16.8,16.8,0.0,0.0,0.0,0.0,0.0
2023-12-13 20:00:00,20,15.9,15.9,0.0,10.0,0.0,0.0,0.0
2023-12-13 21:00:00,21,15.0,15.0,0.0,22.0,0.0,0.0,0.0
2023-12-13 22:00:00,22,15.0,15.0,0.0,84.0,0.0,0.0,0.0
2023-12-13 23:00:00,23,14.1,14.1,0.0,100.0,0.0,0.0,0.0
2023-12-14 00:00:00,0,12.7,12.7,0.0,99.0,0.0,0.0,0.0
2023-12-14 01:00:00,1,12.5,12.5,0.0,100.0,0.0,0.0,0.0
2023-12-14 02:00:00,2,12.5,12.5,0.0,98.0,0.0,0.0,0.0
2023-12-14 03:00:00,3,11.8,11.8,0.0,96.0,0.0,0.0,0.0
2023-12-14 04:00:00,4,10.6,10.6,0.0,81.0,0.0,0.0,0.0
2023-12-14 05:00:00,5,10.0,10.0,0.0,11.0,0.0,0.0,0.0
2023-12-14 06:00:00,6,12.0,12.0,0.0,0.0,0.0,0.0,0.0
2023-12-14 07:00:00,7,13.9,14.025,4.0,0.0,0.017,0.02,-0.003
2023-12-14 08:00:00,8,14.8,18.01875,103.0,0.0,0.43775,0.439,-0.001
2023-12-14 09:00:00,9,17.8,26.51875,279.0,3.0,1.1714752893375,1.176,-0.005
2023-12-14 10:00:00,10,20.1,33.94375,443.0,6.0,1.7936098833249998,1.83,-0.036
2023-12-14 11:00:00,11,21.7,39.2625,562.0,23.0,2.1486332155500003,2.154,-0.005
2023-12-14 12:00:00,12,22.7,42.04375,619.0,46.0,2.225869945825,2.236,-0.01
2023-12-14 13:00:00,13,23.2,42.2625,610.0,7.0,2.3796990447499997,2.368,0.012
2023-12-14 14:00:00,14,23.3,39.9875,534.0,0.0,2.133443475,2.123,0.01
2023-12-14 15:00:00,15,23.2,35.7,400.0,8.0,1.6012041599999998,1.598,0.003
2023-12-14 16:00:00,16,22.2,29.29375,227.0,0.0,0.94818041875,0.933,0.015
2023-12-14 17:00:00,17,18.0,19.875,60.0,0.0,0.255,0.237,0.018
2023-12-14 18:00:00,18,17.3,17.3,0.0,0.0,0.0,0.005,-0.005
2023-12-14 19:00:00,19,16.4,16.4,0.0,0.0,0.0,0.0,0.0
2023-12-14 20:00:00,20,15.6,15.6,0.0,0.0,0.0,0.0,0.0
2023-12-14 21:00:00,21,14.8,14.8,0.0,0.0,0.0,0.0,0.0
2023-12-14 22:00:00,22,14.9,14.9,0.0,0.0,0.0,0.0,0.0
2023-12-14 23:00:00,23,12.4,12.4,0.0,0.0,0.0,0.0,0.0
2023-12-15 00:00:00,0,11.9,11.9,0.0,0.0,0.0,0.0,0.0
2023-12-15 01:00:00,1,15.6,15.6,0.0,0.0,0.0,0.0,0.0
2023-12-15 02:00:00,2,13.9,13.9,0.0,0.0,0.0,0.0,0.0
2023-12-15 03:00:00,3,15.6,15.6,0.0,0.0,0.0,0.0,0.0
2023-12-15 04:00:00,4,15.7,15.7,0.0,0.0,0.0,0.0,0.0
2023-12-15 05:00:00,5,15.3,15.3,0.0,0.0,0.0,0.0,0.0
2023-12-15 06:00:00,6,13.9,13.9,0.0,0.0,0.0,0.0,0.0
2023-12-15 07:00:00,7,12.6,12.725,4.0,0.0,0.017,0.02,-0.003
2023-12-15 08:00:00,8,14.0,17.25,104.0,0.0,0.442,0.444,-0.002
2023-12-15 09:00:00,9,17.0,25.8125,282.0,0.0,1.194604875,1.206,-0.011
2023-12-15 10:00:00,10,19.3,33.26875,447.0,0.0,1.83691576875,1.809,0.028
2023-12-15 11:00:00,11,20.9,38.55625,565.0,0.0,2.27104221875,2.231,0.04
2023-12-15 12:00:00,12,21.9,41.36875,623.0,0.0,2.47438856875,2.416,0.058
2023-12-15 13:00:00,13,22.4,41.525,612.0,0.0,2.4290739,2.393,0.036
2023-12-15 14:00:00,14,22.6,39.31875,535.0,20.0,2.0577801300000003,2.061,-0.003
2023-12-15 15:00:00,15,22.5,35.0,400.0,43.0,1.491648,1.468,0.024
2023-12-15 16:00:00,16,21.8,28.8625,226.0,3.0,0.93998631335,0.953,-0.013
2023-12-15 17:00:00,17,17.7,19.575,60.0,3.0,0.25347,0.242,0.011
2023-12-15 18:00:00,18,16.8,16.8,0.0,3.0,0.0,0.005,-0.005
2023-12-15 19:00:00,19,16.2,16.2,0.0,0.0,0.0,0.0,0.0
2023-12-15 20:00:00,20,14.7,14.7,0.0,0.0,0.0,0.0,0.0
2023-12-15 21:00:00,21,14.3,14.3,0.0,0.0,0.0,0.0,0.0
2023-12-15 22:00:00,22,13.3,13.3,0.0,2.0,0.0,0.0,0.0
2023-12-15 23:00:00,23,13.2,13.2,0.0,23.0,0.0,0.0,0.0
2023-12-16 00:00:00,0,12.1,12.1,0.0,23.0,0.0,0.0,0.0
2023-12-16 01:00:00,1,11.6,11.6,0.0,9.0,0.0,0.0,0.0
2023-12-16 02:00:00,2,12.7,12.7,0.0,0.0,0.0,0.0,0.0
2023-12-16 03:00:00,3,13.4,13.4,0.0,0.0,0.0,0.0,0.0
2023-12-16 04:00:00,4,13.2,13.2,0.0,5.0,0.0,0.0,0.0
2023-12-16 05:00:00,5,12.3,12.3,0.0,2.0,0.0,0.0,0.0
2023-12-16 06:00:00,6,10.4,10.4,0.0,0.0,0.0,0.0,0.0
2023-12-16 07:00:00,7,10.6,10.725,4.0,0.0,0.017,0.02,-0.003
2023-12-16 08:00:00,8,14.2,17.29375,99.0,0.0,0.42075,0.415,0.006
2023-12-16 09:00:00,9,17.5,25.96875,271.0,0.0,1.14728696875,1.123,0.024
2023-12-16 10:00:00,10,20.0,33.5625,434.0,0.0,1.7813258749999998,1.658,0.123
2023-12-16 11:00:00,11,21.6,38.88125,553.0,0.0,2.21975236875,2.186,0.034
2023-12-16 12:00:00,12,22.5,41.59375,611.0,0.0,2.42439071875,2.393,0.031
2023-12-16 13:00:00,13,23.1,41.94375,603.0,0.0,2.38905961875,2.319,0.07
2023-12-16 14:00:00,14,23.3,39.8,528.0,1.0,2.1069328896000004,2.146,-0.039
2023-12-16 15:00:00,15,23.1,35.475,396.0,0.0,1.6124823,1.588,0.024
2023-12-16 16:00:00,16,22.4,29.4,224.0,11.0,0.9146694144,0.929,-0.014
2023-12-16 17:00:00,17,19.1,20.94375,59.0,7.0,0.2472394999999999,0.244,0.003
2023-12-16 18:00:00,18,17.0,17.0,0.0,7.0,0.0,0.005,-0.005
2023-12-16 19:00:00,19,15.8,15.8,0.0,6.0,0.0,0.0,0.0
2023-12-16 20:00:00,20,15.4,15.4,0.0,0.0,0.0,0.0,0.0
2023-12-16 21:00:00,21,14.9,14.9,0.0,0.0,0.0,0.0,0.0
2023-12-16 22:00:00,22,13.2,13.2,0.0,0.0,0.0,0.0,0.0
2023-12-16 23:00:00,23,11.7,11.7,0.0,0.0,0.0,0.0,0.0
2023-12-17 00:00:00,0,11.8,11.8,0.0,0.0,0.0,0.0,0.0
2023-12-17 01:00:00,1,11.7,11.7,0.0,0.0,0.0,0.0,0.0
2023-12-17 02:00:00,2,11.7,11.7,0.0,0.0,0.0,0.0,0.0
2023-12-17 03:00:00,3,11.4,11.4,0.0,0.0,0.0,0.0,0.0
2023-12-17 04:00:00,4,11.1,11.1,0.0,0.0,0.0,0.0,0.0
2023-12-17 05:00:00,5,10.9,10.9,0.0,0.0,0.0,0.0,0.0
2023-12-17 06:00:00,6,10.0,10.0,0.0,0.0,0.0,0.0,0.0
2023-12-17 07:00:00,7,10.2,10.29375,3.0,0.0,0.01275,0.014,-0.001
2023-12-17 08:00:00,8,13.4,16.43125,97.0,0.0,0.41225,0.414,-0.002
2023-12-17 09:00:00,9,16.9,25.3375,270.0,0.0,1.145950875,1.13,0.016
2023-12-17 10:00:00,10,19.6,33.1625,434.0,0.0,1.784277075,1.718,0.066
2023-12-17 11:00:00,11,21.3,38.64375,555.0,0.0,2.23002121875,2.18,0.05
2023-12-17 12:00:00,12,22.6,41.81875,615.0,0.0,2.43790996875,2.394,0.044
2023-12-17 13:00:00,13,23.4,42.36875,607.0,0.0,2.4005218687500003,2.381,0.02
2023-12-17 14:00:00,14,23.7,40.35625,533.0,2.0,2.117602590675,2.146,-0.028
2023-12-17 15:00:00,15,23.6,36.1,400.0,6.0,1.60502576,1.599,0.006
2023-12-17 16:00:00,16,22.6,29.6625,226.0,17.0,0.91053872805,0.932,-0.021
2023-12-17 17:00:00,17,18.7,20.60625,61.0,23.0,0.2473244999999999,0.25,-0.003
2023-12-17 18:00:00,18,17.8,17.8,0.0,40.0,0.0,0.004,-0.004
2023-12-17 19:00:00,19,17.4,17.4,0.0,19.0,0.0,0.0,0.0
2023-12-17 20:00:00,20,16.6,16.6,0.0,25.0,0.0,0.0,0.0
2023-12-17 21:00:00,21,16.5,16.5,0.0,15.0,0.0,0.0,0.0
2023-12-17 22:00:00,22,15.9,15.9,0.0,72.0,0.0,0.0,0.0
2023-12-17 23:00:00,23,14.6,14.6,0.0,56.0,0.0,0.0,0.0
2023-12-18 00:00:00,0,14.0,14.0,0.0,34.0,0.0,0.0,0.0
2023-12-18 01:00:00,1,13.6,13.6,0.0,60.0,0.0,0.0,0.0
2023-12-18 02:00:00,2,13.1,13.1,0.0,61.0,0.0,0.0,0.0
2023-12-18 03:00:00,3,12.7,12.7,0.0,64.0,0.0,0.0,0.0
2023-12-18 04:00:00,4,12.2,12.2,0.0,34.0,0.0,0.0,0.0
2023-12-18 05:00:00,5,11.7,11.7,0.0,1.0,0.0,0.0,0.0
2023-12-18 06:00:00,6,11.6,11.6,0.0,0.0,0.0,0.0,0.0
2023-12-18 07:00:00,7,11.5,11.59375,3.0,0.0,0.01275,0.014,-0.001
2023-12-18 08:00:00,8,14.0,17.03125,97.0,0.0,0.41225,0.414,-0.002
2023-12-18 09:00:00,9,17.4,25.99375,275.0,1.0,1.1617760103125,1.143,0.019
2023-12-18 10:00:00,10,19.9,33.80625,445.0,13.0,1.7771903200625,1.802,-0.025
2023-12-18 11:00:00,11,21.3,39.1125,570.0,56.0,2.0297458889999995,2.048,-0.018
2023-12-18 12:00:00,12,21.9,41.5875,630.0,9.0,2.45485061325,2.464,-0.009
2023-12-18 13:00:00,13,22.3,41.83125,625.0,31.0,2.3238180546875,2.3,0.024
2023-12-18 14:00:00,14,22.3,39.45625,549.0,7.0,2.1675532012875,2.161,0.007
2023-12-18 15:00:00,15,22.0,34.9375,414.0,0.0,1.6895598749999998,1.641,0.049
2023-12-18 16:00:00,16,21.0,28.4375,238.0,0.0,0.9975918749999998,1.01,-0.012
2023-12-18 17:00:00,17,17.1,19.13125,65.0,0.0,0.27625,0.279,-0.003
2023-12-18 18:00:00,18,15.8,15.8,0.0,0.0,0.0,0.005,-0.005
2023-12-18 19:00:00,19,14.6,14.6,0.0,0.0,0.0,0.0,0.0
2023-12-18 20:00:00,20,13.8,13.8,0.0,0.0,0.0,0.0,0.0
2023-12-18 21:00:00,21,13.6,13.6,0.0,0.0,0.0,0.0,0.0
2023-12-18 22:00:00,22,12.9,12.9,0.0,0.0,0.0,0.0,0.0
2023-12-18 23:00:00,23,11.9,11.9,0.0,0.0,0.0,0.0,0.0
2023-12-19 00:00:00,0,11.2,11.2,0.0,0.0,0.0,0.0,0.0
2023-12-19 01:00:00,1,11.2,11.2,0.0,0.0,0.0,0.0,0.0
2023-12-19 02:00:00,2,11.1,11.1,0.0,0.0,0.0,0.0,0.0
2023-12-19 03:00:00,3,10.6,10.6,0.0,0.0,0.0,0.0,0.0
2023-12-19 04:00:00,4,10.4,10.4,0.0,0.0,0.0,0.0,0.0
2023-12-19 05:00:00,5,10.2,10.2,0.0,0.0,0.0,0.0,0.0
2023-12-19 06:00:00,6,9.4,9.4,0.0,0.0,0.0,0.0,0.0
2023-12-19 07:00:00,7,9.2,9.29375,3.0,0.0,0.01275,0.014,-0.001
2023-12-19 08:00:00,8,12.0,15.125,100.0,0.0,0.425,0.43,-0.005
2023-12-19 09:00:00,9,15.6,24.38125,281.0,0.0,1.1942500000000005,1.18,0.014
2023-12-19 10:00:00,10,18.0,32.09375,451.0,0.0,1.86236221875,1.873,-0.011
2023-12-19 11:00:00,11,19.5,37.4375,574.0,7.0,2.28568098675,2.316,-0.03
2023-12-19 12:00:00,12,20.7,40.575,636.0,3.0,2.5193954814,2.361,0.158
2023-12-19 13:00:00,13,21.6,41.19375,627.0,1.0,2.4871565371125,2.471,0.016
2023-12-19 14:00:00,14,22.0,39.21875,551.0,7.0,2.1776430871875,2.179,-0.001
2023-12-19 15:00:00,15,22.0,35.0,416.0,0.0,1.69728,1.656,0.041
2023-12-19 16:00:00,16,21.2,28.66875,239.0,0.0,1.00084386875,0.987,0.014
2023-12-19 17:00:00,17,16.7,18.7625,66.0,46.0,0.254694,0.268,-0.013
2023-12-19 18:00:00,18,16.1,16.1,0.0,0.0,0.0,0.005,-0.005
2023-12-19 19:00:00,19,14.7,14.7,0.0,25.0,0.0,0.0,0.0
2023-12-19 20:00:00,20,13.8,13.8,0.0,43.0,0.0,0.0,0.0
2023-12-19 21:00:00,21,13.2,13.2,0.0,30.0,0.0,0.0,0.0
2023-12-19 22:00:00,22,12.6,12.6,0.0,57.0,0.0,0.0,0.0
2023-12-19 23:00:00,23,12.1,12.1,0.0,97.0,0.0,0.0,0.0
2023-12-20 00:00:00,0,12.1,12.1,0.0,100.0,0.0,0.0,0.0
2023-12-20 01:00:00,1,11.8,11.8,0.0,37.0,0.0,0.0,0.0
2023-12-20 02:00:00,2,11.1,11.1,0.0,100.0,0.0,0.0,0.0
2023-12-20 03:00:00,3,11.1,11.1,0.0,98.0,0.0,0.0,0.0
2023-12-20 04:00:00,4,10.8,10.8,0.0,100.0,0.0,0.0,0.0
2023-12-20 05:00:00,5,10.5,10.5,0.0,100.0,0.0,0.0,0.0
2023-12-20 06:00:00,6,9.8,9.8,0.0,100.0,0.0,0.0,0.0
2023-12-20 07:00:00,7,9.9,9.99375,3.0,100.0,0.0102,0.013,-0.003
2023-12-20 08:00:00,8,12.1,14.475,76.0,100.0,0.2584,0.252,0.006
2023-12-20 09:00:00,9,15.5,22.84375,235.0,100.0,0.7989999999999999,0.803,-0.004
2023-12-20 10:00:00,10,17.6,28.88125,361.0,100.0,1.208344615,1.183,0.025
2023-12-20 11:00:00,11,18.8,32.64375,443.0,100.0,1.4601479350000002,1.494,-0.034
2023-12-20 12:00:00,12,19.9,37.11875,551.0,100.0,1.7825869350000003,1.783,-0.0
2023-12-20 13:00:00,13,20.7,38.45,568.0,100.0,1.82730144,1.812,0.015
2023-12-20 14:00:00,14,20.9,34.43125,433.0,100.0,1.4166612550000002,1.393,0.024
2023-12-20 15:00:00,15,20.8,30.26875,303.0,100.0,1.008488535,0.996,0.012
2023-12-20 16:00:00,16,20.4,26.7125,202.0,100.0,0.68209542,0.688,-0.006
2023-12-20 17:00:00,17,19.5,21.25,56.0,100.0,0.1904,0.199,-0.009
2023-12-20 18:00:00,18,17.0,17.0,0.0,100.0,0.0,0.004,-0.004
2023-12-20 19:00:00,19,14.9,14.9,0.0,100.0,0.0,0.0,0.0
2023-12-20 20:00:00,20,14.1,14.1,0.0,100.0,0.0,0.0,0.0
2023-12-20 21:00:00,21,13.6,13.6,0.0,100.0,0.0,0.0,0.0
2023-12-20 22:00:00,22,13.9,13.9,0.0,100.0,0.0,0.0,0.0
2023-12-20 23:00:00,23,13.4,13.4,0.0,100.0,0.0,0.0,0.0
2023-12-21 00:00:00,0,12.9,12.9,0.0,100.0,0.0,0.0,0.0
2023-12-21 01:00:00,1,12.0,12.0,0.0,100.0,0.0,0.0,0.0
2023-12-21 02:00:00,2,11.5,11.5,0.0,100.0,0.0,0.0,0.0
2023-12-21 03:00:00,3,11.2,11.2,0.0,100.0,0.0,0.0,0.0
2023-12-21 04:00:00,4,10.8,10.8,0.0,100.0,0.0,0.0,0.0
2023-12-21 05:00:00,5,10.5,10.5,0.0,100.0,0.0,0.0,0.0
2023-12-21 06:00:00,6,10.3,10.3,0.0,100.0,0.0,0.0,0.0
2023-12-21 07:00:00,7,9.6,9.69375,3.0,100.0,0.0102,0.013,-0.003
2023-12-21 08:00:00,8,12.2,14.6375,78.0,100.0,0.2652,0.26,0.005
2023-12-21 09:00:00,9,15.6,22.94375,235.0,100.0,0.7989999999999999,0.803,-0.004
2023-12-21 10:00:00,10,18.2,30.85625,405.0,100.0,1.3447437750000002,1.365,-0.02
2023-12-21 11:00:00,11,20.0,36.34375,523.0,100.0,1.6975141750000002,1.71,-0.012
2023-12-21 12:00:00,12,21.3,38.95625,565.0,100.0,1.813760175,1.809,0.005
2023-12-21 13:00:00,13,22.3,40.55,584.0,100.0,1.86209568,1.864,-0.002
2023-12-21 14:00:00,14,22.8,37.8625,482.0,100.0,1.5544837400000002,1.536,0.018
2023-12-21 15:00:00,15,22.9,33.43125,337.0,100.0,1.107157895,1.084,0.023
2023-12-21 16:00:00,16,22.1,28.94375,219.0,100.0,0.7328539350000001,0.74,-0.007
2023-12-21 17:00:00,17,21.6,23.6,64.0,100.0,0.2176,0.21,0.008
2023-12-21 18:00:00,18,20.1,20.1,0.0,100.0,0.0,0.004,-0.004
2023-12-21 19:00:00,19,15.6,15.6,0.0,100.0,0.0,0.0,0.0
2023-12-21 20:00:00,20,13.6,13.6,0.0,97.0,0.0,0.0,0.0
2023-12-21 21:00:00,21,12.6,12.6,0.0,79.0,0.0,0.0,0.0
2023-12-21 22:00:00,22,12.1,12.1,0.0,100.0,0.0,0.0,0.0
2023-12-21 23:00:00,23,11.9,11.9,0.0,100.0,0.0,0.0,0.0
2023-12-22 00:00:00,0,11.8,11.8,0.0,89.0,0.0,0.0,0.0
2023-12-22 01:00:00,1,11.0,11.0,0.0,99.0,0.0,0.0,0.0
2023-12-22 02:00:00,2,11.2,11.2,0.0,0.0,0.0,0.0,0.0
2023-12-22 03:00:00,3,11.0,11.0,0.0,0.0,0.0,0.0,0.0
2023-12-22 04:00:00,4,9.8,9.8,0.0,0.0,0.0,0.0,0.0
2023-12-22 05:00:00,5,10.0,10.0,0.0,0.0,0.0,0.0,0.0
2023-12-22 06:00:00,6,9.1,9.1,0.0,100.0,0.0,0.0,0.0
2023-12-22 07:00:00,7,9.2,9.2625,2.0,100.0,0.0068,0.012,-0.005
2023-12-22 08:00:00,8,12.3,15.175,92.0,96.0,0.315928,0.318,-0.002
2023-12-22 09:00:00,9,16.0,24.34375,267.0,95.0,0.9191475,0.926,-0.007
2023-12-22 10:00:00,10,18.7,32.325,436.0,63.0,1.5720700054,1.557,0.015
2023-12-22 11:00:00,11,20.7,38.29375,563.0,88.0,1.86678478745,1.866,0.001
2023-12-22 12:00:00,12,22.0,41.21875,615.0,72.0,2.09222062125,2.112,-0.02
2023-12-22 13:00:00,13,22.8,41.925,612.0,100.0,1.93992984,1.861,0.079
2023-12-22 14:00:00,14,23.3,40.08125,537.0,4.0,2.1274166826,2.14,-0.013
2023-12-22 15:00:00,15,23.1,35.975,412.0,24.0,1.5937728071999997,1.616,-0.022
2023-12-22 16:00:00,16,21.9,29.3375,238.0,11.0,0.97208356455,0.997,-0.025
2023-12-22 17:00:00,17,17.8,19.89375,67.0,20.0,0.27336,0.281,-0.008
2023-12-22 18:00:00,18,16.4,16.4,0.0,93.0,0.0,0.005,-0.005
2023-12-22 19:00:00,19,15.7,15.7,0.0,6.0,0.0,0.0,0.0
2023-12-22 20:00:00,20,16.3,16.3,0.0,4.0,0.0,0.0,0.0
2023-12-22 21:00:00,21,17.6,17.6,0.0,99.0,0.0,0.0,0.0
2023-12-22 22:00:00,22,14.5,14.5,0.0,80.0,0.0,0.0,0.0
2023-12-22 23:00:00,23,13.8,13.8,0.0,41.0,0.0,0.0,0.0
2023-12-23 00:00:00,0,13.0,13.0,0.0,63.0,0.0,0.0,0.0
2023-12-23 01:00:00,1,12.3,12.3,0.0,69.0,0.0,0.0,0.0
2023-12-23 02:00:00,2,12.7,12.7,0.0,35.0,0.0,0.0,0.0
2023-12-23 03:00:00,3,12.0,12.0,0.0,10.0,0.0,0.0,0.0
2023-12-23 04:00:00,4,11.4,11.4,0.0,92.0,0.0,0.0,0.0
2023-12-23 05:00:00,5,12.8,12.8,0.0,66.0,0.0,0.0,0.0
2023-12-23 06:00:00,6,12.7,12.7,0.0,54.0,0.0,0.0,0.0
2023-12-23 07:00:00,7,12.7,12.7625,2.0,57.0,0.007531,0.012,-0.004
2023-12-23 08:00:00,8,14.1,16.2875,70.0,4.0,0.29512,0.298,-0.003
2023-12-23 09:00:00,9,16.2,24.075,252.0,1.0,1.068858,1.064,0.005
2023-12-23 10:00:00,10,18.3,31.64375,427.0,0.0,1.7665230187499998,1.763,0.004
2023-12-23 11:00:00,11,20.0,37.03125,545.0,0.0,2.20478046875,2.213,-0.008
2023-12-23 12:00:00,12,21.3,40.3625,610.0,0.0,2.433190875,2.437,-0.004
2023-12-23 13:00:00,13,22.4,41.36875,607.0,0.0,2.4108408687500003,2.356,0.055
2023-12-23 14:00:00,14,23.1,39.9125,538.0,0.0,2.1501102750000003,2.113,0.037
2023-12-23 15:00:00,15,23.3,36.05,408.0,0.0,1.6573572,1.652,0.005
2023-12-23 16:00:00,16,22.6,30.0375,238.0,0.0,0.9911182749999998,0.977,0.014
2023-12-23 17:00:00,17,19.0,21.125,68.0,0.0,0.289,0.283,0.006
2023-12-23 18:00:00,18,17.5,17.5,0.0,0.0,0.0,0.005,-0.005
2023-12-23 19:00:00,19,16.2,16.2,0.0,0.0,0.0,0.0,0.0
2023-12-23 20:00:00,20,15.5,15.5,0.0,0.0,0.0,0.0,0.0
2023-12-23 21:00:00,21,14.4,14.4,0.0,0.0,0.0,0.0,0.0
2023-12-23 22:00:00,22,13.4,13.4,0.0,0.0,0.0,0.0,0.0
2023-12-23 23:00:00,23,12.9,12.9,0.0,0.0,0.0,0.0,0.0
2023-12-24 00:00:00,0,12.5,12.5,0.0,0.0,0.0,0.0,0.0
2023-12-24 01:00:00,1,12.0,12.0,0.0,0.0,0.0,0.0,0.0
2023-12-24 02:00:00,2,11.7,11.7,0.0,0.0,0.0,0.0,0.0
2023-12-24 03:00:00,3,11.3,11.3,0.0,0.0,0.0,0.0,0.0
2023-12-24 04:00:00,4,10.9,10.9,0.0,0.0,0.0,0.0,0.0
2023-12-24 05:00:00,5,10.5,10.5,0.0,0.0,0.0,0.0,0.0
2023-12-24 06:00:00,6,10.3,10.3,0.0,0.0,0.0,0.0,0.0
2023-12-24 07:00:00,7,9.9,9.9625,2.0,0.0,0.0085,0.013,-0.005
2023-12-24 08:00:00,8,12.3,15.05,88.0,0.0,0.3739999999999999,0.368,0.006
2023-12-24 09:00:00,9,15.0,23.09375,259.0,0.0,1.10075,1.068,0.033
2023-12-24 10:00:00,10,17.3,30.58125,425.0,0.0,1.76592546875,1.719,0.047
2023-12-24 11:00:00,11,19.2,36.41875,551.0,1.0,2.2303209876125,2.249,-0.019
2023-12-24 12:00:00,12,20.9,40.11875,615.0,67.0,2.1266218839375,2.141,-0.014
2023-12-24 13:00:00,13,22.0,40.96875,607.0,32.0,2.26041048675,2.273,-0.013
2023-12-24 14:00:00,14,22.7,39.5125,538.0,100.0,1.7230149400000003,1.745,-0.022
2023-12-24 15:00:00,15,22.8,34.3,368.0,100.0,1.20465536,1.221,-0.016
2023-12-24 16:00:00,16,22.3,29.1125,218.0,63.0,0.79644043155,0.81,-0.014
2023-12-24 17:00:00,17,18.0,20.125,68.0,0.0,0.289,0.282,0.007
2023-12-24 18:00:00,18,16.2,16.2,0.0,0.0,0.0,0.005,-0.005
2023-12-24 19:00:00,19,16.2,16.2,0.0,0.0,0.0,0.0,0.0
2023-12-24 20:00:00,20,14.7,14.7,0.0,0.0,0.0,0.0,0.0
2023-12-24 21:00:00,21,13.9,13.9,0.0,31.0,0.0,0.0,0.0
2023-12-24 22:00:00,22,12.9,12.9,0.0,0.0,0.0,0.0,0.0
2023-12-24 23:00:00,23,12.2,12.2,0.0,96.0,0.0,0.0,0.0
2023-12-25 00:00:00,0,11.8,11.8,0.0,0.0,0.0,0.0,0.0
2023-12-25 01:00:00,1,11.3,11.3,0.0,2.0,0.0,0.0,0.0
2023-12-25 02:00:00,2,10.6,10.6,0.0,32.0,0.0,0.0,0.0
2023-12-25 03:00:00,3,10.3,10.3,0.0,100.0,0.0,0.0,0.0
2023-12-25 04:00:00,4,11.4,11.4,0.0,85.0,0.0,0.0,0.0
2023-12-25 05:00:00,5,13.2,13.2,0.0,82.0,0.0,0.0,0.0
2023-12-25 06:00:00,6,10.3,10.3,0.0,41.0,0.0,0.0,0.0
2023-12-25 07:00:00,7,9.9,9.9625,2.0,12.0,0.008296,0.013,-0.005
2023-12-25 08:00:00,8,12.6,15.35,88.0,8.0,0.3680159999999999,0.373,-0.005
2023-12-25 09:00:00,9,16.5,24.6875,262.0,18.0,1.073414,1.069,0.004
2023-12-25 10:00:00,10,19.0,32.25,424.0,75.0,1.4872807,1.501,-0.014
2023-12-25 11:00:00,11,20.9,37.86875,543.0,89.0,1.7993239435125,1.8,-0.001
2023-12-25 12:00:00,12,22.4,41.2125,602.0,54.0,2.1341824972999994,2.129,0.005
2023-12-25 13:00:00,13,23.5,42.3125,602.0,14.0,2.3146468064999994,2.329,-0.014
2023-12-25 14:00:00,14,24.1,40.975,540.0,9.0,2.109679209,2.118,-0.008
2023-12-25 15:00:00,15,24.1,36.94375,411.0,2.0,1.6566458226749998,1.683,-0.026
2023-12-25 16:00:00,16,23.3,30.8,240.0,88.0,0.8209808639999999,0.836,-0.015
2023-12-25 17:00:00,17,18.8,20.9875,70.0,100.0,0.238,0.23,0.008
2023-12-25 18:00:00,18,16.8,16.8,0.0,2.0,0.0,0.005,-0.005
2023-12-25 19:00:00,19,15.7,15.7,0.0,41.0,0.0,0.0,0.0
2023-12-25 20:00:00,20,14.9,14.9,0.0,2.0,0.0,0.0,0.0
2023-12-25 21:00:00,21,13.5,13.5,0.0,0.0,0.0,0.0,0.0
2023-12-25 22:00:00,22,15.8,15.8,0.0,2.0,0.0,0.0,0.0
2023-12-25 23:00:00,23,15.6,15.6,0.0,20.0,0.0,0.0,0.0
2023-12-26 00:00:00,0,15.6,15.6,0.0,4.0,0.0,0.0,0.0
2023-12-26 01:00:00,1,15.4,15.4,0.0,7.0,0.0,0.0,0.0
2023-12-26 02:00:00,2,12.4,12.4,0.0,0.0,0.0,0.0,0.0
2023-12-26 03:00:00,3,11.4,11.4,0.0,0.0,0.0,0.0,0.0
2023-12-26 04:00:00,4,10.9,10.9,0.0,0.0,0.0,0.0,0.0
2023-12-26 05:00:00,5,10.0,10.0,0.0,0.0,0.0,0.0,0.0
2023-12-26 06:00:00,6,10.1,10.1,0.0,0.0,0.0,0.0,0.0
2023-12-26 07:00:00,7,10.3,10.3625,2.0,0.0,0.0085,0.013,-0.005
2023-12-26 08:00:00,8,14.7,17.48125,89.0,0.0,0.37825,0.368,0.01
2023-12-26 09:00:00,9,18.5,26.8125,266.0,0.0,1.122303875,1.119,0.003
2023-12-26 10:00:00,10,21.1,34.6625,434.0,1.0,1.76966365485,1.713,0.057
2023-12-26 11:00:00,11,23.0,40.46875,559.0,18.0,2.1485154518750003,2.16,-0.011
2023-12-26 12:00:00,12,24.2,43.66875,623.0,36.0,2.2736271614000003,2.2,0.074
2023-12-26 13:00:00,13,24.9,44.2125,618.0,52.0,2.1724895135999995,2.18,-0.008
2023-12-26 14:00:00,14,25.1,42.225,548.0,74.0,1.8475891788,1.851,-0.003
2023-12-26 15:00:00,15,24.8,37.8,416.0,97.0,1.3520475904000002,1.354,-0.002
2023-12-26 16:00:00,16,23.8,31.425,244.0,27.0,0.9557902485999996,0.994,-0.038
2023-12-26 17:00:00,17,19.0,21.28125,73.0,10.0,0.3040449999999999,0.307,-0.003
2023-12-26 18:00:00,18,17.2,17.2,0.0,43.0,0.0,0.004,-0.004
2023-12-26 19:00:00,19,16.9,16.9,0.0,79.0,0.0,0.0,0.0
2023-12-26 20:00:00,20,15.8,15.8,0.0,26.0,0.0,0.0,0.0
2023-12-26 21:00:00,21,14.8,14.8,0.0,67.0,0.0,0.0,0.0
2023-12-26 22:00:00,22,14.2,14.2,0.0,68.0,0.0,0.0,0.0
2023-12-26 23:00:00,23,13.7,13.7,0.0,41.0,0.0,0.0,0.0
2023-12-27 00:00:00,0,12.8,12.8,0.0,76.0,0.0,0.0,0.0
2023-12-27 01:00:00,1,12.1,12.1,0.0,52.0,0.0,0.0,0.0
2023-12-27 02:00:00,2,11.6,11.6,0.0,38.0,0.0,0.0,0.0
2023-12-27 03:00:00,3,11.2,11.2,0.0,26.0,0.0,0.0,0.0
2023-12-27 04:00:00,4,11.0,11.0,0.0,5.0,0.0,0.0,0.0
2023-12-27 05:00:00,5,10.5,10.5,0.0,0.0,0.0,0.0,0.0
2023-12-27 06:00:00,6,10.6,10.6,0.0,1.0,0.0,0.0,0.0
2023-12-27 07:00:00,7,9.9,9.9625,2.0,0.0,0.0085,0.013,-0.005
2023-12-27 08:00:00,8,13.4,16.15,88.0,1.0,0.3732519999999999,0.373,0.0
2023-12-27 09:00:00,9,16.7,24.91875,263.0,7.0,1.1021015,1.074,0.028
2023-12-27 10:00:00,10,19.2,32.6375,430.0,28.0,1.672456362,1.684,-0.012
2023-12-27 11:00:00,11,21.4,38.7125,554.0,63.0,1.9449608599500003,1.948,-0.003
2023-12-27 12:00:00,12,22.9,42.2125,618.0,63.0,2.13751162515,2.142,-0.004
2023-12-27 13:00:00,13,23.8,43.01875,615.0,42.0,2.221633395375,2.244,-0.022
2023-12-27 14:00:00,14,24.4,41.49375,547.0,29.0,2.0454348908625,2.072,-0.027
2023-12-27 15:00:00,15,24.5,37.5625,418.0,6.0,1.6669841044999998,1.705,-0.038
2023-12-27 16:00:00,16,23.8,31.55,248.0,63.0,0.8970606648,0.91,-0.013
2023-12-27 17:00:00,17,19.4,21.7125,74.0,100.0,0.2516,0.25,0.002
2023-12-27 18:00:00,18,18.6,18.63125,1.0,95.0,0.0034425,0.004,-0.001
2023-12-27 19:00:00,19,17.1,17.1,0.0,18.0,0.0,0.0,0.0
2023-12-27 20:00:00,20,15.8,15.8,0.0,96.0,0.0,0.0,0.0
2023-12-27 21:00:00,21,14.6,14.6,0.0,0.0,0.0,0.0,0.0
2023-12-27 22:00:00,22,13.5,13.5,0.0,0.0,0.0,0.0,0.0
2023-12-27 23:00:00,23,12.6,12.6,0.0,0.0,0.0,0.0,0.0
2023-12-28 00:00:00,0,11.7,11.7,0.0,0.0,0.0,0.0,0.0
2023-12-28 01:00:00,1,11.2,11.2,0.0,0.0,0.0,0.0,0.0
2023-12-28 02:00:00,2,10.9,10.9,0.0,0.0,0.0,0.0,0.0
2023-12-28 03:00:00,3,10.8,10.8,0.0,0.0,0.0,0.0,0.0
2023-12-28 04:00:00,4,10.7,10.7,0.0,0.0,0.0,0.0,0.0
2023-12-28 05:00:00,5,10.8,10.8,0.0,0.0,0.0,0.0,0.0
2023-12-28 06:00:00,6,10.7,10.7,0.0,0.0,0.0,0.0,0.0
2023-12-28 07:00:00,7,10.4,10.4625,2.0,0.0,0.0085,0.013,-0.005
2023-12-28 08:00:00,8,12.4,15.15,88.0,0.0,0.3739999999999999,0.368,0.006
2023-12-28 09:00:00,9,15.2,23.5125,266.0,0.0,1.1305,1.114,0.017
2023-12-28 10:00:00,10,18.0,31.625,436.0,0.0,1.8038955,1.732,0.072
2023-12-28 11:00:00,11,20.2,37.7625,562.0,0.0,2.266567075,2.243,0.024
2023-12-28 12:00:00,12,21.6,41.1625,626.0,0.0,2.488498675,2.346,0.142
2023-12-28 13:00:00,13,22.5,42.0,624.0,0.0,2.471664,2.071,0.401
2023-12-28 14:00:00,14,23.0,40.28125,553.0,0.0,2.20659096875,2.08,0.127
2023-12-28 15:00:00,15,22.9,36.11875,423.0,0.0,1.7177950687499997,1.671,0.047
2023-12-28 16:00:00,16,22.2,30.0125,250.0,0.0,1.041196875,0.996,0.045
2023-12-28 17:00:00,17,18.6,21.00625,77.0,0.0,0.32725,0.305,0.022
2023-12-28 18:00:00,18,16.2,16.23125,1.0,0.0,0.00425,0.005,-0.001
2023-12-28 19:00:00,19,15.2,15.2,0.0,0.0,0.0,0.0,0.0
2023-12-28 20:00:00,20,14.5,14.5,0.0,0.0,0.0,0.0,0.0
2023-12-28 21:00:00,21,13.4,13.4,0.0,0.0,0.0,0.0,0.0
2023-12-28 22:00:00,22,12.6,12.6,0.0,0.0,0.0,0.0,0.0
2023-12-28 23:00:00,23,12.0,12.0,0.0,0.0,0.0,0.0,0.0
2023-12-29 00:00:00,0,11.3,11.3,0.0,0.0,0.0,0.0,0.0
2023-12-29 01:00:00,1,10.8,10.8,0.0,0.0,0.0,0.0,0.0
2023-12-29 02:00:00,2,10.3,10.3,0.0,5.0,0.0,0.0,0.0
2023-12-29 03:00:00,3,9.9,9.9,0.0,100.0,0.0,0.0,0.0
2023-12-29 04:00:00,4,10.2,10.2,0.0,100.0,0.0,0.0,0.0
2023-12-29 05:00:00,5,10.4,10.4,0.0,100.0,0.0,0.0,0.0
2023-12-29 06:00:00,6,11.3,11.3,0.0,100.0,0.0,0.0,0.0
2023-12-29 07:00:00,7,11.2,11.23125,1.0,100.0,0.0034,0.011,-0.008
2023-12-29 08:00:00,8,11.5,12.84375,43.0,100.0,0.1461999999999999,0.153,-0.007
2023-12-29 09:00:00,9,11.9,16.43125,145.0,100.0,0.493,0.5,-0.007
2023-12-29 10:00:00,10,14.3,24.2375,318.0,24.0,1.286628,1.282,0.005
2023-12-29 11:00:00,11,16.9,33.65,536.0,32.0,2.0584336032,2.047,0.011
2023-12-29 12:00:00,12,19.2,38.35625,613.0,44.0,2.2490508411,2.188,0.061
2023-12-29 13:00:00,13,20.8,40.1125,618.0,61.0,2.16666524985,2.187,-0.02
2023-12-29 14:00:00,14,21.5,38.71875,551.0,29.0,2.0848781735625,2.095,-0.01
2023-12-29 15:00:00,15,21.5,34.5625,418.0,35.0,1.58895045375,1.602,-0.013
2023-12-29 16:00:00,16,20.7,28.3875,246.0,5.0,1.02102014025,1.032,-0.011
2023-12-29 17:00:00,17,17.8,20.175,76.0,0.0,0.323,0.304,0.019
2023-12-29 18:00:00,18,14.6,14.63125,1.0,0.0,0.00425,0.005,-0.001
2023-12-29 19:00:00,19,13.5,13.5,0.0,55.0,0.0,0.0,0.0
2023-12-29 20:00:00,20,12.4,12.4,0.0,76.0,0.0,0.0,0.0
2023-12-29 21:00:00,21,11.5,11.5,0.0,95.0,0.0,0.0,0.0
2023-12-29 22:00:00,22,10.8,10.8,0.0,94.0,0.0,0.0,0.0
2023-12-29 23:00:00,23,10.4,10.4,0.0,100.0,0.0,0.0,0.0
2023-12-30 00:00:00,0,10.2,10.2,0.0,96.0,0.0,0.0,0.0
2023-12-30 01:00:00,1,9.9,9.9,0.0,96.0,0.0,0.0,0.0
2023-12-30 02:00:00,2,9.4,9.4,0.0,99.0,0.0,0.0,0.0
2023-12-30 03:00:00,3,9.1,9.1,0.0,100.0,0.0,0.0,0.0
2023-12-30 04:00:00,4,9.3,9.3,0.0,100.0,0.0,0.0,0.0
2023-12-30 05:00:00,5,9.8,9.8,0.0,100.0,0.0,0.0,0.0
2023-12-30 06:00:00,6,9.5,9.5,0.0,100.0,0.0,0.0,0.0
2023-12-30 07:00:00,7,9.5,9.53125,1.0,100.0,0.0034,0.011,-0.008
2023-12-30 08:00:00,8,9.8,11.3,48.0,100.0,0.1632,0.168,-0.005
2023-12-30 09:00:00,9,10.9,16.05625,165.0,100.0,0.561,0.546,0.015
2023-12-30 10:00:00,10,13.6,23.85,328.0,97.0,1.1235640000000002,1.124,-0.0
2023-12-30 11:00:00,11,16.4,31.86875,495.0,73.0,1.7472408463125002,1.74,0.007
2023-12-30 12:00:00,12,18.8,37.08125,585.0,50.0,2.129491771875,2.117,0.012
2023-12-30 13:00:00,13,20.3,38.8625,594.0,17.0,2.30344291485,2.308,-0.005
2023-12-30 14:00:00,14,21.2,37.8875,534.0,34.0,2.0061367803,2.017,-0.011
2023-12-30 15:00:00,15,21.3,34.143750000000004,411.0,35.0,1.5650622354375,1.562,0.003
2023-12-30 16:00:00,16,20.8,28.51875,247.0,19.0,0.9956457275375,1.012,-0.016
2023-12-30 17:00:00,17,17.8,20.175,76.0,42.0,0.295868,0.296,-0.0
2023-12-30 18:00:00,18,15.3,15.33125,1.0,80.0,0.00357,0.004,-0.0
2023-12-30 19:00:00,19,13.9,13.9,0.0,60.0,0.0,0.0,0.0
2023-12-30 20:00:00,20,12.8,12.8,0.0,15.0,0.0,0.0,0.0
2023-12-30 21:00:00,21,12.0,12.0,0.0,0.0,0.0,0.0,0.0
2023-12-30 22:00:00,22,11.4,11.4,0.0,1.0,0.0,0.0,0.0
2023-12-30 23:00:00,23,10.9,10.9,0.0,5.0,0.0,0.0,0.0
2023-12-31 00:00:00,0,10.5,10.5,0.0,4.0,0.0,0.0,0.0
2023-12-31 01:00:00,1,10.1,10.1,0.0,0.0,0.0,0.0,0.0
2023-12-31 02:00:00,2,9.8,9.8,0.0,1.0,0.0,0.0,0.0
2023-12-31 03:00:00,3,9.6,9.6,0.0,0.0,0.0,0.0,0.0
2023-12-31 04:00:00,4,9.2,9.2,0.0,27.0,0.0,0.0,0.0
2023-12-31 05:00:00,5,9.0,9.0,0.0,45.0,0.0,0.0,0.0
2023-12-31 06:00:00,6,9.2,9.2,0.0,12.0,0.0,0.0,0.0
2023-12-31 07:00:00,7,8.8,8.83125,1.0,46.0,0.003859,0.012,-0.008
2023-12-31 08:00:00,8,9.9,12.30625,77.0,33.0,0.3056514999999999,0.306,-0.0
2023-12-31 09:00:00,9,12.4,19.99375,243.0,5.0,1.0224224999999998,1.01,0.012
2023-12-31 10:00:00,10,15.3,28.393750000000004,419.0,0.0,1.75657631875,1.748,0.009
2023-12-31 11:00:00,11,17.8,34.8625,546.0,0.0,2.2289562750000003,2.171,0.058
2023-12-31 12:00:00,12,19.6,38.75625,613.0,0.0,2.46189611875,2.443,0.019
2023-12-31 13:00:00,13,20.7,39.85625,613.0,0.0,2.45043301875,2.476,-0.026
2023-12-31 14:00:00,14,21.3,38.3625,546.0,0.0,2.196469275000001,2.17,0.026
2023-12-31 15:00:00,15,21.3,34.425,420.0,0.0,1.7177055,1.688,0.03
2023-12-31 16:00:00,16,20.7,28.54375,251.0,0.0,1.0516288187499998,1.006,0.046
2023-12-31 17:00:00,17,18.0,20.5,80.0,0.0,0.34,0.332,0.008
2023-12-31 18:00:00,18,14.6,14.63125,1.0,0.0,0.00425,0.005,-0.001
2023-12-31 19:00:00,19,12.9,12.9,0.0,0.0,0.0,0.0,0.0
2023-12-31 20:00:00,20,11.8,11.8,0.0,0.0,0.0,0.0,0.0
2023-12-31 21:00:00,21,11.0,11.0,0.0,0.0,0.0,0.0,0.0
2023-12-31 22:00:00,22,10.5,10.5,0.0,0.0,0.0,0.0,0.0
2023-12-31 23:00:00,23,10.1,10.1,0.0,0.0,0.0,0.0,0.0
